epoch,step,train/loss,train/mu_mse,train/sigma_nll,train/weight_entropy,val/best_component_rmse,val/dominant_component_allocation,val/dominant_component_rmse,val/loss,val/mu_mse,val/sigma_nll,val/weight_entropy
0,99,2.141242027282715,1.0277068614959717,1.460108757019043,0.6931471824645996,,,,,,,
0,199,2.085228681564331,0.965099573135376,1.4667028188705444,0.6931471824645996,,,,,,,
0,199,,,,,0.9901305437088013,0.5,1.0085009336471558,2.1199820041656494,1.0071053504943848,1.4594498872756958,0.6931474804878235
1,299,2.1931862831115723,1.0673279762268066,1.4724318981170654,0.6931471824645996,,,,,,,
1,399,2.169727087020874,1.0494577884674072,1.4668430089950562,0.6931471824645996,,,,,,,
1,399,,,,,0.9936398863792419,0.5,1.008305311203003,2.109571933746338,1.0086348056793213,1.4475102424621582,0.6931474804878235
2,499,2.1196606159210205,1.014113426208496,1.4521207809448242,0.6931471824645996,,,,,,,
2,599,2.15181040763855,1.039473056793213,1.4589109420776367,0.6931471824645996,,,,,,,
2,599,,,,,0.990039587020874,0.5,1.0033155679702759,2.09246826171875,1.000683069229126,1.4383584260940552,0.6931474804878235
3,699,2.0476510524749756,0.9660203456878662,1.4282042980194092,0.6931471824645996,,,,,,,
3,799,1.9763340950012207,0.922005295753479,1.4009023904800415,0.6931471824645996,,,,,,,
3,799,,,,,0.993543267250061,0.5,1.0042017698287964,2.097095012664795,1.0062588453292847,1.437409520149231,0.6931474804878235
4,899,2.173668622970581,1.0558651685714722,1.4643770456314087,0.6931471824645996,,,,,,,
4,999,2.011564016342163,0.9482919573783875,1.4098455905914307,0.6931471824645996,,,,,,,
4,999,,,,,0.9927229881286621,0.5,1.004737138748169,2.091270923614502,1.0039199590682983,1.4339244365692139,0.6931474804878235
5,1099,2.049730062484741,0.979405403137207,1.4168981313705444,0.6931471824645996,,,,,,,
5,1199,2.137901544570923,1.0276768207550049,1.4567981958389282,0.6931471824645996,,,,,,,
5,1199,,,,,0.9916089773178101,0.5,1.0005489587783813,2.0859975814819336,1.0015093088150024,1.431061863899231,0.6931474804878235
6,1299,2.1326777935028076,1.033866286277771,1.4453849792480469,0.6931471824645996,,,,,,,
6,1399,2.169591188430786,1.0670294761657715,1.449135184288025,0.6931471824645996,,,,,,,
6,1399,,,,,0.9915406703948975,0.5,1.0012171268463135,2.0881645679473877,1.0006221532821655,1.4341157674789429,0.6931474804878235
7,1499,2.106722116470337,1.012661099433899,1.4406347274780273,0.6931471824645996,,,,,,,
7,1599,2.0582149028778076,0.9904251098632812,1.4143633842468262,0.6931471824645996,,,,,,,
7,1599,,,,,0.9919790625572205,0.5,1.0023765563964844,2.0837783813476562,1.0018644332885742,1.4284875392913818,0.6931474804878235
8,1699,2.0039846897125244,0.9492820501327515,1.4012763500213623,0.6931471824645996,,,,,,,
8,1799,2.1578638553619385,1.0610270500183105,1.4434103965759277,0.6931471824645996,,,,,,,
8,1799,,,,,0.9909580945968628,0.5,1.0040748119354248,2.0901541709899902,1.0046217441558838,1.4321062564849854,0.6931474804878235
9,1899,1.996856927871704,0.9439898729324341,1.3994406461715698,0.6931471824645996,,,,,,,
9,1999,2.0859181880950928,1.0066901445388794,1.4258016347885132,0.6931471824645996,,,,,,,
9,1999,,,,,0.994970440864563,0.5,1.0006965398788452,2.085137367248535,1.0021586418151855,1.4295523166656494,0.6931474804878235
10,2099,2.1246256828308105,1.0347161293029785,1.4364598989486694,0.6931009292602539,,,,,,,
10,2199,1.8366210460662842,0.8540723323822021,1.3290491104125977,0.6930006742477417,,,,,,,
10,2199,,,,,0.956117570400238,0.5061950087547302,0.9757809638977051,1.979235291481018,0.9409691691398621,1.3847817182540894,0.6930310726165771
11,2299,1.9397634267807007,0.9140692353248596,1.372208595275879,0.6930287480354309,,,,,,,
11,2399,1.813218355178833,0.856214165687561,1.3035281896591187,0.6930480003356934,,,,,,,
11,2399,,,,,0.8913986086845398,0.5063836574554443,0.9106214642524719,1.7561836242675781,0.818786084651947,1.2839093208312988,0.6930240392684937
12,2499,1.688027024269104,0.7901574373245239,1.2444056272506714,0.6930720806121826,,,,,,,
12,2599,1.5394186973571777,0.7100701332092285,1.175708293914795,0.6927193403244019,,,,,,,
12,2599,,,,,0.841790497303009,0.5090115070343018,0.8616431951522827,1.5763111114501953,0.7325727343559265,1.1901872158050537,0.6928982138633728
13,2699,1.4550914764404297,0.6577913761138916,1.1437678337097168,0.6929355263710022,,,,,,,
13,2799,1.5804007053375244,0.7431973218917847,1.1835241317749023,0.6926414966583252,,,,,,,
13,2799,,,,,0.8126546740531921,0.5128451585769653,0.8335818648338318,1.4808241128921509,0.6862689256668091,1.1409250497817993,0.6927400231361389
14,2899,1.5016963481903076,0.7109338641166687,1.1372919082641602,0.6930590271949768,,,,,,,
14,2999,1.4279450178146362,0.646483302116394,1.127968192100525,0.6930130124092102,,,,,,,
14,2999,,,,,0.7811563611030579,0.504830539226532,0.8157383799552917,1.410164475440979,0.6446154713630676,1.1120853424072266,0.6930726766586304
15,3099,1.3118398189544678,0.599321722984314,1.059021234512329,0.6930063962936401,,,,,,,
15,3199,1.348365068435669,0.6358778476715088,1.0590132474899292,0.6930520534515381,,,,,,,
15,3199,,,,,0.7441077828407288,0.506327748298645,0.8261491656303406,1.3411126136779785,0.6113243103027344,1.0763046741485596,0.6930332779884338
16,3299,1.1623125076293945,0.5110093355178833,0.9977980852127075,0.6929899454116821,,,,,,,
16,3399,1.2774137258529663,0.5515917539596558,1.072291374206543,0.6929387450218201,,,,,,,
16,3399,,,,,0.700588583946228,0.5195803046226501,0.8390241861343384,1.2470356225967407,0.5277773141860962,1.0654079914093018,0.6922995448112488
17,3499,1.1327601671218872,0.47104036808013916,1.0082536935806274,0.6930678486824036,,,,,,,
17,3599,1.2408699989318848,0.5177001953125,1.0696537494659424,0.6929678916931152,,,,,,,
17,3599,,,,,0.6487154364585876,0.5066789388656616,0.875779926776886,1.1156080961227417,0.4702342748641968,0.9918821454048157,0.6930167078971863
18,3699,1.1863632202148438,0.5159076452255249,1.0168077945709229,0.6927045583724976,,,,,,,
18,3799,1.1608484983444214,0.4723205864429474,1.0350322723388672,0.6930086016654968,,,,,,,
18,3799,,,,,0.618972897529602,0.5045181512832642,0.9099697470664978,1.0538781881332397,0.43702787160873413,0.9633926153182983,0.6930842995643616
19,3899,0.9974242448806763,0.4243256449699402,0.9195513725280762,0.6929057240486145,,,,,,,
19,3999,1.0365326404571533,0.4099876284599304,0.9730866551399231,0.6930834054946899,,,,,,,
19,3999,,,,,0.6024236679077148,0.5120898485183716,0.9055283665657043,1.0146238803863525,0.4142380654811859,0.94677734375,0.6927834153175354
20,4099,0.9916359782218933,0.41378939151763916,0.9243788719177246,0.6930645704269409,,,,,,,
20,4199,0.8845405578613281,0.35496073961257935,0.8761135935783386,0.6930675506591797,,,,,,,
20,4199,,,,,0.6027677059173584,0.5056379437446594,0.8904359936714172,1.0110254287719727,0.41356807947158813,0.9439836740493774,0.6930528283119202
21,4299,0.9049819707870483,0.36712193489074707,0.8841014504432678,0.6924826502799988,,,,,,,
21,4399,0.9649209976196289,0.40685099363327026,0.9045186042785645,0.6928973197937012,,,,,,,
21,4399,,,,,0.5929805636405945,0.5084885954856873,0.9102159738540649,0.9646982550621033,0.4033624231815338,0.907825767993927,0.6929799318313599
22,4499,0.9354314804077148,0.37151771783828735,0.9100545048713684,0.6922814249992371,,,,,,,
22,4599,0.9151721000671387,0.4052237570285797,0.8564128875732422,0.6929289698600769,,,,,,,
22,4599,,,,,0.5864169597625732,0.5102429389953613,0.8806220889091492,0.9425886273384094,0.3953630030155182,0.8936635255813599,0.6928759813308716
23,4699,0.9795891642570496,0.3915703296661377,0.9345746636390686,0.6931115388870239,,,,,,,
23,4799,0.9912972450256348,0.41780441999435425,0.9199323654174805,0.6928791999816895,,,,,,,
23,4799,,,,,0.587943971157074,0.5073637962341309,0.9227310419082642,0.9698935747146606,0.3978307843208313,0.9185625314712524,0.6929996609687805
24,4899,1.0026614665985107,0.42893457412719727,0.9202908277511597,0.6931278109550476,,,,,,,
24,4999,0.9009202122688293,0.3592449724674225,0.8881456255912781,0.6929408311843872,,,,,,,
24,4999,,,,,0.5876063108444214,0.5054317116737366,0.9135265946388245,0.9374858736991882,0.3973068594932556,0.886708676815033,0.6930591464042664
25,5099,0.9313709735870361,0.37276849150657654,0.9051226377487183,0.6930403709411621,,,,,,,
25,5199,0.8845093250274658,0.3515647053718567,0.8792374730110168,0.6925856471061707,,,,,,,
25,5199,,,,,0.5795932412147522,0.5051456093788147,0.9063529968261719,0.9198249578475952,0.3884734511375427,0.8778850436210632,0.6930670738220215
26,5299,0.7996353507041931,0.33840733766555786,0.8077902793884277,0.6931244134902954,,,,,,,
26,5399,0.8970480561256409,0.35868293046951294,0.8849232792854309,0.693116307258606,,,,,,,
26,5399,,,,,0.5747648477554321,0.5037376284599304,0.9124550819396973,0.9108306169509888,0.38613206148147583,0.8712507486343384,0.6931045055389404
27,5499,0.8709005117416382,0.35588979721069336,0.8613179922103882,0.6926145553588867,,,,,,,
27,5599,0.9274916648864746,0.42161327600479126,0.8523885607719421,0.6930203437805176,,,,,,,
27,5599,,,,,0.5697556138038635,0.505258321762085,0.9068806171417236,0.8890860080718994,0.37883344292640686,0.8567822575569153,0.6930597424507141
28,5699,0.8244062662124634,0.35422155261039734,0.8167310357093811,0.6930925846099854,,,,,,,
28,5799,0.7914690375328064,0.3310358226299286,0.8067587018013,0.6926509141921997,,,,,,,
28,5799,,,,,0.5677844882011414,0.5063191056251526,0.8836411833763123,0.8992486596107483,0.3740019202232361,0.8717595934867859,0.6930258274078369
29,5899,0.8172538876533508,0.35972291231155396,0.8039498925209045,0.6928378343582153,,,,,,,
29,5999,0.9718382954597473,0.40371692180633545,0.9146596789360046,0.693076491355896,,,,,,,
29,5999,,,,,0.5647401213645935,0.5154388546943665,0.8919482827186584,0.8777633309364319,0.37300437688827515,0.8510645627975464,0.6926110982894897
30,6099,0.7511014938354492,0.3234938681125641,0.7741296291351318,0.6930440068244934,,,,,,,
30,6199,0.8261648416519165,0.34545424580574036,0.8268979787826538,0.6923746466636658,,,,,,,
30,6199,,,,,0.5569226145744324,0.5126563310623169,0.9085313081741333,0.8501946330070496,0.3629752993583679,0.8336148858070374,0.692791223526001
31,6299,0.9323408603668213,0.3924022912979126,0.886479914188385,0.693082869052887,,,,,,,
31,6399,0.8408377766609192,0.3473646640777588,0.8399882316589355,0.6930302381515503,,,,,,,
31,6399,,,,,0.5522544384002686,0.5061677694320679,0.8969259858131409,0.8413787484169006,0.35920119285583496,0.8286961913108826,0.6930369138717651
32,6499,0.7969565391540527,0.3354622721672058,0.807966947555542,0.6929455399513245,,,,,,,
32,6599,0.8400466442108154,0.35430091619491577,0.8322377800941467,0.6929841041564941,,,,,,,
32,6599,,,,,0.5571861863136292,0.5050851106643677,0.8901574015617371,0.8271899819374084,0.3636305630207062,0.8100960850715637,0.6930733919143677
33,6699,0.946143627166748,0.44646015763282776,0.846093475818634,0.6928200125694275,,,,,,,
33,6799,0.784424364566803,0.3329628109931946,0.7968707084655762,0.690818190574646,,,,,,,
33,6799,,,,,0.5560715198516846,0.5351525545120239,0.8934756517410278,0.8631048202514648,0.3638175427913666,0.8445959091186523,0.6906172037124634
34,6899,0.8826845288276672,0.3894892930984497,0.8397402763366699,0.6930900812149048,,,,,,,
34,6999,0.8049029111862183,0.3757389187812805,0.7757237553596497,0.693119466304779,,,,,,,
34,6999,,,,,0.5442370772361755,0.5071122646331787,0.9077712893486023,0.7937275171279907,0.34924954175949097,0.7909867167472839,0.6930174827575684
35,7099,0.7544451951980591,0.30658602714538574,0.7943980693817139,0.693077802658081,,,,,,,
35,7199,0.7242676615715027,0.3405664563179016,0.7302424907684326,0.6930824518203735,,,,,,,
35,7199,,,,,0.5388830304145813,0.5035896301269531,0.9119259119033813,0.779514491558075,0.3438643515110016,0.7822038531303406,0.6931073665618896
36,7299,0.7906259894371033,0.35039523243904114,0.7867711782455444,0.6930807828903198,,,,,,,
36,7399,0.7675051093101501,0.3358875811100006,0.778154194355011,0.6930733919143677,,,,,,,
36,7399,,,,,0.5435575246810913,0.5036597847938538,0.9174813628196716,0.7915605306625366,0.34869521856307983,0.7894176244735718,0.6931045651435852
37,7499,0.7621563673019409,0.3458458185195923,0.7627555727958679,0.692889928817749,,,,,,,
37,7599,0.7604269981384277,0.3130546510219574,0.7937591075897217,0.6927735805511475,,,,,,,
37,7599,,,,,0.5385235548019409,0.5115103125572205,0.9021612405776978,0.823665976524353,0.34445011615753174,0.8256319165229797,0.6928321719169617
38,7699,0.7962955832481384,0.33536452054977417,0.8074550628662109,0.6930481195449829,,,,,,,
38,7799,0.6893246173858643,0.32871755957603455,0.7071334719657898,0.6930527091026306,,,,,,,
38,7799,,,,,0.5322800874710083,0.5101115107536316,0.9015506505966187,0.7445070147514343,0.3368733525276184,0.7540766596794128,0.6928862929344177
39,7899,0.7334760427474976,0.343546062707901,0.7363772392272949,0.692894458770752,,,,,,,
39,7999,0.8306171894073486,0.3397577702999115,0.8373351097106934,0.692951500415802,,,,,,,
39,7999,,,,,0.5365366339683533,0.5053359270095825,0.8724724054336548,0.7961423397064209,0.3417324423789978,0.8009389042854309,0.6930577754974365
40,8099,0.7016916871070862,0.2884957790374756,0.7597012519836426,0.693010687828064,,,,,,,
40,8199,0.7652377486228943,0.3458437919616699,0.7658452987670898,0.692902684211731,,,,,,,
40,8199,,,,,0.5267936587333679,0.5194849371910095,0.8772017359733582,0.7658645510673523,0.332568496465683,0.7794670462608337,0.6923418641090393
41,8299,0.7341455221176147,0.3283221423625946,0.752377450466156,0.693108081817627,,,,,,,
41,8399,0.750370442867279,0.33267009258270264,0.7642318606376648,0.6930629014968872,,,,,,,
41,8399,,,,,0.5280758142471313,0.5052631497383118,0.8847422003746033,0.7569224834442139,0.33355626463890076,0.7698963284492493,0.6930602192878723
42,8499,0.7175679802894592,0.3081205189228058,0.7553889751434326,0.6918829679489136,,,,,,,
42,8599,0.8720980882644653,0.3988896310329437,0.8197399973869324,0.6930630207061768,,,,,,,
42,8599,,,,,0.525894820690155,0.504428505897522,0.9017611742019653,0.7515265941619873,0.3301873505115509,0.767881453037262,0.6930844783782959
43,8699,0.679473876953125,0.290894091129303,0.735117495059967,0.6930753588676453,,,,,,,
43,8799,0.7702370882034302,0.32779377698898315,0.7888995409011841,0.6929123997688293,,,,,,,
43,8799,,,,,0.5252277255058289,0.5079793930053711,0.874320924282074,0.7641699314117432,0.3305303454399109,0.7801342010498047,0.6929896473884583
44,8899,0.7771178483963013,0.33950236439704895,0.783918559551239,0.6926062107086182,,,,,,,
44,8999,0.7249873280525208,0.32916322350502014,0.7422953844070435,0.6929425001144409,,,,,,,
44,8999,,,,,0.5246126055717468,0.5040976405143738,0.865746796131134,0.753571093082428,0.3297995924949646,0.7703140377998352,0.6930848956108093
45,9099,0.5940563082695007,0.2777446210384369,0.6628442406654358,0.6930650472640991,,,,,,,
45,9199,0.7375736236572266,0.3347926735877991,0.7492051720619202,0.6928484439849854,,,,,,,
45,9199,,,,,0.5143113136291504,0.5041934251785278,0.8997951745986938,0.7164746522903442,0.3199164569377899,0.743104100227356,0.6930919885635376
46,9299,0.73014897108078,0.3357211947441101,0.7409740090370178,0.6930924654006958,,,,,,,
46,9399,0.8010079860687256,0.34987515211105347,0.7975829839706421,0.6929001808166504,,,,,,,
46,9399,,,,,0.5200634002685547,0.5083523988723755,0.8744947910308838,0.7074625492095947,0.3247082531452179,0.729233980178833,0.6929593682289124
47,9499,0.7300699949264526,0.342746376991272,0.7338420152664185,0.6930367946624756,,,,,,,
47,9599,0.7947270274162292,0.3622833490371704,0.7787840962409973,0.6926809549331665,,,,,,,
47,9599,,,,,0.5232591032981873,0.5191243886947632,0.8754560947418213,0.7275417447090149,0.3285178244113922,0.7452007532119751,0.6923540830612183
48,9699,0.6609674692153931,0.28312647342681885,0.7244003415107727,0.6931188702583313,,,,,,,
48,9799,0.724490761756897,0.3261418342590332,0.7448344230651855,0.6929709911346436,,,,,,,
48,9799,,,,,0.5172163248062134,0.5068413615226746,0.8975307941436768,0.7080970406532288,0.3238556683063507,0.7307422161102295,0.6930016279220581
49,9899,0.6554172039031982,0.29434439539909363,0.7075244784355164,0.6929032802581787,,,,,,,
49,9999,0.7149872779846191,0.3014933466911316,0.759709894657135,0.6924319267272949,,,,,,,
49,9999,,,,,0.5141270160675049,0.5187796354293823,0.9007458686828613,0.6934428811073303,0.31816160678863525,0.7214821577072144,0.6924017667770386
50,10099,0.7702126502990723,0.3568204939365387,0.759955883026123,0.6931273937225342,,,,,,,
50,10199,0.8415800929069519,0.39511120319366455,0.7928958535194397,0.6928540468215942,,,,,,,
50,10199,,,,,0.5162354707717896,0.5139527916908264,0.8749657869338989,0.7160189151763916,0.32176342606544495,0.7406085133552551,0.6927057504653931
51,10299,0.7503707408905029,0.304936945438385,0.7918327450752258,0.692797839641571,,,,,,,
51,10399,0.7113927006721497,0.34227678179740906,0.7151808738708496,0.6921299695968628,,,,,,,
51,10399,,,,,0.5175934433937073,0.5150132179260254,0.9083595275878906,0.7154261469841003,0.3236502408981323,0.7380940914154053,0.6926364302635193
52,10499,0.6903485059738159,0.30472320318222046,0.7320903539657593,0.6929300427436829,,,,,,,
52,10599,0.7567629814147949,0.3428548574447632,0.7601010203361511,0.692385733127594,,,,,,,
52,10599,,,,,0.5157360434532166,0.5138660073280334,0.8742701411247253,0.7247111201286316,0.3207501769065857,0.7503207325935364,0.6927198171615601
53,10699,0.747799277305603,0.34501224756240845,0.749010443687439,0.6924469470977783,,,,,,,
53,10799,0.7038986086845398,0.332000732421875,0.7184655070304871,0.6931353807449341,,,,,,,
53,10799,,,,,0.5092363953590393,0.5028437376022339,0.8962975740432739,0.6966448426246643,0.3137488067150116,0.729457437992096,0.6931227445602417
54,10899,0.7146327495574951,0.3153500556945801,0.7458258867263794,0.6930864453315735,,,,,,,
54,10999,0.6659737825393677,0.29777610301971436,0.7147312760353088,0.6930673122406006,,,,,,,
54,10999,,,,,0.5073294043540955,0.5045686960220337,0.9003421664237976,0.6890367865562439,0.313206285238266,0.7223724126815796,0.6930835843086243
55,11099,0.6752630472183228,0.3052551746368408,0.7164632678031921,0.69291090965271,,,,,,,
55,11199,0.630041241645813,0.29664039611816406,0.6796590685844421,0.6925164461135864,,,,,,,
55,11199,,,,,0.5088967680931091,0.5150900483131409,0.9072918891906738,0.6967965960502625,0.31499767303466797,0.7281240820884705,0.692650318145752
56,11299,0.7421576380729675,0.3485252857208252,0.7401444911956787,0.6930242776870728,,,,,,,
56,11399,0.660636305809021,0.30551308393478394,0.7014493346214294,0.6926522850990295,,,,,,,
56,11399,,,,,0.5105463266372681,0.5091993808746338,0.9120754599571228,0.7058537006378174,0.31592220067977905,0.7364025712013245,0.6929420828819275
57,11499,0.7019508481025696,0.3247995972633362,0.7232216596603394,0.6921409368515015,,,,,,,
57,11599,0.5836962461471558,0.2879258096218109,0.6421307921409607,0.6927206516265869,,,,,,,
57,11599,,,,,0.511530876159668,0.5188706517219543,0.868672251701355,0.6966217160224915,0.3164539039134979,0.726355254650116,0.6923749446868896
58,11699,0.600371241569519,0.26607975363731384,0.680690348148346,0.6927976608276367,,,,,,,
58,11799,0.6020463705062866,0.28576433658599854,0.662756621837616,0.692949116230011,,,,,,,
58,11799,,,,,0.5040591359138489,0.508879542350769,0.9073591232299805,0.6484719514846802,0.3099970817565918,0.6849544048309326,0.692959189414978
59,11899,0.6592163443565369,0.31324151158332825,0.6925283670425415,0.693107008934021,,,,,,,
59,11999,0.6574969291687012,0.3201030492782593,0.6839438676834106,0.6930999755859375,,,,,,,
59,11999,,,,,0.5035732388496399,0.5059821009635925,0.8805115818977356,0.6545872092247009,0.3083377778530121,0.69277024269104,0.6930416822433472
60,12099,0.6278699636459351,0.3020916283130646,0.6723275184631348,0.6930983066558838,,,,,,,
60,12199,0.7191569805145264,0.3276730179786682,0.7378607988357544,0.692753791809082,,,,,,,
60,12199,,,,,0.509240448474884,0.5147479772567749,0.8732160925865173,0.6683404445648193,0.3151229918003082,0.6995424032211304,0.6926499605178833
61,12299,0.6070789694786072,0.2974950075149536,0.6558764576911926,0.6925849914550781,,,,,,,
61,12399,0.5963782072067261,0.27895939350128174,0.663891613483429,0.6929455995559692,,,,,,,
61,12399,,,,,0.510275661945343,0.5080821514129639,0.8668069839477539,0.6785547733306885,0.3151037096977234,0.709941565990448,0.6929810047149658
62,12499,0.5894257426261902,0.2757244408130646,0.6601604223251343,0.6929181814193726,,,,,,,
62,12599,0.6051560640335083,0.25922924280166626,0.6924853920936584,0.6931171417236328,,,,,,,
62,12599,,,,,0.5044962763786316,0.5036740303039551,0.8657376766204834,0.6660171747207642,0.30977097153663635,0.7027990221977234,0.6931053400039673
63,12699,0.6421220302581787,0.32250848412513733,0.6660130620002747,0.6927990913391113,,,,,,,
63,12799,0.6554136872291565,0.3271244764328003,0.6746698021888733,0.6927613019943237,,,,,,,
63,12799,,,,,0.5015571117401123,0.5085427165031433,0.8948646783828735,0.6541668176651001,0.3072567880153656,0.6933911442756653,0.6929619908332825
64,12899,0.8172903656959534,0.3156852126121521,0.8481532335281372,0.6930960416793823,,,,,,,
64,12999,0.5270804166793823,0.2643584609031677,0.6092782616615295,0.6931125521659851,,,,,,,
64,12999,,,,,0.5060938000679016,0.5036884546279907,0.8955069184303284,0.6545614004135132,0.3122410476207733,0.6888726353645325,0.6931046843528748
65,13099,0.6618213653564453,0.2992265522480011,0.7090685963630676,0.6929475665092468,,,,,,,
65,13199,0.6817841529846191,0.3189018964767456,0.7091317176818848,0.6924989223480225,,,,,,,
65,13199,,,,,0.5006062388420105,0.5224618315696716,0.8687803745269775,0.6217536330223083,0.30606502294540405,0.6617265939712524,0.6920757293701172
66,13299,0.6327140927314758,0.30390483140945435,0.6752007603645325,0.692782998085022,,,,,,,
66,13399,2.185507297515869,0.31336989998817444,2.218656063079834,0.6930375099182129,,,,,,,
66,13399,,,,,0.5096763372421265,0.5118856430053711,0.8780604600906372,0.6972465515136719,0.3160361647605896,0.7276201248168945,0.6928194761276245
67,13499,0.6674500107765198,0.3008328378200531,0.7131361961364746,0.6930381059646606,,,,,,,
67,13599,0.6274489164352417,0.28982821106910706,0.6841598153114319,0.6930782794952393,,,,,,,
67,13599,,,,,0.5038757920265198,0.5037344694137573,0.8820880651473999,0.6534252762794495,0.3089156150817871,0.6910610198974609,0.6931027173995972
68,13699,0.6439738273620605,0.3004050850868225,0.6899888515472412,0.6928401589393616,,,,,,,
68,13799,0.5548656582832336,0.2791602313518524,0.6222373247146606,0.6930638551712036,,,,,,,
68,13799,,,,,0.501333475112915,0.5032309889793396,0.8811482191085815,0.6305758953094482,0.3083820939064026,0.6687508821487427,0.6931138634681702
69,13899,0.6483446359634399,0.3157699704170227,0.679058849811554,0.6929683685302734,,,,,,,
69,13999,0.6258201003074646,0.3151811361312866,0.6571633815765381,0.6930488348007202,,,,,,,
69,13999,,,,,0.4969424605369568,0.5029836893081665,0.8756730556488037,0.6082829236984253,0.30284321308135986,0.6519995331764221,0.6931197047233582
70,14099,0.6799662113189697,0.3403630256652832,0.6859893202781677,0.692772388458252,,,,,,,
70,14199,0.5703160762786865,0.2777218818664551,0.6390609741210938,0.6929335594177246,,,,,,,
70,14199,,,,,0.49833786487579346,0.5048299431800842,0.8868741989135742,0.623092532157898,0.3041132390499115,0.665517270565033,0.6930758953094482
71,14299,0.7025906443595886,0.32865476608276367,0.7204858660697937,0.693100094795227,,,,,,,
71,14399,0.6901922225952148,0.30113816261291504,0.7355643510818481,0.6930205821990967,,,,,,,
71,14399,,,,,0.49879634380340576,0.5043312311172485,0.8892934322357178,0.6240172386169434,0.3038766384124756,0.6666845679283142,0.6930881142616272
72,14499,0.5932499170303345,0.285173237323761,0.654608428478241,0.6930635571479797,,,,,,,
72,14599,0.5860637426376343,0.2993398904800415,0.6332800984382629,0.6931125521659851,,,,,,,
72,14599,,,,,0.4996337592601776,0.5105150938034058,0.868474006652832,0.6269335150718689,0.30595648288726807,0.6674237847328186,0.6928936243057251
73,14699,0.612369954586029,0.29645395278930664,0.6624388694763184,0.6930457353591919,,,,,,,
73,14799,0.5983681678771973,0.29277992248535156,0.6521207094192505,0.6930649280548096,,,,,,,
73,14799,,,,,0.49427321553230286,0.5116371512413025,0.9007706642150879,0.6234849691390991,0.3022252023220062,0.6676720380783081,0.6928247213363647
74,14899,0.4687666893005371,0.22736579179763794,0.587881863117218,0.6929619312286377,,,,,,,
74,14999,0.5830793380737305,0.28758370876312256,0.6420480012893677,0.6931047439575195,,,,,,,
74,14999,,,,,0.498084157705307,0.5065315961837769,0.9001352787017822,0.617802083492279,0.30371734499931335,0.6606011390686035,0.6930328607559204
75,15099,0.6046459078788757,0.2952323257923126,0.6559649705886841,0.6931027173995972,,,,,,,
75,15199,0.6285388469696045,0.31617993116378784,0.6588996052742004,0.6930813789367676,,,,,,,
75,15199,,,,,0.5014399290084839,0.5105225443840027,0.8671945929527283,0.6226144433021545,0.30858832597732544,0.6604659557342529,0.6928794384002686
76,15299,0.607539713382721,0.2874186336994171,0.666668713092804,0.693095326423645,,,,,,,
76,15399,0.6249365210533142,0.32002267241477966,0.6514703035354614,0.6931129693984985,,,,,,,
76,15399,,,,,0.49635252356529236,0.5035408139228821,0.8760184645652771,0.6109216809272766,0.3037962019443512,0.6536788940429688,0.6931068897247314
77,15499,0.49088722467422485,0.2652595341205597,0.5721068382263184,0.6929582357406616,,,,,,,
77,15599,0.5253423452377319,0.2575063407421112,0.6143798232078552,0.6930875778198242,,,,,,,
77,15599,,,,,0.4962124526500702,0.5084583759307861,0.8776103258132935,0.6139950752258301,0.30411338806152344,0.6563610434532166,0.6929590106010437
78,15699,0.6866731643676758,0.3571815490722656,0.6760328412055969,0.693082332611084,,,,,,,
78,15799,0.6363312602043152,0.3257599174976349,0.6571233868598938,0.6931041479110718,,,,,,,
78,15799,,,,,0.4952593445777893,0.5047627091407776,0.8887112736701965,0.5978983640670776,0.3022409677505493,0.6421964168548584,0.693078339099884
79,15899,0.6393947601318359,0.345069020986557,0.6408302187919617,0.6930088996887207,,,,,,,
79,15999,0.5782328844070435,0.2868567407131195,0.6377999186515808,0.6928475499153137,,,,,,,
79,15999,,,,,0.49510860443115234,0.5082645416259766,0.9034029841423035,0.6130590438842773,0.30080747604370117,0.6587419509887695,0.6929810643196106
80,16099,0.48375558853149414,0.24651354551315308,0.5837751626968384,0.6930662393569946,,,,,,,
80,16199,0.4994010329246521,0.2540639638900757,0.5918903350830078,0.6931065320968628,,,,,,,
80,16199,,,,,0.4920786917209625,0.5053175687789917,0.9006291031837463,0.604795515537262,0.29931771755218506,0.6520090103149414,0.6930627822875977
81,16299,0.6267576217651367,0.286547988653183,0.6867378354072571,0.6930564045906067,,,,,,,
81,16399,0.6057392358779907,0.32230037450790405,0.6299781203269958,0.6930785179138184,,,,,,,
81,16399,,,,,0.49623867869377136,0.5105272531509399,0.8669611215591431,0.5869360566139221,0.3014026880264282,0.631979763507843,0.69289231300354
82,16499,0.5385028123855591,0.30368179082870483,0.5812137126922607,0.692785382270813,,,,,,,
82,16599,0.6132408976554871,0.30584490299224854,0.6539478302001953,0.6931036710739136,,,,,,,
82,16599,,,,,0.49403560161590576,0.5078735947608948,0.909751832485199,0.5810454487800598,0.30074548721313477,0.626790463924408,0.6929810047149658
83,16699,0.670799732208252,0.35745739936828613,0.6598381996154785,0.6929916739463806,,,,,,,
83,16799,0.5675628185272217,0.2837870121002197,0.6301828622817993,0.6928141117095947,,,,,,,
83,16799,,,,,0.4967411756515503,0.5157753229141235,0.9061358571052551,0.5709858536720276,0.3026670813560486,0.614608108997345,0.6925785541534424
84,16899,0.5594398975372314,0.28283512592315674,0.6231486797332764,0.6930877566337585,,,,,,,
84,16999,0.57404625415802,0.28698456287384033,0.633191704750061,0.6922600269317627,,,,,,,
84,16999,,,,,0.49580758810043335,0.5141573548316956,0.9048693776130676,0.5977380275726318,0.3023158311843872,0.6417762637138367,0.6927077174186707
85,17099,0.6562987565994263,0.2914251387119293,0.7113429307937622,0.692938506603241,,,,,,,
85,17199,0.5976319313049316,0.28656625747680664,0.6575705409049988,0.6930096745491028,,,,,,,
85,17199,,,,,0.49655818939208984,0.504640519618988,0.8711578249931335,0.6190087795257568,0.30174288153648376,0.6638055443763733,0.6930792927742004
86,17299,0.5315372943878174,0.26485931873321533,0.6132348775863647,0.6931138634681702,,,,,,,
86,17399,0.5109009146690369,0.27949386835098267,0.5779418349266052,0.693069577217102,,,,,,,
86,17399,,,,,0.4965311884880066,0.5049883127212524,0.9240700602531433,0.5894882082939148,0.3037426471710205,0.6322821378707886,0.6930732131004333
87,17499,0.5791436433792114,0.2848784029483795,0.6408092379570007,0.6930880546569824,,,,,,,
87,17599,0.5884378552436829,0.28700435161590576,0.6478105783462524,0.6927541494369507,,,,,,,
87,17599,,,,,0.4956725835800171,0.5059791207313538,0.8621729016304016,0.5860182046890259,0.30048060417175293,0.6320648789405823,0.6930544376373291
88,17699,0.6667803525924683,0.32444265484809875,0.6886104345321655,0.6925454139709473,,,,,,,
88,17799,0.6183907389640808,0.306302547454834,0.6584420204162598,0.6927076578140259,,,,,,,
88,17799,,,,,0.49835988879203796,0.5055570602416992,0.8850181102752686,0.579684317111969,0.3040195405483246,0.6221916675567627,0.6930534839630127
89,17899,0.5994783639907837,0.31092941761016846,0.6351026296615601,0.6931073665618896,,,,,,,
89,17999,0.5161513686180115,0.2551215887069702,0.6073424816131592,0.6926254034042358,,,,,,,
89,17999,,,,,0.49223974347114563,0.5144356489181519,0.8609795570373535,0.5698428750038147,0.29775020480155945,0.6184312105178833,0.6926769614219666
90,18099,0.5445924997329712,0.289287805557251,0.6017583012580872,0.6929071545600891,,,,,,,
90,18199,0.5364155769348145,0.28068846464157104,0.6022694110870361,0.6930845975875854,,,,,,,
90,18199,,,,,0.4916462004184723,0.5072343349456787,0.8831982612609863,0.5961024165153503,0.2986409366130829,0.6439631581306458,0.6930034160614014
91,18299,0.5812697410583496,0.29104018211364746,0.6367786526679993,0.6930981874465942,,,,,,,
91,18399,0.6276939511299133,0.3399956226348877,0.634186863899231,0.6929770708084106,,,,,,,
91,18399,,,,,0.4939262270927429,0.5079830884933472,0.8679164052009583,0.5484663248062134,0.30031660199165344,0.5946430563926697,0.6929866075515747
92,18499,0.5865778923034668,0.289236843585968,0.6439034938812256,0.6931248903274536,,,,,,,
92,18599,0.5182487368583679,0.25612714886665344,0.608664333820343,0.6930855512619019,,,,,,,
92,18599,,,,,0.4937720000743866,0.509190559387207,0.8676685690879822,0.5821619033813477,0.29982075095176697,0.6288139224052429,0.6929454803466797
93,18699,0.554974377155304,0.2994256615638733,0.6018487215042114,0.6926000118255615,,,,,,,
93,18799,0.4863874614238739,0.25765472650527954,0.5752645134925842,0.6930635571479797,,,,,,,
93,18799,,,,,0.4925075173377991,0.5043808817863464,0.8851351737976074,0.5638453960418701,0.2983168065547943,0.612072229385376,0.6930872797966003
94,18899,0.477697491645813,0.2584000825881958,0.5657752156257629,0.6929556131362915,,,,,,,
94,18999,0.6114369630813599,0.29070502519607544,0.6672558784484863,0.6930478811264038,,,,,,,
94,18999,,,,,0.49876970052719116,0.5047411918640137,0.8994638323783875,0.5894025564193726,0.305110901594162,0.6308292150497437,0.6930749416351318
95,19099,0.5841569304466248,0.3294130563735962,0.6011379361152649,0.6927881240844727,,,,,,,
95,19199,0.5028605461120605,0.2588511109352112,0.5905595421791077,0.6931002140045166,,,,,,,
95,19199,,,,,0.490416020154953,0.503386378288269,0.8939253687858582,0.5614678263664246,0.29648467898368835,0.6115391254425049,0.6931116580963135
96,19299,0.6147529482841492,0.32557913661003113,0.6357283592224121,0.6931091547012329,,,,,,,
96,19399,0.6558096408843994,0.3171113133430481,0.6852375864982605,0.6930784583091736,,,,,,,
96,19399,,,,,0.49271053075790405,0.5037791728973389,0.8803362846374512,0.5616943836212158,0.2982066869735718,0.6100394129753113,0.6931033730506897
97,19499,0.5459679365158081,0.28367146849632263,0.6087846755981445,0.6929764747619629,,,,,,,
97,19599,0.47721052169799805,0.27218616008758545,0.5515438914299011,0.693039059638977,,,,,,,
97,19599,,,,,0.4906935691833496,0.505483865737915,0.8758372068405151,0.5398338437080383,0.2967342436313629,0.5896289944648743,0.6930588483810425
98,19699,0.5257862210273743,0.2759884297847748,0.5963407754898071,0.6930860280990601,,,,,,,
98,19799,0.52363121509552,0.28042155504226685,0.5894937515258789,0.6925681829452515,,,,,,,
98,19799,,,,,0.49363183975219727,0.5189437866210938,0.8968871235847473,0.5740099549293518,0.2993869185447693,0.6208018660545349,0.6923577189445496
99,19899,0.5428249835968018,0.2829759418964386,0.6064013838768005,0.6931047439575195,,,,,,,
99,19999,0.6738654971122742,0.3486374318599701,0.6717883348464966,0.6931205987930298,,,,,,,
99,19999,,,,,0.4908876121044159,0.5045241713523865,0.873576283454895,0.5509309768676758,0.2974816858768463,0.5999928116798401,0.6930869221687317
100,20099,0.5984946489334106,0.32589101791381836,0.6189659237861633,0.6927245259284973,,,,,,,
100,20199,0.519153892993927,0.2962867319583893,0.5693241357803345,0.6929138898849487,,,,,,,
100,20199,,,,,0.49430856108665466,0.510409951210022,0.8963590264320374,0.5707494616508484,0.30077454447746277,0.6164138913154602,0.6928776502609253
101,20299,0.5322048664093018,0.27302929759025574,0.605705976486206,0.6930609345436096,,,,,,,
101,20399,0.542685329914093,0.2896406948566437,0.5994378328323364,0.6927863359451294,,,,,,,
101,20399,,,,,0.48608675599098206,0.5087199211120605,0.871137261390686,0.5438973307609558,0.29256290197372437,0.5978159308433533,0.6929627060890198
102,20499,0.5522407293319702,0.303879976272583,0.594896674156189,0.6930717825889587,,,,,,,
102,20599,0.5753684043884277,0.31283998489379883,0.6088262796401978,0.6925957202911377,,,,,,,
102,20599,,,,,0.49027031660079956,0.509316086769104,0.9016407132148743,0.5543267130851746,0.29728132486343384,0.603511393070221,0.6929317116737366
103,20699,0.6702046394348145,0.33337390422821045,0.6831379532814026,0.6926145553588867,,,,,,,
103,20799,0.5308833122253418,0.3069353699684143,0.5704790353775024,0.6930621862411499,,,,,,,
103,20799,,,,,0.49309927225112915,0.5087831616401672,0.9037147164344788,0.5699493288993835,0.29981109499931335,0.6166185140609741,0.6929605007171631
104,20899,0.5901662111282349,0.3041415810585022,0.6325618028640747,0.6930743455886841,,,,,,,
104,20999,0.5822088718414307,0.3073636293411255,0.6213887333869934,0.6930869817733765,,,,,,,
104,20999,,,,,0.49029824137687683,0.5034574270248413,0.8929719924926758,0.5502133369445801,0.2972029447555542,0.5995657444000244,0.6931107044219971
105,21099,0.5257208347320557,0.28108683228492737,0.5911825299263,0.6930971145629883,,,,,,,
105,21199,0.5573171973228455,0.30064278841018677,0.603009045124054,0.6926692724227905,,,,,,,
105,21199,,,,,0.4918248653411865,0.5117891430854797,0.8758519887924194,0.5728439092636108,0.30012527108192444,0.6191350817680359,0.6928330659866333
106,21299,0.5912318825721741,0.293259859085083,0.6444256901741028,0.6929073333740234,,,,,,,
106,21399,0.6040596961975098,0.3165593147277832,0.6337745189666748,0.6925482749938965,,,,,,,
106,21399,,,,,0.49264514446258545,0.5183489918708801,0.9114707708358765,0.5737121105194092,0.3002104163169861,0.6197177171707153,0.6924319863319397
107,21499,0.5479115843772888,0.30992382764816284,0.5845406651496887,0.6931058168411255,,,,,,,
107,21599,0.5272016525268555,0.3041723966598511,0.5695005059242249,0.6929424405097961,,,,,,,
107,21599,,,,,0.48949408531188965,0.5170240998268127,0.9027771949768066,0.5318740606307983,0.29584720730781555,0.5822931528091431,0.6925326585769653
108,21699,0.6159619092941284,0.3233053982257843,0.6391556262969971,0.6929981708526611,,,,,,,
108,21799,0.5353378653526306,0.3127957582473755,0.5690954327583313,0.6931066513061523,,,,,,,
108,21799,,,,,0.488582044839859,0.5044363737106323,0.9053443670272827,0.547864556312561,0.294088751077652,0.6003214716911316,0.6930910348892212
109,21899,0.6693002581596375,0.36010026931762695,0.6557361483573914,0.6930724382400513,,,,,,,
109,21999,0.5555176734924316,0.2901911735534668,0.6118209362030029,0.6929888725280762,,,,,,,
109,21999,,,,,0.4870155155658722,0.5069136023521423,0.903791069984436,0.539326548576355,0.2936113774776459,0.5922282934188843,0.6930263042449951
110,22099,0.5474168658256531,0.27088645100593567,0.6230107545852661,0.6929606199264526,,,,,,,
110,22199,0.5288898348808289,0.2732868194580078,0.6021533012390137,0.6931005716323853,,,,,,,
110,22199,,,,,0.4914926290512085,0.5039665699005127,0.8868992328643799,0.5726183652877808,0.2984175384044647,0.6207507252693176,0.6930997371673584
111,22299,0.4735587239265442,0.2589777708053589,0.561122715473175,0.6930835247039795,,,,,,,
111,22399,0.443021684885025,0.24821779131889343,0.5412918329238892,0.6929759383201599,,,,,,,
111,22399,,,,,0.48955363035202026,0.5053678154945374,0.899332582950592,0.5437538027763367,0.29607680439949036,0.5942099094390869,0.6930658221244812
112,22499,0.6114150285720825,0.3328191637992859,0.6251298189163208,0.6930678486824036,,,,,,,
112,22599,0.5336923599243164,0.2874547243118286,0.5927934646606445,0.6931116580963135,,,,,,,
112,22599,,,,,0.4941403567790985,0.5070648193359375,0.8968014717102051,0.5523839592933655,0.29992011189460754,0.5989742875099182,0.6930209398269653
113,22699,0.5661392211914062,0.31129300594329834,0.6013877987861633,0.6930831074714661,,,,,,,
113,22799,0.5630229711532593,0.3186303973197937,0.5908588171005249,0.6929325461387634,,,,,,,
113,22799,,,,,0.4878140091896057,0.5067642331123352,0.8966822028160095,0.552304208278656,0.2940119504928589,0.6048023104667664,0.6930199861526489
114,22899,0.4952739477157593,0.2865593731403351,0.5552764534950256,0.6931238174438477,,,,,,,
114,22999,0.5028093457221985,0.2964038550853729,0.5529509782791138,0.6930910348892212,,,,,,,
114,22999,,,,,0.48447197675704956,0.5119743943214417,0.8697366118431091,0.5241819024085999,0.2922579348087311,0.5783273577690125,0.6928066611289978
115,23099,0.5143928527832031,0.28592973947525024,0.5750136971473694,0.6931012272834778,,,,,,,
115,23199,0.5238474607467651,0.31280672550201416,0.5575630068778992,0.6930445432662964,,,,,,,
115,23199,,,,,0.488185852766037,0.505600094795227,0.9037873148918152,0.5140111446380615,0.2936547100543976,0.5668849349021912,0.6930571794509888
116,23299,0.5218594670295715,0.2971619963645935,0.5710594058036804,0.6927238702774048,,,,,,,
116,23399,0.4966486692428589,0.2766507863998413,0.5665294528007507,0.6930631399154663,,,,,,,
116,23399,,,,,0.4895484745502472,0.5046039819717407,0.8764793872833252,0.5392579436302185,0.29589027166366577,0.589909553527832,0.693083643913269
117,23499,0.50969398021698,0.30310145020484924,0.5531507730484009,0.6931164860725403,,,,,,,
117,23599,0.4585031270980835,0.2606008052825928,0.544445812702179,0.6930869817733765,,,,,,,
117,23599,,,,,0.48388776183128357,0.5034525990486145,0.8585315942764282,0.5144153833389282,0.2901536226272583,0.5708175301551819,0.6931114196777344
118,23699,0.46388357877731323,0.28383392095565796,0.5264257788658142,0.6927522420883179,,,,,,,
118,23799,0.44663146138191223,0.25522154569625854,0.537911593914032,0.6930033564567566,,,,,,,
118,23799,,,,,0.4834960401058197,0.5113807916641235,0.8989147543907166,0.5106040835380554,0.28990039229393005,0.567125678062439,0.6928439140319824
119,23899,0.5433334708213806,0.3154546618461609,0.5743334889411926,0.6929093599319458,,,,,,,
119,23999,0.5393384695053101,0.296260803937912,0.5895372629165649,0.6929191946983337,,,,,,,
119,23999,,,,,0.49007609486579895,0.5058007836341858,0.9007346034049988,0.5352129936218262,0.2957630455493927,0.5859767198562622,0.6930537819862366
120,24099,0.5514853000640869,0.29550331830978394,0.6025270819664001,0.6930902004241943,,,,,,,
120,24199,0.5637962222099304,0.26627492904663086,0.6440175175666809,0.6929924488067627,,,,,,,
120,24199,,,,,0.4924311339855194,0.5044124722480774,0.8794544339179993,0.5914357304573059,0.3000738024711609,0.6379061341285706,0.6930883526802063
121,24299,0.6278753876686096,0.3407142758369446,0.6336536407470703,0.6929850578308105,,,,,,,
121,24399,0.5709134340286255,0.2833343744277954,0.6341226696968079,0.6930872797966003,,,,,,,
121,24399,,,,,0.4867892563343048,0.504104733467102,0.8999685049057007,0.5268449187278748,0.29388487339019775,0.5795067548751831,0.6930933594703674
122,24499,0.6044822931289673,0.32461732625961304,0.6263833045959473,0.6930366158485413,,,,,,,
122,24599,0.48474448919296265,0.2901154160499573,0.5411584973335266,0.6930588483810425,,,,,,,
122,24599,,,,,0.48349177837371826,0.5098912119865417,0.8678404092788696,0.5070174932479858,0.2903396487236023,0.5631408095359802,0.6929258704185486
123,24699,0.5667586922645569,0.30532726645469666,0.6079212427139282,0.6929796934127808,,,,,,,
123,24799,0.5545620322227478,0.28964516520500183,0.6114392280578613,0.6930447816848755,,,,,,,
123,24799,,,,,0.4893820881843567,0.5121305584907532,0.898553729057312,0.5417688488960266,0.29543355107307434,0.5927348732948303,0.6927993893623352
124,24899,0.49504244327545166,0.2924923300743103,0.5491105914115906,0.6931209564208984,,,,,,,
124,24999,0.5191491842269897,0.2769874632358551,0.5885478258132935,0.6927721500396729,,,,,,,
124,24999,,,,,0.4858405292034149,0.5050833821296692,0.9049391150474548,0.5150371789932251,0.2930644154548645,0.5685067176818848,0.6930678486824036
125,25099,0.5869516134262085,0.32361555099487305,0.6097930073738098,0.6929138898849487,,,,,,,
125,25199,0.45416927337646484,0.26551032066345215,0.5345717668533325,0.6918256282806396,,,,,,,
125,25199,,,,,0.4886172413825989,0.5197715759277344,0.9002332091331482,0.530348539352417,0.29457521438598633,0.5819300413131714,0.6923133730888367
126,25299,0.6019697189331055,0.32670027017593384,0.621826708316803,0.6931145191192627,,,,,,,
126,25399,0.43261682987213135,0.251731812953949,0.5274368524551392,0.6931036710739136,,,,,,,
126,25399,,,,,0.4840439558029175,0.5051945447921753,0.8862642049789429,0.5091447830200195,0.29122018814086914,0.5644585490226746,0.6930679082870483
127,25499,0.5238365530967712,0.27041637897491455,0.5998920798301697,0.692943811416626,,,,,,,
127,25599,0.5611245632171631,0.2990671992301941,0.6086151003837585,0.6931154727935791,,,,,,,
127,25599,,,,,0.48762229084968567,0.5049502849578857,0.8756119012832642,0.5250988006591797,0.294294148683548,0.5773427486419678,0.6930761933326721
128,25699,0.5403674840927124,0.2916664481163025,0.5948992967605591,0.6923964619636536,,,,,,,
128,25799,0.46399417519569397,0.2357759177684784,0.5747659802436829,0.6930953860282898,,,,,,,
128,25799,,,,,0.48723968863487244,0.5037819147109985,0.8720254898071289,0.5407543778419495,0.29395872354507446,0.5933465361595154,0.6931018233299255
129,25899,0.6066492795944214,0.304191529750824,0.6489993929862976,0.6930833458900452,,,,,,,
129,25999,0.43899473547935486,0.2665082812309265,0.5190295577049255,0.6930862069129944,,,,,,,
129,25999,,,,,0.482122004032135,0.503938615322113,0.8814672231674194,0.5168789029121399,0.28972989320755005,0.5736984014511108,0.6930990815162659
130,26099,0.5940102338790894,0.3053429126739502,0.6350303888320923,0.6927261352539062,,,,,,,
130,26199,0.541295051574707,0.30329421162605286,0.5845474600791931,0.6930933594703674,,,,,,,
130,26199,,,,,0.4838297367095947,0.5074383616447449,0.8695008754730225,0.5232440829277039,0.2910984754562378,0.5786487460136414,0.693006157875061
131,26299,0.39437875151634216,0.23859328031539917,0.5023193359375,0.693067729473114,,,,,,,
131,26399,0.5011606216430664,0.284124493598938,0.5635861754417419,0.693100094795227,,,,,,,
131,26399,,,,,0.4877960979938507,0.5031465888023376,0.9106725454330444,0.5100405812263489,0.2950489819049835,0.5615500211715698,0.6931167840957642
132,26499,0.48385077714920044,0.2908710241317749,0.5395404100418091,0.6931213140487671,,,,,,,
132,26599,0.5239986181259155,0.31788569688796997,0.5526533722877502,0.6930809020996094,,,,,,,
132,26599,,,,,0.48830893635749817,0.5044436454772949,0.8861351013183594,0.5182681083679199,0.29613611102104187,0.5686748027801514,0.693085253238678
133,26699,0.6048417091369629,0.3197464048862457,0.6316277980804443,0.6930648684501648,,,,,,,
133,26799,0.5622234344482422,0.3295372724533081,0.579239010810852,0.6931057572364807,,,,,,,
133,26799,,,,,0.48473307490348816,0.5038220286369324,0.8858942985534668,0.5057097673416138,0.2921093702316284,0.5601505637168884,0.693100094795227
134,26899,0.44781529903411865,0.25873520970344543,0.5355310440063477,0.6929018497467041,,,,,,,
134,26999,0.46908387541770935,0.2849862575531006,0.530652642250061,0.6931100487709045,,,,,,,
134,26999,,,,,0.48386090993881226,0.5062674880027771,0.9015029668807983,0.5168595910072327,0.29247841238975525,0.5709032416343689,0.6930440068244934
135,27099,0.4646729826927185,0.2637142539024353,0.5475180745124817,0.693118691444397,,,,,,,
135,27199,0.4316200315952301,0.27939659357070923,0.4987691640853882,0.6930914521217346,,,,,,,
135,27199,,,,,0.48213425278663635,0.5109512209892273,0.8671537637710571,0.5033435821533203,0.2899704873561859,0.5598143935203552,0.6928827166557312
136,27299,0.4502392113208771,0.27366289496421814,0.5231099724769592,0.6930672526359558,,,,,,,
136,27399,0.4984252154827118,0.29382413625717163,0.551152765750885,0.6931033730506897,,,,,,,
136,27399,,,,,0.4822547733783722,0.5111262798309326,0.8665156364440918,0.4964369237422943,0.2900957763195038,0.5527729988098145,0.692863404750824
137,27499,0.49994346499443054,0.2938096225261688,0.5526672601699829,0.6930668950080872,,,,,,,
137,27599,0.4374518394470215,0.26830723881721497,0.5155413746833801,0.692793607711792,,,,,,,
137,27599,,,,,0.48199260234832764,0.5116850733757019,0.898133397102356,0.5021921396255493,0.28900429606437683,0.5595992207527161,0.6928225159645081
138,27699,0.4386517405509949,0.24306875467300415,0.5421426296234131,0.6931192874908447,,,,,,,
138,27799,0.4577499032020569,0.28300756216049194,0.5213003754615784,0.6931160688400269,,,,,,,
138,27799,,,,,0.48224350810050964,0.5085480213165283,0.8648577928543091,0.4882599115371704,0.2889409363269806,0.5458042025566101,0.692970871925354
139,27899,0.5654940605163574,0.3117640018463135,0.6000989079475403,0.6927376985549927,,,,,,,
139,27999,0.5674906969070435,0.29244065284729004,0.6215503215789795,0.6930005550384521,,,,,,,
139,27999,,,,,0.48048847913742065,0.5042941570281982,0.8792768716812134,0.4902368485927582,0.2881515920162201,0.5486304759979248,0.6930903792381287
140,28099,0.539724588394165,0.2792101502418518,0.6070519089698792,0.6930750012397766,,,,,,,
140,28199,0.6057925820350647,0.32895517349243164,0.6233575940132141,0.6930403709411621,,,,,,,
140,28199,,,,,0.4813424348831177,0.5074411630630493,0.8957581520080566,0.4918782413005829,0.28824105858802795,0.5501386523246765,0.6930027604103088
141,28299,0.4342256486415863,0.25800269842147827,0.522447943687439,0.6924499869346619,,,,,,,
141,28399,0.4909713864326477,0.2922632098197937,0.5452508330345154,0.6930853128433228,,,,,,,
141,28399,,,,,0.482414573431015,0.5088108777999878,0.9111624956130981,0.5031737089157104,0.290183961391449,0.559472382068634,0.6929652094841003
142,28499,0.6007775664329529,0.3221834897994995,0.6250110864639282,0.6928340196609497,,,,,,,
142,28599,0.44762250781059265,0.27296364307403564,0.5211736559867859,0.6930295825004578,,,,,,,
142,28599,,,,,0.48395827412605286,0.5034435987472534,0.8941293954849243,0.5064625144004822,0.2910473942756653,0.5619705319404602,0.6931107044219971
143,28699,0.5481607913970947,0.3216007947921753,0.5728679895401001,0.6926159858703613,,,,,,,
143,28799,0.47285133600234985,0.2809418737888336,0.5384660363197327,0.6931132078170776,,,,,,,
143,28799,,,,,0.48487842082977295,0.5070874691009521,0.901387095451355,0.5018383264541626,0.2924851179122925,0.5558607578277588,0.6930148601531982
144,28899,0.5514495372772217,0.32020124793052673,0.5777999758720398,0.6931033134460449,,,,,,,
144,28999,0.45458322763442993,0.25254130363464355,0.5484936237335205,0.6929033994674683,,,,,,,
144,28999,,,,,0.4888308048248291,0.5137962102890015,0.8631994128227234,0.515101432800293,0.29574084281921387,0.5657333731651306,0.6927453279495239
145,29099,0.5346983671188354,0.2909389138221741,0.5901051759719849,0.692691445350647,,,,,,,
145,29199,0.5096377730369568,0.27865102887153625,0.577416181564331,0.6928588151931763,,,,,,,
145,29199,,,,,0.48269879817962646,0.5103330612182617,0.8663896322250366,0.49608752131462097,0.29025861620903015,0.5522778034210205,0.6928980350494385
146,29299,0.40142297744750977,0.24004927277565002,0.5078878402709961,0.6930282115936279,,,,,,,
146,29399,0.4642813503742218,0.2761709690093994,0.5346248745918274,0.69302898645401,,,,,,,
146,29399,,,,,0.48264792561531067,0.5107197165489197,0.8648632764816284,0.49845027923583984,0.2885444462299347,0.5563416481018066,0.692871630191803
147,29499,0.4181396961212158,0.2673320770263672,0.4973509609699249,0.6930866241455078,,,,,,,
147,29599,0.5065343379974365,0.26391059160232544,0.5891267657279968,0.6930059790611267,,,,,,,
147,29599,,,,,0.4813845753669739,0.5038027763366699,0.8653685450553894,0.4850749373435974,0.2880440354347229,0.5435827970504761,0.6931036710739136
148,29699,0.487588107585907,0.2930413782596588,0.5409507155418396,0.6928080320358276,,,,,,,
148,29799,0.5035567283630371,0.2741093039512634,0.5758714079856873,0.6928479075431824,,,,,,,
148,29799,,,,,0.487417072057724,0.5113985538482666,0.904305100440979,0.49765899777412415,0.2943054437637329,0.5497779250144958,0.6928486227989197
149,29899,0.5206905603408813,0.3045818507671356,0.5626598596572876,0.6931023597717285,,,,,,,
149,29999,0.43006739020347595,0.2748261094093323,0.5017830729484558,0.6930835843086243,,,,,,,
149,29999,,,,,0.4817032516002655,0.5062820911407471,0.9025299549102783,0.5025762319564819,0.28868553042411804,0.5604080557823181,0.6930347084999084
150,30099,0.5089854001998901,0.28806740045547485,0.5674800872802734,0.6931241750717163,,,,,,,
150,30199,0.3816409707069397,0.2624138295650482,0.46575427055358887,0.6930543184280396,,,,,,,
150,30199,,,,,0.4795759916305542,0.5027112364768982,0.8824480175971985,0.46601420640945435,0.2868990898132324,0.525676965713501,0.6931238174438477
151,30299,0.4599646329879761,0.26718205213546753,0.5390715599060059,0.6925779581069946,,,,,,,
151,30399,0.5442727208137512,0.312541127204895,0.578269898891449,0.6930766105651855,,,,,,,
151,30399,,,,,0.4826451539993286,0.506222665309906,0.8694034814834595,0.4780731201171875,0.29075655341148376,0.533838152885437,0.6930431127548218
152,30499,0.5463281869888306,0.3039599657058716,0.588869571685791,0.6930027008056641,,,,,,,
152,30599,0.5328218340873718,0.29318320751190186,0.5861966609954834,0.6931160688400269,,,,,,,
152,30599,,,,,0.49047234654426575,0.5036930441856384,0.8953426480293274,0.5307326912879944,0.296644926071167,0.5806401371955872,0.6931046843528748
153,30699,0.530251145362854,0.3050767481327057,0.5716930627822876,0.6930372714996338,,,,,,,
153,30799,0.4775230288505554,0.29592442512512207,0.5281323790550232,0.6930675506591797,,,,,,,
153,30799,,,,,0.48119762539863586,0.5047200322151184,0.900139570236206,0.46995973587036133,0.28765568137168884,0.5288464426994324,0.6930846571922302
154,30899,0.4594634771347046,0.27253457903862,0.5333970785140991,0.6929364204406738,,,,,,,
154,30999,0.48964792490005493,0.2946154475212097,0.5414175987243652,0.69277024269104,,,,,,,
154,30999,,,,,0.4792400896549225,0.5073519945144653,0.861492395401001,0.47703441977500916,0.2860243022441864,0.5375094413757324,0.6929987072944641
155,31099,0.4389575123786926,0.2659367620944977,0.5195542573928833,0.6930669546127319,,,,,,,
155,31199,0.4146638512611389,0.2592484652996063,0.5019586682319641,0.6930865049362183,,,,,,,
155,31199,,,,,0.4818674325942993,0.5044975280761719,0.8655745983123779,0.4839218556880951,0.2883167266845703,0.5421486496925354,0.6930870413780212
156,31299,0.5436339974403381,0.296127587556839,0.594047486782074,0.6930822134017944,,,,,,,
156,31399,0.4776133596897125,0.28175967931747437,0.5422879457473755,0.6928685307502747,,,,,,,
156,31399,,,,,0.4815818667411804,0.5115718245506287,0.910161554813385,0.4708743393421173,0.28991618752479553,0.5273849368095398,0.6928533911705017
157,31499,0.4324027895927429,0.2674505114555359,0.5115076303482056,0.6931107044219971,,,,,,,
157,31599,0.5083847045898438,0.28631359338760376,0.5686212778091431,0.6931003332138062,,,,,,,
157,31599,,,,,0.481015145778656,0.5030114054679871,0.8706330060958862,0.49539077281951904,0.28800949454307556,0.5539404153823853,0.6931182146072388
158,31699,0.5225777626037598,0.3155443072319031,0.5533232688903809,0.6925796270370483,,,,,,,
158,31799,0.6519492268562317,0.35395821928977966,0.6445309519767761,0.6930798292160034,,,,,,,
158,31799,,,,,0.47930338978767395,0.5045270323753357,0.9104762673377991,0.4773454964160919,0.2873608469963074,0.5365267992019653,0.6930842399597168
159,31899,0.43474090099334717,0.26670438051223755,0.5145518779754639,0.6930307149887085,,,,,,,
159,31999,0.46915748715400696,0.27190032601356506,0.5438053607940674,0.6930963397026062,,,,,,,
159,31999,,,,,0.4782662093639374,0.5040438771247864,0.8967120051383972,0.4719366133213043,0.28613853454589844,0.5323456525802612,0.693095326423645
160,32099,0.4724990129470825,0.2909695506095886,0.5280266404151917,0.6929943561553955,,,,,,,
160,32199,0.589087188243866,0.33517566323280334,0.6004668474197388,0.6931105852127075,,,,,,,
160,32199,,,,,0.48226797580718994,0.5029726028442383,0.8899521827697754,0.5034052729606628,0.2888875901699066,0.5610776543617249,0.6931199431419373
161,32299,0.5040552616119385,0.3206048905849457,0.5299404859542847,0.6929802894592285,,,,,,,
161,32399,0.4748344421386719,0.26695704460144043,0.5543212890625,0.6928877830505371,,,,,,,
161,32399,,,,,0.4830911457538605,0.510949969291687,0.9024267196655273,0.5215262770652771,0.29036745429039,0.5775937438011169,0.6928697824478149
162,32499,0.5389114618301392,0.3037024736404419,0.5817705988883972,0.6931232213973999,,,,,,,
162,32599,0.5292040705680847,0.30797818303108215,0.5676397681236267,0.6928278207778931,,,,,,,
162,32599,,,,,0.47929754853248596,0.5122476816177368,0.8679658770561218,0.4773734509944916,0.28668779134750366,0.5370817184448242,0.6927922368049622
163,32699,0.4623360335826874,0.29408180713653564,0.5148125290870667,0.6931166052818298,,,,,,,
163,32799,0.4940076470375061,0.27941563725471497,0.5610225200653076,0.6928609609603882,,,,,,,
163,32799,,,,,0.4809545874595642,0.515152633190155,0.9020488858222961,0.4760130047798157,0.28832903504371643,0.5340114235877991,0.6926549673080444
164,32899,0.4923991858959198,0.30385395884513855,0.5351004600524902,0.6931105256080627,,,,,,,
164,32999,0.5489518046379089,0.30931776762008667,0.5861600041389465,0.6930519342422485,,,,,,,
164,32999,,,,,0.47848188877105713,0.5040945410728455,0.8717860579490662,0.4751363694667816,0.2860797345638275,0.5356045365333557,0.6930955648422241
165,33099,0.4247596859931946,0.27749383449554443,0.4938128888607025,0.6930941343307495,,,,,,,
165,33199,0.4624607563018799,0.29700642824172974,0.5116778612136841,0.6924470663070679,,,,,,,
165,33199,,,,,0.48044368624687195,0.5108830332756042,0.9055481553077698,0.47821611166000366,0.28852909803390503,0.5361219644546509,0.6928697228431702
166,33299,0.4295845627784729,0.27337777614593506,0.5027601718902588,0.6931067705154419,,,,,,,
166,33399,0.49570125341415405,0.30393514037132263,0.5383186340332031,0.6931051015853882,,,,,,,
166,33399,,,,,0.4836151599884033,0.5038162469863892,0.9053771495819092,0.506178081035614,0.29114246368408203,0.5615862607955933,0.6931011080741882
167,33499,0.4849357008934021,0.2746086120605469,0.5568810701370239,0.6931079626083374,,,,,,,
167,33599,0.463996946811676,0.28588590025901794,0.5245417952537537,0.6928614377975464,,,,,,,
167,33599,,,,,0.481084406375885,0.5059841871261597,0.9015172123908997,0.4644657075405121,0.2885431945323944,0.5224495530128479,0.6930538415908813
168,33699,0.46917927265167236,0.2880164384841919,0.5276615619659424,0.6929974555969238,,,,,,,
168,33799,0.4605705738067627,0.2649088501930237,0.5421658754348755,0.693008303642273,,,,,,,
168,33799,,,,,0.4802561104297638,0.5033690333366394,0.873062014579773,0.47630637884140015,0.288649320602417,0.534212589263916,0.693111002445221
169,33899,0.4355268180370331,0.2863292992115021,0.4957408905029297,0.6930866837501526,,,,,,,
169,33999,0.4375871419906616,0.2953936755657196,0.4886142611503601,0.6928415298461914,,,,,,,
169,33999,,,,,0.48283010721206665,0.5062404274940491,0.8718816637992859,0.4670802652835846,0.2898218631744385,0.5237784385681152,0.6930400133132935
170,34099,0.4972888231277466,0.31498950719833374,0.5288606882095337,0.6931227445602417,,,,,,,
170,34199,0.45028215646743774,0.2945539355278015,0.5021910071372986,0.6929255723953247,,,,,,,
170,34199,,,,,0.4770292341709137,0.509551465511322,0.9025154709815979,0.4648073613643646,0.2849348485469818,0.5263413190841675,0.692937433719635
171,34299,0.49793195724487305,0.2897073030471802,0.5547431707382202,0.6930370330810547,,,,,,,
171,34399,0.4360882043838501,0.27519237995147705,0.5074445009231567,0.6930973529815674,,,,,,,
171,34399,,,,,0.4802246391773224,0.5052962899208069,0.8721972107887268,0.48892107605934143,0.2881103456020355,0.5473435521125793,0.6930656433105469
172,34499,0.5623521208763123,0.31698498129844666,0.5918572545051575,0.692980170249939,,,,,,,
172,34599,0.5442910194396973,0.3323962986469269,0.5583775639533997,0.6929657459259033,,,,,,,
172,34599,,,,,0.4754575192928314,0.515049934387207,0.9011860489845276,0.45600655674934387,0.2833091914653778,0.5190294981002808,0.6926642656326294
173,34699,0.4842100739479065,0.3181537985801697,0.5126079320907593,0.6931033134460449,,,,,,,
173,34799,0.4645926356315613,0.2864568829536438,0.5246365070343018,0.6930015087127686,,,,,,,
173,34799,,,,,0.48317307233810425,0.514895498752594,0.8945344686508179,0.4787173271179199,0.2892236113548279,0.5358296632766724,0.6926717162132263
174,34899,0.5238124132156372,0.320132851600647,0.5501823425292969,0.6930056214332581,,,,,,,
174,34999,0.4764109253883362,0.29395467042922974,0.5290213823318481,0.6931302547454834,,,,,,,
174,34999,,,,,0.47698497772216797,0.5033312439918518,0.889424204826355,0.4749332666397095,0.2857968807220459,0.5356922745704651,0.693111777305603
175,35099,0.41867536306381226,0.27132707834243774,0.49390655755996704,0.6931165456771851,,,,,,,
175,35199,0.4412071108818054,0.2842441201210022,0.5035192370414734,0.6931124925613403,,,,,,,
175,35199,,,,,0.4773871898651123,0.503998339176178,0.8787443041801453,0.44931313395500183,0.2851034104824066,0.5107584595680237,0.693097710609436
176,35299,0.3756483197212219,0.2717621326446533,0.4503220319747925,0.6928716897964478,,,,,,,
176,35399,0.47783637046813965,0.296795129776001,0.5275052785873413,0.6929280757904053,,,,,,,
176,35399,,,,,0.4764755964279175,0.507606565952301,0.8644188642501831,0.45237997174263,0.2847447097301483,0.5141391754150391,0.6930079460144043
177,35499,0.3460928201675415,0.25645917654037476,0.4359906017780304,0.6927139759063721,,,,,,,
177,35599,0.4052641689777374,0.2547982931137085,0.49691760540008545,0.692903459072113,,,,,,,
177,35599,,,,,0.4772774279117584,0.5103819370269775,0.8689150810241699,0.4618760347366333,0.2858031690120697,0.5225253105163574,0.6929050087928772
178,35699,0.3898601531982422,0.2580565810203552,0.47834354639053345,0.693079948425293,,,,,,,
178,35799,0.4253920614719391,0.27078402042388916,0.501163899898529,0.6931117177009583,,,,,,,
178,35799,,,,,0.47616204619407654,0.5051875710487366,0.8925102353096008,0.45162495970726013,0.28374868631362915,0.5144126415252686,0.6930726766586304
179,35899,0.37789595127105713,0.2630050778388977,0.461434543132782,0.6930873394012451,,,,,,,
179,35999,0.4760533571243286,0.2786022126674652,0.543998658657074,0.6930949687957764,,,,,,,
179,35999,,,,,0.4824756979942322,0.5062574148178101,0.8629521131515503,0.4773544669151306,0.28954803943634033,0.5343269109725952,0.6930410861968994
180,36099,0.4598971903324127,0.2824159562587738,0.5238991975784302,0.6928359866142273,,,,,,,
180,36199,0.46066761016845703,0.2699435353279114,0.5372110605239868,0.6929739713668823,,,,,,,
180,36199,,,,,0.4847491383552551,0.5045287013053894,0.8687809705734253,0.49367454648017883,0.2920353412628174,0.5481812357902527,0.693084180355072
181,36299,0.5938149690628052,0.3434303402900696,0.5969394445419312,0.6931096315383911,,,,,,,
181,36399,0.5015171766281128,0.3066655099391937,0.5413764715194702,0.6930496692657471,,,,,,,
181,36399,,,,,0.4802277088165283,0.5070688128471375,0.8545913100242615,0.5075966119766235,0.2868587374687195,0.5672476887702942,0.693019449710846
182,36499,0.47794586420059204,0.27816468477249146,0.5463398694992065,0.6931173801422119,,,,,,,
182,36599,0.4815170168876648,0.29316389560699463,0.5348737239837646,0.693041205406189,,,,,,,
182,36599,,,,,0.47867709398269653,0.5048692226409912,0.8838828206062317,0.4862338900566101,0.287161260843277,0.5456098318099976,0.6930744051933289
183,36699,0.4515746831893921,0.297382116317749,0.5007417798042297,0.6930984258651733,,,,,,,
183,36799,0.3433946967124939,0.2530730962753296,0.4368276298046112,0.6930121183395386,,,,,,,
183,36799,,,,,0.47515544295310974,0.5081813335418701,0.8712582588195801,0.42918747663497925,0.2834387421607971,0.4922405779361725,0.692983865737915
184,36899,0.5317466855049133,0.3132304549217224,0.5650432705879211,0.6930540800094604,,,,,,,
184,36999,0.323894202709198,0.24713805317878723,0.4233008325099945,0.6930893659591675,,,,,,,
184,36999,,,,,0.4755136966705322,0.5036207437515259,0.8864275217056274,0.43343302607536316,0.2839410901069641,0.4960450232028961,0.6931061744689941
185,37099,0.42578911781311035,0.27806636691093445,0.4942673146724701,0.6930891275405884,,,,,,,
185,37199,0.4728218913078308,0.29299837350845337,0.5263339877128601,0.6930209398269653,,,,,,,
185,37199,,,,,0.47554996609687805,0.5075063109397888,0.9075025320053101,0.4640641212463379,0.2835597097873688,0.5270148515701294,0.6930208206176758
186,37299,0.5166677236557007,0.3161535859107971,0.547063946723938,0.6930996775627136,,,,,,,
186,37399,0.5493724346160889,0.3156329095363617,0.5802825093269348,0.6930858492851257,,,,,,,
186,37399,,,,,0.4795079827308655,0.5074423551559448,0.901783287525177,0.46711838245391846,0.2870163917541504,0.5266087055206299,0.6930133700370789
187,37499,0.45514345169067383,0.30595535039901733,0.49569252133369446,0.6930088996887207,,,,,,,
187,37599,0.5435255765914917,0.31552040576934814,0.5745197534561157,0.6930292248725891,,,,,,,
187,37599,,,,,0.4757711887359619,0.5047769546508789,0.8732706308364868,0.44198837876319885,0.28359460830688477,0.5049338936805725,0.693080484867096
188,37699,0.3829593360424042,0.2638055086135864,0.46544578671455383,0.6925838589668274,,,,,,,
188,37799,0.4617876410484314,0.2884884476661682,0.51985102891922,0.6931036710739136,,,,,,,
188,37799,,,,,0.4805035889148712,0.505355179309845,0.8964942097663879,0.5015806555747986,0.28796520829200745,0.560149073600769,0.6930673718452454
189,37899,0.36364632844924927,0.24496625363826752,0.4652387499809265,0.6931173801422119,,,,,,,
189,37999,0.4750779867172241,0.2826077342033386,0.538926362991333,0.692912220954895,,,,,,,
189,37999,,,,,0.47624269127845764,0.507987916469574,0.8971512913703918,0.45340922474861145,0.2836602032184601,0.5162436962127686,0.6929894089698792
190,38099,0.5543479919433594,0.31891337037086487,0.5819709300994873,0.6930726170539856,,,,,,,
190,38199,0.41671931743621826,0.28207841515541077,0.48116374015808105,0.6930456161499023,,,,,,,
190,38199,,,,,0.47514355182647705,0.509127140045166,0.8618147969245911,0.43889471888542175,0.28269463777542114,0.5026814341545105,0.692962646484375
191,38299,0.4891221523284912,0.31325411796569824,0.5223625898361206,0.6929891109466553,,,,,,,
191,38399,0.36968183517456055,0.2519584894180298,0.46417364478111267,0.6929006576538086,,,,,,,
191,38399,,,,,0.47491687536239624,0.5113285183906555,0.8592298626899719,0.4369151294231415,0.282356321811676,0.5009941458702087,0.6928706169128418
192,38499,0.4812219738960266,0.3083378076553345,0.5191910862922668,0.6926138401031494,,,,,,,
192,38599,0.4254031777381897,0.2894837260246277,0.4822859466075897,0.6927329301834106,,,,,,,
192,38599,,,,,0.47459426522254944,0.5070797204971313,0.8984038829803467,0.45577824115753174,0.28307995200157166,0.5192090272903442,0.6930216550827026
193,38699,0.39373162388801575,0.2635464370250702,0.476723849773407,0.6930772662162781,,,,,,,
193,38799,0.43947574496269226,0.2805621027946472,0.5050885081291199,0.6923497319221497,,,,,,,
193,38799,,,,,0.47346755862236023,0.5172727108001709,0.902828574180603,0.4295881390571594,0.2814914584159851,0.4943532943725586,0.692513108253479
194,38899,0.49613359570503235,0.31843674182891846,0.5242365002632141,0.6930792927742004,,,,,,,
194,38999,0.4257499575614929,0.28939303755760193,0.48291563987731934,0.6931174993515015,,,,,,,
194,38999,,,,,0.4760670065879822,0.5028128027915955,0.8676242828369141,0.42385751008987427,0.2839429974555969,0.48647525906562805,0.6931214332580566
195,39099,0.42509782314300537,0.29137998819351196,0.480158269405365,0.6928808689117432,,,,,,,
195,39199,0.4414408802986145,0.2829771339893341,0.5048934817314148,0.6928595304489136,,,,,,,
195,39199,,,,,0.47760939598083496,0.5085788369178772,0.8697274923324585,0.4510142505168915,0.2857115566730499,0.5117896795272827,0.6929737329483032
196,39299,0.4712434411048889,0.3064082860946655,0.5113779306411743,0.6930855512619019,,,,,,,
196,39399,0.46102243661880493,0.2986440658569336,0.5089079141616821,0.6930590867996216,,,,,,,
196,39399,,,,,0.4762212336063385,0.5033285617828369,0.8998306393623352,0.4338638186454773,0.2832789123058319,0.4971405863761902,0.6931114792823792
197,39499,0.4120826721191406,0.2720492482185364,0.4864664077758789,0.6928659677505493,,,,,,,
197,39599,0.5064932107925415,0.3106285333633423,0.5424076914787292,0.6930859684944153,,,,,,,
197,39599,,,,,0.47604769468307495,0.5041100382804871,0.8841877579689026,0.44440290331840515,0.28435391187667847,0.5065969824790955,0.693095862865448
198,39699,0.4013892412185669,0.26680025458335876,0.4811486005783081,0.6931192874908447,,,,,,,
198,39799,0.37966322898864746,0.2622973322868347,0.463928759098053,0.6931257247924805,,,,,,,
198,39799,,,,,0.476439893245697,0.502158522605896,0.8766887784004211,0.43919363617897034,0.2842821478843689,0.5014780163764954,0.6931328773498535
199,39899,0.48227638006210327,0.30214524269104004,0.5263994336128235,0.6925365924835205,,,,,,,
199,39999,0.4859456717967987,0.28738218545913696,0.5451087951660156,0.6930906176567078,,,,,,,
199,39999,,,,,0.4768234193325043,0.5027810335159302,0.8792284727096558,0.4327329695224762,0.284442275762558,0.4948517978191376,0.6931220889091492
200,40099,0.43587881326675415,0.2911129593849182,0.49107491970062256,0.6926181316375732,,,,,,,
200,40199,0.391266405582428,0.2805418074131012,0.457192599773407,0.6929360628128052,,,,,,,
200,40199,,,,,0.4776662588119507,0.5087261199951172,0.9019224643707275,0.44199010729789734,0.2862796485424042,0.5021955370903015,0.6929699778556824
201,40299,0.3883364200592041,0.2524537742137909,0.48242291808128357,0.6930805444717407,,,,,,,
201,40399,0.3991021513938904,0.2707602381706238,0.4747271239757538,0.6927703619003296,,,,,,,
201,40399,,,,,0.4752664864063263,0.5132929086685181,0.9016013145446777,0.4466648995876312,0.28322118520736694,0.5098317861557007,0.6927759647369385
202,40499,0.45050540566444397,0.29091155529022217,0.5058850646018982,0.6925824284553528,,,,,,,
202,40599,0.37589964270591736,0.2456936538219452,0.4767497777938843,0.693087637424469,,,,,,,
202,40599,,,,,0.4767630398273468,0.503498375415802,0.8962820768356323,0.436381459236145,0.28436774015426636,0.49856841564178467,0.6931093335151672
203,40699,0.4183475375175476,0.27930134534835815,0.485522985458374,0.6929535865783691,,,,,,,
203,40799,0.37100857496261597,0.25863561034202576,0.45893141627311707,0.6931169033050537,,,,,,,
203,40799,,,,,0.477815717458725,0.5030567646026611,0.8729080557823181,0.4458945393562317,0.28645819425582886,0.5059952735900879,0.6931178569793701
204,40899,0.477682888507843,0.30958789587020874,0.5146124958992004,0.6930350065231323,,,,,,,
204,40999,0.43301838636398315,0.2762949466705322,0.5032841563224792,0.6931214332580566,,,,,,,
204,40999,,,,,0.47919440269470215,0.5027464628219604,0.883436381816864,0.4508727788925171,0.2865522801876068,0.5108823180198669,0.6931236386299133
205,41099,0.47183817625045776,0.30711716413497925,0.5112850069999695,0.6931279897689819,,,,,,,
205,41199,0.34299302101135254,0.2538805603981018,0.4356398284435272,0.6930546760559082,,,,,,,
205,41199,,,,,0.47539177536964417,0.5081701278686523,0.9074473977088928,0.43896400928497314,0.284489244222641,0.5009709596633911,0.692992091178894
206,41299,0.43679219484329224,0.28722289204597473,0.4960012137889862,0.6928638219833374,,,,,,,
206,41399,0.33985239267349243,0.24027839303016663,0.4459800720214844,0.6928120851516724,,,,,,,
206,41399,,,,,0.4743504822254181,0.5105697512626648,0.8597067594528198,0.4236689507961273,0.2817499041557312,0.48836013674736023,0.6928821206092834
207,41499,0.4658856689929962,0.2860148549079895,0.5264304280281067,0.6931192278862,,,,,,,
207,41599,0.3926657438278198,0.28188657760620117,0.45732638239860535,0.6930944919586182,,,,,,,
207,41599,,,,,0.47501140832901,0.5048431754112244,0.899939239025116,0.42400437593460083,0.2824636697769165,0.48808231949806213,0.6930833458900452
208,41699,0.4035370945930481,0.2738575339317322,0.47623470425605774,0.6931103467941284,,,,,,,
208,41799,0.43675434589385986,0.2773643732070923,0.5057729482650757,0.6927659511566162,,,,,,,
208,41799,,,,,0.4742233455181122,0.5094566345214844,0.8684622645378113,0.41657158732414246,0.28257232904434204,0.4804677665233612,0.692936897277832
209,41899,0.46168339252471924,0.29172030091285706,0.5163141489028931,0.692702054977417,,,,,,,
209,41999,0.3817790746688843,0.2476007342338562,0.4807237386703491,0.6930907964706421,,,,,,,
209,41999,,,,,0.4723511338233948,0.5062306523323059,0.866887092590332,0.41418933868408203,0.27996647357940674,0.48074647784233093,0.6930473446846008
210,42099,0.4362576901912689,0.2701360583305359,0.5126490592956543,0.6930548548698425,,,,,,,
210,42199,0.3925667405128479,0.26255103945732117,0.47648847103118896,0.6929455995559692,,,,,,,
210,42199,,,,,0.476014107465744,0.5123698115348816,0.9067885875701904,0.45150259137153625,0.28453564643859863,0.5133699178695679,0.6928060054779053
211,42299,0.39941519498825073,0.2644299268722534,0.4815220534801483,0.6930736303329468,,,,,,,
211,42399,0.3902766704559326,0.27260416746139526,0.4642183780670166,0.6930917501449585,,,,,,,
211,42399,,,,,0.47598856687545776,0.503794252872467,0.8755312561988831,0.43655043840408325,0.28377804160118103,0.4993228316307068,0.6931006908416748
212,42499,0.37230345606803894,0.24923597276210785,0.4694404602050781,0.6927459836006165,,,,,,,
212,42599,0.4662472605705261,0.3055608868598938,0.5072422623634338,0.693111777305603,,,,,,,
212,42599,,,,,0.4748803675174713,0.5039792656898499,0.8790653347969055,0.4264715611934662,0.2826259136199951,0.49039554595947266,0.6930996775627136
213,42699,0.47450196743011475,0.2824801802635193,0.5384317636489868,0.6928199529647827,,,,,,,
213,42799,0.34231990575790405,0.24948790669441223,0.4392378628253937,0.6928117275238037,,,,,,,
213,42799,,,,,0.4733068346977234,0.50877845287323,0.9005918502807617,0.43673622608184814,0.281485378742218,0.5017369985580444,0.6929723024368286
214,42899,0.47129708528518677,0.28893178701400757,0.5289164781570435,0.6931023597717285,,,,,,,
214,42999,0.3957441449165344,0.2958235740661621,0.4464292526245117,0.6930173635482788,,,,,,,
214,42999,,,,,0.47353240847587585,0.509268581867218,0.8641812205314636,0.41767174005508423,0.2816568911075592,0.48249050974845886,0.6929513812065125
215,43099,0.42734989523887634,0.3082032799720764,0.4656982123851776,0.6931031346321106,,,,,,,
215,43199,0.37658020853996277,0.27604812383651733,0.4469161629676819,0.6927681565284729,,,,,,,
215,43199,,,,,0.47436952590942383,0.5092788934707642,0.8605356812477112,0.4063999056816101,0.2827681303024292,0.4701078236103058,0.6929521560668945
216,43299,0.4733443856239319,0.28857749700546265,0.5311487317085266,0.6927636861801147,,,,,,,
216,43399,0.30559730529785156,0.2218838781118393,0.4302772879600525,0.6931277513504028,,,,,,,
216,43399,,,,,0.472985178232193,0.5034142136573792,0.8896263241767883,0.43272241950035095,0.28133901953697205,0.4979396164417267,0.6931123733520508
217,43499,0.3275201916694641,0.24406330287456512,0.4299931526184082,0.6930725574493408,,,,,,,
217,43599,0.4723396897315979,0.29585614800453186,0.5228846669197083,0.6928023099899292,,,,,,,
217,43599,,,,,0.4759116470813751,0.5082849860191345,0.8977705240249634,0.43217602372169495,0.2834321856498718,0.4952341616153717,0.6929808259010315
218,43699,0.4402056336402893,0.2715394198894501,0.5152109265327454,0.6930893659591675,,,,,,,
218,43799,0.39409589767456055,0.28256237506866455,0.45804423093795776,0.6930214166641235,,,,,,,
218,43799,,,,,0.4734208583831787,0.504587709903717,0.8747745752334595,0.4082193970680237,0.28104665875434875,0.4737142026424408,0.6930829286575317
219,43899,0.3236103057861328,0.2536854147911072,0.41648268699645996,0.6931155920028687,,,,,,,
219,43999,0.36276963353157043,0.25447407364845276,0.45480838418006897,0.6930256485939026,,,,,,,
219,43999,,,,,0.47398674488067627,0.5063725113868713,0.9012733101844788,0.4186915159225464,0.28146103024482727,0.48375463485717773,0.6930482387542725
220,44099,0.412724107503891,0.2874816358089447,0.47173744440078735,0.6929898858070374,,,,,,,
220,44199,0.4446837306022644,0.31669512391090393,0.4745030105113983,0.6930288076400757,,,,,,,
220,44199,,,,,0.47439903020858765,0.5068952441215515,0.8955472111701965,0.4183962345123291,0.282065749168396,0.4828476905822754,0.693034291267395
221,44299,0.4169372320175171,0.2917696237564087,0.47166964411735535,0.6930041313171387,,,,,,,
221,44399,0.365909218788147,0.24665671586990356,0.4657194912433624,0.6929340362548828,,,,,,,
221,44399,,,,,0.473163902759552,0.5074231624603271,0.8600988984107971,0.43014034628868103,0.2821807563304901,0.4944676458835602,0.6930162310600281
222,44499,0.46017175912857056,0.2974376082420349,0.5092917680740356,0.693115234375,,,,,,,
222,44599,0.5127298831939697,0.2913191318511963,0.5678558349609375,0.6928902268409729,,,,,,,
222,44599,,,,,0.47603753209114075,0.511552631855011,0.8679924011230469,0.4306005537509918,0.2844516634941101,0.4925729036331177,0.6928482055664062
223,44699,0.3776477575302124,0.26005303859710693,0.46410778164863586,0.693026065826416,,,,,,,
223,44799,0.3697770833969116,0.26718395948410034,0.4491535723209381,0.6931209564208984,,,,,,,
223,44799,,,,,0.4748305082321167,0.5050015449523926,0.8940017819404602,0.41586780548095703,0.2827926278114319,0.4796130359172821,0.6930757164955139
224,44899,0.39570385217666626,0.2680644989013672,0.4740230441093445,0.6927673816680908,,,,,,,
224,44999,0.4471825361251831,0.26223617792129517,0.5315122604370117,0.6931318044662476,,,,,,,
224,44999,,,,,0.47650790214538574,0.5049573183059692,0.8945640325546265,0.46858298778533936,0.2847246825695038,0.5303968787193298,0.6930770874023438
225,45099,0.44954386353492737,0.2877641022205353,0.5082229375839233,0.6928862929344177,,,,,,,
225,45199,0.5824887752532959,0.3454647660255432,0.5835490822792053,0.69305020570755,,,,,,,
225,45199,,,,,0.47377249598503113,0.504626989364624,0.864487886428833,0.41579094529151917,0.2813560366630554,0.48097938299179077,0.6930888891220093
226,45299,0.44086772203445435,0.27968189120292664,0.5077310800552368,0.693090558052063,,,,,,,
226,45399,0.5305675864219666,0.3135887384414673,0.5632710456848145,0.6925843954086304,,,,,,,
226,45399,,,,,0.4738284945487976,0.5105999708175659,0.865634560585022,0.4139622449874878,0.2821119725704193,0.47830137610435486,0.6929023265838623
227,45499,0.4505367875099182,0.31320714950561523,0.48388564586639404,0.6931120157241821,,,,,,,
227,45599,0.43578001856803894,0.28790295124053955,0.4944401681423187,0.6931262612342834,,,,,,,
227,45599,,,,,0.4741089344024658,0.502967119216919,0.8605564832687378,0.4374256730079651,0.2817840874195099,0.5022017955780029,0.6931204199790955
228,45699,0.3896874785423279,0.2954205572605133,0.44078773260116577,0.6930416822433472,,,,,,,
228,45799,0.4270467758178711,0.27251166105270386,0.5010143518447876,0.6929584741592407,,,,,,,
228,45799,,,,,0.47557005286216736,0.5095828175544739,0.8643883466720581,0.4214931130409241,0.2831510305404663,0.4848164916038513,0.6929488182067871
229,45899,0.3866204023361206,0.2467324435710907,0.4863884747028351,0.6930010318756104,,,,,,,
229,45999,0.4642221927642822,0.28903302550315857,0.5217251181602478,0.6930718421936035,,,,,,,
229,45999,,,,,0.4738980233669281,0.5031608939170837,0.8797796964645386,0.4114864468574524,0.282311350107193,0.4757332503795624,0.6931161284446716
230,46099,0.4656382203102112,0.30774885416030884,0.5044227838516235,0.6930668354034424,,,,,,,
230,46199,0.4104912281036377,0.2900674343109131,0.46677711606025696,0.6927065849304199,,,,,,,
230,46199,,,,,0.4723646342754364,0.5120092034339905,0.8630093932151794,0.39754605293273926,0.2799082100391388,0.4640587866306305,0.6928418278694153
231,46299,0.3759860694408417,0.2749480605125427,0.44754576683044434,0.6930155158042908,,,,,,,
231,46399,0.3900565803050995,0.2749496102333069,0.4615473747253418,0.6928808093070984,,,,,,,
231,46399,,,,,0.4737776517868042,0.5097320675849915,0.8567570447921753,0.42689910531044006,0.28131726384162903,0.4920474588871002,0.6929311752319336
232,46499,0.446572482585907,0.27807676792144775,0.5150564312934875,0.6931214332580566,,,,,,,
232,46599,0.4263000786304474,0.2904700040817261,0.48239225149154663,0.6931243538856506,,,,,,,
232,46599,,,,,0.4714806079864502,0.504941463470459,0.8948933482170105,0.40352410078048706,0.28010138869285583,0.4699614644050598,0.6930773854255676
233,46699,0.4215589165687561,0.30807405710220337,0.4600389003753662,0.693108081817627,,,,,,,
233,46799,0.37521088123321533,0.24336297810077667,0.47832775115966797,0.6929596662521362,,,,,,,
233,46799,,,,,0.4699592590332031,0.5040225386619568,0.8926263451576233,0.4000740349292755,0.2777300179004669,0.4688924551010132,0.693096935749054
234,46899,0.3944361209869385,0.2744012475013733,0.4665577709674835,0.6930458545684814,,,,,,,
234,46999,0.4609854817390442,0.3146374821662903,0.49286991357803345,0.6930438280105591,,,,,,,
234,46999,,,,,0.47384941577911377,0.5104302763938904,0.9089683294296265,0.418079137802124,0.2834469676017761,0.48108214139938354,0.6928996443748474
235,47099,0.4337765574455261,0.28480350971221924,0.4954981803894043,0.6930502653121948,,,,,,,
235,47199,0.4526357054710388,0.2919515073299408,0.5070562958717346,0.6927441358566284,,,,,,,
235,47199,,,,,0.47792795300483704,0.5190959572792053,0.8616851568222046,0.41623833775520325,0.28544411063194275,0.4769916236400604,0.6923949122428894
236,47299,0.3897862434387207,0.2792068421840668,0.45705026388168335,0.6929416656494141,,,,,,,
236,47399,0.33993661403656006,0.26039180159568787,0.42606914043426514,0.6930487155914307,,,,,,,
236,47399,,,,,0.47393137216567993,0.5035545825958252,0.8573334813117981,0.3995493948459625,0.28163379430770874,0.46446970105171204,0.6931079626083374
237,47499,0.5867962837219238,0.29894277453422546,0.6344157457351685,0.693124532699585,,,,,,,
237,47599,0.38329240679740906,0.25766098499298096,0.47219499945640564,0.6931272149085999,,,,,,,
237,47599,,,,,0.47314271330833435,0.5040188431739807,0.8677254319190979,0.4136194884777069,0.2820628881454468,0.4781063497066498,0.6930996179580688
238,47699,0.41966307163238525,0.2955911159515381,0.4706380367279053,0.6931321620941162,,,,,,,
238,47799,0.4198194146156311,0.26904210448265076,0.49733978509902954,0.6931248903274536,,,,,,,
238,47799,,,,,0.47712719440460205,0.5034928917884827,0.8950680494308472,0.45667099952697754,0.2857249677181244,0.5175015330314636,0.6931107640266418
239,47899,0.44295594096183777,0.29468026757240295,0.4947584569454193,0.692965567111969,,,,,,,
239,47999,0.37039169669151306,0.26176443696022034,0.4550327658653259,0.6928110718727112,,,,,,,
239,47999,,,,,0.47113990783691406,0.5151848196983337,0.9022660255432129,0.407135009765625,0.27955490350723267,0.47391143441200256,0.6926625967025757
240,48099,0.4244498014450073,0.292590856552124,0.47841018438339233,0.6931024789810181,,,,,,,
240,48199,0.3098570704460144,0.24507437646389008,0.41132935881614685,0.6930932998657227,,,,,,,
240,48199,,,,,0.47424477338790894,0.5095577239990234,0.8980553150177002,0.385766863822937,0.2812648415565491,0.4509742558002472,0.6929444670677185
241,48299,0.4163614511489868,0.3039807081222534,0.45894476771354675,0.6931281089782715,,,,,,,
241,48399,0.4893648028373718,0.3228083848953247,0.5130932927131653,0.6930737495422363,,,,,,,
241,48399,,,,,0.47149068117141724,0.5048661231994629,0.8739389777183533,0.406587690114975,0.2790886461734772,0.474039763212204,0.6930816173553467
242,48499,0.30602580308914185,0.2622933089733124,0.39029625058174133,0.6931275129318237,,,,,,,
242,48599,0.3280746340751648,0.23851048946380615,0.43612369894981384,0.6931191682815552,,,,,,,
242,48599,,,,,0.4728984534740448,0.502859354019165,0.8937257528305054,0.4157470762729645,0.2815667390823364,0.48074108362197876,0.6931214928627014
243,48699,0.3017626404762268,0.22196027636528015,0.42633309960365295,0.6930614709854126,,,,,,,
243,48799,0.3298199772834778,0.2559085190296173,0.4204728603363037,0.6931227445602417,,,,,,,
243,48799,,,,,0.4742172062397003,0.5044224262237549,0.8831290006637573,0.3912681043148041,0.2815574109554291,0.45625367760658264,0.6930857300758362
244,48899,0.36072027683258057,0.282517671585083,0.4247540831565857,0.6931029558181763,,,,,,,
244,48999,0.3145536482334137,0.2485923171043396,0.412526935338974,0.693131148815155,,,,,,,
244,48999,,,,,0.46861159801483154,0.5029189586639404,0.8547719717025757,0.374948114156723,0.27648791670799255,0.44502145051956177,0.6931226849555969
245,49099,0.347101092338562,0.26878252625465393,0.42488616704940796,0.6931352615356445,,,,,,,
245,49199,0.4372063875198364,0.30147451162338257,0.4822841286659241,0.6931045055389404,,,,,,,
245,49199,,,,,0.47224825620651245,0.5037747025489807,0.8877179026603699,0.3937211036682129,0.280163049697876,0.4601108729839325,0.6931055188179016
246,49299,0.49807631969451904,0.34335583448410034,0.5011582374572754,0.6928755044937134,,,,,,,
246,49399,0.3962337076663971,0.27068543434143066,0.4720436632633209,0.6929907202720642,,,,,,,
246,49399,,,,,0.47385546565055847,0.507394552230835,0.903147280216217,0.41415342688560486,0.28205156326293945,0.4786140024662018,0.6930243372917175
247,49499,0.499249666929245,0.2958143651485443,0.5499993562698364,0.6931281685829163,,,,,,,
247,49599,0.4174622893333435,0.29736196994781494,0.4666575789451599,0.6931145191192627,,,,,,,
247,49599,,,,,0.4706970751285553,0.5036812424659729,0.8496271371841431,0.3878880739212036,0.2795918583869934,0.45485004782676697,0.6931074857711792
248,49699,0.35382407903671265,0.26615411043167114,0.43417584896087646,0.6930117607116699,,,,,,,
248,49799,0.41689640283584595,0.2889784872531891,0.474422812461853,0.6930097341537476,,,,,,,
248,49799,,,,,0.4749557673931122,0.5052293539047241,0.8683823347091675,0.4125848710536957,0.2825063467025757,0.47661662101745605,0.6930760145187378
249,49899,0.31524091958999634,0.2432929277420044,0.41849735379219055,0.6930986642837524,,,,,,,
249,49999,0.39151275157928467,0.2634378671646118,0.47455012798309326,0.6929504871368408,,,,,,,
249,49999,,,,,0.47251924872398376,0.5142499208450317,0.8995842337608337,0.39543890953063965,0.2810222804546356,0.46077418327331543,0.6927149891853333
250,50099,0.4328062832355499,0.30844512581825256,0.4708034098148346,0.6928845047950745,,,,,,,
250,50199,0.406864732503891,0.2715088129043579,0.48189055919647217,0.6930692791938782,,,,,,,
250,50199,,,,,0.472323477268219,0.5033984184265137,0.8765464425086975,0.3973715603351593,0.28054043650627136,0.4633866548538208,0.6931111216545105
251,50299,0.3666795492172241,0.26651811599731445,0.4466908276081085,0.6930587291717529,,,,,,,
251,50399,0.351470947265625,0.27523842453956604,0.4227978587150574,0.6931307315826416,,,,,,,
251,50399,,,,,0.4701830744743347,0.5032699108123779,0.8765421509742737,0.36918017268180847,0.2794508934020996,0.43628665804862976,0.6931148171424866
252,50499,0.3634948134422302,0.2787025272846222,0.431349515914917,0.6931143999099731,,,,,,,
252,50599,0.3568335175514221,0.2616539001464844,0.4417217969894409,0.6930843591690063,,,,,,,
252,50599,,,,,0.4706006944179535,0.5031187534332275,0.8847525119781494,0.3778819441795349,0.2786034941673279,0.4458371102809906,0.6931174397468567
253,50699,0.33535197377204895,0.26220959424972534,0.4196818172931671,0.6930789351463318,,,,,,,
253,50799,0.39519891142845154,0.26632076501846313,0.47526395320892334,0.6927716135978699,,,,,,,
253,50799,,,,,0.4708801507949829,0.513696014881134,0.8622849583625793,0.38047558069229126,0.2788582444190979,0.4479883015155792,0.6927417516708374
254,50899,0.43510282039642334,0.2967907190322876,0.48485860228538513,0.6930930614471436,,,,,,,
254,50999,0.32436397671699524,0.2604552209377289,0.41045433282852173,0.693091094493866,,,,,,,
254,50999,,,,,0.46837931871414185,0.5034347772598267,0.8732448816299438,0.3789367973804474,0.2779076397418976,0.44758400321006775,0.6931097507476807
255,51099,0.5195767879486084,0.3264159560203552,0.5397117137908936,0.6931017637252808,,,,,,,
255,51199,0.332303524017334,0.25209882855415344,0.42677056789398193,0.693131685256958,,,,,,,
255,51199,,,,,0.47211548686027527,0.5022756457328796,0.8724547624588013,0.3720126450061798,0.2800024449825287,0.4385755956172943,0.6931309103965759
256,51299,0.3436431884765625,0.26382583379745483,0.426363468170166,0.6930922269821167,,,,,,,
256,51399,0.398249089717865,0.2718321681022644,0.4727911651134491,0.6927484273910522,,,,,,,
256,51399,,,,,0.4708597958087921,0.5182478427886963,0.8613319396972656,0.3987289071083069,0.2792797088623047,0.4656769931316376,0.692455530166626
257,51499,0.4872492551803589,0.3189961314201355,0.5148091912269592,0.6931121349334717,,,,,,,
257,51599,0.3284035325050354,0.2527245879173279,0.42207372188568115,0.6927895545959473,,,,,,,
257,51599,,,,,0.47110748291015625,0.5092606544494629,0.9015499949455261,0.404375284910202,0.2800699770450592,0.4707812964916229,0.6929519772529602
258,51699,0.3505868911743164,0.2658664882183075,0.43069911003112793,0.6919574737548828,,,,,,,
258,51799,0.3707887530326843,0.2580106556415558,0.4593275785446167,0.6930989027023315,,,,,,,
258,51799,,,,,0.47150522470474243,0.5079853534698486,0.8648558259010315,0.38524308800697327,0.2798437476158142,0.45189592242240906,0.6929929852485657
259,51899,0.356533944606781,0.2705745995044708,0.4325171411037445,0.6931155920028687,,,,,,,
259,51999,0.32032936811447144,0.24183620512485504,0.42502936720848083,0.6930724382400513,,,,,,,
259,51999,,,,,0.4701656997203827,0.5043818950653076,0.904386043548584,0.3711322546005249,0.2786436975002289,0.43903467059135437,0.6930922865867615
260,52099,0.3906368017196655,0.28654712438583374,0.45061764121055603,0.6930558681488037,,,,,,,
260,52199,0.275190144777298,0.21514372527599335,0.40659818053245544,0.6931034922599792,,,,,,,
260,52199,,,,,0.4723697602748871,0.5052518248558044,0.8711453676223755,0.39702335000038147,0.2815052270889282,0.46205392479896545,0.6930719017982483
261,52299,0.3188188076019287,0.23987826704978943,0.4254187047481537,0.6929563283920288,,,,,,,
261,52399,0.3934563398361206,0.25931867957115173,0.4806972146034241,0.6931190490722656,,,,,,,
261,52399,,,,,0.474729061126709,0.5085179805755615,0.902252733707428,0.39725279808044434,0.2832334339618683,0.46051275730133057,0.692986786365509
262,52499,0.29500049352645874,0.24211347103118896,0.3994336724281311,0.6930932998657227,,,,,,,
262,52599,0.34633684158325195,0.24890932440757751,0.4439898133277893,0.693124532699585,,,,,,,
262,52599,,,,,0.46947261691093445,0.5023884773254395,0.8814507126808167,0.3790800869464874,0.2786526679992676,0.4469921290874481,0.6931294202804565
263,52699,0.29288792610168457,0.26751500368118286,0.3719041347503662,0.693062424659729,,,,,,,
263,52799,0.3783707916736603,0.2751970887184143,0.44973334670066833,0.6931192278862,,,,,,,
263,52799,,,,,0.4718179404735565,0.5080716609954834,0.9032157063484192,0.39935430884361267,0.2811269164085388,0.46472740173339844,0.6930000185966492
264,52899,0.3207853138446808,0.24004670977592468,0.4272661805152893,0.6930550932884216,,,,,,,
264,52999,0.4080190658569336,0.2763398289680481,0.478193461894989,0.693028450012207,,,,,,,
264,52999,,,,,0.47192513942718506,0.5070832967758179,0.8601484894752502,0.39181017875671387,0.27924224734306335,0.45908334851264954,0.6930311322212219
265,53099,0.44369927048683167,0.2943395972251892,0.49589136242866516,0.6930634379386902,,,,,,,
265,53199,0.43995174765586853,0.3143233060836792,0.4721854031085968,0.6931138634681702,,,,,,,
265,53199,,,,,0.4696143865585327,0.5032872557640076,0.8687726855278015,0.3750963807106018,0.27784645557403564,0.4438066780567169,0.6931137442588806
266,53299,0.42040741443634033,0.27718254923820496,0.489766001701355,0.693082332611084,,,,,,,
266,53399,0.3301761746406555,0.24180221557617188,0.434871643781662,0.6929954290390015,,,,,,,
266,53399,,,,,0.470298171043396,0.5096074342727661,0.8621679544448853,0.3863610327243805,0.27881526947021484,0.45401889085769653,0.6929462552070618
267,53499,0.38850390911102295,0.29271072149276733,0.44225311279296875,0.6929198503494263,,,,,,,
267,53599,0.37106674909591675,0.3011138141155243,0.4165019392967224,0.6930979490280151,,,,,,,
267,53599,,,,,0.46885472536087036,0.5092393159866333,0.8595073819160461,0.35236501693725586,0.2768310010433197,0.42201486229896545,0.6929618716239929
268,53699,0.3520132601261139,0.263526052236557,0.4350390136241913,0.6931036114692688,,,,,,,
268,53799,0.30894291400909424,0.2220352292060852,0.4334636330604553,0.6931118965148926,,,,,,,
268,53799,,,,,0.46852704882621765,0.5027008056640625,0.8833826780319214,0.37581950426101685,0.2766387164592743,0.44574296474456787,0.6931244134902954
269,53899,0.35056546330451965,0.2611157298088074,0.4359687566757202,0.6930380463600159,,,,,,,
269,53999,0.4969189763069153,0.32222551107406616,0.5212571024894714,0.6931272745132446,,,,,,,
269,53999,,,,,0.471414715051651,0.5026575922966003,0.8806396722793579,0.3866075575351715,0.2804615795612335,0.45270827412605286,0.6931247711181641
270,54099,0.4545044004917145,0.3137681484222412,0.48729610443115234,0.6931197047233582,,,,,,,
270,54199,0.3192037343978882,0.27547723054885864,0.390129953622818,0.6928069591522217,,,,,,,
270,54199,,,,,0.4693988859653473,0.5144367814064026,0.8982623815536499,0.37131157517433167,0.2777402400970459,0.4399236738681793,0.6927046179771423
271,54299,0.34395384788513184,0.29344412684440613,0.3970773220062256,0.6931352615356445,,,,,,,
271,54399,0.3954043686389923,0.30848509073257446,0.43344980478286743,0.6930610537528992,,,,,,,
271,54399,,,,,0.47095218300819397,0.5031370520591736,0.8969215750694275,0.37763258814811707,0.2786673903465271,0.4455236792564392,0.6931170225143433
272,54499,0.3776000738143921,0.2784577012062073,0.44570717215538025,0.6931295394897461,,,,,,,
272,54599,0.45709729194641113,0.3309088945388794,0.4727407991886139,0.6931047439575195,,,,,,,
272,54599,,,,,0.47074997425079346,0.5054826140403748,0.8659263849258423,0.3826550245285034,0.2790793180465698,0.450111448764801,0.6930713057518005
273,54699,0.31320372223854065,0.25497114658355713,0.40478214621543884,0.6930992007255554,,,,,,,
273,54799,0.42356157302856445,0.3013191223144531,0.4687902331352234,0.6930955648422241,,,,,,,
273,54799,,,,,0.46964240074157715,0.5025131702423096,0.8747925162315369,0.3706821799278259,0.27765294909477234,0.43959254026412964,0.6931265592575073
274,54899,0.3987010419368744,0.29573866724967957,0.44950035214424133,0.693075954914093,,,,,,,
274,54999,0.34823358058929443,0.27766409516334534,0.417135089635849,0.6931312084197998,,,,,,,
274,54999,,,,,0.4702114164829254,0.5074483752250671,0.9047401547431946,0.3770335018634796,0.2794182002544403,0.4441261887550354,0.6930217742919922
275,55099,0.4002397060394287,0.29004189372062683,0.45674318075180054,0.6930906772613525,,,,,,,
275,55199,0.28895652294158936,0.2596808075904846,0.375838041305542,0.6931246519088745,,,,,,,
275,55199,,,,,0.4688534140586853,0.5024516582489014,0.8648203015327454,0.35452139377593994,0.27733778953552246,0.42374739050865173,0.6931276321411133
276,55299,0.46580034494400024,0.3312789797782898,0.4809829592704773,0.6929231882095337,,,,,,,
276,55399,0.3841361403465271,0.28946590423583984,0.44123339653015137,0.6931263208389282,,,,,,,
276,55399,,,,,0.47023603320121765,0.5036180019378662,0.8889882564544678,0.373388409614563,0.2785080075263977,0.44143474102020264,0.693108856678009
277,55499,0.4447704255580902,0.3022555112838745,0.4889940023422241,0.6929581761360168,,,,,,,
277,55599,0.30217230319976807,0.25635895133018494,0.3923678994178772,0.6931090354919434,,,,,,,
277,55599,,,,,0.46834075450897217,0.50347900390625,0.8971012234687805,0.36308279633522034,0.27746960520744324,0.4321683943271637,0.6931102275848389
278,55699,0.4137989580631256,0.2897661030292511,0.47053036093711853,0.692995011806488,,,,,,,
278,55799,0.3489135205745697,0.27715057134628296,0.4182862937450409,0.6930466294288635,,,,,,,
278,55799,,,,,0.46928247809410095,0.5135294795036316,0.8998119235038757,0.3724018633365631,0.2779781222343445,0.44080525636672974,0.6927632093429565
279,55899,0.37643828988075256,0.2802099287509918,0.4427231252193451,0.6929895281791687,,,,,,,
279,55999,0.3157126009464264,0.24832624197006226,0.4139452874660492,0.6931177973747253,,,,,,,
279,55999,,,,,0.46746426820755005,0.5043467879295349,0.9102073907852173,0.36427247524261475,0.27638912200927734,0.43443185091018677,0.6930968761444092
280,56099,0.3820600211620331,0.2794331908226013,0.44916588068008423,0.6930781006813049,,,,,,,
280,56199,0.43259382247924805,0.3086654543876648,0.47049498558044434,0.6931332349777222,,,,,,,
280,56199,,,,,0.47086068987846375,0.5030407309532166,0.8694977164268494,0.3807786703109741,0.2786996364593506,0.4486393332481384,0.6931205987930298
281,56299,0.4155639410018921,0.2949901223182678,0.4671034812927246,0.6930593252182007,,,,,,,
281,56399,0.2525303363800049,0.24498289823532104,0.35408732295036316,0.6930797100067139,,,,,,,
281,56399,,,,,0.4703243374824524,0.5048293471336365,0.8984483480453491,0.35777100920677185,0.2787695825099945,0.4255448579788208,0.6930866837501526
282,56499,0.32261306047439575,0.2718605697154999,0.3972855508327484,0.6930661201477051,,,,,,,
282,56599,0.3266521692276001,0.25660258531570435,0.4165392816066742,0.6929793357849121,,,,,,,
282,56599,,,,,0.46934613585472107,0.5071488618850708,0.8650339245796204,0.36425676941871643,0.27881506085395813,0.43195489048957825,0.6930264234542847
283,56699,0.39931899309158325,0.2839697599411011,0.46191614866256714,0.6931338310241699,,,,,,,
283,56799,0.3580085337162018,0.28484752774238586,0.41970840096473694,0.693094789981842,,,,,,,
283,56799,,,,,0.4689648151397705,0.5043905973434448,0.9007857441902161,0.353427529335022,0.27767446637153625,0.4223005473613739,0.6930949687957764
284,56899,0.3692163825035095,0.2850973606109619,0.43068939447402954,0.6931407451629639,,,,,,,
284,56999,0.44574981927871704,0.2896048426628113,0.5027012228965759,0.6931124925613403,,,,,,,
284,56999,,,,,0.46956250071525574,0.5046095848083496,0.8686856627464294,0.38568347692489624,0.27916425466537476,0.453063040971756,0.6930876970291138
285,57099,0.3414916396141052,0.25914761424064636,0.4288872480392456,0.6930865049362183,,,,,,,
285,57199,0.4406088590621948,0.27178168296813965,0.5153956413269043,0.6931369304656982,,,,,,,
285,57199,,,,,0.47326189279556274,0.5056594014167786,0.900448203086853,0.3755854070186615,0.2814117968082428,0.44071027636528015,0.6930734515190125
286,57299,0.3243684768676758,0.2573484182357788,0.4134882688522339,0.6929364204406738,,,,,,,
286,57399,0.4518830180168152,0.30138105154037476,0.49705350399017334,0.6931030750274658,,,,,,,
286,57399,,,,,0.46832728385925293,0.5032106041908264,0.8659847974777222,0.37737101316452026,0.2776657044887543,0.4462636709213257,0.6931168437004089
287,57499,0.3766702711582184,0.2855336666107178,0.43768250942230225,0.6930918097496033,,,,,,,
287,57599,0.32093697786331177,0.26801350712776184,0.399277001619339,0.6927070617675781,,,,,,,
287,57599,,,,,0.4699220359325409,0.5143423080444336,0.8647992014884949,0.36126548051834106,0.2786160111427307,0.42900264263153076,0.6927065253257751
288,57699,0.3040044903755188,0.26809999346733093,0.38237807154655457,0.6929471492767334,,,,,,,
288,57799,0.32269051671028137,0.27862754464149475,0.39061933755874634,0.6931127905845642,,,,,,,
288,57799,,,,,0.46820852160453796,0.5035786032676697,0.8854367733001709,0.36037200689315796,0.27671900391578674,0.4302065670490265,0.6931071281433105
289,57899,0.3524662256240845,0.2814037501811981,0.41762691736221313,0.6931288242340088,,,,,,,
289,57999,0.4214664101600647,0.29802390933036804,0.46990782022476196,0.6929305791854858,,,,,,,
289,57999,,,,,0.4663246273994446,0.5088159441947937,0.8988450169563293,0.3541591465473175,0.2753199636936188,0.4253242611885071,0.6929703950881958
290,58099,0.34977996349334717,0.2882091701030731,0.4081345200538635,0.6931273937225342,,,,,,,
290,58199,0.24875998497009277,0.21414907276630402,0.38113144040107727,0.6930410861968994,,,,,,,
290,58199,,,,,0.46769943833351135,0.5069158673286438,0.8659515380859375,0.3613019287586212,0.27681809663772583,0.4309999644756317,0.6930323839187622
291,58299,0.3014640808105469,0.2621845006942749,0.3857787847518921,0.6929984092712402,,,,,,,
291,58399,0.2896447777748108,0.24745789170265198,0.3887544572353363,0.693135142326355,,,,,,,
291,58399,,,,,0.4689299166202545,0.5021409392356873,0.8759855031967163,0.35099053382873535,0.2779310941696167,0.4196258783340454,0.693132758140564
292,58499,0.3323872983455658,0.270885705947876,0.4080575406551361,0.6931119561195374,,,,,,,
292,58599,0.38066285848617554,0.2874006927013397,0.43970030546188354,0.6928762197494507,,,,,,,
292,58599,,,,,0.4700946807861328,0.5102693438529968,0.8606070876121521,0.3634205162525177,0.27807146310806274,0.4318086802959442,0.6929193139076233
293,58699,0.35183411836624146,0.2818945646286011,0.4165008068084717,0.6931225061416626,,,,,,,
293,58799,0.3227090835571289,0.24666078388690948,0.42256960272789,0.6930426359176636,,,,,,,
293,58799,,,,,0.46929246187210083,0.5072713494300842,0.850136399269104,0.3691827952861786,0.2768714427947998,0.4388220012187958,0.6930213570594788
294,58899,0.33035653829574585,0.2800535261631012,0.3968238830566406,0.6930416822433472,,,,,,,
294,58999,0.356869637966156,0.2692452073097229,0.4341902434825897,0.6931315660476685,,,,,,,
294,58999,,,,,0.46943745017051697,0.5021233558654785,0.8816911578178406,0.37179824709892273,0.27837324142456055,0.43999147415161133,0.6931331753730774
295,59099,0.39179569482803345,0.2848685681819916,0.45345380902290344,0.6930533647537231,,,,,,,
295,59199,0.3105660080909729,0.2604936361312866,0.39659059047698975,0.6930364370346069,,,,,,,
295,59199,,,,,0.4693758189678192,0.5060024857521057,0.8608737587928772,0.3483428359031677,0.27805137634277344,0.41682007908821106,0.6930571794509888
296,59299,0.45422792434692383,0.3208580017089844,0.4798975884914398,0.6930553913116455,,,,,,,
296,59399,0.42103052139282227,0.30720239877700806,0.46034666895866394,0.6930370330810547,,,,,,,
296,59399,,,,,0.4692387580871582,0.5034710764884949,0.8608744144439697,0.379016250371933,0.27689361572265625,0.44867846369743347,0.6931114196777344
297,59499,0.4542098641395569,0.3131154775619507,0.4875742495059967,0.6929596662521362,,,,,,,
297,59599,0.32582908868789673,0.27358296513557434,0.39872464537620544,0.6929570436477661,,,,,,,
297,59599,,,,,0.4678947627544403,0.5119364857673645,0.9041153192520142,0.35631322860717773,0.27688008546829224,0.425851970911026,0.6928377151489258
298,59699,0.3744245171546936,0.2690366208553314,0.4519435465335846,0.6931113004684448,,,,,,,
298,59799,0.4528479278087616,0.29182168841362,0.5075772404670715,0.6931019425392151,,,,,,,
298,59799,,,,,0.47061818838119507,0.5085433721542358,0.8986408710479736,0.3792757987976074,0.278892457485199,0.44687390327453613,0.6929810047149658
299,59899,0.2713030278682709,0.24292565882205963,0.37493571639060974,0.6931167244911194,,,,,,,
299,59999,0.2794123888015747,0.2490626722574234,0.3767494857311249,0.6927995681762695,,,,,,,
299,59999,,,,,0.4673141837120056,0.5134620666503906,0.8619483709335327,0.34842628240585327,0.2759154140949249,0.4188944101333618,0.6927671432495117
300,60099,0.3855886459350586,0.26040858030319214,0.4716782569885254,0.6929963827133179,,,,,,,
300,60199,0.3054381310939789,0.26511406898498535,0.3868706524372101,0.6930931210517883,,,,,,,
300,60199,,,,,0.4661959707736969,0.5097647905349731,0.8983859419822693,0.340587317943573,0.2748003602027893,0.4122563600540161,0.6929386258125305
301,60299,0.5482344627380371,0.3514031767845154,0.5433176755905151,0.692972719669342,,,,,,,
301,60399,0.2666783332824707,0.2446126788854599,0.36859989166259766,0.6930685043334961,,,,,,,
301,60399,,,,,0.4667993485927582,0.5041627287864685,0.8631224632263184,0.35058867931365967,0.2754749059677124,0.42166391015052795,0.6931003332138062
302,60499,0.36020833253860474,0.2876317501068115,0.4190866947174072,0.693020224571228,,,,,,,
302,60599,0.41822898387908936,0.31830674409866333,0.4464070200920105,0.692969560623169,,,,,,,
302,60599,,,,,0.4683382511138916,0.5085257291793823,0.8608531951904297,0.36928144097328186,0.2764180600643158,0.43935683369636536,0.692986786365509
303,60699,0.26242464780807495,0.23895935714244843,0.3699679970741272,0.6930054426193237,,,,,,,
303,60799,0.3693546652793884,0.278054416179657,0.43785929679870605,0.6931180953979492,,,,,,,
303,60799,,,,,0.46642813086509705,0.5023716688156128,0.876777172088623,0.3414904773235321,0.27575448155403137,0.4123004674911499,0.6931291818618774
304,60899,0.38190555572509766,0.29135841131210327,0.4371064007282257,0.6931185722351074,,,,,,,
304,60999,0.3695410490036011,0.26969626545906067,0.44629478454589844,0.6928999423980713,,,,,,,
304,60999,,,,,0.4678237736225128,0.5089297294616699,0.8636460900306702,0.37254858016967773,0.27734529972076416,0.4416908025741577,0.6929753422737122
305,61099,0.34193551540374756,0.2763270437717438,0.41217708587646484,0.6931371688842773,,,,,,,
305,61199,0.3238210082054138,0.2449129968881607,0.42543724179267883,0.6930584907531738,,,,,,,
305,61199,,,,,0.46905797719955444,0.5070196986198425,0.9035661816596985,0.36051344871520996,0.27716460824012756,0.42986395955085754,0.6930302381515503
306,61299,0.3506843149662018,0.3082856833934784,0.38895443081855774,0.6931115984916687,,,,,,,
306,61399,0.3630978465080261,0.27863621711730957,0.4310126304626465,0.6931020021438599,,,,,,,
306,61399,,,,,0.4656619131565094,0.5027620792388916,0.8633549809455872,0.3368612825870514,0.27484917640686035,0.40857458114624023,0.6931247711181641
307,61499,0.3445723354816437,0.26516157388687134,0.42597606778144836,0.6931306719779968,,,,,,,
307,61599,0.3669893741607666,0.28578856587409973,0.42776188254356384,0.693122148513794,,,,,,,
307,61599,,,,,0.46779078245162964,0.5032258629798889,0.8799024224281311,0.3601871728897095,0.2761854827404022,0.43055999279022217,0.6931165456771851
308,61699,0.375673770904541,0.30333662033081055,0.41887736320495605,0.6930804252624512,,,,,,,
308,61799,0.25997287034988403,0.24845364689826965,0.35804009437561035,0.6930416822433472,,,,,,,
308,61799,,,,,0.46682560443878174,0.5055423378944397,0.896384060382843,0.3313808739185333,0.275262713432312,0.4026511609554291,0.6930660605430603
309,61899,0.19514092803001404,0.19838561117649078,0.34327563643455505,0.693040668964386,,,,,,,
309,61999,0.3757612705230713,0.2798158526420593,0.44249987602233887,0.6931089162826538,,,,,,,
309,61999,,,,,0.4672596752643585,0.5025210380554199,0.8855819702148438,0.33486273884773254,0.2760671079158783,0.4053594172000885,0.6931276321411133
310,62099,0.30183660984039307,0.2598993480205536,0.3884766399860382,0.6930787563323975,,,,,,,
310,62199,0.32103776931762695,0.2482737898826599,0.4193117022514343,0.6930954456329346,,,,,,,
310,62199,,,,,0.4663301408290863,0.5051528215408325,0.8859717845916748,0.33855143189430237,0.2751210629940033,0.40996667742729187,0.6930727362632751
311,62299,0.3116614520549774,0.27174463868141174,0.38647255301475525,0.6931114792823792,,,,,,,
311,62399,0.4506332576274872,0.32134079933166504,0.4758598208427429,0.6931347250938416,,,,,,,
311,62399,,,,,0.4660192131996155,0.5028623342514038,0.8570226430892944,0.33588460087776184,0.27513498067855835,0.40731069445610046,0.6931222081184387
312,62499,0.2349366545677185,0.23772409558296204,0.34375739097595215,0.6930896043777466,,,,,,,
312,62599,0.3585493564605713,0.26532334089279175,0.4397752583026886,0.6930985450744629,,,,,,,
312,62599,,,,,0.46764108538627625,0.5044752955436707,0.8622500896453857,0.33967870473861694,0.27603039145469666,0.41019394993782043,0.6930912137031555
313,62699,0.3698447346687317,0.30034393072128296,0.41605517268180847,0.6931086778640747,,,,,,,
313,62799,0.2880629897117615,0.2532198429107666,0.38138559460639954,0.6930848360061646,,,,,,,
313,62799,,,,,0.4670718312263489,0.5033732652664185,0.8749805688858032,0.3309878706932068,0.27566561102867126,0.40187811851501465,0.6931115984916687
314,62899,0.3391774892807007,0.2618202865123749,0.4238344728946686,0.6929545402526855,,,,,,,
314,62999,0.381571888923645,0.28660619258880615,0.4414813816547394,0.6930313110351562,,,,,,,
314,62999,,,,,0.46651750802993774,0.5093964338302612,0.9007698893547058,0.3379098176956177,0.2758820652961731,0.408507764339447,0.6929600238800049
315,63099,0.29405689239501953,0.2347216010093689,0.4058957099914551,0.6931208372116089,,,,,,,
315,63199,0.2866293787956238,0.24867725372314453,0.38450363278388977,0.6931029558181763,,,,,,,
315,63199,,,,,0.46678540110588074,0.503154993057251,0.8791845440864563,0.3299577236175537,0.27558186650276184,0.4009343087673187,0.6931169629096985
316,63299,0.294907808303833,0.2463272511959076,0.39514246582984924,0.6931238174438477,,,,,,,
316,63399,0.24717944860458374,0.24904665350914001,0.344684362411499,0.6931031942367554,,,,,,,
316,63399,,,,,0.4682154953479767,0.5065799355506897,0.8998631834983826,0.33372342586517334,0.27712497115135193,0.40311962366104126,0.6930420398712158
317,63499,0.32070595026016235,0.24745991826057434,0.41981321573257446,0.6931344270706177,,,,,,,
317,63599,0.45014697313308716,0.3156328797340393,0.4810826778411865,0.6931371688842773,,,,,,,
317,63599,,,,,0.4654899537563324,0.5019340515136719,0.8873401284217834,0.33137625455856323,0.2747325897216797,0.40321147441864014,0.6931354999542236
318,63699,0.33645355701446533,0.2739785313606262,0.40903958678245544,0.6931290626525879,,,,,,,
318,63799,0.35005632042884827,0.2695689797401428,0.42693981528282166,0.6929048895835876,,,,,,,
318,63799,,,,,0.4673326909542084,0.5087971687316895,0.8621065020561218,0.34916725754737854,0.27615469694137573,0.4195009469985962,0.6929770112037659
319,63899,0.20759540796279907,0.24349859356880188,0.3105761408805847,0.6929587125778198,,,,,,,
319,63999,0.31841060519218445,0.2695753872394562,0.39538392424583435,0.6930974125862122,,,,,,,
319,63999,,,,,0.4669191837310791,0.5058771967887878,0.8606100678443909,0.33544158935546875,0.27553486824035645,0.4064382314682007,0.693062961101532
320,64099,0.30285748839378357,0.277174174785614,0.37223896384239197,0.6931112408638,,,,,,,
320,64199,0.3466328978538513,0.27713486552238464,0.4160633981227875,0.6931307315826416,,,,,,,
320,64199,,,,,0.465692937374115,0.5020911693572998,0.8870894908905029,0.3373708724975586,0.2751961052417755,0.40874138474464417,0.6931331157684326
321,64299,0.3468019962310791,0.2682201862335205,0.42501428723335266,0.6928648948669434,,,,,,,
321,64399,0.3546030521392822,0.26214098930358887,0.43900299072265625,0.6930818557739258,,,,,,,
321,64399,,,,,0.4677896499633789,0.5046660304069519,0.8900225162506104,0.3285924196243286,0.27572527527809143,0.3994101583957672,0.6930859684944153
322,64499,0.27535027265548706,0.2503100335597992,0.3715807795524597,0.6930810213088989,,,,,,,
322,64599,0.2907753586769104,0.25988858938217163,0.37735432386398315,0.6929351091384888,,,,,,,
322,64599,,,,,0.46682295203208923,0.5078408718109131,0.8985664248466492,0.33927685022354126,0.2753816246986389,0.4104022979736328,0.6930140852928162
323,64699,0.40711137652397156,0.33237773180007935,0.4212741255760193,0.6930809617042542,,,,,,,
323,64799,0.2782200574874878,0.23928390443325043,0.38548827171325684,0.6931042671203613,,,,,,,
323,64799,,,,,0.46687597036361694,0.5059651136398315,0.8988173007965088,0.35317695140838623,0.27561312913894653,0.4240937829017639,0.6930599212646484
324,64899,0.4558730125427246,0.314685583114624,0.4877471327781677,0.6931194067001343,,,,,,,
324,64999,0.33723756670951843,0.2793567180633545,0.40438002347946167,0.6929983496665955,,,,,,,
324,64999,,,,,0.4665725827217102,0.5055286288261414,0.8914327025413513,0.33406510949134827,0.2748638391494751,0.4057364761829376,0.6930703520774841
325,65099,0.31639134883880615,0.25244200229644775,0.41051626205444336,0.6931338310241699,,,,,,,
325,65199,0.33799389004707336,0.24537232518196106,0.43918806314468384,0.6931330561637878,,,,,,,
325,65199,,,,,0.46614959836006165,0.5021007657051086,0.8582095503807068,0.3352745473384857,0.27457812428474426,0.40726298093795776,0.6931329965591431
326,65299,0.34232020378112793,0.2843918800354004,0.4044770300388336,0.6930973529815674,,,,,,,
326,65399,0.39759331941604614,0.29812806844711304,0.44595104455947876,0.6929715871810913,,,,,,,
326,65399,,,,,0.4676540791988373,0.5088902115821838,0.9009609818458557,0.352133572101593,0.2765665054321289,0.42205554246902466,0.6929771304130554
327,65499,0.3506081998348236,0.28473538160324097,0.41242319345474243,0.6931007504463196,,,,,,,
327,65599,0.3402218520641327,0.2587122917175293,0.4280719757080078,0.6931248307228088,,,,,,,
327,65599,,,,,0.46624845266342163,0.5046755075454712,0.8560912609100342,0.3398035764694214,0.27441442012786865,0.41193315386772156,0.6930881142616272
328,65699,0.2816593647003174,0.2673073709011078,0.36087650060653687,0.6930489540100098,,,,,,,
328,65799,0.33831125497817993,0.26254701614379883,0.4223319888114929,0.6931354999542236,,,,,,,
328,65799,,,,,0.4656400978565216,0.5034403204917908,0.8660513162612915,0.31969738006591797,0.2748318612575531,0.3914215564727783,0.6931120157241821
329,65899,0.34459394216537476,0.28758785128593445,0.403567373752594,0.6931225061416626,,,,,,,
329,65999,0.3113209009170532,0.25284337997436523,0.405034601688385,0.693114161491394,,,,,,,
329,65999,,,,,0.46365562081336975,0.5028576850891113,0.8752937316894531,0.32083824276924133,0.27292177081108093,0.39447706937789917,0.6931212544441223
330,66099,0.29447445273399353,0.26992103457450867,0.3711149990558624,0.6931231617927551,,,,,,,
330,66199,0.35644906759262085,0.2869549095630646,0.41601085662841797,0.6930333375930786,,,,,,,
330,66199,,,,,0.46634483337402344,0.504101037979126,0.8553993105888367,0.3490493893623352,0.27569112181663513,0.41990986466407776,0.6931030750274658
331,66299,0.34155717492103577,0.2698482275009155,0.4182782769203186,0.6931386590003967,,,,,,,
331,66399,0.35485053062438965,0.2868186831474304,0.41457802057266235,0.6930923461914062,,,,,,,
331,66399,,,,,0.4663804769515991,0.5036285519599915,0.8556293845176697,0.3266914486885071,0.2749910354614258,0.398256778717041,0.6931127905845642
332,66499,0.37738218903541565,0.28353777527809143,0.4404029846191406,0.693117082118988,,,,,,,
332,66599,0.3467217683792114,0.3099045753479004,0.3833847939968109,0.6931352615356445,,,,,,,
332,66599,,,,,0.466388463973999,0.5021984577178955,0.8881258368492126,0.3299296498298645,0.2748852074146271,0.40161019563674927,0.693131685256958
333,66699,0.42827531695365906,0.32090991735458374,0.4539319574832916,0.6931331753730774,,,,,,,
333,66799,0.2361277937889099,0.24469192326068878,0.3379988968372345,0.6931260824203491,,,,,,,
333,66799,,,,,0.4659656584262848,0.5021559000015259,0.8835541605949402,0.317659467458725,0.27466410398483276,0.38956186175346375,0.6931329369544983
334,66899,0.3601219058036804,0.2871682345867157,0.41952043771743774,0.6931334733963013,,,,,,,
334,66999,0.28582969307899475,0.2609049081802368,0.37135758996009827,0.6928655505180359,,,,,,,
334,66999,,,,,0.46647441387176514,0.5106425285339355,0.860169529914856,0.32998722791671753,0.27456578612327576,0.4018745422363281,0.6929062008857727
335,67099,0.32000601291656494,0.27383074164390564,0.39270418882369995,0.6930577754974365,,,,,,,
335,67199,0.3037419021129608,0.2632439136505127,0.38706138730049133,0.6931267380714417,,,,,,,
335,67199,,,,,0.465623140335083,0.5021726489067078,0.8624995350837708,0.32925301790237427,0.27449557185173035,0.4013236463069916,0.6931325197219849
336,67299,0.3809424042701721,0.29626229405403137,0.431244432926178,0.6931287050247192,,,,,,,
336,67399,0.39817994832992554,0.30127084255218506,0.44347381591796875,0.6931294202804565,,,,,,,
336,67399,,,,,0.46522256731987,0.5029641389846802,0.901343584060669,0.3331722021102905,0.2744157910346985,0.40531647205352783,0.6931200623512268
337,67499,0.3982239365577698,0.3130037188529968,0.43176040053367615,0.6930803060531616,,,,,,,
337,67599,0.4133378565311432,0.27809855341911316,0.48173806071281433,0.6929975152015686,,,,,,,
337,67599,,,,,0.4668809175491333,0.5086967945098877,0.8589399456977844,0.32095858454704285,0.2750434875488281,0.3924008905887604,0.6929715275764465
338,67699,0.21674519777297974,0.23288442194461823,0.33042237162590027,0.6931232213973999,,,,,,,
338,67799,0.338009238243103,0.2888300120830536,0.39559856057167053,0.6928386688232422,,,,,,,
338,67799,,,,,0.4655413031578064,0.5092724561691284,0.8992568254470825,0.3295028805732727,0.2747095823287964,0.4012734293937683,0.6929602026939392
339,67899,0.28876829147338867,0.2370009422302246,0.39833009243011475,0.6931254863739014,,,,,,,
339,67999,0.3020660877227783,0.26746952533721924,0.38114723563194275,0.6931014060974121,,,,,,,
339,67999,,,,,0.4663112461566925,0.5057564973831177,0.8625363111495972,0.3120584487915039,0.27519896626472473,0.383393257856369,0.6930674314498901
340,68099,0.336662620306015,0.24962100386619568,0.4336091876029968,0.6931350827217102,,,,,,,
340,68199,0.24289503693580627,0.24810485541820526,0.3413296639919281,0.6930789351463318,,,,,,,
340,68199,,,,,0.4649140536785126,0.5079310536384583,0.899118959903717,0.32245564460754395,0.2744412124156952,0.3945172131061554,0.6930058002471924
341,68299,0.29204222559928894,0.2610318660736084,0.37757787108421326,0.6931350827217102,,,,,,,
341,68399,0.27087315917015076,0.26236891746520996,0.35506585240364075,0.6931231617927551,,,,,,,
341,68399,,,,,0.46404528617858887,0.5025746822357178,0.8770625591278076,0.31358659267425537,0.273385226726532,0.3867647647857666,0.6931266784667969
342,68499,0.21923944354057312,0.25564348697662354,0.310153603553772,0.6931152939796448,,,,,,,
342,68599,0.36364173889160156,0.29560187458992004,0.414602130651474,0.693124532699585,,,,,,,
342,68599,,,,,0.46616053581237793,0.5026798844337463,0.8686230778694153,0.3277246057987213,0.2750094532966614,0.39927783608436584,0.6931252479553223
343,68699,0.23056811094284058,0.24771961569786072,0.3293510973453522,0.6930052042007446,,,,,,,
343,68799,0.3000284433364868,0.2727128267288208,0.3738570809364319,0.6930829286575317,,,,,,,
343,68799,,,,,0.46516239643096924,0.5051079988479614,0.8644605875015259,0.31696391105651855,0.2742355763912201,0.3892686069011688,0.6930806040763855
344,68899,0.3807276487350464,0.29389652609825134,0.43339261412620544,0.6931229829788208,,,,,,,
344,68999,0.39090314507484436,0.30224600434303284,0.43522343039512634,0.6931325793266296,,,,,,,
344,68999,,,,,0.4644255042076111,0.505143940448761,0.8589394092559814,0.3369552195072174,0.27348583936691284,0.41001027822494507,0.6930816769599915
345,69099,0.35416653752326965,0.30217498540878296,0.3985494375228882,0.693115770816803,,,,,,,
345,69199,0.2662957012653351,0.2743077278137207,0.3385496735572815,0.6931234002113342,,,,,,,
345,69199,,,,,0.4651235342025757,0.5024307370185852,0.8769548535346985,0.31208300590515137,0.274071604013443,0.38457611203193665,0.6931294798851013
346,69299,0.24237528443336487,0.24195434153079987,0.34698599576950073,0.6931300759315491,,,,,,,
346,69399,0.29535138607025146,0.2860311269760132,0.35588207840919495,0.6931235790252686,,,,,,,
346,69399,,,,,0.46628692746162415,0.5042275190353394,0.8952643871307373,0.2999421954154968,0.2746337652206421,0.3718596398830414,0.6931023597717285
347,69499,0.2767610549926758,0.2678923010826111,0.35535743832588196,0.6929774284362793,,,,,,,
347,69599,0.24940669536590576,0.25796952843666077,0.3379923701286316,0.693110466003418,,,,,,,
347,69599,,,,,0.4640408158302307,0.5046994090080261,0.8976666331291199,0.3068445920944214,0.2733486294746399,0.3800405263900757,0.6930890083312988
348,69699,0.3471899628639221,0.27396485209465027,0.41978585720062256,0.6931215524673462,,,,,,,
348,69799,0.28768831491470337,0.25170063972473145,0.38234755396842957,0.6927198171615601,,,,,,,
348,69799,,,,,0.4641959071159363,0.5165671110153198,0.8629989624023438,0.33844462037086487,0.2734980285167694,0.4112337827682495,0.6925743818283081
349,69899,0.3085688352584839,0.26061490178108215,0.3944896459579468,0.6930713653564453,,,,,,,
349,69999,0.2786606550216675,0.2504114508628845,0.3747069835662842,0.6929155588150024,,,,,,,
349,69999,,,,,0.46515747904777527,0.5071943998336792,0.8991674184799194,0.3281998336315155,0.27426084876060486,0.40045374631881714,0.693029522895813
350,70099,0.36838650703430176,0.29499202966690063,0.41989466547966003,0.693000316619873,,,,,,,
350,70199,0.3490467071533203,0.27274590730667114,0.42277368903160095,0.6929457187652588,,,,,,,
350,70199,,,,,0.46543848514556885,0.510055422782898,0.8630675673484802,0.31950461864471436,0.27466827630996704,0.39130130410194397,0.6929299831390381
351,70299,0.3828767240047455,0.30150192975997925,0.42792096734046936,0.693092405796051,,,,,,,
351,70399,0.31017452478408813,0.2803398668766022,0.37640130519866943,0.6931332349777222,,,,,,,
351,70399,,,,,0.46447497606277466,0.502318799495697,0.8922597169876099,0.3075562119483948,0.2736509442329407,0.380470335483551,0.6931300759315491
352,70499,0.33226990699768066,0.2742069959640503,0.404593825340271,0.6930618286132812,,,,,,,
352,70599,0.389875590801239,0.309488445520401,0.42694926261901855,0.6931241750717163,,,,,,,
352,70599,,,,,0.4652581512928009,0.5039598345756531,0.8637197613716125,0.3117832839488983,0.27359530329704285,0.384740948677063,0.693105936050415
353,70699,0.26448962092399597,0.24666336178779602,0.36425426602363586,0.6928560137748718,,,,,,,
353,70799,0.4186613857746124,0.3126199245452881,0.4526090621948242,0.6931352019309998,,,,,,,
353,70799,,,,,0.4661198556423187,0.5018284916877747,0.8649124503135681,0.33690619468688965,0.27552852034568787,0.40794599056243896,0.6931367516517639
354,70899,0.3117009401321411,0.28964775800704956,0.36861568689346313,0.6931250095367432,,,,,,,
354,70999,0.35481399297714233,0.30359506607055664,0.397763729095459,0.6930896043777466,,,,,,,
354,70999,,,,,0.46475082635879517,0.5026934742927551,0.8836888074874878,0.3059442341327667,0.27273109555244446,0.3797754943370819,0.6931245923042297
355,71099,0.37601080536842346,0.29086923599243164,0.4316907525062561,0.6930983662605286,,,,,,,
355,71199,0.34196120500564575,0.27130788564682007,0.4171838164329529,0.6930609941482544,,,,,,,
355,71199,,,,,0.4640422463417053,0.5036678910255432,0.861107587814331,0.3052710294723511,0.273236483335495,0.3785889446735382,0.6931087374687195
356,71299,0.2783504128456116,0.2553499937057495,0.3695651888847351,0.6931295394897461,,,,,,,
356,71399,0.36108502745628357,0.293739914894104,0.41391539573669434,0.6931405663490295,,,,,,,
356,71399,,,,,0.46523594856262207,0.5011883974075317,0.8770424127578735,0.3099901080131531,0.2737683355808258,0.38279324769973755,0.693142831325531
357,71499,0.2745981216430664,0.26179811358451843,0.3591638505458832,0.6927276849746704,,,,,,,
357,71599,0.2730087637901306,0.24702706933021545,0.3725408613681793,0.6931183338165283,,,,,,,
357,71599,,,,,0.4647984802722931,0.5057067275047302,0.8639428615570068,0.3143020570278168,0.2743231952190399,0.3865140378475189,0.6930704712867737
358,71699,0.32866936922073364,0.27807778120040894,0.3971406817436218,0.6930981874465942,,,,,,,
358,71799,0.2650613784790039,0.27264803647994995,0.33862951397895813,0.6924324035644531,,,,,,,
358,71799,,,,,0.46342089772224426,0.5153263211250305,0.8619980812072754,0.3070289194583893,0.2731214165687561,0.3802396357059479,0.6926643252372742
359,71899,0.3564162850379944,0.3017791509628296,0.40118956565856934,0.6931048631668091,,,,,,,
359,71999,0.32045549154281616,0.2723463475704193,0.39463019371032715,0.6930421590805054,,,,,,,
359,71999,,,,,0.4631657302379608,0.5079278945922852,0.8655287623405457,0.2926987409591675,0.27238208055496216,0.3668198585510254,0.6930063962936401
360,72099,0.2931607663631439,0.2652556896209717,0.3743966519832611,0.6929832100868225,,,,,,,
360,72199,0.31047898530960083,0.2735126316547394,0.38348719477653503,0.6930416822433472,,,,,,,
360,72199,,,,,0.46470341086387634,0.5091059803962708,0.9001894593238831,0.30401095747947693,0.2736721634864807,0.3768252730369568,0.6929728388786316
361,72299,0.3459620773792267,0.3006274104118347,0.3918243944644928,0.6929795145988464,,,,,,,
361,72399,0.20127588510513306,0.24955880641937256,0.29828545451164246,0.6931368112564087,,,,,,,
361,72399,,,,,0.46242910623550415,0.5036774277687073,0.8758513331413269,0.30769890546798706,0.272457480430603,0.38179633021354675,0.6931095719337463
362,72499,0.3705466687679291,0.29616791009902954,0.42074286937713623,0.6927282214164734,,,,,,,
362,72599,0.2621372640132904,0.23497061431407928,0.37372055649757385,0.6931077837944031,,,,,,,
362,72599,,,,,0.4644296169281006,0.5027744770050049,0.8591210246086121,0.30533432960510254,0.27339279651641846,0.37850457429885864,0.6931259036064148
363,72699,0.3111114203929901,0.2789512276649475,0.3786335587501526,0.69294673204422,,,,,,,
363,72799,0.29934635758399963,0.2778127193450928,0.36808595061302185,0.6931046843528748,,,,,,,
363,72799,,,,,0.46499699354171753,0.5046413540840149,0.9026446342468262,0.3195643723011017,0.2748722434043884,0.3912394344806671,0.6930946707725525
364,72899,0.25353240966796875,0.25000476837158203,0.35009074211120605,0.6931262016296387,,,,,,,
364,72999,0.33598408102989197,0.25980114936828613,0.4227288067340851,0.6930916905403137,,,,,,,
364,72999,,,,,0.4643763303756714,0.5056948661804199,0.8695022463798523,0.30827802419662476,0.2737293839454651,0.38108086585998535,0.6930645108222961
365,73099,0.31256964802742004,0.25217676162719727,0.4069460332393646,0.6931063532829285,,,,,,,
365,73199,0.3579363524913788,0.28338363766670227,0.42111051082611084,0.6931155323982239,,,,,,,
365,73199,,,,,0.46360668540000916,0.5051812529563904,0.8603247404098511,0.3089786767959595,0.2730511426925659,0.3824699819087982,0.6930848956108093
366,73299,0.4016236662864685,0.30739739537239075,0.4407917559146881,0.6931309700012207,,,,,,,
366,73399,0.2802082896232605,0.2754448354244232,0.3513319790363312,0.6931370496749878,,,,,,,
366,73399,,,,,0.46365365386009216,0.5024868249893188,0.8934409022331238,0.2933429479598999,0.2730924189090729,0.3668142855167389,0.6931275725364685
367,73499,0.3310105800628662,0.3090006113052368,0.3685709536075592,0.6931219100952148,,,,,,,
367,73599,0.338864266872406,0.27758175134658813,0.4078420400619507,0.6931190490722656,,,,,,,
367,73599,,,,,0.4638492166996002,0.5034089088439941,0.8556330800056458,0.3104209303855896,0.27281081676483154,0.384168416261673,0.6931167244911194
368,73699,0.3312860429286957,0.2838737666606903,0.39390406012535095,0.6929835677146912,,,,,,,
368,73799,0.2683281898498535,0.25410979986190796,0.3607538640499115,0.6930708885192871,,,,,,,
368,73799,,,,,0.4652274250984192,0.5061407685279846,0.8946391344070435,0.31575852632522583,0.2745552659034729,0.38773083686828613,0.6930551528930664
369,73899,0.30485284328460693,0.27065950632095337,0.3807333707809448,0.6930800676345825,,,,,,,
369,73999,0.27813464403152466,0.25106632709503174,0.373470664024353,0.6928046941757202,,,,,,,
369,73999,,,,,0.46308934688568115,0.5129806399345398,0.9022562503814697,0.2995692491531372,0.2725995182991028,0.37336891889572144,0.6927982568740845
370,74099,0.33664268255233765,0.2700175642967224,0.4131835699081421,0.6931169033050537,,,,,,,
370,74199,0.42023414373397827,0.3113582134246826,0.45544156432151794,0.6931313276290894,,,,,,,
370,74199,,,,,0.46328359842300415,0.5018681883811951,0.885698139667511,0.29794424772262573,0.2723010778427124,0.3722110390663147,0.6931355595588684
371,74299,0.32637929916381836,0.28913208842277527,0.38380956649780273,0.6931247711181641,,,,,,,
371,74399,0.46628227829933167,0.3319098949432373,0.48093181848526,0.6931188702583313,,,,,,,
371,74399,,,,,0.46272003650665283,0.5033098459243774,0.90157151222229,0.29365089535713196,0.2721634805202484,0.36804527044296265,0.6931155920028687
372,74499,0.26429328322410583,0.26870834827423096,0.3421420156955719,0.6931141018867493,,,,,,,
372,74599,0.4606470465660095,0.32904285192489624,0.47815126180648804,0.6930941343307495,,,,,,,
372,74599,,,,,0.4650619626045227,0.5049766302108765,0.9076238870620728,0.29924947023391724,0.2744525671005249,0.3713374435901642,0.6930810213088989
373,74699,0.29857808351516724,0.2683073878288269,0.3768332004547119,0.6931250095367432,,,,,,,
373,74799,0.3039332926273346,0.2765935957431793,0.37390103936195374,0.6931226849555969,,,,,,,
373,74799,,,,,0.4639314115047455,0.5014348030090332,0.8853809833526611,0.2994455099105835,0.27267003059387207,0.3733457326889038,0.6931406855583191
374,74899,0.32813921570777893,0.27192258834838867,0.40273913741111755,0.6930450797080994,,,,,,,
374,74999,0.27668729424476624,0.2551964819431305,0.36804598569869995,0.6931104063987732,,,,,,,
374,74999,,,,,0.46510249376296997,0.5022707581520081,0.8598988652229309,0.29761484265327454,0.27386659383773804,0.37031400203704834,0.6931315660476685
375,75099,0.251473605632782,0.24420198798179626,0.35382553935050964,0.6931078433990479,,,,,,,
375,75199,0.3374405801296234,0.28296706080436707,0.40104320645332336,0.693139374256134,,,,,,,
375,75199,,,,,0.4630947709083557,0.5023033618927002,0.8786433935165405,0.2949449419975281,0.27293792366981506,0.36857298016548157,0.6931320428848267
376,75299,0.29272013902664185,0.27271613478660583,0.3665478527545929,0.6930876970291138,,,,,,,
376,75399,0.35192108154296875,0.29836949706077576,0.4000956118106842,0.6930880546569824,,,,,,,
376,75399,,,,,0.4644693434238434,0.5041491985321045,0.8591997623443604,0.29518571496009827,0.27339625358581543,0.368341326713562,0.6931037306785583
377,75499,0.2837749123573303,0.27256667613983154,0.35774654150009155,0.6930766105651855,,,,,,,
377,75599,0.31724005937576294,0.2689064145088196,0.3948793411254883,0.6930913925170898,,,,,,,
377,75599,,,,,0.466201514005661,0.5078099370002747,0.8574139475822449,0.31370848417282104,0.2744780480861664,0.38573944568634033,0.6930179595947266
378,75699,0.29000726342201233,0.2595101594924927,0.37703490257263184,0.6930755972862244,,,,,,,
378,75799,0.2776702642440796,0.272308886051178,0.35193002223968506,0.6931372880935669,,,,,,,
378,75799,,,,,0.4628656804561615,0.5034159421920776,0.8792018890380859,0.29368388652801514,0.2722231149673462,0.3680175542831421,0.6931135654449463
379,75899,0.2665274143218994,0.27996164560317993,0.3330380618572235,0.6929445266723633,,,,,,,
379,75999,0.21533718705177307,0.23985297977924347,0.32194605469703674,0.6929237246513367,,,,,,,
379,75999,,,,,0.46311822533607483,0.5081968903541565,0.8594983220100403,0.3010059595108032,0.27218514680862427,0.37532341480255127,0.6930050849914551
380,76099,0.2650558352470398,0.2534509301185608,0.3581661283969879,0.6931225061416626,,,,,,,
380,76199,0.2571488320827484,0.2838558256626129,0.31986162066459656,0.6931372284889221,,,,,,,
380,76199,,,,,0.46389055252075195,0.5021265149116516,0.8740490674972534,0.2834872901439667,0.272978276014328,0.35707563161849976,0.6931331157684326
381,76299,0.2476176619529724,0.2508490979671478,0.343330055475235,0.6931229829788208,,,,,,,
381,76399,0.23628449440002441,0.23336252570152283,0.3494889736175537,0.693134069442749,,,,,,,
381,76399,,,,,0.4621187746524811,0.5017202496528625,0.8923801779747009,0.2805079519748688,0.27197563648223877,0.3551011383533478,0.6931376457214355
382,76499,0.3198971152305603,0.2644999027252197,0.401912122964859,0.6930297613143921,,,,,,,
382,76599,0.2765355408191681,0.2854403257369995,0.3376622796058655,0.6931341290473938,,,,,,,
382,76599,,,,,0.4633156955242157,0.5018596649169922,0.8942716121673584,0.2847547233104706,0.27242937684059143,0.358893483877182,0.6931363344192505
383,76699,0.3019619584083557,0.27887633442878723,0.3696421682834625,0.6931130886077881,,,,,,,
383,76799,0.2933594882488251,0.2993423044681549,0.3405594527721405,0.6930845379829407,,,,,,,
383,76799,,,,,0.461966335773468,0.5041893124580383,0.8650913238525391,0.28192150592803955,0.27218976616859436,0.35628437995910645,0.6931052803993225
384,76899,0.31351518630981445,0.2732873558998108,0.3867548406124115,0.6930539608001709,,,,,,,
384,76999,0.18783897161483765,0.24001890420913696,0.2943801283836365,0.6931201219558716,,,,,,,
384,76999,,,,,0.46229591965675354,0.5035799741744995,0.8541560173034668,0.2811896502971649,0.27184709906578064,0.355899840593338,0.6931144595146179
385,77099,0.28140395879745483,0.25391191244125366,0.37405768036842346,0.6931313276290894,,,,,,,
385,77199,0.2160358428955078,0.24472609162330627,0.3178558051586151,0.6930921077728271,,,,,,,
385,77199,,,,,0.462226539850235,0.5048027038574219,0.8627490997314453,0.29038017988204956,0.2713630795478821,0.36556321382522583,0.693092405796051
386,77299,0.2738080620765686,0.2635926306247711,0.3567216694355011,0.6930124759674072,,,,,,,
386,77399,0.2685723304748535,0.24134084582328796,0.37377461791038513,0.6930862665176392,,,,,,,
386,77399,,,,,0.4619402587413788,0.5062358379364014,0.864844024181366,0.2841968834400177,0.27197274565696716,0.3587530255317688,0.6930577754974365
387,77499,0.2139405608177185,0.2507484257221222,0.3097575008869171,0.6931307315826416,,,,,,,
387,77599,0.3039233982563019,0.272124707698822,0.3782678246498108,0.6929382681846619,,,,,,,
387,77599,,,,,0.4622722864151001,0.5088969469070435,0.8618242740631104,0.2774670422077179,0.271114319562912,0.3528428375720978,0.692980170249939
388,77699,0.2235850691795349,0.2467215210199356,0.32343292236328125,0.6931387186050415,,,,,,,
388,77799,0.20885902643203735,0.24374711513519287,0.3116735517978668,0.6931232213973999,,,,,,,
388,77799,,,,,0.4622836709022522,0.5015562176704407,0.8668405413627625,0.2837604284286499,0.27124425768852234,0.3590860366821289,0.6931394934654236
389,77899,0.4135925769805908,0.30182331800460815,0.4583307206630707,0.6931228637695312,,,,,,,
389,77999,0.2201145887374878,0.24507451057434082,0.3215929865837097,0.6931058168411255,,,,,,,
389,77999,,,,,0.46355605125427246,0.5038213133811951,0.8962525129318237,0.2849738299846649,0.272484689950943,0.35904377698898315,0.6931090950965881
390,78099,0.2381322979927063,0.24507953226566315,0.33961066603660583,0.6931158304214478,,,,,,,
390,78199,0.28110456466674805,0.27528372406959534,0.35238271951675415,0.6931238174438477,,,,,,,
390,78199,,,,,0.4623229205608368,0.5016481280326843,0.8853129148483276,0.28684094548225403,0.27188897132873535,0.3615211546421051,0.693138599395752
391,78299,0.14322495460510254,0.21694892644882202,0.2727869749069214,0.6930218935012817,,,,,,,
391,78399,0.35732531547546387,0.27601736783981323,0.42787110805511475,0.6931263208389282,,,,,,,
391,78399,,,,,0.4620411694049835,0.5022350549697876,0.8489534258842468,0.286325603723526,0.2713034451007843,0.3615880608558655,0.6931320428848267
392,78499,0.2443079948425293,0.2454286813735962,0.3453551232814789,0.6929516792297363,,,,,,,
392,78599,0.21690553426742554,0.25508713722229004,0.30835461616516113,0.6930724382400513,,,,,,,
392,78599,,,,,0.46226966381073,0.5087652802467346,0.8614110350608826,0.2803534269332886,0.272026002407074,0.35482022166252136,0.6929858922958374
393,78699,0.3247429430484772,0.27862897515296936,0.3926810324192047,0.6931341290473938,,,,,,,
393,78799,0.29855239391326904,0.28290849924087524,0.3620874881744385,0.6928871870040894,,,,,,,
393,78799,,,,,0.4630289077758789,0.5109326243400574,0.898550808429718,0.28898051381111145,0.2718506455421448,0.36357930302619934,0.6928988695144653
394,78899,0.3104071021080017,0.2876780331134796,0.3692466616630554,0.6930352449417114,,,,,,,
394,78999,0.3271040618419647,0.27919602394104004,0.3944661617279053,0.6931162476539612,,,,,,,
394,78999,,,,,0.4612206816673279,0.5018414258956909,0.8790539503097534,0.2864514887332916,0.27066269516944885,0.362356960773468,0.6931365132331848
395,79099,0.31480342149734497,0.28058189153671265,0.3807879388332367,0.693132758140564,,,,,,,
395,79199,0.3204788565635681,0.31653890013694763,0.3505030572414398,0.6931262016296387,,,,,,,
395,79199,,,,,0.4624713063240051,0.503995418548584,0.8583835363388062,0.27492523193359375,0.2712530493736267,0.35022521018981934,0.6931060552597046
396,79299,0.26601412892341614,0.2710520625114441,0.3415161371231079,0.6931081414222717,,,,,,,
396,79399,0.26070636510849,0.2642974853515625,0.34296461939811707,0.6931115388870239,,,,,,,
396,79399,,,,,0.46266430616378784,0.5057123899459839,0.8970038890838623,0.2799898684024811,0.271369069814682,0.3551572561264038,0.6930729150772095
397,79499,0.1677953600883484,0.2566125988960266,0.25774669647216797,0.6931278705596924,,,,,,,
397,79599,0.32774731516838074,0.27862077951431274,0.39568623900413513,0.6931193470954895,,,,,,,
397,79599,,,,,0.4630041718482971,0.502476692199707,0.8967537879943848,0.2756669223308563,0.271992564201355,0.3502395749092102,0.6931304335594177
398,79699,0.27758532762527466,0.2806379199028015,0.34346112608909607,0.6930273771286011,,,,,,,
398,79799,0.2606464624404907,0.23912827670574188,0.3680839538574219,0.6931315660476685,,,,,,,
398,79799,,,,,0.46156272292137146,0.502173662185669,0.8510708808898926,0.2859289348125458,0.2704295217990875,0.36206546425819397,0.693132221698761
399,79899,0.235521137714386,0.257234126329422,0.3247031271457672,0.6928322315216064,,,,,,,
399,79999,0.27002131938934326,0.2622891068458557,0.3542901575565338,0.6931159496307373,,,,,,,
399,79999,,,,,0.46237272024154663,0.5025516152381897,0.8658488988876343,0.292935848236084,0.27096763253211975,0.3685324192047119,0.6931282877922058
400,80099,0.3137606978416443,0.26832789182662964,0.3920023739337921,0.6931391954421997,,,,,,,
400,80199,0.27298733592033386,0.2745804190635681,0.3449763357639313,0.6931388974189758,,,,,,,
400,80199,,,,,0.4618251323699951,0.5020525455474854,0.8633967041969299,0.28044596314430237,0.27059653401374817,0.356416255235672,0.6931336522102356
401,80299,0.204626202583313,0.24231460690498352,0.3088809847831726,0.693138837814331,,,,,,,
401,80399,0.36710482835769653,0.27852100133895874,0.435152530670166,0.6931374073028564,,,,,,,
401,80399,,,,,0.4612758159637451,0.5023556351661682,0.8877677321434021,0.2776230573654175,0.2714327573776245,0.35275572538375854,0.6931307315826416
402,80499,0.21794745326042175,0.2549743056297302,0.30953770875930786,0.6931291222572327,,,,,,,
402,80599,0.22528356313705444,0.2538489103317261,0.3179985582828522,0.6931277513504028,,,,,,,
402,80599,,,,,0.462866872549057,0.5030171871185303,0.910075843334198,0.2745567262172699,0.2718283236026764,0.34928908944129944,0.6931215524673462
403,80699,0.324634313583374,0.27883321046829224,0.39237067103385925,0.6931390762329102,,,,,,,
403,80799,0.2771179676055908,0.2716543674468994,0.3520275056362152,0.6931278705596924,,,,,,,
403,80799,,,,,0.46196886897087097,0.5018031001091003,0.8716380596160889,0.27846559882164,0.2712133228778839,0.35382089018821716,0.6931371092796326
404,80899,0.20848655700683594,0.24347780644893646,0.3115500211715698,0.6930825710296631,,,,,,,
404,80999,0.27119970321655273,0.26893240213394165,0.34882476925849915,0.6931149959564209,,,,,,,
404,80999,,,,,0.4607447385787964,0.5043654441833496,0.8995997309684753,0.27118125557899475,0.2701849639415741,0.34754589200019836,0.693099319934845
405,81099,0.21412217617034912,0.24881258606910706,0.31186285614967346,0.6931065320968628,,,,,,,
405,81199,0.25655290484428406,0.25177201628685,0.35129132866859436,0.6930208802223206,,,,,,,
405,81199,,,,,0.4616752862930298,0.5067013502120972,0.8618566393852234,0.2728492021560669,0.27095720171928406,0.34841570258140564,0.6930475234985352
406,81299,0.3458036184310913,0.3219817280769348,0.3703833520412445,0.6931228637695312,,,,,,,
406,81399,0.21837621927261353,0.2588697671890259,0.3060743808746338,0.6931358575820923,,,,,,,
406,81399,,,,,0.46146565675735474,0.5018319487571716,0.877193808555603,0.27482524514198303,0.2710588276386261,0.3503347933292389,0.6931366324424744
407,81499,0.17921027541160583,0.2445618212223053,0.2811986804008484,0.6931005120277405,,,,,,,
407,81599,0.19686493277549744,0.23992648720741272,0.30350399017333984,0.6931310296058655,,,,,,,
407,81599,,,,,0.46103939414024353,0.502898097038269,0.8796999454498291,0.275971382856369,0.2712007761001587,0.3513321876525879,0.6931232810020447
408,81699,0.34844499826431274,0.295512318611145,0.3994743227958679,0.6930832862854004,,,,,,,
408,81799,0.2371193766593933,0.24662107229232788,0.3370508849620819,0.6931051015853882,,,,,,,
408,81799,,,,,0.4610656499862671,0.5015267133712769,0.8512027859687805,0.2708030045032501,0.270375519990921,0.3469976484775543,0.6931403279304504
409,81899,0.2658992409706116,0.26538383960723877,0.3470748960971832,0.6931189298629761,,,,,,,
409,81999,0.2918289303779602,0.2746542692184448,0.36373937129974365,0.6931294202804565,,,,,,,
409,81999,,,,,0.4601609706878662,0.5036134123802185,0.8981019854545593,0.26758238673210144,0.2697555720806122,0.34438449144363403,0.6931154727935791
410,82099,0.32757318019866943,0.28260600566864014,0.3914552628993988,0.6929762363433838,,,,,,,
410,82199,0.2219591736793518,0.25330328941345215,0.3152139186859131,0.6931160688400269,,,,,,,
410,82199,,,,,0.4605163633823395,0.5026125907897949,0.8624933958053589,0.26968395709991455,0.27039021253585815,0.3458573818206787,0.6931273341178894
411,82299,0.3068414032459259,0.2797638773918152,0.37364575266838074,0.6931363940238953,,,,,,,
411,82399,0.2685132622718811,0.2558005452156067,0.35926738381385803,0.693109393119812,,,,,,,
411,82399,,,,,0.4611619710922241,0.5057491660118103,0.8999042510986328,0.276946485042572,0.27061933279037476,0.3528634309768677,0.693072497844696
412,82499,0.238175630569458,0.24784788489341736,0.33689358830451965,0.693131685256958,,,,,,,
412,82599,0.3142045736312866,0.28024011850357056,0.3804997503757477,0.693070650100708,,,,,,,
412,82599,,,,,0.46074822545051575,0.5083326101303101,0.8992250561714172,0.2610364556312561,0.26985418796539307,0.33768171072006226,0.6929989457130432
413,82699,0.22778096795082092,0.2596525549888611,0.3146724998950958,0.6930882334709167,,,,,,,
413,82799,0.24981895089149475,0.25987541675567627,0.3364243507385254,0.6929616332054138,,,,,,,
413,82799,,,,,0.4615873694419861,0.5089952945709229,0.8977682590484619,0.2740172743797302,0.27046605944633484,0.3500395715236664,0.6929767727851868
414,82899,0.23443979024887085,0.27173060178756714,0.309257447719574,0.6930965185165405,,,,,,,
414,82999,0.24518010020256042,0.26786068081855774,0.32383212447166443,0.6930254101753235,,,,,,,
414,82999,,,,,0.461577832698822,0.5073841214179993,0.9001339673995972,0.2659699618816376,0.27117854356765747,0.34130725264549255,0.6930317282676697
415,83099,0.24710923433303833,0.2563783824443817,0.3372932970523834,0.6931248903274536,,,,,,,
415,83199,0.15562474727630615,0.24583300948143005,0.2563587725162506,0.693134069442749,,,,,,,
415,83199,,,,,0.4607984721660614,0.5023136138916016,0.8771907687187195,0.2601282000541687,0.2708951234817505,0.3357982635498047,0.6931304931640625
416,83299,0.14005574584007263,0.21174877882003784,0.27482643723487854,0.6930389404296875,,,,,,,
416,83399,0.265413761138916,0.2597924470901489,0.3521876931190491,0.693132758140564,,,,,,,
416,83399,,,,,0.46077871322631836,0.5015697479248047,0.8827019929885864,0.2715073823928833,0.27049723267555237,0.34757986664772034,0.6931391954421997
417,83499,0.16457706689834595,0.2473134994506836,0.26383429765701294,0.6931414604187012,,,,,,,
417,83599,0.27269139885902405,0.26913219690322876,0.3501138389110565,0.6931092143058777,,,,,,,
417,83599,,,,,0.4608810245990753,0.5030086636543274,0.8972614407539368,0.25930267572402954,0.27031561732292175,0.3355485200881958,0.6931229829788208
418,83699,0.24555665254592896,0.2586156725883484,0.33348530530929565,0.6930886507034302,,,,,,,
418,83799,0.29834675788879395,0.27416014671325684,0.3707495629787445,0.6931259632110596,,,,,,,
418,83799,,,,,0.460941344499588,0.5044583082199097,0.8620827198028564,0.268998920917511,0.2705528736114502,0.34499648213386536,0.6931009888648987
419,83899,0.34548330307006836,0.2991424798965454,0.3929075002670288,0.6931333541870117,,,,,,,
419,83999,0.23696312308311462,0.2715907692909241,0.31194284558296204,0.6931410431861877,,,,,,,
419,83999,,,,,0.46195846796035767,0.5015119910240173,0.8606312870979309,0.2669900953769684,0.27082762122154236,0.34273239970207214,0.693139910697937
420,84099,0.2756209373474121,0.28660112619400024,0.3355869650840759,0.6931343078613281,,,,,,,
420,84199,0.24408647418022156,0.2709624767303467,0.3196920156478882,0.6931360363960266,,,,,,,
420,84199,,,,,0.46024399995803833,0.503189742565155,0.8967053890228271,0.2662351727485657,0.27018269896507263,0.34261295199394226,0.6931209564208984
421,84299,0.2672920525074005,0.2778397798538208,0.3359764814376831,0.6930484175682068,,,,,,,
421,84399,0.27509400248527527,0.259441614151001,0.36221325397491455,0.6931217312812805,,,,,,,
421,84399,,,,,0.4599069654941559,0.5025246739387512,0.8632267117500305,0.2652193009853363,0.269612193107605,0.34217146039009094,0.693128764629364
422,84499,0.22287708520889282,0.26664999127388,0.30277562141418457,0.6930969953536987,,,,,,,
422,84599,0.24276015162467957,0.2676708698272705,0.32163065671920776,0.6930827498435974,,,,,,,
422,84599,,,,,0.4615603983402252,0.5056950449943542,0.8967393636703491,0.26951590180397034,0.2704493999481201,0.3456045985221863,0.693076491355896
423,84699,0.21945303678512573,0.27185696363449097,0.2941635251045227,0.6931349039077759,,,,,,,
423,84799,0.20467501878738403,0.2724315822124481,0.2788119912147522,0.6931370496749878,,,,,,,
423,84799,,,,,0.459761381149292,0.5039231777191162,0.866594672203064,0.2550131678581238,0.2696739733219147,0.33189278841018677,0.6931073069572449
424,84899,0.2599859833717346,0.27582061290740967,0.3307115137577057,0.6930922269821167,,,,,,,
424,84999,0.24597811698913574,0.26701831817626953,0.325529009103775,0.6931383609771729,,,,,,,
424,84999,,,,,0.46105262637138367,0.5019452571868896,0.8788754343986511,0.26282185316085815,0.2703782916069031,0.33901137113571167,0.6931356191635132
425,85099,0.2666887044906616,0.2658054232597351,0.34744682908058167,0.6931271553039551,,,,,,,
425,85199,0.19962459802627563,0.22908148169517517,0.31711119413375854,0.6931360960006714,,,,,,,
425,85199,,,,,0.46081387996673584,0.5022735595703125,0.8985201120376587,0.266984224319458,0.2703472077846527,0.3432033956050873,0.6931328177452087
426,85299,0.2527405321598053,0.26388823986053467,0.3354228436946869,0.6931411623954773,,,,,,,
426,85399,0.27783095836639404,0.2723523676395416,0.35201719403266907,0.6930772066116333,,,,,,,
426,85399,,,,,0.4614977538585663,0.5048606991767883,0.8967416286468506,0.25857412815093994,0.2704586684703827,0.3346623182296753,0.6930938959121704
427,85499,0.1974698305130005,0.2425822615623474,0.3014524579048157,0.6931297779083252,,,,,,,
427,85599,0.2996399402618408,0.29697269201278687,0.34923696517944336,0.6931394338607788,,,,,,,
427,85599,,,,,0.4602251946926117,0.5013520121574402,0.8718938231468201,0.26364225149154663,0.26935338973999023,0.340859591960907,0.6931414008140564
428,85699,0.34606197476387024,0.30308741331100464,0.3895338773727417,0.6931186318397522,,,,,,,
428,85799,0.3044700026512146,0.27618223428726196,0.3748389184474945,0.693102240562439,,,,,,,
428,85799,,,,,0.4602421224117279,0.5024846792221069,0.9041674733161926,0.2549862861633301,0.2699900269508362,0.331560879945755,0.6931291818618774
429,85899,0.21841803193092346,0.2518916130065918,0.3130815625190735,0.6931102871894836,,,,,,,
429,85999,0.24828219413757324,0.2525324523448944,0.34231802821159363,0.6931365728378296,,,,,,,
429,85999,,,,,0.4609263241291046,0.5017544031143188,0.9033048748970032,0.2588079869747162,0.2703001797199249,0.33507663011550903,0.6931375861167908
430,86099,0.24888134002685547,0.26694029569625854,0.328510582447052,0.6931390762329102,,,,,,,
430,86199,0.15618261694908142,0.2225608229637146,0.280159056186676,0.6930745244026184,,,,,,,
430,86199,,,,,0.4606771767139435,0.5061959624290466,0.8626241683959961,0.26347559690475464,0.27021706104278564,0.33979132771492004,0.6930654644966125
431,86299,0.24405387043952942,0.27979761362075806,0.310821533203125,0.6931305527687073,,,,,,,
431,86399,0.2749934494495392,0.2827950119972229,0.3387663662433624,0.6931359171867371,,,,,,,
431,86399,,,,,0.4596107304096222,0.5015372037887573,0.8766993284225464,0.259909063577652,0.2698364853858948,0.33664244413375854,0.6931398510932922
432,86499,0.2218967080116272,0.2650163769721985,0.30343925952911377,0.6931178569793701,,,,,,,
432,86599,0.39705920219421387,0.3048669993877411,0.43876156210899353,0.6931387186050415,,,,,,,
432,86599,,,,,0.4599057734012604,0.5017111301422119,0.8876641988754272,0.26078131794929504,0.26933538913726807,0.3380149304866791,0.6931381225585938
433,86699,0.2895084023475647,0.2859569191932678,0.3501182496547699,0.6931334733963013,,,,,,,
433,86799,0.2693864107131958,0.2677655816078186,0.348186194896698,0.6931307315826416,,,,,,,
433,86799,,,,,0.46082013845443726,0.5046901106834412,0.863090455532074,0.2501518130302429,0.2701968848705292,0.3265027403831482,0.6930958032608032
434,86899,0.1930597424507141,0.24212391674518585,0.2975045442581177,0.6931374073028564,,,,,,,
434,86999,0.13651493191719055,0.22731299698352814,0.2557245194911957,0.6930451989173889,,,,,,,
434,86999,,,,,0.4587971270084381,0.5078471899032593,0.8997771143913269,0.2507438361644745,0.2687256634235382,0.32852545380592346,0.6930146813392639
435,87099,0.25755786895751953,0.27400803565979004,0.3301204741001129,0.6931412220001221,,,,,,,
435,87199,0.1728385090827942,0.24233543872833252,0.2770467698574066,0.6930874586105347,,,,,,,
435,87199,,,,,0.4592706263065338,0.5074862241744995,0.8597252368927002,0.25279736518859863,0.2684059143066406,0.3309059739112854,0.6930288672447205
436,87299,0.2587897479534149,0.277180016040802,0.3281361162662506,0.6930528283119202,,,,,,,
436,87399,0.12483501434326172,0.233346089720726,0.23803505301475525,0.6930922269821167,,,,,,,
436,87399,,,,,0.45901814103126526,0.5051326751708984,0.8612005710601807,0.24803873896598816,0.26839694380760193,0.32618576288223267,0.6930878162384033
437,87499,0.20443415641784668,0.2458047866821289,0.3051939010620117,0.6931290626525879,,,,,,,
437,87599,0.26155146956443787,0.26234984397888184,0.345760703086853,0.693118155002594,,,,,,,
437,87599,,,,,0.46004751324653625,0.5045173168182373,0.8628707528114319,0.2563028931617737,0.26931968331336975,0.3335327208042145,0.6930990219116211
438,87699,0.2127348780632019,0.26385414600372314,0.2954462170600891,0.6931309700012207,,,,,,,
438,87799,0.19947251677513123,0.24296914041042328,0.3030751943588257,0.6931436657905579,,,,,,,
438,87799,,,,,0.4596976339817047,0.5012511014938354,0.8908160924911499,0.25019145011901855,0.26965102553367615,0.32711151242256165,0.6931421756744385
439,87899,0.2272888422012329,0.2629925012588501,0.3108522593975067,0.6931118965148926,,,,,,,
439,87999,0.2447817623615265,0.25650423765182495,0.3348160684108734,0.693077027797699,,,,,,,
439,87999,,,,,0.4591887295246124,0.50618577003479,0.8645676374435425,0.2517656087875366,0.2689468264579773,0.32934948801994324,0.6930612921714783
440,88099,0.24282613396644592,0.27832797169685364,0.3110313415527344,0.6930662989616394,,,,,,,
440,88199,0.3032788932323456,0.29391050338745117,0.3559388220310211,0.6931408047676086,,,,,,,
440,88199,,,,,0.4608636498451233,0.5014540553092957,0.907585084438324,0.24796533584594727,0.2702375054359436,0.32429802417755127,0.6931402683258057
441,88299,0.18699651956558228,0.25294506549835205,0.28060483932495117,0.6931067705154419,,,,,,,
441,88399,0.22643548250198364,0.24226638674736023,0.33073198795318604,0.69312584400177,,,,,,,
441,88399,,,,,0.4592609703540802,0.5027422904968262,0.8636260628700256,0.2436131089925766,0.26906493306159973,0.3211107850074768,0.6931252479553223
442,88499,0.23560196161270142,0.2452845424413681,0.33688777685165405,0.6931407451629639,,,,,,,
442,88599,0.36500465869903564,0.2926267385482788,0.4189373850822449,0.6931189298629761,,,,,,,
442,88599,,,,,0.4598067104816437,0.5039745569229126,0.9005266427993774,0.25588518381118774,0.2695939540863037,0.33284589648246765,0.6931094527244568
443,88699,0.20013856887817383,0.24846316874027252,0.298234760761261,0.693118691444397,,,,,,,
443,88799,0.1892985701560974,0.24750997126102448,0.2883581817150116,0.6931391954421997,,,,,,,
443,88799,,,,,0.459292471408844,0.5016980767250061,0.889543890953064,0.2435852587223053,0.26897716522216797,0.3211771547794342,0.693138062953949
444,88899,0.30590254068374634,0.2830565571784973,0.3694162964820862,0.6931406259536743,,,,,,,
444,88999,0.1937200427055359,0.25241386890411377,0.287873238325119,0.6931341886520386,,,,,,,
444,88999,,,,,0.459166556596756,0.502667248249054,0.8937351703643799,0.2455826699733734,0.26889798045158386,0.3232484459877014,0.6931275129318237
445,89099,0.18964287638664246,0.24649985134601593,0.28970399498939514,0.6931219696998596,,,,,,,
445,89199,0.3269321918487549,0.28999224305152893,0.38348761200904846,0.693095326423645,,,,,,,
445,89199,,,,,0.45980897545814514,0.5038982629776001,0.8610866665840149,0.2453007847070694,0.2692974805831909,0.32255977392196655,0.6931130290031433
446,89299,0.23681002855300903,0.2648361325263977,0.3185378909111023,0.6931279897689819,,,,,,,
446,89399,0.23750180006027222,0.2711913287639618,0.3128662407398224,0.6931115388870239,,,,,,,
446,89399,,,,,0.4595799446105957,0.5039705038070679,0.8619223237037659,0.24406206607818604,0.26934006810188293,0.321277379989624,0.6931107640266418
447,89499,0.24645072221755981,0.2567565441131592,0.33621343970298767,0.6930385828018188,,,,,,,
447,89599,0.2924398183822632,0.28246116638183594,0.3564751148223877,0.6929929256439209,,,,,,,
447,89599,,,,,0.4588676393032074,0.5088741779327393,0.8985545635223389,0.24292190372943878,0.2684261202812195,0.3209874927997589,0.6929833292961121
448,89699,0.30586564540863037,0.2763347625732422,0.37608689069747925,0.6931120157241821,,,,,,,
448,89799,0.2473364770412445,0.26285266876220703,0.3309928774833679,0.6930181384086609,,,,,,,
448,89799,,,,,0.4596158266067505,0.5068197846412659,0.8974291682243347,0.24520054459571838,0.269118070602417,0.3226076364517212,0.6930503845214844
449,89899,0.34896278381347656,0.2963135540485382,0.39922013878822327,0.6931418180465698,,,,,,,
449,89999,0.29908430576324463,0.2964473366737366,0.3491949737071991,0.6931159496307373,,,,,,,
449,89999,,,,,0.4588310122489929,0.5039284229278564,0.8625547885894775,0.2403711974620819,0.2685926854610443,0.3183344304561615,0.6931117177009583
450,90099,0.1776556670665741,0.25407230854034424,0.27015018463134766,0.6931336522102356,,,,,,,
450,90199,0.255576491355896,0.2826698124408722,0.3194758892059326,0.6931383609771729,,,,,,,
450,90199,,,,,0.45907747745513916,0.5018976330757141,0.8524423837661743,0.23946578800678253,0.2686085104942322,0.31742531061172485,0.6931360960006714
451,90299,0.298137903213501,0.2872501015663147,0.3574438691139221,0.6931121349334717,,,,,,,
451,90399,0.1948280930519104,0.2678462862968445,0.2734876275062561,0.6930116415023804,,,,,,,
451,90399,,,,,0.4596947431564331,0.506739616394043,0.8987176418304443,0.24081411957740784,0.26928555965423584,0.31805264949798584,0.6930482983589172
452,90499,0.24326243996620178,0.2695530652999878,0.32021909952163696,0.693019449710846,,,,,,,
452,90599,0.2169208526611328,0.24968643486499786,0.3138004243373871,0.6931320428848267,,,,,,,
452,90599,,,,,0.4587719142436981,0.5016399025917053,0.8808622360229492,0.24481947720050812,0.26832547783851624,0.32306337356567383,0.693138599395752
453,90699,0.18657726049423218,0.22856548428535461,0.304572731256485,0.6931219100952148,,,,,,,
453,90799,0.21261021494865417,0.2665519714355469,0.29261574149131775,0.6931150555610657,,,,,,,
453,90799,,,,,0.459125816822052,0.5037757754325867,0.8988317251205444,0.24727436900138855,0.26884108781814575,0.3249889314174652,0.6931112408638
454,90899,0.15995657444000244,0.253776878118515,0.25274956226348877,0.6931397914886475,,,,,,,
454,90999,0.24873042106628418,0.26449546217918396,0.3308030664920807,0.6931362152099609,,,,,,,
454,90999,,,,,0.45917364954948425,0.5014755725860596,0.8774417042732239,0.23969195783138275,0.2684313952922821,0.31783074140548706,0.6931403279304504
455,91099,0.20714598894119263,0.2504803538322449,0.3031960129737854,0.6930607557296753,,,,,,,
455,91199,0.18413186073303223,0.25790077447891235,0.27280279994010925,0.693143367767334,,,,,,,
455,91199,,,,,0.46016985177993774,0.5010793805122375,0.871190071105957,0.24438250064849854,0.2694583535194397,0.3214959502220154,0.6931434273719788
456,91299,0.23164516687393188,0.2798849940299988,0.29833105206489563,0.6931418180465698,,,,,,,
456,91399,0.18423819541931152,0.25745099782943726,0.27333560585975647,0.6930968761444092,,,,,,,
456,91399,,,,,0.45876866579055786,0.5044702887535095,0.8619055151939392,0.23570910096168518,0.2686890661716461,0.3135716915130615,0.6931032538414001
457,91499,0.23561003804206848,0.2486429065465927,0.3335314393043518,0.6931286454200745,,,,,,,
457,91599,0.2323738932609558,0.2684493064880371,0.3104898929595947,0.693130612373352,,,,,,,
457,91599,,,,,0.45971986651420593,0.5032240152359009,0.8619427680969238,0.24850483238697052,0.26980939507484436,0.3252559006214142,0.6931210160255432
458,91699,0.22622117400169373,0.2561047673225403,0.3166787028312683,0.6931245923042297,,,,,,,
458,91799,0.20523440837860107,0.27950194478034973,0.2722957134246826,0.6931264400482178,,,,,,,
458,91799,,,,,0.45848339796066284,0.502526044845581,0.8972229957580566,0.24225014448165894,0.2684250473976135,0.32038918137550354,0.693128228187561
459,91899,0.2972418963909149,0.2743440866470337,0.36938372254371643,0.6929717659950256,,,,,,,
459,91999,0.25840723514556885,0.2716387212276459,0.3333381712436676,0.6931393146514893,,,,,,,
459,91999,,,,,0.45938557386398315,0.501839280128479,0.8857402801513672,0.24368348717689514,0.2688778042793274,0.3213743269443512,0.6931372880935669
460,92099,0.08861371874809265,0.2051490843296051,0.23002994060516357,0.693130612373352,,,,,,,
460,92199,0.25711214542388916,0.26736265420913696,0.3362959325313568,0.6930928230285645,,,,,,,
460,92199,,,,,0.4587749242782593,0.5047373175621033,0.8965811133384705,0.238744854927063,0.2681806683540344,0.3171122074127197,0.6930961012840271
461,92299,0.11475703120231628,0.22510220110416412,0.2362256944179535,0.693141758441925,,,,,,,
461,92399,0.19675949215888977,0.2469371110200882,0.2963927388191223,0.6931406855583191,,,,,,,
461,92399,,,,,0.45859766006469727,0.501489520072937,0.8964707851409912,0.2406120002269745,0.2683410048484802,0.31884118914604187,0.69314044713974
462,92499,0.2933761477470398,0.27858966588974,0.3613559603691101,0.6931389570236206,,,,,,,
462,92599,0.27821019291877747,0.28106415271759033,0.3436870872974396,0.6930820345878601,,,,,,,
462,92599,,,,,0.458598256111145,0.5060715079307556,0.8977507948875427,0.23429161310195923,0.2684611976146698,0.31236469745635986,0.6930686235427856
463,92699,0.2944139838218689,0.2843414545059204,0.35664376616477966,0.6931425333023071,,,,,,,
463,92799,0.28086405992507935,0.2796705961227417,0.3477640151977539,0.6931411027908325,,,,,,,
463,92799,,,,,0.4586063325405121,0.501325786113739,0.8895258903503418,0.23669928312301636,0.26824626326560974,0.3150239884853363,0.693141758441925
464,92899,0.2989361584186554,0.2746725082397461,0.37082719802856445,0.6931270956993103,,,,,,,
464,92999,0.1925431489944458,0.24786971509456635,0.2912334203720093,0.693120002746582,,,,,,,
464,92999,,,,,0.458885133266449,0.5044869780540466,0.8985077142715454,0.24277472496032715,0.2684464454650879,0.3208790421485901,0.6931015253067017
465,93099,0.20648205280303955,0.26216310262680054,0.2908903658390045,0.6931428909301758,,,,,,,
465,93199,0.18362122774124146,0.24538734555244446,0.2847594916820526,0.6930512189865112,,,,,,,
465,93199,,,,,0.45864856243133545,0.5078909993171692,0.8597914576530457,0.2342425435781479,0.268320769071579,0.3124289810657501,0.69301438331604
466,93299,0.26289382576942444,0.269580602645874,0.33988165855407715,0.6931368708610535,,,,,,,
466,93399,0.22165796160697937,0.2586216330528259,0.3095931112766266,0.6931136250495911,,,,,,,
466,93399,,,,,0.45839619636535645,0.5039107799530029,0.8605064153671265,0.2322196066379547,0.26802873611450195,0.31074631214141846,0.6931108236312866
467,93499,0.17581510543823242,0.24088945984840393,0.28148964047431946,0.6931279897689819,,,,,,,
467,93599,0.16669923067092896,0.24151739478111267,0.27175283432006836,0.6931420564651489,,,,,,,
467,93599,,,,,0.45890989899635315,0.5014136433601379,0.8799110054969788,0.23736977577209473,0.26858335733413696,0.3153568506240845,0.6931409239768982
468,93699,0.31446272134780884,0.301366925239563,0.3596668243408203,0.6931420564651489,,,,,,,
468,93799,0.21374276280403137,0.25262850522994995,0.3076612949371338,0.6930940747261047,,,,,,,
468,93799,,,,,0.4593016505241394,0.5037128925323486,0.8618348836898804,0.2391233891248703,0.2689189612865448,0.31676095724105835,0.6931130290031433
469,93899,0.25606316328048706,0.2729882001876831,0.32964634895324707,0.6931427717208862,,,,,,,
469,93999,0.1948508620262146,0.2599755823612213,0.281445175409317,0.6931397914886475,,,,,,,
469,93999,,,,,0.45800483226776123,0.5015426278114319,0.8915560245513916,0.23152042925357819,0.268137663602829,0.30995264649391174,0.6931397914886475
470,94099,0.28444498777389526,0.27939674258232117,0.35155150294303894,0.6930065155029297,,,,,,,
470,94199,0.37352412939071655,0.3280068039894104,0.39208880066871643,0.6931430101394653,,,,,,,
470,94199,,,,,0.4586608111858368,0.5012215375900269,0.8714245557785034,0.23201434314250946,0.2683587968349457,0.3102267384529114,0.693142294883728
471,94299,0.24100935459136963,0.2716352939605713,0.31592807173728943,0.693108081817627,,,,,,,
471,94399,0.24579787254333496,0.2568519115447998,0.33550238609313965,0.693112850189209,,,,,,,
471,94399,,,,,0.45891961455345154,0.5034554600715637,0.9017801284790039,0.24114947021007538,0.26851144433021545,0.31919723749160767,0.6931185126304626
472,94499,0.21872493624687195,0.25084829330444336,0.31440991163253784,0.6930665373802185,,,,,,,
472,94599,0.24028998613357544,0.29127180576324463,0.2955872118473053,0.6931380033493042,,,,,,,
472,94599,,,,,0.4591790437698364,0.5016880035400391,0.8942378163337708,0.23626139760017395,0.2686190605163574,0.3142116069793701,0.6931387186050415
473,94699,0.28885966539382935,0.2805330157279968,0.3548984229564667,0.6931434869766235,,,,,,,
473,94799,0.3131521940231323,0.27465492486953735,0.38506248593330383,0.6931304931640625,,,,,,,
473,94799,,,,,0.45854780077934265,0.5017114877700806,0.890534520149231,0.2335977703332901,0.2681680917739868,0.31199905276298523,0.693138599395752
474,94899,0.1431427001953125,0.22383563220500946,0.2658710479736328,0.6931279897689819,,,,,,,
474,94999,0.22020375728607178,0.26530927419662476,0.3014552593231201,0.6931215524673462,,,,,,,
474,94999,,,,,0.4585418999195099,0.5034226775169373,0.9017478227615356,0.23601683974266052,0.2682528495788574,0.3143237829208374,0.6931195855140686
475,95099,0.24626976251602173,0.263302206993103,0.32952773571014404,0.6931203603744507,,,,,,,
475,95199,0.2511477768421173,0.27192580699920654,0.32579270005226135,0.6931414008140564,,,,,,,
475,95199,,,,,0.4580881595611572,0.5014175176620483,0.9041728377342224,0.23410233855247498,0.26802006363868713,0.31265297532081604,0.6931414008140564
476,95299,0.25266456604003906,0.27905958890914917,0.3201770782470703,0.6931442022323608,,,,,,,
476,95399,0.1850348711013794,0.2283201515674591,0.3032795488834381,0.6931296586990356,,,,,,,
476,95399,,,,,0.459247350692749,0.502579927444458,0.8657917976379395,0.2386171817779541,0.2686731815338135,0.31650951504707336,0.6931308507919312
477,95499,0.2753676474094391,0.2575101852416992,0.36442801356315613,0.6931411623954773,,,,,,,
477,95599,0.18647059798240662,0.25185757875442505,0.28117695450782776,0.6931279301643372,,,,,,,
477,95599,,,,,0.4588461220264435,0.5033823251724243,0.8973691463470459,0.23038358986377716,0.2684836685657501,0.3084607720375061,0.6931216716766357
478,95699,0.17055287957191467,0.24317866563796997,0.27393895387649536,0.6931294798851013,,,,,,,
478,95799,0.13022339344024658,0.24934694170951843,0.2274394929409027,0.6931260824203491,,,,,,,
478,95799,,,,,0.45940089225769043,0.5032829642295837,0.862231433391571,0.229864701628685,0.2687840163707733,0.30764201283454895,0.6931225657463074
479,95899,0.1614677906036377,0.24385380744934082,0.264133483171463,0.6930389404296875,,,,,,,
479,95999,0.13065555691719055,0.23199668526649475,0.24522070586681366,0.6931236386299133,,,,,,,
479,95999,,,,,0.4583370089530945,0.503303050994873,0.8655641674995422,0.2328011840581894,0.26814889907836914,0.3112131357192993,0.6931217312812805
480,96099,0.1990472674369812,0.2530266046524048,0.2925899028778076,0.6931384801864624,,,,,,,
480,96199,0.23797208070755005,0.2707940340042114,0.31374940276145935,0.6931427717208862,,,,,,,
480,96199,,,,,0.45827603340148926,0.5013262033462524,0.8811548352241516,0.2310975193977356,0.2681606113910675,0.3095077872276306,0.6931418776512146
481,96299,0.15743744373321533,0.24688339233398438,0.2571108639240265,0.6931135654449463,,,,,,,
481,96399,0.29296571016311646,0.2776682376861572,0.3618662357330322,0.693137526512146,,,,,,,
481,96399,,,,,0.4581861197948456,0.5022026300430298,0.8966348767280579,0.23491768538951874,0.26783108711242676,0.3136540353298187,0.6931349039077759
482,96499,0.26496225595474243,0.27257704734802246,0.3389523923397064,0.6931344270706177,,,,,,,
482,96599,0.15052646398544312,0.24441803991794586,0.25267302989959717,0.6931291818618774,,,,,,,
482,96599,,,,,0.4575771689414978,0.5025279521942139,0.8641939163208008,0.23152920603752136,0.2674658000469208,0.3106297552585602,0.693132758140564
483,96699,0.268049955368042,0.2913359999656677,0.3232855796813965,0.6931432485580444,,,,,,,
483,96799,0.19006183743476868,0.24972206354141235,0.2869117856025696,0.6931440234184265,,,,,,,
483,96799,,,,,0.45936349034309387,0.501064121723175,0.87590491771698,0.24086478352546692,0.26935938000679016,0.3180772662162781,0.6931436061859131
484,96899,0.27258849143981934,0.2901012599468231,0.32905587553977966,0.6931372880935669,,,,,,,
484,96999,0.2234325408935547,0.25375375151634216,0.316251277923584,0.6931450366973877,,,,,,,
484,96999,,,,,0.4584038257598877,0.5011729598045349,0.892463207244873,0.2283509075641632,0.2680433690547943,0.3068790137767792,0.6931428909301758
485,97099,0.17283883690834045,0.2552463412284851,0.26415374875068665,0.6931225657463074,,,,,,,
485,97199,0.24175098538398743,0.2630721926689148,0.3252427577972412,0.6931279301643372,,,,,,,
485,97199,,,,,0.45814454555511475,0.5030392408370972,0.9004159569740295,0.22535553574562073,0.26796430349349976,0.30395400524139404,0.6931256055831909
486,97299,0.16933968663215637,0.2507813572883606,0.2651306986808777,0.6931447386741638,,,,,,,
486,97399,0.2056417465209961,0.2712622880935669,0.2809109091758728,0.6930629014968872,,,,,,,
486,97399,,,,,0.4582284092903137,0.5055009126663208,0.8617215752601624,0.2262922078371048,0.2682090699672699,0.30462461709976196,0.6930829882621765
487,97499,0.28222426772117615,0.2675076723098755,0.3612844944000244,0.6931357979774475,,,,,,,
487,97599,0.23019671440124512,0.2533766031265259,0.3233848512172699,0.6931295394897461,,,,,,,
487,97599,,,,,0.4583091139793396,0.5023853778839111,0.858860194683075,0.2249375730752945,0.26827937364578247,0.3032243251800537,0.6931324601173401
488,97699,0.1584618091583252,0.23502664268016815,0.27000799775123596,0.6931456327438354,,,,,,,
488,97799,0.2868967652320862,0.2999739646911621,0.3334951102733612,0.693144679069519,,,,,,,
488,97799,,,,,0.4584151804447174,0.5011641979217529,0.8923823237419128,0.2331274300813675,0.26827433705329895,0.3114246129989624,0.6931431293487549
489,97899,0.2083774209022522,0.2476193606853485,0.3073146939277649,0.6931132078170776,,,,,,,
489,97999,0.24844437837600708,0.26710015535354614,0.32791319489479065,0.6931380033493042,,,,,,,
489,97999,,,,,0.4584330916404724,0.5012731552124023,0.9189102053642273,0.22944048047065735,0.26822397112846375,0.30778753757476807,0.6931420564651489
490,98099,0.2576421797275543,0.26993513107299805,0.33427491784095764,0.693135678768158,,,,,,,
490,98199,0.2256014347076416,0.2767641544342041,0.29540950059890747,0.6931444406509399,,,,,,,
490,98199,,,,,0.45760971307754517,0.5009506344795227,0.9052746891975403,0.22279049456119537,0.2672092616558075,0.3021533787250519,0.6931442618370056
491,98299,0.22794657945632935,0.25462043285369873,0.3198988437652588,0.6931453943252563,,,,,,,
491,98399,0.3119092583656311,0.2960145175457001,0.36244943737983704,0.693109393119812,,,,,,,
491,98399,,,,,0.4580589532852173,0.5050972104072571,0.8603134751319885,0.2272564172744751,0.2676401436328888,0.30616217851638794,0.693091869354248
492,98499,0.2948724031448364,0.2843017578125,0.3571377694606781,0.6931343078613281,,,,,,,
492,98599,0.1722692847251892,0.24655959010124207,0.2722787857055664,0.6931382417678833,,,,,,,
492,98599,,,,,0.45816320180892944,0.5016515254974365,0.9082468748092651,0.22190147638320923,0.2678236663341522,0.3006475269794464,0.6931394934654236
493,98699,0.18944019079208374,0.2515822947025299,0.28441694378852844,0.6931180953979492,,,,,,,
493,98799,0.19563260674476624,0.25592470169067383,0.2862800657749176,0.6931442618370056,,,,,,,
493,98799,,,,,0.45763278007507324,0.5009804964065552,0.8775792717933655,0.22423428297042847,0.2673724889755249,0.303433895111084,0.6931442022323608
494,98899,0.2725881338119507,0.2864750921726227,0.3326834738254547,0.6931408643722534,,,,,,,
494,98999,0.25092869997024536,0.27909713983535767,0.31840047240257263,0.6931377649307251,,,,,,,
494,98999,,,,,0.45839327573776245,0.5010433197021484,0.8671242594718933,0.22385191917419434,0.2678273618221283,0.30259644985198975,0.6931437253952026
495,99099,0.22200876474380493,0.26755979657173157,0.3009852468967438,0.6930725574493408,,,,,,,
495,99199,0.21350395679473877,0.27909108996391296,0.2809850871562958,0.6931444406509399,,,,,,,
495,99199,,,,,0.4582100808620453,0.5007856488227844,0.8725816607475281,0.22421155869960785,0.2677215337753296,0.3030626177787781,0.6931452751159668
496,99299,0.18756744265556335,0.2608721852302551,0.2732631266117096,0.6931357979774475,,,,,,,
496,99399,0.2516408860683441,0.27735820412635803,0.32085418701171875,0.6931429505348206,,,,,,,
496,99399,,,,,0.4582688808441162,0.5024197697639465,0.8964223265647888,0.22327473759651184,0.26786962151527405,0.3019719421863556,0.6931336522102356
497,99499,0.14089947938919067,0.25495395064353943,0.23251837491989136,0.6931456923484802,,,,,,,
497,99599,0.2078404426574707,0.2563816010951996,0.2980165481567383,0.6931154727935791,,,,,,,
497,99599,,,,,0.45821714401245117,0.503428041934967,0.8986251354217529,0.22786642611026764,0.26809465885162354,0.30633285641670227,0.693122148513794
498,99699,0.2013758420944214,0.2539108395576477,0.29403582215309143,0.6931416988372803,,,,,,,
498,99799,0.20612290501594543,0.25124192237854004,0.30134740471839905,0.6929327845573425,,,,,,,
498,99799,,,,,0.45776522159576416,0.509635865688324,0.8983140587806702,0.22190429270267487,0.26738226413726807,0.30100154876708984,0.6929590702056885
499,99899,0.23617762327194214,0.26673105359077454,0.31598836183547974,0.693083643913269,,,,,,,
499,99999,0.25899067521095276,0.26201629638671875,0.34354525804519653,0.693141758441925,,,,,,,
499,99999,,,,,0.45786622166633606,0.5010480880737305,0.8831863403320312,0.22167061269283295,0.26781681180000305,0.3004257380962372,0.6931437849998474
500,100099,0.1372237205505371,0.23382532596588135,0.24997083842754364,0.6931449174880981,,,,,,,
500,100199,0.22161197662353516,0.2572840452194214,0.3108806014060974,0.6931053400039673,,,,,,,
500,100199,,,,,0.45795559883117676,0.503800630569458,0.8998367786407471,0.22401955723762512,0.26771312952041626,0.30286502838134766,0.6931172013282776
501,100299,0.2595593333244324,0.28167229890823364,0.32444360852241516,0.6931132078170776,,,,,,,
501,100399,0.202927827835083,0.23834457993507385,0.31115466356277466,0.6931428909301758,,,,,,,
501,100399,,,,,0.4580022394657135,0.5018409490585327,0.8601964116096497,0.22278818488121033,0.2675212621688843,0.3018365204334259,0.6931391954421997
502,100499,0.18685686588287354,0.27262985706329346,0.2607928216457367,0.693131685256958,,,,,,,
502,100599,0.1295698583126068,0.2473239302635193,0.22881516814231873,0.6931384801864624,,,,,,,
502,100599,,,,,0.4577898681163788,0.5019072890281677,0.8972387313842773,0.22172796726226807,0.2675427198410034,0.30075421929359436,0.6931381225585938
503,100699,0.2330036163330078,0.2376454770565033,0.34193071722984314,0.6931451559066772,,,,,,,
503,100799,0.1771174967288971,0.26576924324035645,0.25791874527931213,0.6931409239768982,,,,,,,
503,100799,,,,,0.4575301706790924,0.5017497539520264,0.8630106449127197,0.21959693729877472,0.2672852575778961,0.2988811433315277,0.6931388974189758
504,100899,0.20285820960998535,0.255938857793808,0.2934894561767578,0.6931402683258057,,,,,,,
504,100999,0.20184648036956787,0.2580418288707733,0.2903769016265869,0.6931445598602295,,,,,,,
504,100999,,,,,0.45806846022605896,0.5012984871864319,0.8571286201477051,0.22236686944961548,0.2673594355583191,0.3015784025192261,0.6931420564651489
505,101099,0.2302359938621521,0.2770746052265167,0.2997213900089264,0.693120002746582,,,,,,,
505,101199,0.24395278096199036,0.26398134231567383,0.32654380798339844,0.6931447386741638,,,,,,,
505,101199,,,,,0.4576442837715149,0.5009753108024597,0.8719820976257324,0.2183876633644104,0.2674354016780853,0.2975243330001831,0.6931442022323608
506,101299,0.17067354917526245,0.2580629587173462,0.2591821253299713,0.6931430101394653,,,,,,,
506,101399,0.1820506453514099,0.25933700799942017,0.2692849040031433,0.6931425333023071,,,,,,,
506,101399,,,,,0.45735377073287964,0.5018628239631653,0.9036638736724854,0.2175094038248062,0.26725104451179504,0.29682719707489014,0.6931376457214355
507,101499,0.29715341329574585,0.29332366585731506,0.3503844141960144,0.693109393119812,,,,,,,
507,101599,0.1633562445640564,0.2534113824367523,0.2565123438835144,0.6931349039077759,,,,,,,
507,101599,,,,,0.4573623836040497,0.502031147480011,0.9092973470687866,0.21830037236213684,0.26709648966789246,0.297772079706192,0.69313645362854
508,101699,0.19050687551498413,0.24373453855514526,0.2933434545993805,0.693142294883728,,,,,,,
508,101799,0.17489850521087646,0.25663048028945923,0.2648297846317291,0.6931235790252686,,,,,,,
508,101799,,,,,0.45829319953918457,0.5028731822967529,0.8979993462562561,0.21872439980506897,0.2679824233055115,0.2973058521747589,0.6931276917457581
509,101899,0.07096296548843384,0.23656272888183594,0.18093755841255188,0.693074643611908,,,,,,,
509,101999,0.2992316782474518,0.29323631525039673,0.35256633162498474,0.6931418776512146,,,,,,,
509,101999,,,,,0.457744300365448,0.5013822317123413,0.8786728382110596,0.21647481620311737,0.26749199628829956,0.29555368423461914,0.6931416988372803
510,102099,0.13716411590576172,0.2414180040359497,0.24230431020259857,0.6931164264678955,,,,,,,
510,102199,0.14494946599006653,0.24204599857330322,0.24945685267448425,0.6931067705154419,,,,,,,
510,102199,,,,,0.4576713740825653,0.5046087503433228,0.8605381846427917,0.2176634818315506,0.2674269378185272,0.2967875599861145,0.6931020617485046
511,102299,0.19546544551849365,0.26197999715805054,0.28004780411720276,0.6931247711181641,,,,,,,
511,102399,0.2154187560081482,0.27597299218177795,0.28600960969924927,0.6931277513504028,,,,,,,
511,102399,,,,,0.4578302502632141,0.5030670166015625,0.8638650178909302,0.2200339138507843,0.2674499452114105,0.29914647340774536,0.6931250691413879
512,102499,0.2203211784362793,0.2664062976837158,0.30048179626464844,0.6931338310241699,,,,,,,
512,102599,0.2154029905796051,0.27777546644210815,0.28419312834739685,0.693131148815155,,,,,,,
512,102599,,,,,0.4574829339981079,0.5024687051773071,0.8652840852737427,0.2182798683643341,0.267241507768631,0.29760441184043884,0.6931321024894714
513,102699,0.230869323015213,0.2670510709285736,0.3103855550289154,0.693134605884552,,,,,,,
513,102799,0.17271557450294495,0.2479739487171173,0.27130746841430664,0.6931316256523132,,,,,,,
513,102799,,,,,0.457486093044281,0.5024081468582153,0.903277575969696,0.22012627124786377,0.26728692650794983,0.2994057834148407,0.6931326985359192
514,102899,0.21326571702957153,0.2563737630844116,0.30345970392227173,0.6931354999542236,,,,,,,
514,102999,0.15025866031646729,0.24086226522922516,0.25596824288368225,0.6931437253952026,,,,,,,
514,102999,,,,,0.45774948596954346,0.5018500685691833,0.8679847717285156,0.21535059809684753,0.26733508706092834,0.29458463191986084,0.6931381225585938
515,103099,0.14170989394187927,0.23772776126861572,0.2505389153957367,0.6931135654449463,,,,,,,
515,103199,0.2032439410686493,0.25166207551956177,0.2981492578983307,0.6931348443031311,,,,,,,
515,103199,,,,,0.4578888416290283,0.5017576813697815,0.8613333106040955,0.21779412031173706,0.2677950859069824,0.2965684235095978,0.6931388974189758
516,103299,0.10192850232124329,0.22792837023735046,0.22057069838047028,0.6931411623954773,,,,,,,
516,103399,0.23554709553718567,0.26518118381500244,0.3169383406639099,0.6931448578834534,,,,,,,
516,103399,,,,,0.4577479064464569,0.5010777711868286,0.8742493987083435,0.21555213630199432,0.26722657680511475,0.29489749670028687,0.6931437253952026
517,103499,0.22395950555801392,0.256523460149765,0.3140016198158264,0.6931310892105103,,,,,,,
517,103599,0.24216815829277039,0.29035282135009766,0.29838791489601135,0.6931450963020325,,,,,,,
517,103599,,,,,0.4581429660320282,0.5008753538131714,0.8889946937561035,0.21623829007148743,0.26756027340888977,0.2952503561973572,0.6931447982788086
518,103699,0.1841639280319214,0.24567389488220215,0.2850624620914459,0.6931447982788086,,,,,,,
518,103799,0.2847024202346802,0.28404948115348816,0.3472253680229187,0.6931447982788086,,,,,,,
518,103799,,,,,0.4577726423740387,0.5011520385742188,0.8844022750854492,0.21643033623695374,0.2673077881336212,0.29569411277770996,0.6931431293487549
519,103899,0.2222186028957367,0.26520735025405884,0.30358371138572693,0.6931448578834534,,,,,,,
519,103999,0.2051163613796234,0.24001699686050415,0.31167200207710266,0.6931453347206116,,,,,,,
519,103999,,,,,0.4570332467556,0.5009701251983643,0.8839346766471863,0.21464787423610687,0.26678892970085144,0.29443106055259705,0.6931442618370056
520,104099,0.1673663854598999,0.24199533462524414,0.2719433009624481,0.6931445598602295,,,,,,,
520,104199,0.17727699875831604,0.24532049894332886,0.27852797508239746,0.6931429505348206,,,,,,,
520,104199,,,,,0.45716139674186707,0.5011376142501831,0.8841564059257507,0.21250122785568237,0.26685869693756104,0.2922142446041107,0.693143367767334
521,104299,0.17174044251441956,0.24271787703037262,0.2755892276763916,0.6931332945823669,,,,,,,
521,104399,0.16826355457305908,0.244563490152359,0.27027273178100586,0.6931452751159668,,,,,,,
521,104399,,,,,0.4568807780742645,0.5011171102523804,0.8836653232574463,0.21313351392745972,0.2667097747325897,0.2929956018924713,0.6931436657905579
522,104499,0.2031455636024475,0.28068846464157104,0.269021213054657,0.693128228187561,,,,,,,
522,104599,0.2796904444694519,0.2778414785861969,0.34842175245285034,0.6931456327438354,,,,,,,
522,104599,,,,,0.4571293294429779,0.500738799571991,0.8890061974525452,0.21173100173473358,0.26688826084136963,0.2914154827594757,0.6931454539299011
523,104699,0.0922786295413971,0.21634218096733093,0.22250831127166748,0.6931437253952026,,,,,,,
523,104799,0.186891108751297,0.25648272037506104,0.2769806385040283,0.6931445002555847,,,,,,,
523,104799,,,,,0.4570242166519165,0.5007595419883728,0.9032689332962036,0.21296164393424988,0.26711636781692505,0.292417973279953,0.6931455135345459
524,104899,0.1043667197227478,0.22674794495105743,0.22419054806232452,0.6931435465812683,,,,,,,
524,104999,0.16151386499404907,0.2514304518699646,0.25665155053138733,0.6931363344192505,,,,,,,
524,104999,,,,,0.4569832384586334,0.5024845004081726,0.8629128932952881,0.21435950696468353,0.26690199971199036,0.29402393102645874,0.6931328773498535
525,105099,0.2793644964694977,0.27679502964019775,0.34913960099220276,0.6931402087211609,,,,,,,
525,105199,0.15190386772155762,0.2501676678657532,0.24830088019371033,0.6931293606758118,,,,,,,
525,105199,,,,,0.4566974639892578,0.5030245184898376,0.861275315284729,0.2129778116941452,0.2668589949607849,0.29268237948417664,0.6931270956993103
526,105299,0.1734524667263031,0.2469911128282547,0.27302053570747375,0.6931183934211731,,,,,,,
526,105399,0.24130851030349731,0.27707168459892273,0.31080514192581177,0.6931365728378296,,,,,,,
526,105399,,,,,0.45683008432388306,0.5020501613616943,0.8979054689407349,0.21486930549144745,0.26673153042793274,0.2947064936161041,0.693137526512146
527,105499,0.2146788239479065,0.2706449329853058,0.29060620069503784,0.693144679069519,,,,,,,
527,105599,0.28072869777679443,0.2859732508659363,0.3413270115852356,0.6931431293487549,,,,,,,
527,105599,,,,,0.4572310745716095,0.500852108001709,0.8874250054359436,0.21232521533966064,0.2669655382633209,0.2919321060180664,0.6931449770927429
528,105699,0.14636066555976868,0.228689044713974,0.2642444372177124,0.6931456327438354,,,,,,,
528,105799,0.16340672969818115,0.25339651107788086,0.2565828859806061,0.6931452751159668,,,,,,,
528,105799,,,,,0.4572092890739441,0.5008457899093628,0.8690517544746399,0.2123544067144394,0.2668447196483612,0.29208219051361084,0.6931450366973877
529,105899,0.1748718023300171,0.25243687629699707,0.2690058648586273,0.6931419372558594,,,,,,,
529,105999,0.19114187359809875,0.26426637172698975,0.27344846725463867,0.6931459307670593,,,,,,,
529,105999,,,,,0.4572281837463379,0.5010471940040588,0.866722047328949,0.21251097321510315,0.26693636178970337,0.2921466827392578,0.6931441426277161
530,106099,0.21605759859085083,0.28064900636672974,0.28198108077049255,0.6931449174880981,,,,,,,
530,106199,0.2967836558818817,0.3123144507408142,0.33104151487350464,0.6931446194648743,,,,,,,
530,106199,,,,,0.45712193846702576,0.5014120936393738,0.8984755277633667,0.21383331716060638,0.26688432693481445,0.29352015256881714,0.693142294883728
531,106299,0.2859964072704315,0.28861555457115173,0.34395378828048706,0.6931458115577698,,,,,,,
531,106399,0.1955367624759674,0.2475510537624359,0.29455891251564026,0.6931464076042175,,,,,,,
531,106399,,,,,0.45695269107818604,0.5005404949188232,0.8950934410095215,0.21039792895317078,0.2667638957500458,0.2902071475982666,0.6931461095809937
532,106499,0.21394813060760498,0.2710900902748108,0.2894251346588135,0.6931341886520386,,,,,,,
532,106599,0.1398581862449646,0.22658012807369232,0.25984662771224976,0.6931371688842773,,,,,,,
532,106599,,,,,0.4571240544319153,0.5019904971122742,0.8599306344985962,0.2099006474018097,0.26665598154067993,0.289813756942749,0.6931383013725281
533,106699,0.13568884134292603,0.23751522600650787,0.24474620819091797,0.6931451559066772,,,,,,,
533,106799,0.17156541347503662,0.25484728813171387,0.2632897198200226,0.6931431293487549,,,,,,,
533,106799,,,,,0.4572158455848694,0.501396119594574,0.8963614106178284,0.2121923863887787,0.26692646741867065,0.29183706641197205,0.6931424736976624
534,106899,0.1257132887840271,0.2350926250219345,0.23719120025634766,0.6931411027908325,,,,,,,
534,106999,0.2384331226348877,0.2570861577987671,0.32791996002197266,0.6931459903717041,,,,,,,
534,106999,,,,,0.4571363925933838,0.5005747675895691,0.8915977478027344,0.2104402631521225,0.26692095398902893,0.2900922894477844,0.6931460499763489
535,107099,0.15211907029151917,0.24274832010269165,0.25594374537467957,0.6931459903717041,,,,,,,
535,107199,0.239024817943573,0.278388112783432,0.30720698833465576,0.6931406259536743,,,,,,,
535,107199,,,,,0.45703190565109253,0.5016909241676331,0.8604210615158081,0.2094118446111679,0.2667772173881531,0.28920483589172363,0.6931402683258057
536,107299,0.10838097333908081,0.23799575865268707,0.21694864332675934,0.6931268572807312,,,,,,,
536,107399,0.18545514345169067,0.2492227852344513,0.2828046381473541,0.6931445598602295,,,,,,,
536,107399,,,,,0.45699983835220337,0.5007985234260559,0.8795810341835022,0.21186962723731995,0.2665415108203888,0.291900634765625,0.693145215511322
537,107499,0.15734195709228516,0.2598995864391327,0.24401240050792694,0.6931400299072266,,,,,,,
537,107599,0.25764063000679016,0.27087897062301636,0.3333286643028259,0.6931340098381042,,,,,,,
537,107599,,,,,0.4572402834892273,0.5024243593215942,0.8591704368591309,0.21093717217445374,0.26687440276145935,0.29062962532043457,0.6931336522102356
538,107699,0.29912397265434265,0.2994581460952759,0.3462288975715637,0.6931261420249939,,,,,,,
538,107799,0.24295243620872498,0.27354076504707336,0.31598421931266785,0.6931450963020325,,,,,,,
538,107799,,,,,0.45709744095802307,0.5008907318115234,0.8990380167961121,0.20860284566879272,0.26693910360336304,0.288236141204834,0.6931448578834534
539,107899,0.2300814986228943,0.2466767579317093,0.3299754559993744,0.6931414604187012,,,,,,,
539,107999,0.17036351561546326,0.26001212000846863,0.25692325830459595,0.6931436657905579,,,,,,,
539,107999,,,,,0.4569055438041687,0.500945508480072,0.9065218567848206,0.20971091091632843,0.2667955160140991,0.28948768973350525,0.6931443810462952
540,108099,0.18702739477157593,0.2677780091762543,0.265813410282135,0.6931279897689819,,,,,,,
540,108199,0.23564675450325012,0.2806040644645691,0.3016146421432495,0.693143904209137,,,,,,,
540,108199,,,,,0.4572187066078186,0.5014945864677429,0.8649648427963257,0.209348663687706,0.2668740451335907,0.28904542326927185,0.6931415796279907
541,108299,0.35073626041412354,0.3239920735359192,0.3733171224594116,0.6931458711624146,,,,,,,
541,108399,0.18309730291366577,0.22718217968940735,0.30248573422431946,0.6931412220001221,,,,,,,
541,108399,,,,,0.4570583999156952,0.5013023614883423,0.8666337728500366,0.21110081672668457,0.26695913076400757,0.29071304202079773,0.6931425333023071
542,108499,0.18300998210906982,0.26104214787483215,0.26854100823402405,0.6931463479995728,,,,,,,
542,108599,0.19487428665161133,0.25571343302726746,0.28573352098464966,0.6931452751159668,,,,,,,
542,108599,,,,,0.4570455849170685,0.5006206035614014,0.9039832949638367,0.2094985842704773,0.2668312191963196,0.28924039006233215,0.6931458711624146
543,108699,0.1926734447479248,0.2390604466199875,0.30018502473831177,0.6931440830230713,,,,,,,
543,108799,0.18524745106697083,0.25510430335998535,0.2767154276371002,0.6931445002555847,,,,,,,
543,108799,,,,,0.4567943513393402,0.5007338523864746,0.8874682784080505,0.2076476663351059,0.2665521502494812,0.28766822814941406,0.6931455135345459
544,108899,0.2850819528102875,0.2819564938545227,0.3496983051300049,0.6931456923484802,,,,,,,
544,108999,0.2522151470184326,0.27281153202056885,0.32597675919532776,0.6931462287902832,,,,,,,
544,108999,,,,,0.45691144466400146,0.5006777048110962,0.9072008728981018,0.2090110331773758,0.26656627655029297,0.28901758790016174,0.693145751953125
545,109099,0.21635055541992188,0.2784029245376587,0.2845207154750824,0.6931462287902832,,,,,,,
545,109199,0.1972593069076538,0.2548019289970398,0.289029598236084,0.6931444406509399,,,,,,,
545,109199,,,,,0.4566720724105835,0.5011921525001526,0.8668967485427856,0.20855796337127686,0.2664574384689331,0.2886723279953003,0.6931435465812683
546,109299,0.2030884325504303,0.26378917694091797,0.2858718931674957,0.693145215511322,,,,,,,
546,109399,0.2551356554031372,0.2958456873893738,0.30586308240890503,0.6931462287902832,,,,,,,
546,109399,,,,,0.45690399408340454,0.5005400776863098,0.8987573981285095,0.20941156148910522,0.26677945256233215,0.2892051935195923,0.6931460499763489
547,109499,0.15759679675102234,0.2579481303691864,0.24622072279453278,0.6931441426277161,,,,,,,
547,109599,0.3262571692466736,0.31017905473709106,0.36264950037002563,0.6931427717208862,,,,,,,
547,109599,,,,,0.4568333327770233,0.501624584197998,0.8603355884552002,0.2082817405462265,0.26660430431365967,0.2882480323314667,0.6931411623954773
548,109699,0.2989702820777893,0.2926737070083618,0.3528571128845215,0.693121075630188,,,,,,,
548,109799,0.10098770260810852,0.24930939078330994,0.19825048744678497,0.6931443810462952,,,,,,,
548,109799,,,,,0.4570368826389313,0.5012022256851196,0.8958431482315063,0.20759035646915436,0.2668158710002899,0.28734636306762695,0.6931437253952026
549,109899,0.24968338012695312,0.26423612236976624,0.3320203423500061,0.6931462287902832,,,,,,,
549,109999,0.22056564688682556,0.26863083243370056,0.2985072135925293,0.6931448578834534,,,,,,,
549,109999,,,,,0.45688027143478394,0.5009069442749023,0.9009023308753967,0.21012496948242188,0.2667585611343384,0.2899388074874878,0.6931450366973877
550,110099,0.2437087893486023,0.2875891625881195,0.3026929497718811,0.6931465864181519,,,,,,,
550,110199,0.16589277982711792,0.26627010107040405,0.24619579315185547,0.6931462287902832,,,,,,,
550,110199,,,,,0.45708754658699036,0.5005550384521484,0.891643226146698,0.2079869657754898,0.26682934165000916,0.28773075342178345,0.6931460499763489
551,110299,0.10698562860488892,0.22614970803260803,0.2274082899093628,0.6931447386741638,,,,,,,
551,110399,0.19088491797447205,0.23448285460472107,0.3029751777648926,0.693146288394928,,,,,,,
551,110399,,,,,0.4568503201007843,0.5005538463592529,0.8921143412590027,0.20766285061836243,0.2666584849357605,0.28757745027542114,0.6931460499763489
552,110499,0.1978430151939392,0.2771322727203369,0.26728373765945435,0.6931459903717041,,,,,,,
552,110599,0.16317182779312134,0.25954151153564453,0.25020304322242737,0.6931453943252563,,,,,,,
552,110599,,,,,0.4569428265094757,0.5006673336029053,0.8873162269592285,0.20725786685943604,0.2667568027973175,0.28707394003868103,0.693145751953125
553,110699,0.18938395380973816,0.264041006565094,0.2719154357910156,0.6931449770927429,,,,,,,
553,110799,0.2556270956993103,0.28852444887161255,0.3136746287345886,0.6931439638137817,,,,,,,
553,110799,,,,,0.4569181501865387,0.5011783838272095,0.8976183533668518,0.20826688408851624,0.2666234076023102,0.28821539878845215,0.6931438446044922
554,110899,0.13499301671981812,0.24317054450511932,0.2383948713541031,0.6931447982788086,,,,,,,
554,110999,0.21032622456550598,0.27507153153419495,0.2818278968334198,0.6931464076042175,,,,,,,
554,110999,,,,,0.4568619132041931,0.5005691647529602,0.8894258737564087,0.2082217037677765,0.26657646894454956,0.28821831941604614,0.6931460499763489
555,111099,0.2604137659072876,0.28168678283691406,0.3252995014190674,0.6931450366973877,,,,,,,
555,111199,0.23540496826171875,0.2666127681732178,0.31536534428596497,0.6931462287902832,,,,,,,
555,111199,,,,,0.4569944739341736,0.5005166530609131,0.8751286268234253,0.20618145167827606,0.26668184995651245,0.2860727608203888,0.6931461691856384
556,111299,0.32133230566978455,0.28849753737449646,0.3794068992137909,0.6931442618370056,,,,,,,
556,111399,0.2695481479167938,0.30368074774742126,0.3124401569366455,0.6931455731391907,,,,,,,
556,111399,,,,,0.45692265033721924,0.5007944107055664,0.9019321203231812,0.20794221758842468,0.26671457290649414,0.2878003716468811,0.6931453943252563
557,111499,0.3036996126174927,0.3016427159309387,0.34862998127937317,0.6931462287902832,,,,,,,
557,111599,0.19292044639587402,0.25568246841430664,0.2838105261325836,0.6931450366973877,,,,,,,
557,111599,,,,,0.45691555738449097,0.5007853507995605,0.8783336877822876,0.20638075470924377,0.2666633129119873,0.2862901985645294,0.6931454539299011
558,111699,0.19856363534927368,0.25502997636795044,0.29010501503944397,0.6931427717208862,,,,,,,
558,111799,0.11316937208175659,0.241923525929451,0.21781891584396362,0.6931461095809937,,,,,,,
558,111799,,,,,0.45681047439575195,0.500615119934082,0.8983132243156433,0.20591604709625244,0.2665720283985138,0.2859170138835907,0.6931459307670593
559,111899,0.10804367065429688,0.2398432195186615,0.2147732526063919,0.6931456327438354,,,,,,,
559,111999,0.23076185584068298,0.27746325731277466,0.2998717427253723,0.693146288394928,,,,,,,
559,111999,,,,,0.45679089426994324,0.5005249977111816,0.8825815916061401,0.20715318620204926,0.2665659785270691,0.28716033697128296,0.6931461691856384
560,112099,0.19814836978912354,0.26468217372894287,0.2800379991531372,0.6931436061859131,,,,,,,
560,112199,0.16904079914093018,0.2678537368774414,0.2477523237466812,0.6931304931640625,,,,,,,
560,112199,,,,,0.4568594992160797,0.50291508436203,0.8969770669937134,0.20680636167526245,0.26656827330589294,0.28680264949798584,0.693129301071167
561,112299,0.12262850999832153,0.2369125932455063,0.23228862881660461,0.6931453943252563,,,,,,,
561,112399,0.10137668251991272,0.2331678718328476,0.21478202939033508,0.6931464076042175,,,,,,,
561,112399,,,,,0.45687493681907654,0.5005279183387756,0.8798756003379822,0.20595556497573853,0.2666979730129242,0.28583070635795593,0.6931461095809937
562,112499,0.17290723323822021,0.26050645112991333,0.2589716911315918,0.6931418180465698,,,,,,,
562,112599,0.25377988815307617,0.2731395363807678,0.3272135853767395,0.6931464672088623,,,,,,,
562,112599,,,,,0.456704705953598,0.500521719455719,0.8850831985473633,0.206196129322052,0.266634464263916,0.28613483905792236,0.6931461691856384
563,112699,0.17585250735282898,0.2543199062347412,0.268105685710907,0.6931461691856384,,,,,,,
563,112799,0.21989622712135315,0.2769889831542969,0.28948044776916504,0.6931464076042175,,,,,,,
563,112799,,,,,0.45683494210243225,0.5005742907524109,0.8958891034126282,0.20700840651988983,0.26667121052742004,0.28691020607948303,0.6931459903717041
564,112899,0.18843284249305725,0.2524748146533966,0.282528817653656,0.6931416392326355,,,,,,,
564,112999,0.20117688179016113,0.2481614053249359,0.29958873987197876,0.6931464672088623,,,,,,,
564,112999,,,,,0.45674270391464233,0.5005137324333191,0.8878206610679626,0.20523248612880707,0.2665499150753021,0.2852557301521301,0.6931461691856384
565,113099,0.1261920928955078,0.24124683439731598,0.23151373863220215,0.6931369304656982,,,,,,,
565,113199,0.09246706962585449,0.22570951282978058,0.2133307158946991,0.6931463479995728,,,,,,,
565,113199,,,,,0.45674562454223633,0.5005413889884949,0.8848592638969421,0.20560584962368011,0.2664811313152313,0.285697877407074,0.6931460499763489
566,113299,0.2737807631492615,0.27416515350341797,0.3461880683898926,0.6931449174880981,,,,,,,
566,113399,0.21359825134277344,0.27116715908050537,0.28900402784347534,0.6931458711624146,,,,,,,
566,113399,,,,,0.45670631527900696,0.5006201863288879,0.8833693861961365,0.206031933426857,0.2664906680583954,0.28611433506011963,0.6931459307670593
567,113499,0.26599207520484924,0.28062349557876587,0.3319414556026459,0.6931456923484802,,,,,,,
567,113599,0.1882491111755371,0.2741703987121582,0.2606518864631653,0.6931463479995728,,,,,,,
567,113599,,,,,0.45664024353027344,0.5005626678466797,0.9043557047843933,0.20671400427818298,0.2664894461631775,0.2867977023124695,0.6931461095809937
568,113699,0.15540224313735962,0.24839471280574799,0.2535797357559204,0.6931444406509399,,,,,,,
568,113799,0.21044117212295532,0.2549879848957062,0.30202630162239075,0.6931462287902832,,,,,,,
568,113799,,,,,0.4566666781902313,0.5006027221679688,0.8790051937103271,0.2045866847038269,0.2664496600627899,0.2847100496292114,0.6931459903717041
569,113899,0.16889727115631104,0.2677786350250244,0.2476917952299118,0.6931463479995728,,,,,,,
569,113999,0.1182100772857666,0.2496439516544342,0.2151375710964203,0.6931428909301758,,,,,,,
569,113999,,,,,0.45671966671943665,0.5014772415161133,0.8996177911758423,0.2049616277217865,0.2665138244628906,0.2850189208984375,0.6931421756744385
570,114099,0.2194136679172516,0.2761170566082001,0.28986912965774536,0.6931449770927429,,,,,,,
570,114199,0.24227207899093628,0.27684542536735535,0.3119993209838867,0.6931453943252563,,,,,,,
570,114199,,,,,0.45658066868782043,0.5007429122924805,0.8803995251655579,0.20401352643966675,0.2665051817893982,0.2840811014175415,0.6931456327438354
571,114299,0.2186017632484436,0.25462496280670166,0.31054970622062683,0.6931458711624146,,,,,,,
571,114399,0.18569141626358032,0.2637191414833069,0.2685454487800598,0.6931463479995728,,,,,,,
571,114399,,,,,0.45674630999565125,0.5005085468292236,0.8923712372779846,0.2045496106147766,0.26661181449890137,0.28451094031333923,0.6931461691856384
572,114499,0.09633126854896545,0.2169572114944458,0.22594670951366425,0.6931453347206116,,,,,,,
572,114599,0.16975021362304688,0.24639949202537537,0.26992350816726685,0.6931455135345459,,,,,,,
572,114599,,,,,0.45663633942604065,0.5006930232048035,0.8744208216667175,0.20456764101982117,0.266496866941452,0.28464362025260925,0.6931456923484802
573,114699,0.22160965204238892,0.26778680086135864,0.30039602518081665,0.6931463479995728,,,,,,,
573,114799,0.2249964475631714,0.2872125506401062,0.2843567430973053,0.693145751953125,,,,,,,
573,114799,,,,,0.45662957429885864,0.50069659948349,0.8985016942024231,0.20460806787014008,0.2664145827293396,0.2847663462162018,0.6931458115577698
574,114899,0.18143221735954285,0.24697381258010864,0.28103169798851013,0.6931465268135071,,,,,,,
574,114999,0.20404380559921265,0.28262609243392944,0.26799049973487854,0.6931456327438354,,,,,,,
574,114999,,,,,0.45655879378318787,0.5007447004318237,0.87893146276474,0.20356100797653198,0.2663758397102356,0.28375792503356934,0.6931456327438354
575,115099,0.20901983976364136,0.2740507125854492,0.2815423607826233,0.6931464672088623,,,,,,,
575,115199,0.16789525747299194,0.2641940116882324,0.2502742409706116,0.6931459903717041,,,,,,,
575,115199,,,,,0.4566017687320709,0.5005596280097961,0.8961454629898071,0.20456616580486298,0.26636365056037903,0.2847755253314972,0.6931460499763489
576,115299,0.16720256209373474,0.25708550214767456,0.25669020414352417,0.693146288394928,,,,,,,
576,115399,0.16058900952339172,0.24261680245399475,0.26454442739486694,0.6931445002555847,,,,,,,
576,115399,,,,,0.456647664308548,0.5009831786155701,0.9024636745452881,0.20428836345672607,0.2664414048194885,0.28441932797431946,0.6931447386741638
577,115499,0.08532166481018066,0.22657410800457,0.20532014966011047,0.6931451559066772,,,,,,,
577,115599,0.09333056211471558,0.2211194932460785,0.21878407895565033,0.6931459903717041,,,,,,,
577,115599,,,,,0.45662975311279297,0.5005505681037903,0.8769515156745911,0.20459753274917603,0.2664158046245575,0.2847549319267273,0.6931461095809937
578,115699,0.21510440111160278,0.24390751123428345,0.3177696466445923,0.6931455135345459,,,,,,,
578,115799,0.15541163086891174,0.23008662462234497,0.2718977630138397,0.6931454539299011,,,,,,,
578,115799,,,,,0.45656904578208923,0.500774621963501,0.9061985015869141,0.20518942177295685,0.2664172947406769,0.2853449881076813,0.6931455731391907
579,115899,0.15558627247810364,0.2546694278717041,0.24748991429805756,0.6931461691856384,,,,,,,
579,115999,0.28579220175743103,0.2938559353351593,0.33850952982902527,0.6931465268135071,,,,,,,
579,115999,,,,,0.4565766155719757,0.5004686117172241,0.88845294713974,0.20385371148586273,0.2663809359073639,0.2840459644794464,0.6931463479995728
580,116099,0.23648500442504883,0.2805282771587372,0.302529901266098,0.6931463479995728,,,,,,,
580,116199,0.32483065128326416,0.30250468850135803,0.36889922618865967,0.6931464672088623,,,,,,,
580,116199,,,,,0.4565894603729248,0.5005218386650085,0.8940103054046631,0.20368237793445587,0.26641955971717834,0.2838359475135803,0.6931461691856384
581,116299,0.21149450540542603,0.2933954894542694,0.26467227935791016,0.6931465864181519,,,,,,,
581,116399,0.23469030857086182,0.28346526622772217,0.29779842495918274,0.6931467056274414,,,,,,,
581,116399,,,,,0.4565320312976837,0.5004249215126038,0.8896381258964539,0.20371031761169434,0.26639121770858765,0.28389236330986023,0.6931464672088623
582,116499,0.24308258295059204,0.2646268606185913,0.3250284194946289,0.6931453943252563,,,,,,,
582,116599,0.1521589756011963,0.2517799139022827,0.2469518929719925,0.6931456327438354,,,,,,,
582,116599,,,,,0.4565677344799042,0.5007275342941284,0.87502121925354,0.20381249487400055,0.26644599437713623,0.283939391374588,0.6931456923484802
583,116699,0.1535356640815735,0.2391185462474823,0.2609902024269104,0.6931461095809937,,,,,,,
583,116799,0.21858876943588257,0.2559630274772644,0.3091990351676941,0.6931465864181519,,,,,,,
583,116799,,,,,0.4565977156162262,0.500450611114502,0.8751778602600098,0.203884556889534,0.2664264142513275,0.2840314209461212,0.6931464076042175
584,116899,0.1500760316848755,0.24007539451122284,0.25657397508621216,0.6931467056274414,,,,,,,
584,116999,0.21177458763122559,0.27680301666259766,0.28154459595680237,0.6931459903717041,,,,,,,
584,116999,,,,,0.45660361647605896,0.5006672143936157,0.8792815208435059,0.20394879579544067,0.26643332839012146,0.28408846259117126,0.6931458115577698
585,117099,0.1654285192489624,0.25570985674858093,0.2562920153141022,0.6931467056274414,,,,,,,
585,117199,0.22912868857383728,0.28473833203315735,0.29096364974975586,0.6931465268135071,,,,,,,
585,117199,,,,,0.45660242438316345,0.5004487633705139,0.8938834071159363,0.20382407307624817,0.26643773913383484,0.28395965695381165,0.6931463479995728
586,117299,0.12515106797218323,0.23766453564167023,0.23405985534191132,0.6931466460227966,,,,,,,
586,117399,0.16075760126113892,0.2780803442001343,0.22925065457820892,0.693146824836731,,,,,,,
586,117399,,,,,0.4565814733505249,0.5004199147224426,0.8800907731056213,0.20383122563362122,0.26641950011253357,0.28398507833480835,0.6931465864181519
587,117499,0.20786213874816895,0.26831474900245667,0.2861206531524658,0.6931464672088623,,,,,,,
587,117599,0.26821571588516235,0.27724239230155945,0.33754658699035645,0.6931465864181519,,,,,,,
587,117599,,,,,0.4565347135066986,0.500474750995636,0.8738195896148682,0.20387113094329834,0.2663917541503906,0.28405267000198364,0.6931463479995728
588,117699,0.158273845911026,0.26325613260269165,0.24159105122089386,0.6931466460227966,,,,,,,
588,117799,0.1528257131576538,0.2410358488559723,0.2583632469177246,0.6931467652320862,,,,,,,
588,117799,,,,,0.4565541744232178,0.5004618763923645,0.8951476812362671,0.20397987961769104,0.266401469707489,0.2841516435146332,0.6931463479995728
589,117899,0.29428088665008545,0.31217920780181885,0.32867488265037537,0.6931464672088623,,,,,,,
589,117999,0.19018077850341797,0.25444257259368896,0.28231149911880493,0.6931465864181519,,,,,,,
589,117999,,,,,0.4565291702747345,0.5005167126655579,0.8991662859916687,0.20369306206703186,0.2663825452327728,0.2838837206363678,0.6931462287902832
590,118099,0.1779833436012268,0.2598874270915985,0.26466917991638184,0.6931465864181519,,,,,,,
590,118199,0.12094956636428833,0.25346848368644714,0.21405437588691711,0.6931465864181519,,,,,,,
590,118199,,,,,0.456535667181015,0.5004690885543823,0.8935840725898743,0.20363043248653412,0.26637130975723267,0.2838324010372162,0.6931463479995728
591,118299,0.18833616375923157,0.26697152853012085,0.26793792843818665,0.6931466460227966,,,,,,,
591,118399,0.2640644311904907,0.2805083990097046,0.33012935519218445,0.6931467056274414,,,,,,,
591,118399,,,,,0.4565533697605133,0.5004293918609619,0.8904481530189514,0.20353791117668152,0.26637545228004456,0.2837357819080353,0.6931464672088623
592,118499,0.1337643563747406,0.25157827138900757,0.22875940799713135,0.6931466460227966,,,,,,,
592,118599,0.20257335901260376,0.26367172598838806,0.28547486662864685,0.6931464672088623,,,,,,,
592,118599,,,,,0.4565540850162506,0.5004664659500122,0.8943424820899963,0.20347607135772705,0.26637527346611023,0.283674031496048,0.6931463479995728
593,118699,0.0665040910243988,0.22160913050174713,0.19146828353405,0.6931466460227966,,,,,,,
593,118799,0.2960371673107147,0.29862213134765625,0.343988299369812,0.6931465268135071,,,,,,,
593,118799,,,,,0.4565538763999939,0.500480592250824,0.8948878049850464,0.20343992114067078,0.2663761079311371,0.28363701701164246,0.6931463479995728
594,118899,0.27972447872161865,0.3136395812034607,0.3126581013202667,0.6931464672088623,,,,,,,
594,118999,0.17156997323036194,0.24378131330013275,0.27436190843582153,0.6931465268135071,,,,,,,
594,118999,,,,,0.4565548002719879,0.5004444122314453,0.8900339007377625,0.20345602929592133,0.26637762784957886,0.2836517095565796,0.6931464672088623
595,119099,0.10357305407524109,0.21933919191360474,0.23080718517303467,0.6931466460227966,,,,,,,
595,119199,0.24519187211990356,0.2806442081928253,0.3111209571361542,0.6931465864181519,,,,,,,
595,119199,,,,,0.456551730632782,0.500439465045929,0.891969621181488,0.2034691721200943,0.26637744903564453,0.2836649715900421,0.6931464672088623
596,119299,0.20607003569602966,0.2738523483276367,0.27879101037979126,0.6931466460227966,,,,,,,
596,119399,0.3270558714866638,0.32989150285720825,0.3437376618385315,0.6931465864181519,,,,,,,
596,119399,,,,,0.45654863119125366,0.5004327297210693,0.8890159130096436,0.20346282422542572,0.2663750648498535,0.2836610972881317,0.6931464672088623
597,119499,0.21721303462982178,0.2665221691131592,0.2972642481327057,0.6931467056274414,,,,,,,
597,119599,0.2578778862953186,0.2865007519721985,0.3179505169391632,0.693146824836731,,,,,,,
597,119599,,,,,0.45655250549316406,0.5004351139068604,0.887973964214325,0.20346757769584656,0.26637735962867737,0.2836635112762451,0.6931464672088623
598,119699,0.21743738651275635,0.27258995175361633,0.2914208173751831,0.6931467056274414,,,,,,,
598,119799,0.0884210467338562,0.2408355325460434,0.19415868818759918,0.6931463479995728,,,,,,,
598,119799,,,,,0.4565529525279999,0.5004354119300842,0.8888294696807861,0.20347242057323456,0.26637741923332214,0.28366827964782715,0.6931464672088623
599,119899,0.10054859519004822,0.2463025599718094,0.2008194476366043,0.693146824836731,,,,,,,
599,119999,0.15578484535217285,0.24185621738433838,0.26050183176994324,0.6931464672088623,,,,,,,
599,119999,,,,,0.4565528631210327,0.5004352927207947,0.8888291716575623,0.2034708708524704,0.2663774788379669,0.2836667001247406,0.6931464672088623
