epoch,step,train/loss,train/mu_mse,train/sigma_nll,train/weight_entropy,val/best_component_rmse,val/dominant_component_allocation,val/dominant_component_rmse,val/loss,val/mu_mse,val/sigma_nll,val/weight_entropy
0,99,2.1623497009277344,1.0381715297698975,1.4706199169158936,0.6928836107254028,,,,,,,
0,199,2.07004976272583,0.9679962992668152,1.448429822921753,0.6927528977394104,,,,,,,
0,199,,,,,0.9911942481994629,0.509619951248169,1.007097601890564,2.116558074951172,1.0073529481887817,1.455686330795288,0.692962110042572
1,299,2.180783987045288,1.0563991069793701,1.4709339141845703,0.6930981874465942,,,,,,,
1,399,2.1486635208129883,1.037994623184204,1.4572230577468872,0.693108320236206,,,,,,,
1,399,,,,,0.9943877458572388,0.5036600232124329,1.0084874629974365,2.1139166355133057,1.0095545053482056,1.4509228467941284,0.6931204199790955
2,499,2.109959125518799,1.007590651512146,1.4489418268203735,0.693146824836731,,,,,,,
2,599,2.165921688079834,1.0440278053283691,1.468314528465271,0.6928417682647705,,,,,,,
2,599,,,,,0.9899996519088745,0.5109595656394958,1.0042414665222168,2.094832420349121,1.001782774925232,1.4395033121109009,0.6929071545600891
3,699,2.0489988327026367,0.9641077518463135,1.4314590692520142,0.69313645362854,,,,,,,
3,799,1.981050729751587,0.9243398904800415,1.4032237529754639,0.6930261254310608,,,,,,,
3,799,,,,,0.9929059743881226,0.5034158825874329,1.0045396089553833,2.0955677032470703,1.0043745040893555,1.4377549886703491,0.6931235790252686
4,899,2.1680808067321777,1.056020736694336,1.4586223363876343,0.6931250095367432,,,,,,,
4,999,2.016066074371338,0.9523643255233765,1.4102743864059448,0.6931453943252563,,,,,,,
4,999,,,,,0.9941278696060181,0.5014565587043762,1.0027515888214111,2.0891757011413574,1.0037946701049805,1.4319523572921753,0.6931427717208862
5,1099,2.0440618991851807,0.9803624153137207,1.4102649688720703,0.6931309700012207,,,,,,,
5,1199,2.1298305988311768,1.0253504514694214,1.4509989023208618,0.6930375099182129,,,,,,,
5,1199,,,,,0.9940468072891235,0.5098062753677368,1.0010243654251099,2.08652663230896,1.0025910139083862,1.430413007736206,0.6929548978805542
6,1299,2.127635955810547,1.0319536924362183,1.442222237586975,0.693079948425293,,,,,,,
6,1399,2.159853219985962,1.059579610824585,1.4465662240982056,0.6925856471061707,,,,,,,
6,1399,,,,,0.9920369982719421,0.5146618485450745,1.0023181438446045,2.089548110961914,1.0019357204437256,1.4339711666107178,0.6927171349525452
7,1499,2.1067981719970703,1.014755129814148,1.4386132955551147,0.6931406259536743,,,,,,,
7,1599,2.0515198707580566,0.9853609800338745,1.412732481956482,0.6931471824645996,,,,,,,
7,1599,,,,,0.9923208951950073,0.5027912855148315,1.0051060914993286,2.091291904449463,1.0055463314056396,1.4323111772537231,0.6931317448616028
8,1699,2.0092356204986572,0.9492800235748291,1.4065290689468384,0.6931471824645996,,,,,,,
8,1799,2.138167142868042,1.0484602451324463,1.4362772703170776,0.6931405067443848,,,,,,,
8,1799,,,,,0.9956459403038025,0.501887321472168,1.003442645072937,2.0882811546325684,1.0039130449295044,1.430938482284546,0.6931400299072266
9,1899,2.00886607170105,0.9511613845825195,1.4042768478393555,0.6931443810462952,,,,,,,
9,1999,2.087240219116211,1.009383201599121,1.4244072437286377,0.6931002140045166,,,,,,,
9,1999,,,,,0.993108332157135,0.5007280111312866,1.0031712055206299,2.0849690437316895,1.0007702112197876,1.430771827697754,0.6931459307670593
10,2099,2.159497022628784,1.0558977127075195,1.450154185295105,0.6931100487709045,,,,,,,
10,2199,1.957481861114502,0.9216319918632507,1.3824186325073242,0.6931377649307251,,,,,,,
10,2199,,,,,0.9936904907226562,0.5020480751991272,1.0026166439056396,2.0834426879882812,1.0031468868255615,1.4268649816513062,0.6931387186050415
11,2299,2.1297223567962646,1.030696153640747,1.445496678352356,0.6929413080215454,,,,,,,
11,2399,2.1065213680267334,1.018434762954712,1.4345782995224,0.692983090877533,,,,,,,
11,2399,,,,,0.9593403339385986,0.5085282325744629,0.970846951007843,1.9811478853225708,0.9401059150695801,1.3875126838684082,0.6929419040679932
12,2499,1.8940227031707764,0.9024084210395813,1.337084412574768,0.690940260887146,,,,,,,
12,2599,1.7297227382659912,0.7983723878860474,1.2776474952697754,0.6925939917564392,,,,,,,
12,2599,,,,,0.8893705606460571,0.5154702663421631,0.910324215888977,1.7783639430999756,0.8204343318939209,1.3041973114013672,0.6925355792045593
13,2699,1.5916000604629517,0.7091268301010132,1.228775143623352,0.6926038265228271,,,,,,,
13,2799,1.6732394695281982,0.7769454121589661,1.2426142692565918,0.6926403045654297,,,,,,,
13,2799,,,,,0.8250775933265686,0.5140465497970581,0.8575880527496338,1.5521918535232544,0.7209379076957703,1.1775598526000977,0.6926120519638062
14,2899,1.5364739894866943,0.7238814830780029,1.1582462787628174,0.6913076639175415,,,,,,,
14,2999,1.3899919986724854,0.6387827396392822,1.0975592136383057,0.6927000284194946,,,,,,,
14,2999,,,,,0.7691506147384644,0.5198007822036743,0.8362254500389099,1.3939489126205444,0.6290343999862671,1.1110150814056396,0.6922009587287903
15,3099,1.2417588233947754,0.53011155128479,1.0581718683242798,0.6930490732192993,,,,,,,
15,3199,1.3162835836410522,0.5969885587692261,1.0657964944839478,0.6930029392242432,,,,,,,
15,3199,,,,,0.7174102067947388,0.512792706489563,0.8455844521522522,1.3137521743774414,0.5728498697280884,1.0872551202774048,0.6927055716514587
16,3299,1.1667282581329346,0.5049827098846436,1.0079929828643799,0.6924949288368225,,,,,,,
16,3399,1.2201364040374756,0.5183081030845642,1.0481958389282227,0.6927353143692017,,,,,,,
16,3399,,,,,0.6752639412879944,0.5206068754196167,0.8335232734680176,1.1832621097564697,0.5026182532310486,1.026766061782837,0.6922443509101868
17,3499,1.0522609949111938,0.44365790486335754,0.9551013708114624,0.6929965019226074,,,,,,,
17,3599,1.2192879915237427,0.5306012630462646,1.0347996950149536,0.6922258734703064,,,,,,,
17,3599,,,,,0.6457358002662659,0.5157678723335266,0.8584063649177551,1.1525194644927979,0.4846537113189697,1.0141185522079468,0.6925053596496582
18,3699,1.125893473625183,0.4084889888763428,1.0639572143554688,0.6931053996086121,,,,,,,
18,3799,1.1702560186386108,0.4843078851699829,1.0324888229370117,0.6930813789367676,,,,,,,
18,3799,,,,,0.6212047934532166,0.5050232410430908,0.9377697706222534,1.0385023355484009,0.4205239415168762,0.9645116329193115,0.693066418170929
19,3899,0.960464596748352,0.385153591632843,0.9217610955238342,0.6929001808166504,,,,,,,
19,3999,0.9737794995307922,0.37399327754974365,0.9460620880126953,0.6925517320632935,,,,,,,
19,3999,,,,,0.5979565978050232,0.5064662098884583,0.9441239237785339,0.9601543545722961,0.3729248642921448,0.9337396025657654,0.6930207014083862
20,4099,0.9209965467453003,0.35777032375335693,0.9097784757614136,0.6931045651435852,,,,,,,
20,4199,0.8497161865234375,0.304977685213089,0.891130805015564,0.6927846074104309,,,,,,,
20,4199,,,,,0.6008135080337524,0.5149379968643188,0.9073522090911865,0.9541153311729431,0.37154605984687805,0.9288852214813232,0.6926321387290955
21,4299,0.8789079189300537,0.3198138177394867,0.905182957649231,0.6921777725219727,,,,,,,
21,4399,0.9021726250648499,0.37068700790405273,0.8779278993606567,0.6928845643997192,,,,,,,
21,4399,,,,,0.5931107997894287,0.5049933195114136,0.947310209274292,0.9033458232879639,0.35745906829833984,0.8924230337142944,0.6930727362632751
22,4499,0.9016141891479492,0.3300330936908722,0.9171713590621948,0.6911804676055908,,,,,,,
22,4599,0.8385792970657349,0.3572383224964142,0.8278082609176636,0.692934513092041,,,,,,,
22,4599,,,,,0.5828596949577332,0.5085636973381042,0.9045473337173462,0.8737565279006958,0.34418442845344543,0.8760491609573364,0.6929540038108826
23,4699,0.897531270980835,0.3673950135707855,0.8765531182289124,0.692833662033081,,,,,,,
23,4799,0.8845758438110352,0.36725711822509766,0.8638666868209839,0.693095862865448,,,,,,,
23,4799,,,,,0.5820980668067932,0.5044549703598022,0.9391138553619385,0.8503190279006958,0.34259170293807983,0.854270339012146,0.6930860877037048
24,4899,0.8464934825897217,0.3568304479122162,0.8362292051315308,0.6931324601173401,,,,,,,
24,4999,0.790319561958313,0.309823215007782,0.826945424079895,0.6928980946540833,,,,,,,
24,4999,,,,,0.5881237387657166,0.5106081366539001,0.9470164775848389,0.887175977230072,0.3489857316017151,0.8846288919448853,0.6928769946098328
25,5099,0.8178872466087341,0.32635557651519775,0.8379548192024231,0.692846417427063,,,,,,,
25,5199,0.8153235912322998,0.29357588291168213,0.8682845830917358,0.6930737495422363,,,,,,,
25,5199,,,,,0.5868505835533142,0.5229092240333557,0.9197044968605042,0.8680700659751892,0.34898480772972107,0.8651153445243835,0.6920604705810547
26,5299,0.800312876701355,0.2921321392059326,0.854742705821991,0.6931240558624268,,,,,,,
26,5399,0.7791347503662109,0.3031473159790039,0.8225352764129639,0.6930956244468689,,,,,,,
26,5399,,,,,0.5780734419822693,0.5066102743148804,0.9200329780578613,0.8190826177597046,0.33762282133102417,0.8279780745506287,0.6930367350578308
27,5499,0.7280756831169128,0.29786819219589233,0.7767006754875183,0.6929863691329956,,,,,,,
27,5599,0.8273396492004395,0.3698083162307739,0.8040520548820496,0.6930412650108337,,,,,,,
27,5599,,,,,0.5753795504570007,0.5107361674308777,0.9698590040206909,0.8171789050102234,0.3335806727409363,0.8300141096115112,0.6928318738937378
28,5699,0.7599778175354004,0.30878472328186035,0.7977232933044434,0.6930603981018066,,,,,,,
28,5799,0.7267992496490479,0.2876277267932892,0.7855571508407593,0.6927711963653564,,,,,,,
28,5799,,,,,0.5724729895591736,0.5051341652870178,0.9018551707267761,0.809580385684967,0.3314187526702881,0.8246955871582031,0.6930676698684692
29,5899,0.8214334845542908,0.32218438386917114,0.8453844785690308,0.6922708749771118,,,,,,,
29,5999,0.9255084991455078,0.3594498038291931,0.9125605821609497,0.6930036544799805,,,,,,,
29,5999,,,,,0.5706514716148376,0.5178285241127014,0.9168469309806824,0.8169800639152527,0.32991647720336914,0.8333024978637695,0.6924775838851929
30,6099,0.6806432008743286,0.2733497619628906,0.7538096904754639,0.6930325627326965,,,,,,,
30,6199,0.7234583497047424,0.30234986543655396,0.767504096031189,0.6927913427352905,,,,,,,
30,6199,,,,,0.5649393200874329,0.5112014412879944,0.9390624165534973,0.8017046451568604,0.32238149642944336,0.8257519602775574,0.6928578615188599
31,6299,0.8782020807266235,0.3388085663318634,0.8858890533447266,0.6929910182952881,,,,,,,
31,6399,0.7926540970802307,0.31142276525497437,0.8277758359909058,0.6930888891220093,,,,,,,
31,6399,,,,,0.5615559220314026,0.5058321952819824,0.9389942288398743,0.8126971125602722,0.3188648223876953,0.8403539657592773,0.6930431723594666
32,6499,0.7156282067298889,0.29043835401535034,0.7716017961502075,0.6928237676620483,,,,,,,
32,6599,0.7966870665550232,0.3235153257846832,0.8196544647216797,0.6929653882980347,,,,,,,
32,6599,,,,,0.5606937408447266,0.5050641894340515,0.9034497141838074,0.7719899415969849,0.3177792429924011,0.8007473945617676,0.6930732727050781
33,6699,0.9222749471664429,0.38947606086730957,0.8792950510978699,0.6929923892021179,,,,,,,
33,6799,0.6867734789848328,0.26686814427375793,0.7653777599334717,0.6909447908401489,,,,,,,
33,6799,,,,,0.563941240310669,0.5362072587013245,0.9209574460983276,0.8274126052856445,0.3209303319454193,0.8517075777053833,0.6904503703117371
34,6899,0.8014099597930908,0.33045655488967896,0.8174899816513062,0.6930732131004333,,,,,,,
34,6999,0.7324700355529785,0.3228416442871094,0.7561343908309937,0.6930120587348938,,,,,,,
34,6999,,,,,0.5520654916763306,0.503951370716095,0.9342725276947021,0.7426390051841736,0.30781152844429016,0.7813765406608582,0.6930985450744629
35,7099,0.7077038884162903,0.2678605318069458,0.7863629460334778,0.6930392980575562,,,,,,,
35,7199,0.7232780456542969,0.3024764955043793,0.7673337459564209,0.6930645108222961,,,,,,,
35,7199,,,,,0.5485989451408386,0.5041701793670654,0.9468643069267273,0.7479782104492188,0.30436912178993225,0.7901554703712463,0.693092942237854
36,7299,0.7796669602394104,0.3155931234359741,0.8106057047843933,0.6930636167526245,,,,,,,
36,7399,0.725984513759613,0.29209303855895996,0.7804144024848938,0.6930457353591919,,,,,,,
36,7399,,,,,0.5462987422943115,0.5041523575782776,0.9390775561332703,0.7414360642433167,0.30162113904953003,0.7863620519638062,0.6930939555168152
37,7499,0.7769869565963745,0.30348801612854004,0.8199973106384277,0.6929967403411865,,,,,,,
37,7599,0.6509303450584412,0.25529634952545166,0.7421878576278687,0.6931077241897583,,,,,,,
37,7599,,,,,0.5453442335128784,0.504090428352356,0.8940206170082092,0.7512924075126648,0.29936009645462036,0.7984800934791565,0.6930955648422241
38,7699,0.7180747389793396,0.2793372869491577,0.7852875590324402,0.693100094795227,,,,,,,
38,7799,0.6587555408477783,0.28519970178604126,0.7201023101806641,0.6930928230285645,,,,,,,
38,7799,,,,,0.538548469543457,0.508375883102417,0.9262990355491638,0.7018671631813049,0.29271233081817627,0.7556366324424744,0.692963719367981
39,7899,0.721432089805603,0.2962673008441925,0.7716624736785889,0.6929953098297119,,,,,,,
39,7999,0.7832361459732056,0.3239487409591675,0.8058416247367859,0.693108320236206,,,,,,,
39,7999,,,,,0.5346666574478149,0.5038574934005737,0.9005729556083679,0.6840516924858093,0.2880975008010864,0.7425053715705872,0.6931024789810181
40,8099,0.6619799137115479,0.24829986691474915,0.7601916790008545,0.6930232644081116,,,,,,,
40,8199,0.687023401260376,0.2980334162712097,0.7354615926742554,0.6929431557655334,,,,,,,
40,8199,,,,,0.5304108262062073,0.521550714969635,0.9099801182746887,0.7307687401771545,0.28441357612609863,0.7924368977546692,0.6921629905700684
41,8299,0.6987833380699158,0.27587780356407166,0.7694544792175293,0.6930979490280151,,,,,,,
41,8399,0.7530488967895508,0.288812518119812,0.8107550740242004,0.6930375695228577,,,,,,,
41,8399,,,,,0.5345353484153748,0.5095592141151428,0.9147970080375671,0.7209248542785645,0.28768390417099,0.7796941995620728,0.6929065585136414
42,8499,0.6790719032287598,0.2639201283454895,0.7612139582633972,0.6921243667602539,,,,,,,
42,8599,0.7606003284454346,0.3392132818698883,0.7679266929626465,0.6930792331695557,,,,,,,
42,8599,,,,,0.5306057929992676,0.5041840672492981,0.9285833239555359,0.6673963665962219,0.2829700708389282,0.7309724688529968,0.6930921077728271
43,8699,0.604154109954834,0.22808843851089478,0.7225067019462585,0.6928820610046387,,,,,,,
43,8799,0.6748970746994019,0.2841925024986267,0.7371678948402405,0.6929266452789307,,,,,,,
43,8799,,,,,0.5309818387031555,0.5040008425712585,0.9217127561569214,0.6819050312042236,0.2839888036251068,0.7444658875465393,0.6930994391441345
44,8899,0.7188980579376221,0.2749065160751343,0.7902024388313293,0.6924219727516174,,,,,,,
44,8999,0.6921147108078003,0.29210835695266724,0.7463809251785278,0.6927492618560791,,,,,,,
44,8999,,,,,0.5279219150543213,0.5065450668334961,0.9075212478637695,0.7094249129295349,0.28137603402137756,0.7745635509490967,0.6930294036865234
45,9099,0.5649001002311707,0.22788900136947632,0.683533251285553,0.6930443048477173,,,,,,,
45,9199,0.6648661494255066,0.28704631328582764,0.7242401242256165,0.6928406953811646,,,,,,,
45,9199,,,,,0.5219460725784302,0.505470871925354,0.9032790064811707,0.6661925911903381,0.2748758792877197,0.7378450632095337,0.6930567026138306
46,9299,0.6926853060722351,0.2784452438354492,0.7607688307762146,0.693057656288147,,,,,,,
46,9399,0.6719444990158081,0.2811339199542999,0.7373647093772888,0.6931083798408508,,,,,,,
46,9399,,,,,0.5215041041374207,0.5052487254142761,0.9005443453788757,0.6365594863891602,0.27377578616142273,0.7093150019645691,0.6930625438690186
47,9499,0.6463704109191895,0.2866126596927643,0.7062429189682007,0.6929702758789062,,,,,,,
47,9599,0.6403666734695435,0.28707176446914673,0.6998399496078491,0.69309002161026,,,,,,,
47,9599,,,,,0.5260372161865234,0.5131365060806274,0.9055237770080566,0.6536495685577393,0.280684232711792,0.7193377017974854,0.6927445530891418
48,9699,0.5719504356384277,0.2334129959344864,0.6850908398628235,0.6931067705154419,,,,,,,
48,9799,0.6383644342422485,0.2733865976333618,0.7114929556846619,0.6930302381515503,,,,,,,
48,9799,,,,,0.5160976648330688,0.5053513646125793,0.9297225475311279,0.6671623587608337,0.2694099247455597,0.7442808747291565,0.6930570006370544
49,9899,0.5882887244224548,0.25104859471321106,0.6837642788887024,0.693048357963562,,,,,,,
49,9999,0.6075733304023743,0.23179975152015686,0.7218742370605469,0.6922012567520142,,,,,,,
49,9999,,,,,0.515938401222229,0.5180457830429077,0.9341037273406982,0.6265087127685547,0.26800453662872314,0.7047329545021057,0.6924577951431274
50,10099,0.7072420120239258,0.3020724952220917,0.7517303228378296,0.6931216716766357,,,,,,,
50,10199,0.7454010248184204,0.3198970556259155,0.771592915058136,0.6921780109405518,,,,,,,
50,10199,,,,,0.5194162726402283,0.5238420963287354,0.908474862575531,0.6435620784759521,0.2721303105354309,0.7174155116081238,0.6919676065444946
51,10299,0.6439308524131775,0.25914403796195984,0.7311162352561951,0.6926587820053101,,,,,,,
51,10399,0.6627649664878845,0.2844918966293335,0.7241246104240417,0.6917029619216919,,,,,,,
51,10399,,,,,0.519648551940918,0.5186281800270081,0.9417527318000793,0.6555380821228027,0.2731287181377411,0.7286109924316406,0.6924031376838684
52,10499,0.588676929473877,0.2514842450618744,0.6833897829055786,0.6923942565917969,,,,,,,
52,10599,0.6465234756469727,0.29154229164123535,0.7012893557548523,0.69261634349823,,,,,,,
52,10599,,,,,0.515091598033905,0.5148653984069824,0.9052320718765259,0.6267817616462708,0.2671331763267517,0.705971360206604,0.6926453709602356
53,10699,0.6432908773422241,0.28458258509635925,0.7046079635620117,0.6917994022369385,,,,,,,
53,10799,0.6269366145133972,0.27449995279312134,0.6989998817443848,0.6931264400482178,,,,,,,
53,10799,,,,,0.5132752060890198,0.5031996965408325,0.9314512610435486,0.6366130113601685,0.26554161310195923,0.717628538608551,0.6931143403053284
54,10899,0.5796496868133545,0.2443719208240509,0.6818219423294067,0.6930882930755615,,,,,,,
54,10999,0.5599281787872314,0.2488795816898346,0.6575928926467896,0.6930885314941406,,,,,,,
54,10999,,,,,0.5089575052261353,0.5044904947280884,0.9117335081100464,0.6044695973396301,0.26153451204299927,0.6894766688346863,0.6930827498435974
55,11099,0.5877751111984253,0.24022188782691956,0.6940411925315857,0.6929760575294495,,,,,,,
55,11199,0.5450800657272339,0.25127464532852173,0.6401346325874329,0.6926584243774414,,,,,,,
55,11199,,,,,0.5132953524589539,0.5109522342681885,0.9388605952262878,0.5898303985595703,0.2657199800014496,0.6705399751663208,0.6928591132164001
56,11299,0.7105576395988464,0.29994720220565796,0.7570533752441406,0.6928859949111938,,,,,,,
56,11399,0.6984020471572876,0.29428285360336304,0.7504304051399231,0.6926224231719971,,,,,,,
56,11399,,,,,0.5162046551704407,0.5117987394332886,0.9419735670089722,0.6497044563293457,0.2678919732570648,0.7282255291938782,0.6928261518478394
57,11499,0.5892414450645447,0.25516098737716675,0.6800721883773804,0.6919834613800049,,,,,,,
57,11599,0.6112070679664612,0.24243438243865967,0.7152726054191589,0.6929998397827148,,,,,,,
57,11599,,,,,0.52260822057724,0.508263885974884,0.9081915616989136,0.677095890045166,0.27524057030677795,0.7483364343643188,0.6929620504379272
58,11699,0.4930204749107361,0.21317234635353088,0.6263603568077087,0.6930245161056519,,,,,,,
58,11799,0.5471950769424438,0.23063695430755615,0.6629734039306641,0.6928305625915527,,,,,,,
58,11799,,,,,0.5089613199234009,0.5116928219795227,0.94355309009552,0.5866280794143677,0.26130950450897217,0.6717301607131958,0.6928234100341797
59,11899,0.5711373686790466,0.2522142231464386,0.6654672026634216,0.693088173866272,,,,,,,
59,11999,0.6439783573150635,0.27968478202819824,0.7107824087142944,0.6929776668548584,,,,,,,
59,11999,,,,,0.509181559085846,0.5048068761825562,0.9240193963050842,0.6489529013633728,0.2627904415130615,0.732698380947113,0.6930720210075378
60,12099,0.5078590512275696,0.24185886979103088,0.6125335693359375,0.6930667161941528,,,,,,,
60,12199,0.5997477769851685,0.2724897265434265,0.6736822128295898,0.6928483247756958,,,,,,,
60,12199,,,,,0.5079224109649658,0.5135959386825562,0.8994448781013489,0.5969002842903137,0.26052433252334595,0.6827431917190552,0.6927347183227539
61,12299,0.6443234086036682,0.23816964030265808,0.7521457672119141,0.6919840574264526,,,,,,,
61,12399,0.5638083815574646,0.2430838942527771,0.6668638586997986,0.6922787427902222,,,,,,,
61,12399,,,,,0.5058177709579468,0.5046873688697815,0.9369851350784302,0.5986273288726807,0.25815126299858093,0.6870157718658447,0.6930795311927795
62,12499,0.5350186824798584,0.2249298095703125,0.656290590763092,0.6924034357070923,,,,,,,
62,12599,0.45047375559806824,0.19422584772109985,0.6027205586433411,0.6929453015327454,,,,,,,
62,12599,,,,,0.501251220703125,0.5100552439689636,0.904150128364563,0.5880830883979797,0.2533556818962097,0.681178092956543,0.6929013133049011
63,12699,0.6371890902519226,0.28971654176712036,0.694024384021759,0.6931036710739136,,,,,,,
63,12799,0.6340938210487366,0.2672117054462433,0.7130530476570129,0.6923419237136841,,,,,,,
63,12799,,,,,0.5002813339233398,0.5118628740310669,0.9337441325187683,0.5936326384544373,0.252368688583374,0.6876797676086426,0.692831814289093
64,12899,0.7400311231613159,0.2797684371471405,0.8068204522132874,0.6931154727935791,,,,,,,
64,12999,0.45235496759414673,0.20862790942192078,0.5902877449989319,0.6931213140487671,,,,,,,
64,12999,,,,,0.5082117915153503,0.5038449764251709,0.9330869317054749,0.5867122411727905,0.26023152470588684,0.6730308532714844,0.69310063123703
65,13099,0.5228620767593384,0.22880148887634277,0.6405412554740906,0.6929612755775452,,,,,,,
65,13199,0.6789169311523438,0.2683848440647125,0.7565763592720032,0.6920886039733887,,,,,,,
65,13199,,,,,0.5024058222770691,0.5308969616889954,0.896902322769165,0.5853447914123535,0.2538961172103882,0.677042543888092,0.6911875605583191
66,13299,0.5438560247421265,0.24561730027198792,0.6445325016975403,0.6925876140594482,,,,,,,
66,13399,0.5520378947257996,0.24646694958209991,0.6519246697425842,0.6927074193954468,,,,,,,
66,13399,,,,,0.5053755044937134,0.531440019607544,0.9057642817497253,0.5876142382621765,0.2573551833629608,0.6758236289024353,0.6911290884017944
67,13499,0.5634667873382568,0.24932147562503815,0.6606847643852234,0.6930788159370422,,,,,,,
67,13599,0.517702579498291,0.24052144587039948,0.623737633228302,0.6931129693984985,,,,,,,
67,13599,,,,,0.5004439949989319,0.5086315274238586,0.9300522208213806,0.5436305999755859,0.25213202834129333,0.637980580329895,0.6929639577865601
68,13699,0.5627031326293945,0.25023406744003296,0.6586644649505615,0.6923908591270447,,,,,,,
68,13799,0.475387841463089,0.2337789237499237,0.5881307721138,0.6930436491966248,,,,,,,
68,13799,,,,,0.49721404910087585,0.5031445622444153,0.9046738743782043,0.5332973003387451,0.24892675876617432,0.6309285163879395,0.6931158304214478
69,13899,0.6412968039512634,0.2716526389122009,0.7161005139350891,0.6929126977920532,,,,,,,
69,13999,0.5979675054550171,0.2825379967689514,0.6619550585746765,0.6930510997772217,,,,,,,
69,13999,,,,,0.4961356222629547,0.5059773921966553,0.8973690867424011,0.567335307598114,0.24911320209503174,0.6647509932518005,0.6930575966835022
70,14099,0.6226466298103333,0.29704055190086365,0.6721652150154114,0.6931182146072388,,,,,,,
70,14199,0.4613240361213684,0.21616129577159882,0.5915654897689819,0.6928055286407471,,,,,,,
70,14199,,,,,0.4959745705127716,0.505251944065094,0.9202569127082825,0.5310274958610535,0.24768099188804626,0.6298789978027344,0.6930649280548096
71,14299,0.6391341686248779,0.2743813991546631,0.7112798094749451,0.6930540800094604,,,,,,,
71,14399,0.5210523009300232,0.2421884834766388,0.6253525018692017,0.6929773092269897,,,,,,,
71,14399,,,,,0.49671417474746704,0.5061119198799133,0.9300225377082825,0.5348817110061646,0.24872183799743652,0.6326794028282166,0.6930390000343323
72,14499,0.4937286376953125,0.23071566224098206,0.6095686554908752,0.6931114196777344,,,,,,,
72,14599,0.5192213654518127,0.2458305060863495,0.6199179291725159,0.6930540800094604,,,,,,,
72,14599,,,,,0.50189208984375,0.5060172080993652,0.9079877138137817,0.5939464569091797,0.25423184037208557,0.6862393617630005,0.6930493712425232
73,14699,0.5831860303878784,0.25686728954315186,0.672826886177063,0.6930163502693176,,,,,,,
73,14799,0.5027939081192017,0.24290280044078827,0.6064320802688599,0.6930819749832153,,,,,,,
73,14799,,,,,0.4922061562538147,0.5094605088233948,0.9234915971755981,0.5463502407073975,0.2441878616809845,0.6486219763755798,0.6929190754890442
74,14899,0.4529843330383301,0.18467113375663757,0.6148276329040527,0.6930289268493652,,,,,,,
74,14999,0.5375956892967224,0.2417428344488144,0.642403244972229,0.6931008100509644,,,,,,,
74,14999,,,,,0.4949072301387787,0.5051478743553162,0.9403314590454102,0.5321713089942932,0.24650196731090546,0.6322047710418701,0.6930708885192871
75,15099,0.5590406060218811,0.24332493543624878,0.6622577905654907,0.6930842399597168,,,,,,,
75,15199,0.5792651772499084,0.2632859945297241,0.6623474359512329,0.6927365064620972,,,,,,,
75,15199,,,,,0.49710342288017273,0.5196465253829956,0.9014021754264832,0.5407406687736511,0.24919010698795319,0.6377140283584595,0.6923270225524902
76,15299,0.4861171841621399,0.22527667880058289,0.6073955297470093,0.6931101083755493,,,,,,,
76,15399,0.551181972026825,0.26348984241485596,0.6342555284500122,0.6931267976760864,,,,,,,
76,15399,,,,,0.504673421382904,0.5027408599853516,0.907097578048706,0.5665032267570496,0.25684410333633423,0.656220555305481,0.6931231021881104
77,15499,0.40814152359962463,0.220537930727005,0.5339560508728027,0.6927048563957214,,,,,,,
77,15599,0.43277883529663086,0.2032875269651413,0.5760433077812195,0.6931040287017822,,,,,,,
77,15599,,,,,0.4962565302848816,0.5059231519699097,0.8952077627182007,0.5273253321647644,0.24868394434452057,0.6251649260520935,0.6930471658706665
78,15699,0.6554487943649292,0.2975904643535614,0.7044063210487366,0.6930959224700928,,,,,,,
78,15799,0.5412988066673279,0.27162566781044006,0.616226315498352,0.6931062936782837,,,,,,,
78,15799,,,,,0.4952665865421295,0.5037804841995239,0.9208617210388184,0.5220889449119568,0.24699969589710236,0.6216415166854858,0.69310462474823
79,15899,0.5931528806686401,0.2739816904067993,0.6657088398933411,0.6930752992630005,,,,,,,
79,15999,0.5845906734466553,0.2403189241886139,0.6907791495323181,0.6930148601531982,,,,,,,
79,15999,,,,,0.4963286519050598,0.5059627294540405,0.9289149641990662,0.5449138879776001,0.24859975278377533,0.6428410410881042,0.6930539608001709
80,16099,0.524451494216919,0.2074107676744461,0.6635695695877075,0.6930577158927917,,,,,,,
80,16199,0.46531373262405396,0.21342922747135162,0.5984373688697815,0.6931056976318359,,,,,,,
80,16199,,,,,0.49314120411872864,0.5039341449737549,0.9373906254768372,0.5077709555625916,0.24467189610004425,0.6096485257148743,0.6930989027023315
81,16299,0.5645563006401062,0.24882911145687103,0.6622780561447144,0.6931017637252808,,,,,,,
81,16399,0.5411503314971924,0.26953887939453125,0.6181719899177551,0.6931210160255432,,,,,,,
81,16399,,,,,0.49186018109321594,0.5116621851921082,0.8953902721405029,0.5125048160552979,0.2435435652732849,0.6153850555419922,0.6928477883338928
82,16499,0.52677321434021,0.25532567501068115,0.617633044719696,0.6923710107803345,,,,,,,
82,16599,0.6072452664375305,0.26585710048675537,0.6879286766052246,0.6930810213088989,,,,,,,
82,16599,,,,,0.4913930296897888,0.5130165219306946,0.9340527653694153,0.5643680691719055,0.24491998553276062,0.6658278107643127,0.6927595138549805
83,16699,0.5655866265296936,0.2786683440208435,0.6334819793701172,0.6931273937225342,,,,,,,
83,16799,0.5325083136558533,0.2309645116329193,0.6479838490486145,0.6928800344467163,,,,,,,
83,16799,,,,,0.4954177737236023,0.5151656270027161,0.9376769661903381,0.5288094878196716,0.24711626768112183,0.6279957294464111,0.6926051378250122
84,16899,0.5027631521224976,0.23009896278381348,0.6192259788513184,0.6931235194206238,,,,,,,
84,16999,0.4591138958930969,0.23350419104099274,0.5717625617980957,0.6923056840896606,,,,,,,
84,16999,,,,,0.4934743046760559,0.5139726400375366,0.9361845254898071,0.5232998728752136,0.24493037164211273,0.6247209906578064,0.6927027702331543
85,17099,0.4752155840396881,0.23547658324241638,0.5859904289245605,0.6925029158592224,,,,,,,
85,17199,0.4787791967391968,0.22853335738182068,0.5967223644256592,0.6929531097412109,,,,,,,
85,17199,,,,,0.49445533752441406,0.5089458227157593,0.9130111336708069,0.5260359048843384,0.24625782668590546,0.6262407898902893,0.6929255723953247
86,17299,0.47296929359436035,0.21808461844921112,0.6014450788497925,0.6931208372116089,,,,,,,
86,17399,0.5317384600639343,0.2362889051437378,0.641968846321106,0.6930385828018188,,,,,,,
86,17399,,,,,0.5007802844047546,0.5058608055114746,0.9355871081352234,0.5474382042884827,0.25261563062667847,0.6413468718528748,0.6930486559867859
87,17499,0.4372137784957886,0.21026894450187683,0.5735024809837341,0.693115234375,,,,,,,
87,17599,0.4580461382865906,0.217798113822937,0.5865497589111328,0.6926034688949585,,,,,,,
87,17599,,,,,0.4924837350845337,0.507004976272583,0.901447057723999,0.5004096627235413,0.24437786638736725,0.6025408506393433,0.6930180191993713
88,17699,0.568891167640686,0.26704806089401245,0.6481568217277527,0.6926274299621582,,,,,,,
88,17799,0.5727195739746094,0.24938462674617767,0.6697410345077515,0.6928122043609619,,,,,,,
88,17799,,,,,0.49393606185913086,0.5057849884033203,0.9018508791923523,0.5209026336669922,0.2461702525615692,0.6212558746337891,0.6930468678474426
89,17899,0.532103419303894,0.2597554624080658,0.6189093589782715,0.693122923374176,,,,,,,
89,17999,0.43743807077407837,0.19421474635601044,0.5894428491592407,0.692439079284668,,,,,,,
89,17999,,,,,0.48888128995895386,0.5189335346221924,0.8930005431175232,0.5103681087493896,0.24095164239406586,0.615607738494873,0.6923826336860657
90,18099,0.47352147102355957,0.23548157513141632,0.5845810174942017,0.6930822134017944,,,,,,,
90,18199,0.46359825134277344,0.22376033663749695,0.586374819278717,0.6930737495422363,,,,,,,
90,18199,,,,,0.49101054668426514,0.5101106762886047,0.9300751090049744,0.518744945526123,0.24244467914104462,0.6227439641952515,0.6928874254226685
91,18299,0.5202999114990234,0.22727441787719727,0.6395775079727173,0.6931040287017822,,,,,,,
91,18399,0.5770000219345093,0.2919408082962036,0.6316015124320984,0.6930845975875854,,,,,,,
91,18399,,,,,0.49183085560798645,0.5036114454269409,0.9159432649612427,0.4868883788585663,0.24346385896205902,0.5899773836135864,0.6931058168411255
92,18499,0.45529448986053467,0.2290308177471161,0.5728266835212708,0.6931259632110596,,,,,,,
92,18599,0.46569639444351196,0.20909415185451508,0.6031259298324585,0.6930474042892456,,,,,,,
92,18599,,,,,0.491130530834198,0.5036086440086365,0.9043194055557251,0.5320984125137329,0.24369928240776062,0.6349523663520813,0.6931064128875732
93,18699,0.529455304145813,0.23293320834636688,0.6420789361000061,0.6911137700080872,,,,,,,
93,18799,0.42884939908981323,0.2141326367855072,0.5612568855285645,0.6930803060531616,,,,,,,
93,18799,,,,,0.4951237738132477,0.5046047568321228,0.915248453617096,0.5124983787536621,0.24710875749588013,0.6119312644004822,0.6930832862854004
94,18899,0.38802042603492737,0.1840423345565796,0.5505166053771973,0.693077027797699,,,,,,,
94,18999,0.5328859090805054,0.24145817756652832,0.6379450559616089,0.6930346488952637,,,,,,,
94,18999,,,,,0.4921596050262451,0.5048142671585083,0.9290871024131775,0.5326185822486877,0.24418571591377258,0.6349711418151855,0.6930766105651855
95,19099,0.5487737655639648,0.2599116861820221,0.6353230476379395,0.6929218173027039,,,,,,,
95,19199,0.39438122510910034,0.1984281837940216,0.5425047874450684,0.6931034326553345,,,,,,,
95,19199,,,,,0.4862159192562103,0.5055038332939148,0.9255834817886353,0.4787573516368866,0.23818354308605194,0.5871049761772156,0.6930624842643738
96,19299,0.529738187789917,0.25902026891708374,0.6172519326210022,0.6930680274963379,,,,,,,
96,19399,0.5444785356521606,0.25695258378982544,0.6340835690498352,0.6931151747703552,,,,,,,
96,19399,,,,,0.48992660641670227,0.5045921206474304,0.9356846809387207,0.4755585789680481,0.2422725409269333,0.5798283219337463,0.6930844783782959
97,19499,0.41307178139686584,0.21333695948123932,0.5461927056312561,0.6929157376289368,,,,,,,
97,19599,0.3610698878765106,0.19836965203285217,0.509251594543457,0.6931026577949524,,,,,,,
97,19599,,,,,0.48743313550949097,0.5038149952888489,0.9162287712097168,0.48029905557632446,0.23942530155181885,0.5874248147010803,0.6931021213531494
98,19699,0.4600498378276825,0.21473324298858643,0.5918651819229126,0.6930971741676331,,,,,,,
98,19799,0.4732980728149414,0.2406638264656067,0.5784460306167603,0.6916235685348511,,,,,,,
98,19799,,,,,0.49180370569229126,0.5320727825164795,0.9309388995170593,0.5063205361366272,0.24330948293209076,0.6085230112075806,0.6910237073898315
99,19899,0.480668306350708,0.24169538915157318,0.5854677557945251,0.692989706993103,,,,,,,
99,19999,0.5414279699325562,0.26121288537979126,0.6267694234848022,0.6931086778640747,,,,,,,
99,19999,,,,,0.48982080817222595,0.5044314861297607,0.9162207841873169,0.5085744261741638,0.24167023599147797,0.6134496927261353,0.6930909156799316
100,20099,0.537848949432373,0.26934757828712463,0.6147797703742981,0.6925568580627441,,,,,,,
100,20199,0.45169931650161743,0.22265282273292542,0.5755739212036133,0.6930547952651978,,,,,,,
100,20199,,,,,0.49925529956817627,0.5044203400611877,0.9325770735740662,0.5358033776283264,0.25106334686279297,0.6312837600708008,0.6930875778198242
101,20299,0.49502187967300415,0.22804677486419678,0.6135127544403076,0.6930752992630005,,,,,,,
101,20399,0.4647621810436249,0.22440944612026215,0.5867971181869507,0.6928887963294983,,,,,,,
101,20399,,,,,0.4866095185279846,0.5045948624610901,0.8900980949401855,0.4969908893108368,0.23864991962909698,0.6048824787139893,0.6930830478668213
102,20499,0.5197089910507202,0.24914397299289703,0.6170739531517029,0.6930178999900818,,,,,,,
102,20599,0.5274024605751038,0.2667599320411682,0.6070359945297241,0.6927869319915771,,,,,,,
102,20599,,,,,0.4862208962440491,0.5052329897880554,0.9460660219192505,0.4805549681186676,0.23867085576057434,0.5884166955947876,0.6930651068687439
103,20699,0.6907415390014648,0.2897249460220337,0.7469605803489685,0.6918879151344299,,,,,,,
103,20799,0.4842810034751892,0.2512664794921875,0.5795634984970093,0.6930979490280151,,,,,,,
103,20799,,,,,0.4875260591506958,0.5103179812431335,0.9376946091651917,0.493519127368927,0.23953212797641754,0.6004412174224854,0.692908525466919
104,20899,0.49568310379981995,0.25002989172935486,0.5919598937034607,0.6926133036613464,,,,,,,
104,20999,0.4821876287460327,0.2472745031118393,0.5814459919929504,0.6930657625198364,,,,,,,
104,20999,,,,,0.4889453649520874,0.5037647485733032,0.9175070524215698,0.5149053931236267,0.2414221614599228,0.6200351715087891,0.6931039094924927
105,21099,0.41492128372192383,0.24243775010108948,0.5189281702041626,0.6928892135620117,,,,,,,
105,21199,0.47259092330932617,0.24697330594062805,0.5719310641288757,0.692626953125,,,,,,,
105,21199,,,,,0.48934727907180786,0.5129735469818115,0.9032592177391052,0.498726487159729,0.24159613251686096,0.6035192608833313,0.6927779912948608
106,21299,0.4822717607021332,0.22603020071983337,0.6027980446815491,0.6931129097938538,,,,,,,
106,21399,0.5291430950164795,0.26593542098999023,0.6095889210700989,0.692762553691864,,,,,,,
106,21399,,,,,0.48759087920188904,0.5140686631202698,0.9416142702102661,0.48315733671188354,0.2393932044506073,0.5901167392730713,0.6927050352096558
107,21499,0.5327344536781311,0.25917795300483704,0.6199831962585449,0.6928533315658569,,,,,,,
107,21599,0.4392460584640503,0.2367146909236908,0.5490297079086304,0.6929967403411865,,,,,,,
107,21599,,,,,0.4889374375343323,0.5141102075576782,0.9371030926704407,0.49314627051353455,0.24077531695365906,0.5987334847450256,0.6927248239517212
108,21699,0.5869139432907104,0.25937655568122864,0.6740942001342773,0.6931135654449463,,,,,,,
108,21799,0.4542846083641052,0.2586846649646759,0.5421388745307922,0.6930779218673706,,,,,,,
108,21799,,,,,0.4898265302181244,0.5056444406509399,0.9455914497375488,0.4919760823249817,0.2417035847902298,0.5968009829521179,0.6930570006370544
109,21899,0.5890092253684998,0.2963438034057617,0.6392207741737366,0.6931107044219971,,,,,,,
109,21999,0.4997207820415497,0.24262160062789917,0.6036621332168579,0.6931259036064148,,,,,,,
109,21999,,,,,0.48657727241516113,0.5029346942901611,0.9302969574928284,0.478707492351532,0.23848667740821838,0.5867807865142822,0.6931200623512268
110,22099,0.435336172580719,0.21401357650756836,0.5677987933158875,0.6929523944854736,,,,,,,
110,22199,0.41643226146698,0.21974506974220276,0.5432279109954834,0.6930813789367676,,,,,,,
110,22199,,,,,0.4873286783695221,0.505452036857605,0.8985602259635925,0.4671904742717743,0.23917242884635925,0.5745480060577393,0.6930598020553589
111,22299,0.40313416719436646,0.20981928706169128,0.5398422479629517,0.6930547952651978,,,,,,,
111,22399,0.3151557743549347,0.1878339797258377,0.4738694131374359,0.6930952668190002,,,,,,,
111,22399,,,,,0.48628777265548706,0.5046491026878357,0.9240718483924866,0.44247937202453613,0.2383783608675003,0.5506429672241211,0.6930838823318481
112,22499,0.537975013256073,0.2747723162174225,0.6097264289855957,0.6930474042892456,,,,,,,
112,22599,0.49573659896850586,0.22656016051769257,0.6157134771347046,0.693074107170105,,,,,,,
112,22599,,,,,0.49213871359825134,0.5067782402038574,0.9333672523498535,0.49014028906822205,0.24427607655525208,0.5923812389373779,0.6930339336395264
113,22699,0.5210480690002441,0.2580750286579132,0.6095218062400818,0.6930975317955017,,,,,,,
113,22799,0.4554729759693146,0.2546022832393646,0.5473791360855103,0.6930169463157654,,,,,,,
113,22799,,,,,0.4861389398574829,0.5065466165542603,0.9414578676223755,0.48228830099105835,0.2378547489643097,0.5909460186958313,0.6930248737335205
114,22899,0.4564449191093445,0.22920110821723938,0.5737969875335693,0.6931062936782837,,,,,,,
114,22999,0.5127929449081421,0.2414740025997162,0.6178178191184998,0.6929977536201477,,,,,,,
114,22999,,,,,0.4895283281803131,0.5122142434120178,0.8965084552764893,0.49675363302230835,0.24153301119804382,0.6016196608543396,0.6927979588508606
115,23099,0.4974314570426941,0.24025031924247742,0.6037402749061584,0.6931182146072388,,,,,,,
115,23199,0.48688453435897827,0.2618151903152466,0.5716171264648438,0.6930955648422241,,,,,,,
115,23199,,,,,0.48621225357055664,0.5049538016319275,0.9493206739425659,0.4560207426548004,0.23800702393054962,0.5645511746406555,0.6930751204490662
116,23299,0.43545687198638916,0.2401517629623413,0.54163658618927,0.6926629543304443,,,,,,,
116,23399,0.4363587498664856,0.22077447175979614,0.5621218085289001,0.6930750608444214,,,,,,,
116,23399,,,,,0.4870513677597046,0.5041702389717102,0.9010830521583557,0.48305588960647583,0.2388712763786316,0.5907310247421265,0.6930928230285645
117,23499,0.4890997111797333,0.24037198722362518,0.5948435068130493,0.6922315955162048,,,,,,,
117,23599,0.3929139971733093,0.20074456930160522,0.5387052297592163,0.6930716037750244,,,,,,,
117,23599,,,,,0.4826212227344513,0.5082882642745972,0.8980717658996582,0.45539581775665283,0.23554633557796478,0.5663458704948425,0.6929928064346313
118,23699,0.38939088582992554,0.22684438526630402,0.5090135335922241,0.6929340362548828,,,,,,,
118,23799,0.4233313202857971,0.2065361738204956,0.5633371472358704,0.6930840015411377,,,,,,,
118,23799,,,,,0.48580414056777954,0.5060319304466248,0.953810453414917,0.47024935483932495,0.23777566850185394,0.578993022441864,0.6930387020111084
119,23899,0.5117098093032837,0.2690727412700653,0.5890889167785645,0.6929037570953369,,,,,,,
119,23999,0.4187828302383423,0.23202495276927948,0.5332618951797485,0.6930080652236938,,,,,,,
119,23999,,,,,0.4912979006767273,0.5066927671432495,0.9146544337272644,0.4851763844490051,0.2434774935245514,0.5882109999656677,0.6930242776870728
120,24099,0.4601234495639801,0.2417423278093338,0.5649329423904419,0.6931036114692688,,,,,,,
120,24199,0.42465952038764954,0.18444699048995972,0.5866140127182007,0.6928029656410217,,,,,,,
120,24199,,,,,0.48525992035865784,0.5120705962181091,0.9000094532966614,0.4962359666824341,0.2371646612882614,0.6054834723472595,0.6928241848945618
121,24299,0.628106415271759,0.30133360624313354,0.6732867360115051,0.6930278539657593,,,,,,,
121,24399,0.46263638138771057,0.22218799591064453,0.5868425369262695,0.692788302898407,,,,,,,
121,24399,,,,,0.48161372542381287,0.5103091597557068,0.9357183575630188,0.4319637417793274,0.23300324380397797,0.5454135537147522,0.6929061412811279
122,24499,0.49066853523254395,0.2651728093624115,0.5720492601394653,0.6931071281433105,,,,,,,
122,24599,0.4117833077907562,0.24839439988136292,0.509949803352356,0.6931217312812805,,,,,,,
122,24599,,,,,0.4812553822994232,0.5050370693206787,0.9030748009681702,0.44608452916145325,0.23284408450126648,0.5597789287567139,0.6930769085884094
123,24699,0.48858553171157837,0.2617902457714081,0.5733267068862915,0.6930629014968872,,,,,,,
123,24799,0.4186471402645111,0.20849809050559998,0.5566874742507935,0.6930769085884094,,,,,,,
123,24799,,,,,0.4848855435848236,0.5088531970977783,0.9248118996620178,0.4673617482185364,0.23718401789665222,0.5766462683677673,0.6929372549057007
124,24899,0.4872596263885498,0.24589349329471588,0.5879209637641907,0.6931096315383911,,,,,,,
124,24999,0.40902677178382874,0.234648197889328,0.5208242535591125,0.6928912997245789,,,,,,,
124,24999,,,,,0.4833073019981384,0.5045902729034424,0.9162747263908386,0.42546218633651733,0.23560836911201477,0.5363960266113281,0.6930843591690063
125,25099,0.5561937689781189,0.2832607626914978,0.6194099187850952,0.6929538249969482,,,,,,,
125,25199,0.43655744194984436,0.21668890118598938,0.5660005807876587,0.6922640204429626,,,,,,,
125,25199,,,,,0.4885731339454651,0.5137572884559631,0.93607497215271,0.473267138004303,0.24182789027690887,0.5777983069419861,0.6927183270454407
126,25299,0.47437286376953125,0.25545787811279297,0.5654729008674622,0.6931158304214478,,,,,,,
126,25399,0.3546328544616699,0.20219123363494873,0.4989955425262451,0.6931078433990479,,,,,,,
126,25399,,,,,0.4831029176712036,0.5041057467460632,0.9117069244384766,0.44234269857406616,0.23558799922466278,0.5533022284507751,0.6930949687957764
127,25499,0.3911648392677307,0.19973419606685638,0.537977933883667,0.6930946111679077,,,,,,,
127,25599,0.5031306743621826,0.24453243613243103,0.6051578521728516,0.6931192874908447,,,,,,,
127,25599,,,,,0.4828730821609497,0.5040444731712341,0.9115074872970581,0.4506041407585144,0.2345920205116272,0.5625606775283813,0.6930971145629883
128,25699,0.4607548713684082,0.24192799627780914,0.5650833249092102,0.6925128698348999,,,,,,,
128,25799,0.3525010645389557,0.1749977469444275,0.524051308631897,0.6930959820747375,,,,,,,
128,25799,,,,,0.48781445622444153,0.5043820738792419,0.9254476428031921,0.4778905212879181,0.23988108336925507,0.5845553278923035,0.6930917501449585
129,25899,0.5034549236297607,0.24921604990959167,0.6008002161979675,0.6931226253509521,,,,,,,
129,25999,0.37008970975875854,0.21009281277656555,0.5065222978591919,0.693050742149353,,,,,,,
129,25999,,,,,0.483113557100296,0.5048078894615173,0.9042797088623047,0.43760600686073303,0.23520663380622864,0.5489372611045837,0.6930757761001587
130,26099,0.5119345188140869,0.24198608100414276,0.6162781715393066,0.6926594972610474,,,,,,,
130,26199,0.3937465250492096,0.22825762629508972,0.5118955373764038,0.6928133368492126,,,,,,,
130,26199,,,,,0.4783463478088379,0.5115591287612915,0.9007413983345032,0.43648040294647217,0.23036448657512665,0.5525417923927307,0.6928515434265137
131,26299,0.32245248556137085,0.17438319325447083,0.4946187436580658,0.6930989027023315,,,,,,,
131,26399,0.3997575640678406,0.22556644678115845,0.520737886428833,0.6930935382843018,,,,,,,
131,26399,,,,,0.4871101677417755,0.5024471282958984,0.9257911443710327,0.42016565799713135,0.2391379475593567,0.5275920033454895,0.6931284070014954
132,26499,0.39434748888015747,0.22976188361644745,0.5111318230628967,0.6930924654006958,,,,,,,
132,26599,0.5076033473014832,0.26467370986938477,0.5894656181335449,0.6930719614028931,,,,,,,
132,26599,,,,,0.4894906282424927,0.5045356750488281,0.9284740090370178,0.4701560437679291,0.24146629869937897,0.5752303004264832,0.6930811405181885
133,26699,0.4786819815635681,0.250724196434021,0.5745002031326294,0.6930848360061646,,,,,,,
133,26799,0.4637492597103119,0.27310606837272644,0.5372029542922974,0.6931195855140686,,,,,,,
133,26799,,,,,0.48072338104248047,0.503305196762085,0.8999710083007812,0.4139416217803955,0.23319533467292786,0.5273022651672363,0.6931120753288269
134,26899,0.3984825611114502,0.20590128004550934,0.5389683842658997,0.6927741765975952,,,,,,,
134,26999,0.4165463447570801,0.22320392727851868,0.5398000478744507,0.6929152011871338,,,,,,,
134,26999,,,,,0.48615509271621704,0.5114017128944397,0.943138062953949,0.46379992365837097,0.238848477602005,0.5713791847229004,0.6928556561470032
135,27099,0.3647823929786682,0.20978933572769165,0.5015595555305481,0.6931329965591431,,,,,,,
135,27199,0.40584608912467957,0.23638850450515747,0.5159626007080078,0.6930100321769714,,,,,,,
135,27199,,,,,0.4822506904602051,0.5131492018699646,0.8963261842727661,0.44685977697372437,0.23431649804115295,0.5589300990104675,0.6927737593650818
136,27299,0.38306838274002075,0.22451624274253845,0.5050673484802246,0.6930304765701294,,,,,,,
136,27399,0.47003090381622314,0.22978493571281433,0.5867782831192017,0.6930646896362305,,,,,,,
136,27399,,,,,0.48072150349617004,0.5029681324958801,0.9298583269119263,0.45455896854400635,0.23346596956253052,0.5676524043083191,0.6931188702583313
137,27499,0.4375935196876526,0.21930661797523499,0.564805805683136,0.6930378675460815,,,,,,,
137,27599,0.3313549757003784,0.20230263471603394,0.4755365252494812,0.6929683685302734,,,,,,,
137,27599,,,,,0.4820876717567444,0.5082283616065979,0.9279015064239502,0.41406333446502686,0.23380137979984283,0.5267481803894043,0.6929724812507629
138,27699,0.31363818049430847,0.19358943402767181,0.4666023850440979,0.6931073069572449,,,,,,,
138,27799,0.40200453996658325,0.2283129096031189,0.5202444791793823,0.6931056976318359,,,,,,,
138,27799,,,,,0.47967129945755005,0.5164093971252441,0.8959267735481262,0.4284030497074127,0.23185782134532928,0.5428351163864136,0.6925799250602722
139,27899,0.5156896114349365,0.24835346639156342,0.6134511828422546,0.6922301054000854,,,,,,,
139,27999,0.4600667953491211,0.24356204271316528,0.5630640983581543,0.693118691444397,,,,,,,
139,27999,,,,,0.4798464775085449,0.5048164129257202,0.9400258660316467,0.4451408088207245,0.23216982185840607,0.5595093965530396,0.6930767297744751
140,28099,0.4221706688404083,0.22113877534866333,0.5475549101829529,0.6930460333824158,,,,,,,
140,28199,0.4614894390106201,0.250603049993515,0.5574324727058411,0.6930921077728271,,,,,,,
140,28199,,,,,0.47862619161605835,0.5064041614532471,0.9304125905036926,0.401968389749527,0.2303021103143692,0.5181829333305359,0.6930333375930786
141,28299,0.33938705921173096,0.21443280577659607,0.4710376262664795,0.692166805267334,,,,,,,
141,28399,0.43256664276123047,0.24684804677963257,0.5322593450546265,0.6930814981460571,,,,,,,
141,28399,,,,,0.4847068190574646,0.5072546601295471,0.9516757726669312,0.43904516100883484,0.2375304251909256,0.5480239391326904,0.6930183172225952
142,28499,0.5717513561248779,0.2575799524784088,0.660289466381073,0.6922362446784973,,,,,,,
142,28599,0.7922670245170593,0.22126887738704681,0.9174692034721375,0.6929420232772827,,,,,,,
142,28599,,,,,0.4863477647304535,0.5043992400169373,0.9238772988319397,0.7507394552230835,0.2404368370771408,0.8568436503410339,0.6930818557739258
143,28699,0.4850653409957886,0.2667014002799988,0.564805805683136,0.6928837299346924,,,,,,,
143,28799,0.36409133672714233,0.21491780877113342,0.49571412801742554,0.693081259727478,,,,,,,
143,28799,,,,,0.4811674654483795,0.5105699300765991,0.9342458844184875,0.4243237376213074,0.23322847485542297,0.537543773651123,0.6928970813751221
144,28899,0.4751753807067871,0.2642076015472412,0.5574402213096619,0.6929448843002319,,,,,,,
144,28999,0.40044429898262024,0.20081773400306702,0.5460839867591858,0.6929149031639099,,,,,,,
144,28999,,,,,0.4854614734649658,0.5124949216842651,0.8983903527259827,0.44174081087112427,0.23813869059085846,0.5500078797340393,0.6928113698959351
145,29099,0.39963293075561523,0.22798776626586914,0.5179799795150757,0.6926696300506592,,,,,,,
145,29199,0.3935585916042328,0.21460455656051636,0.5254787802696228,0.6930494904518127,,,,,,,
145,29199,,,,,0.47841039299964905,0.5053613185882568,0.9022699594497681,0.3985496759414673,0.23012496531009674,0.5149583220481873,0.693067193031311
146,29299,0.3366513252258301,0.18502375483512878,0.4981802701950073,0.6931054592132568,,,,,,,
146,29399,0.4003845453262329,0.21802006661891937,0.5289149284362793,0.6931009292602539,,,,,,,
146,29399,,,,,0.47744637727737427,0.5056527853012085,0.9014877080917358,0.4224414825439453,0.2293744683265686,0.5395929217338562,0.6930519938468933
147,29499,0.36726048588752747,0.2023547887802124,0.5114654302597046,0.693119466304779,,,,,,,
147,29599,0.508834958076477,0.20130406320095062,0.6540572047233582,0.6930525898933411,,,,,,,
147,29599,,,,,0.4804654121398926,0.5034964680671692,0.9112589359283447,0.4213511347770691,0.23230138421058655,0.5356034636497498,0.6931073069572449
148,29699,0.383100688457489,0.22207966446876526,0.5071417689323425,0.6922415494918823,,,,,,,
148,29799,0.3754062056541443,0.2142183929681778,0.5075664520263672,0.692757248878479,,,,,,,
148,29799,,,,,0.48506951332092285,0.5119034051895142,0.9373480677604675,0.4207088053226471,0.23672455549240112,0.5303979516029358,0.6928271651268005
149,29899,0.4742334485054016,0.2545439600944519,0.5662469863891602,0.6931149959564209,,,,,,,
149,29999,0.3568054437637329,0.21006952226161957,0.4932819902896881,0.6930921077728271,,,,,,,
149,29999,,,,,0.4781351685523987,0.5042961239814758,0.918595552444458,0.4122185707092285,0.2300272136926651,0.5287366509437561,0.6930907368659973
150,30099,0.411127507686615,0.23213030397891998,0.5255126357078552,0.693030834197998,,,,,,,
150,30199,0.3547952473163605,0.21661150455474854,0.4847455620765686,0.6931236386299133,,,,,,,
150,30199,,,,,0.4801608920097351,0.5034658908843994,0.9297487139701843,0.42849594354629517,0.23232972621917725,0.5427204370498657,0.6931084990501404
151,30299,0.42338550090789795,0.21656525135040283,0.5532030463218689,0.6927655935287476,,,,,,,
151,30399,0.5015040636062622,0.2530623972415924,0.5949354767799377,0.6929876208305359,,,,,,,
151,30399,,,,,0.4806990921497345,0.5034116506576538,0.9159183502197266,0.45519542694091797,0.23241163790225983,0.5693389177322388,0.6931100487709045
152,30499,0.44377052783966064,0.2385624349117279,0.5517144799232483,0.6930127143859863,,,,,,,
152,30599,0.45160356163978577,0.2483263909816742,0.5498189926147461,0.6930837035179138,,,,,,,
152,30599,,,,,0.48489636182785034,0.5063731074333191,0.9294554591178894,0.4434453845024109,0.2372608631849289,0.5527046322822571,0.6930403709411621
153,30699,0.44925928115844727,0.24440795183181763,0.5514007806777954,0.6930989027023315,,,,,,,
153,30799,0.48025766015052795,0.2447700798511505,0.5818233489990234,0.6926714777946472,,,,,,,
153,30799,,,,,0.4794875681400299,0.5080219507217407,0.8912524580955505,0.4270741641521454,0.2320948988199234,0.541480541229248,0.6930026412010193
154,30899,0.36711835861206055,0.21639811992645264,0.49712780117988586,0.6928150653839111,,,,,,,
154,30999,0.43804943561553955,0.23461949825286865,0.5497943162918091,0.6927287578582764,,,,,,,
154,30999,,,,,0.4770069420337677,0.5096113681793213,0.8921164274215698,0.3967360854148865,0.22885623574256897,0.5143405199050903,0.6929213404655457
155,31099,0.3651372194290161,0.21503156423568726,0.4966205358505249,0.6930297613143921,,,,,,,
155,31199,0.3339706063270569,0.20031088590621948,0.4802018105983734,0.6930841207504272,,,,,,,
155,31199,,,,,0.4766574203968048,0.5066342353820801,0.8959899544715881,0.43104347586631775,0.2288123071193695,0.5487449169158936,0.6930275559425354
156,31299,0.4833263158798218,0.2464839220046997,0.583325207233429,0.6929656267166138,,,,,,,
156,31399,0.3890936076641083,0.21058885753154755,0.5249884724617004,0.6929674744606018,,,,,,,
156,31399,,,,,0.4802296757698059,0.5091419816017151,0.9448514580726624,0.4090896546840668,0.23231755197048187,0.5232530236244202,0.6929616928100586
157,31499,0.3342633545398712,0.21096684038639069,0.46985459327697754,0.6931161284446716,,,,,,,
157,31599,0.38051077723503113,0.22152239084243774,0.5055296421051025,0.6930825114250183,,,,,,,
157,31599,,,,,0.4785396158695221,0.5026429891586304,0.9266234636306763,0.3953559696674347,0.23065748810768127,0.5112612247467041,0.6931256055831909
158,31699,0.43510758876800537,0.25021329522132874,0.531120777130127,0.6924529075622559,,,,,,,
158,31799,0.611790120601654,0.2965453863143921,0.6617919206619263,0.6930943727493286,,,,,,,
158,31799,,,,,0.47561582922935486,0.5039969086647034,0.9333081245422363,0.40506377816200256,0.2282821387052536,0.5233302712440491,0.6930974721908569
159,31899,0.37169525027275085,0.2028501331806183,0.5153652429580688,0.6930401921272278,,,,,,,
159,31999,0.38261133432388306,0.22092384099960327,0.5082055330276489,0.6930360794067383,,,,,,,
159,31999,,,,,0.4768245220184326,0.5066516995429993,0.8986205458641052,0.405483216047287,0.2295643389225006,0.5224291086196899,0.6930206418037415
160,32099,0.4327695965766907,0.2290332019329071,0.5502257347106934,0.6929787397384644,,,,,,,
160,32199,0.5103386044502258,0.28727513551712036,0.5696172118186951,0.6931074857711792,,,,,,,
160,32199,,,,,0.4835151731967926,0.503795862197876,0.9158816933631897,0.4390961229801178,0.23531046509742737,0.5503371953964233,0.6931028366088867
161,32299,0.47857967019081116,0.2568303644657135,0.5682798624038696,0.6930610537528992,,,,,,,
161,32399,0.3337593376636505,0.21105670928955078,0.4691331684589386,0.692861020565033,,,,,,,
161,32399,,,,,0.4776991605758667,0.51044100522995,0.9363241195678711,0.3774360716342926,0.2296810895204544,0.4942055642604828,0.6929013133049011
162,32499,0.382275253534317,0.2479233294725418,0.4809097945690155,0.693115770816803,,,,,,,
162,32599,0.4352012872695923,0.25985538959503174,0.5214956402778625,0.692299485206604,,,,,,,
162,32599,,,,,0.47696632146835327,0.5193431377410889,0.8935472965240479,0.40143266320228577,0.2292151004076004,0.5183922648429871,0.692349374294281
163,32699,0.43507224321365356,0.24220114946365356,0.5394269227981567,0.6931116580963135,,,,,,,
163,32799,0.4018886685371399,0.22341331839561462,0.5248615145683289,0.6927722692489624,,,,,,,
163,32799,,,,,0.47561463713645935,0.5157939195632935,0.9355297684669495,0.37343668937683105,0.22774143517017365,0.49199992418289185,0.692609429359436
164,32899,0.4081023931503296,0.24720808863639832,0.5074426531791687,0.6930966377258301,,,,,,,
164,32999,0.46497952938079834,0.25964176654815674,0.5518258810043335,0.6929762363433838,,,,,,,
164,32999,,,,,0.47677409648895264,0.5090263485908508,0.8894801735877991,0.39588284492492676,0.22911551594734192,0.51324462890625,0.6929545402526855
165,33099,0.36215460300445557,0.21757684648036957,0.4911370873451233,0.693118691444397,,,,,,,
165,33199,0.3884982168674469,0.2341347336769104,0.5008453130722046,0.6929636597633362,,,,,,,
165,33199,,,,,0.4766477942466736,0.5050371885299683,0.941618025302887,0.40031638741493225,0.22883662581443787,0.5180167555809021,0.6930738687515259
166,33299,0.3734016418457031,0.21206703782081604,0.5078558921813965,0.693042516708374,,,,,,,
166,33399,0.4472563564777374,0.2593379020690918,0.5344672799110413,0.6930976510047913,,,,,,,
166,33399,,,,,0.4813797175884247,0.5037330985069275,0.9192273616790771,0.42433202266693115,0.2343190759420395,0.5365651249885559,0.6931043863296509
167,33499,0.43372082710266113,0.21720141172409058,0.5629697442054749,0.6929006576538086,,,,,,,
167,33599,0.3473585844039917,0.21238231658935547,0.48150861263275146,0.6930646896362305,,,,,,,
167,33599,,,,,0.48102760314941406,0.5028549432754517,0.9140574932098389,0.3916986286640167,0.23275743424892426,0.505501925945282,0.6931214332580566
168,33699,0.3433777987957001,0.2165752649307251,0.4731397032737732,0.6926743388175964,,,,,,,
168,33799,0.3729521930217743,0.20625761151313782,0.5131916403770447,0.6929941773414612,,,,,,,
168,33799,,,,,0.4774836003780365,0.5033722519874573,0.9044941663742065,0.37254470586776733,0.22968611121177673,0.48941415548324585,0.6931111812591553
169,33899,0.3823341429233551,0.23200690746307373,0.4968683123588562,0.6930821537971497,,,,,,,
169,33999,0.36538082361221313,0.2316862940788269,0.48014989495277405,0.6929107904434204,,,,,,,
169,33999,,,,,0.4806714951992035,0.505378007888794,0.8971555829048157,0.4127398431301117,0.23286837339401245,0.5264043211936951,0.6930655837059021
170,34099,0.4030340909957886,0.25671666860580444,0.4928760528564453,0.6931172609329224,,,,,,,
170,34199,0.44150593876838684,0.23580071330070496,0.5520901679992676,0.6927699446678162,,,,,,,
170,34199,,,,,0.47594839334487915,0.5132812261581421,0.9356492757797241,0.3892645239830017,0.22839383780956268,0.5072566866874695,0.6927721500396729
171,34299,0.48825907707214355,0.2587752342224121,0.5759857296943665,0.69300377368927,,,,,,,
171,34399,0.30477747321128845,0.19969125092029572,0.4515901207923889,0.69300776720047,,,,,,,
171,34399,,,,,0.4753444194793701,0.5035349726676941,0.8914127349853516,0.3901783227920532,0.2274053543806076,0.5093268156051636,0.6931076645851135
172,34499,0.4283409118652344,0.25215184688568115,0.5225698351860046,0.6927615404129028,,,,,,,
172,34599,0.4644881784915924,0.27315187454223633,0.5377061367034912,0.6927396655082703,,,,,,,
172,34599,,,,,0.4734538793563843,0.516337513923645,0.9386326670646667,0.37818649411201477,0.22584599256515503,0.49863487482070923,0.6925886869430542
173,34699,0.44127166271209717,0.26643848419189453,0.5213871598243713,0.6931079626083374,,,,,,,
173,34799,0.3710828125476837,0.2287488430738449,0.4888589382171631,0.693049967288971,,,,,,,
173,34799,,,,,0.4787657558917999,0.5142598748207092,0.9290425181388855,0.40605470538139343,0.23126423358917236,0.5211483240127563,0.6927159428596497
174,34899,0.470951110124588,0.2657928466796875,0.5517030954360962,0.6930896639823914,,,,,,,
174,34999,0.4072993993759155,0.2475602924823761,0.5062049627304077,0.6929316520690918,,,,,,,
174,34999,,,,,0.47707873582839966,0.5081725120544434,0.9491804838180542,0.3979625105857849,0.22967618703842163,0.5147829651832581,0.6929932236671448
175,35099,0.3366481065750122,0.2109963595867157,0.47218602895736694,0.6930685043334961,,,,,,,
175,35199,0.34285110235214233,0.23678722977638245,0.4526042938232422,0.6930807828903198,,,,,,,
175,35199,,,,,0.47830522060394287,0.5041564106941223,0.9156761765480042,0.38928574323654175,0.23003074526786804,0.5058023929595947,0.6930949091911316
176,35299,0.3077692985534668,0.21915222704410553,0.435050904750824,0.692867636680603,,,,,,,
176,35399,0.36985450983047485,0.22239506244659424,0.493801474571228,0.6926840543746948,,,,,,,
176,35399,,,,,0.47463908791542053,0.5128825902938843,0.8930709958076477,0.3633319139480591,0.22700825333595276,0.482716828584671,0.6927863955497742
177,35499,0.2818306088447571,0.20239511132240295,0.42558377981185913,0.6922966241836548,,,,,,,
177,35599,0.34087687730789185,0.21128103137016296,0.47606998682022095,0.6929482221603394,,,,,,,
177,35599,,,,,0.4723045825958252,0.5112173557281494,0.896597683429718,0.354462206363678,0.22462977468967438,0.4762694835662842,0.6928743720054626
178,35699,0.35324010252952576,0.20590582489967346,0.4938519299030304,0.6930353045463562,,,,,,,
178,35799,0.3747365474700928,0.21894416213035583,0.5023542046546936,0.6931235790252686,,,,,,,
178,35799,,,,,0.4732307493686676,0.5054999589920044,0.927288293838501,0.35449448227882385,0.22556787729263306,0.4754602015018463,0.6930671334266663
179,35899,0.35751110315322876,0.20696386694908142,0.4970635771751404,0.6930326223373413,,,,,,,
179,35999,0.42313259840011597,0.22006714344024658,0.5496145486831665,0.6930981874465942,,,,,,,
179,35999,,,,,0.47600382566452026,0.5066393613815308,0.9004212617874146,0.3765324354171753,0.2278900295495987,0.49515753984451294,0.6930302977561951
180,36099,0.37892961502075195,0.24430672824382782,0.4808381497859955,0.6924304962158203,,,,,,,
180,36199,0.3346627950668335,0.2114090472459793,0.4698137044906616,0.6931198835372925,,,,,,,
180,36199,,,,,0.4759652614593506,0.5047652125358582,0.9397404193878174,0.3520669639110565,0.22852620482444763,0.4700813293457031,0.693081259727478
181,36299,0.4880158305168152,0.2756001055240631,0.5589743852615356,0.6931172609329224,,,,,,,
181,36399,0.4103037714958191,0.24620401859283447,0.5105771422386169,0.6929547786712646,,,,,,,
181,36399,,,,,0.4752867817878723,0.5093931555747986,0.8920020461082458,0.37009507417678833,0.2271980196237564,0.4893702566623688,0.6929464936256409
182,36499,0.44388628005981445,0.22890540957450867,0.5615329146385193,0.6931040287017822,,,,,,,
182,36599,0.47541844844818115,0.24617576599121094,0.5757919549942017,0.6930985450744629,,,,,,,
182,36599,,,,,0.4803534746170044,0.5046747922897339,0.9117380380630493,1.1526832155262976e+16,0.23266825079917908,1.1526832155262976e+16,0.6930761933326721
183,36699,0.37504246830940247,0.24874064326286316,0.4728623330593109,0.6931210160255432,,,,,,,
183,36799,0.3325643241405487,0.19851484894752502,0.48056283593177795,0.6930267214775085,,,,,,,
183,36799,,,,,0.47411009669303894,0.5059555768966675,0.9041382670402527,0.37582945823669434,0.2266562134027481,0.4956999719142914,0.6930533647537231
184,36899,0.44272392988204956,0.25018802285194397,0.5390920042991638,0.6931122541427612,,,,,,,
184,36999,0.2598169147968292,0.19290506839752197,0.4134412407875061,0.6930587887763977,,,,,,,
184,36999,,,,,0.47253045439720154,0.5040233731269836,0.9182871580123901,0.36994650959968567,0.22480985522270203,0.49168506264686584,0.6930968165397644
185,37099,0.3269457519054413,0.21441641449928284,0.45908161997795105,0.6931045651435852,,,,,,,
185,37199,0.3911828398704529,0.22696146368980408,0.510607123374939,0.6927715539932251,,,,,,,
185,37199,,,,,0.4744938611984253,0.5136697292327881,0.9398208260536194,0.40323179960250854,0.22617681324481964,0.5234331488609314,0.6927565336227417
186,37299,0.408913791179657,0.2574996054172516,0.4979698657989502,0.6931113004684448,,,,,,,
186,37399,0.45578843355178833,0.25466474890708923,0.5476403832435608,0.6930333375930786,,,,,,,
186,37399,,,,,0.4752035140991211,0.511420726776123,0.9285785555839539,0.37067916989326477,0.22767168283462524,0.4894351661205292,0.6928556561470032
187,37499,0.3828763961791992,0.24386505782604218,0.48550841212272644,0.6929941177368164,,,,,,,
187,37599,0.4322775900363922,0.2587589621543884,0.5200793147087097,0.6931213736534119,,,,,,,
187,37599,,,,,0.47420480847358704,0.5028204917907715,0.9085148572921753,0.35980063676834106,0.2267223447561264,0.47963881492614746,0.6931209564208984
188,37699,0.3121778666973114,0.21209725737571716,0.4464559257030487,0.6927506327629089,,,,,,,
188,37799,0.31341660022735596,0.21925780177116394,0.44065842032432556,0.6929992437362671,,,,,,,
188,37799,,,,,0.47466665506362915,0.5076491832733154,0.9309287071228027,0.37763938307762146,0.22690321505069733,0.49723491072654724,0.6929975152015686
189,37899,0.24930500984191895,0.18265540897846222,0.4131893813610077,0.6930795907974243,,,,,,,
189,37999,0.35342204570770264,0.2185211479663849,0.4813615381717682,0.6929212808609009,,,,,,,
189,37999,,,,,0.4712584912776947,0.5062183737754822,0.9330549836158752,0.3434978723526001,0.22343485057353973,0.46658578515052795,0.6930456757545471
190,38099,0.49357467889785767,0.26347237825393677,0.5766429901123047,0.6930813789367676,,,,,,,
190,38199,0.3329188823699951,0.21571433544158936,0.46366095542907715,0.6929128170013428,,,,,,,
190,38199,,,,,0.47249409556388855,0.5080424547195435,0.8896353244781494,0.3767102360725403,0.22499454021453857,0.4982115626335144,0.6929916143417358
191,38299,0.39261502027511597,0.2503756284713745,0.4887712001800537,0.6930636167526245,,,,,,,
191,38399,0.30713796615600586,0.19256043434143066,0.4611019492149353,0.6930488348007202,,,,,,,
191,38399,,,,,0.4702762961387634,0.508324384689331,0.8909416794776917,0.3359183967113495,0.22307084500789642,0.45934540033340454,0.6929956078529358
192,38499,0.39832115173339844,0.24819627404212952,0.4963722825050354,0.6924948692321777,,,,,,,
192,38599,0.367507666349411,0.24339506030082703,0.4703652858734131,0.692505419254303,,,,,,,
192,38599,,,,,0.4724494218826294,0.5103441476821899,0.9382549524307251,0.37249186635017395,0.22513988614082336,0.49380460381507874,0.6929053068161011
193,38699,0.30805593729019165,0.21117174625396729,0.44342994689941406,0.6930915117263794,,,,,,,
193,38799,0.36611589789390564,0.21569707989692688,0.49667489528656006,0.6925120949745178,,,,,,,
193,38799,,,,,0.4720211923122406,0.5202207565307617,0.9342838525772095,0.3592756986618042,0.22440223395824432,0.48101934790611267,0.6922917366027832
194,38899,0.4373364746570587,0.2591850161552429,0.5246858596801758,0.69306880235672,,,,,,,
194,38999,0.36714860796928406,0.2386350929737091,0.4750749468803406,0.693122923374176,,,,,,,
194,38999,,,,,0.4706524908542633,0.5031284093856812,0.9031191468238831,0.33764272928237915,0.22303885221481323,0.46116212010383606,0.6931165456771851
195,39099,0.3565039038658142,0.23970945179462433,0.46303239464759827,0.6924759149551392,,,,,,,
195,39199,0.3413296043872833,0.22140450775623322,0.4664241373538971,0.6929981112480164,,,,,,,
195,39199,,,,,0.4717876613140106,0.5037913918495178,0.9155678749084473,0.34197360277175903,0.22408705949783325,0.46443837881088257,0.6931036710739136
196,39299,0.416143000125885,0.2591708302497864,0.5035309791564941,0.693117618560791,,,,,,,
196,39399,0.37946704030036926,0.2387339174747467,0.48724159598350525,0.6930169463157654,,,,,,,
196,39399,,,,,0.47283250093460083,0.5039660930633545,0.9398033022880554,0.37832555174827576,0.22520846128463745,0.49966734647750854,0.69310063123703
197,39499,0.3766813278198242,0.22059771418571472,0.5023863911628723,0.6926054954528809,,,,,,,
197,39599,0.3837769329547882,0.2465726137161255,0.4837534427642822,0.693098247051239,,,,,,,
197,39599,,,,,0.47241511940956116,0.5053409934043884,0.9173345565795898,0.3486664593219757,0.22448010742664337,0.47071996331214905,0.6930671334266663
198,39699,0.3100195527076721,0.20675653219223022,0.4498243033885956,0.6931225061416626,,,,,,,
198,39799,0.306593656539917,0.20611721277236938,0.4470449388027191,0.6931369304656982,,,,,,,
198,39799,,,,,0.4726962745189667,0.5031053423881531,0.9072511196136475,0.36053118109703064,0.2249961495399475,0.4820943772792816,0.6931185126304626
199,39899,0.4121319055557251,0.2526478171348572,0.5059219598770142,0.6928757429122925,,,,,,,
199,39999,0.4255768060684204,0.23637855052947998,0.5357456207275391,0.6930947303771973,,,,,,,
199,39999,,,,,0.47435852885246277,0.5027923583984375,0.9098048806190491,0.3611758351325989,0.22645816206932068,0.4812789857387543,0.6931226253509521
200,40099,0.3633078634738922,0.23309874534606934,0.4764951467514038,0.6925720572471619,,,,,,,
200,40199,0.30532020330429077,0.21824213862419128,0.43359610438346863,0.6930360794067383,,,,,,,
200,40199,,,,,0.47258979082107544,0.5054293870925903,0.9323944449424744,0.3321708142757416,0.22460204362869263,0.4541035592556,0.6930694580078125
201,40299,0.29308614134788513,0.1948261260986328,0.4448257386684418,0.6931315064430237,,,,,,,
201,40399,0.3092876076698303,0.20812192559242249,0.4475901424884796,0.6928489208221436,,,,,,,
201,40399,,,,,0.4706398844718933,0.5096843838691711,0.9310168027877808,0.34572604298591614,0.22321362793445587,0.46898171305656433,0.6929388046264648
202,40499,0.3804108500480652,0.2345130443572998,0.4920307993888855,0.6922659873962402,,,,,,,
202,40599,0.30649998784065247,0.19964465498924255,0.4533940851688385,0.6930775046348572,,,,,,,
202,40599,,,,,0.4735337793827057,0.503108024597168,0.9417354464530945,0.36501187086105347,0.22596435248851776,0.48560574650764465,0.693116307258606
203,40699,0.37804916501045227,0.23558109998703003,0.4889439046382904,0.6929516196250916,,,,,,,
203,40799,0.32569676637649536,0.21152590215206146,0.46073827147483826,0.6931347846984863,,,,,,,
203,40799,,,,,0.4730551540851593,0.5036572217941284,0.895136833190918,0.3482888340950012,0.22491516172885895,0.46992623805999756,0.6931052207946777
204,40899,0.4321522116661072,0.26378312706947327,0.5149027109146118,0.693067193031311,,,,,,,
204,40999,0.33170491456985474,0.2227506935596466,0.4555177688598633,0.6931270360946655,,,,,,,
204,40999,,,,,0.47120562195777893,0.5024311542510986,0.9224745035171509,0.34879031777381897,0.22451604902744293,0.4708385765552521,0.6931287050247192
205,41099,0.41643086075782776,0.2581568956375122,0.5048076510429382,0.6930673718452454,,,,,,,
205,41199,0.22599166631698608,0.19387765228748322,0.37866368889808655,0.6930993795394897,,,,,,,
205,41199,,,,,0.4735613465309143,0.5057169198989868,0.9337171316146851,1.346166968345642,0.22609597444534302,1.4666006565093994,0.6930589079856873
206,41299,0.36675411462783813,0.2353609800338745,0.477856308221817,0.692926287651062,,,,,,,
206,41399,0.2545734643936157,0.19101178646087646,0.4100300371646881,0.6929366588592529,,,,,,,
206,41399,,,,,0.47166839241981506,0.5062294602394104,0.9133260846138,0.3353925049304962,0.22439511120319366,0.4575159549713135,0.6930370926856995
207,41499,0.3720831871032715,0.22576448321342468,0.49285492300987244,0.6930724382400513,,,,,,,
207,41599,0.3377033472061157,0.23770800232887268,0.44652295112609863,0.6930551528930664,,,,,,,
207,41599,,,,,0.47264114022254944,0.5070496201515198,0.9357855319976807,0.34157615900039673,0.22527426481246948,0.4628165364265442,0.6930292248725891
208,41699,0.3511318564414978,0.20951548218727112,0.4881153106689453,0.6929978132247925,,,,,,,
208,41799,0.3392724394798279,0.21322152018547058,0.47255539894104004,0.6930090188980103,,,,,,,
208,41799,,,,,0.4723954498767853,0.5031753778457642,0.9120036959648132,0.34185540676116943,0.2246481478214264,0.4637654721736908,0.6931164860725403
209,41899,0.40996021032333374,0.2326381653547287,0.5237228870391846,0.6928017139434814,,,,,,,
209,41999,0.3099369406700134,0.19108366966247559,0.4653838872909546,0.6930612325668335,,,,,,,
209,41999,,,,,0.4688704013824463,0.5057772994041443,0.9049097895622253,0.3327486515045166,0.22135066986083984,0.4579261243343353,0.6930561661720276
210,42099,0.28907889127731323,0.21367527544498444,0.4219686985015869,0.6931301355361938,,,,,,,
210,42199,0.277296781539917,0.21148976683616638,0.41233888268470764,0.6930637359619141,,,,,,,
210,42199,,,,,0.4706963002681732,0.5090230107307434,0.940362811088562,0.3351520299911499,0.22284851968288422,0.45878034830093384,0.6929538249969482
211,42299,0.2718272805213928,0.20584970712661743,0.41253039240837097,0.6931055784225464,,,,,,,
211,42399,0.3477478623390198,0.22970223426818848,0.46457114815711975,0.6930509805679321,,,,,,,
211,42399,,,,,0.4735167622566223,0.5039381980895996,0.929103672504425,0.4002574384212494,0.22654502093791962,0.5202620029449463,0.6930991411209106
212,42499,0.2711740732192993,0.18322643637657166,0.43422237038612366,0.692549467086792,,,,,,,
212,42599,0.41196754574775696,0.24913448095321655,0.5093709230422974,0.6930757164955139,,,,,,,
212,42599,,,,,0.4760434031486511,0.5041736960411072,0.9221469163894653,0.355906218290329,0.22836153209209442,0.4740913212299347,0.6930933594703674
213,42699,0.291517436504364,0.2142610251903534,0.4237247109413147,0.6929365396499634,,,,,,,
213,42799,0.32086610794067383,0.19911491870880127,0.4682404100894928,0.6929783821105957,,,,,,,
213,42799,,,,,0.47114476561546326,0.5060606002807617,0.9216458201408386,0.3568413257598877,0.22373470664024353,0.4796352684497833,0.6930571794509888
214,42899,0.36163029074668884,0.2283313274383545,0.4798387885093689,0.6930796504020691,,,,,,,
214,42999,0.3680179715156555,0.23734858632087708,0.47714728116989136,0.6929558515548706,,,,,,,
214,42999,,,,,0.4728247821331024,0.5085978507995605,0.9002864360809326,0.36503076553344727,0.22493170201778412,0.4865855276584625,0.6929728388786316
215,43099,0.4048721194267273,0.25208020210266113,0.4993419051170349,0.6930999755859375,,,,,,,
215,43199,0.3539353609085083,0.21787969768047333,0.4825192987918854,0.6929272413253784,,,,,,,
215,43199,,,,,0.47232621908187866,0.5065296292304993,0.8996152281761169,0.357845276594162,0.22487138211727142,0.4794948697090149,0.6930419206619263
216,43299,0.3850739002227783,0.23127253353595734,0.5002286434173584,0.6928545236587524,,,,,,,
216,43399,0.21056973934173584,0.16821366548538208,0.3889194428920746,0.6931266784667969,,,,,,,
216,43399,,,,,0.4708123803138733,0.5030457377433777,0.9273392558097839,0.3612344563007355,0.22381992638111115,0.48397356271743774,0.6931180357933044
217,43499,0.27128446102142334,0.19034376740455627,0.42735719680786133,0.6928329467773438,,,,,,,
217,43599,0.3632150888442993,0.22368212044239044,0.4860413074493408,0.6930166482925415,,,,,,,
217,43599,,,,,0.47237661480903625,0.5028604865074158,0.9090351462364197,0.3313995599746704,0.22519725561141968,0.45276331901550293,0.6931220889091492
218,43699,0.33283531665802,0.2219833880662918,0.4573935270309448,0.6930831670761108,,,,,,,
218,43799,0.32018542289733887,0.222554013133049,0.44417375326156616,0.693084716796875,,,,,,,
218,43799,,,,,0.4708911180496216,0.5036607980728149,0.9063844680786133,0.32695379853248596,0.22383961081504822,0.4496666491031647,0.6931048035621643
219,43899,0.2327633500099182,0.2026214748620987,0.37670570611953735,0.6931276321411133,,,,,,,
219,43999,0.27555418014526367,0.19369001686573029,0.4283748269081116,0.693021297454834,,,,,,,
219,43999,,,,,0.4716144800186157,0.5077803730964661,0.9291490912437439,0.36012572050094604,0.22453778982162476,0.48209288716316223,0.6930099725723267
220,44099,0.3039107322692871,0.22320213913917542,0.42707183957099915,0.6927264928817749,,,,,,,
220,44199,0.41422349214553833,0.2712590992450714,0.48949235677719116,0.6930559873580933,,,,,,,
220,44199,,,,,0.47163689136505127,0.5069571733474731,0.9289401769638062,0.33044371008872986,0.22448883950710297,0.4524706304073334,0.6930314898490906
221,44299,0.3280423581600189,0.2415217161178589,0.43303602933883667,0.6930307745933533,,,,,,,
221,44399,0.27780860662460327,0.18752823770046234,0.4367624819278717,0.6929641962051392,,,,,,,
221,44399,,,,,0.469446063041687,0.5076685547828674,0.8973932862281799,0.31390437483787537,0.2215648591518402,0.4388430118560791,0.6930069327354431
222,44499,0.3641012907028198,0.2507842183113098,0.4598838686943054,0.6931335926055908,,,,,,,
222,44599,0.4344589114189148,0.23478761315345764,0.5459809303283691,0.6926192045211792,,,,,,,
222,44599,,,,,0.4742475748062134,0.5138683319091797,0.8916662335395813,0.384192556142807,0.22716934978961945,0.5033913850784302,0.6927363276481628
223,44699,0.30744636058807373,0.20499035716056824,0.44897669553756714,0.6930413246154785,,,,,,,
223,44799,0.3641992211341858,0.21507567167282104,0.49567899107933044,0.6931108236312866,,,,,,,
223,44799,,,,,0.4732435345649719,0.5044955015182495,0.9182221293449402,0.34426623582839966,0.22564272582530975,0.46516650915145874,0.6930860877037048
224,44899,0.25263696908950806,0.2075025588274002,0.39153146743774414,0.6927940845489502,,,,,,,
224,44999,0.2773098945617676,0.21044529974460602,0.4133635461330414,0.692997932434082,,,,,,,
224,44999,,,,,0.471002459526062,0.5116574764251709,0.9338288903236389,0.32848477363586426,0.22334708273410797,0.4515601694583893,0.6928451061248779
225,45099,0.30225440859794617,0.22443266212940216,0.42418259382247925,0.6927216649055481,,,,,,,
225,45199,0.45249712467193604,0.2786700427532196,0.5203166007995605,0.692979097366333,,,,,,,
225,45199,,,,,0.46975183486938477,0.5050848126411438,0.89336097240448,0.3227439820766449,0.2219231128692627,0.4473591446876526,0.693076491355896
226,45299,0.38905125856399536,0.2121484875679016,0.5234563946723938,0.6931072473526001,,,,,,,
226,45399,0.3664371073246002,0.2536284327507019,0.4592023491859436,0.6927873492240906,,,,,,,
226,45399,,,,,0.4700544774532318,0.5103720426559448,0.8957780003547668,0.321015328168869,0.22327718138694763,0.4441947340965271,0.6929131150245667
227,45499,0.42736712098121643,0.2613030672073364,0.5125940442085266,0.6930599808692932,,,,,,,
227,45599,0.3602556586265564,0.24333569407463074,0.46348047256469727,0.693121075630188,,,,,,,
227,45599,,,,,0.47217899560928345,0.5037810206413269,0.8778662085533142,0.33839917182922363,0.22421947121620178,0.46073248982429504,0.6931055784225464
228,45699,0.30803781747817993,0.22477608919143677,0.42976832389831543,0.6930131912231445,,,,,,,
228,45799,0.3315587043762207,0.21442827582359314,0.4636501967906952,0.6930395364761353,,,,,,,
228,45799,,,,,0.4730021059513092,0.5086840987205505,0.8945293426513672,0.32856589555740356,0.22502586245536804,0.45003291964530945,0.6929855942726135
229,45899,0.30982741713523865,0.19405508041381836,0.4622640609741211,0.6929834485054016,,,,,,,
229,45999,0.3664420247077942,0.22850556671619415,0.4844806492328644,0.6930884122848511,,,,,,,
229,45999,,,,,0.4709112048149109,0.5028483271598816,0.9150416851043701,0.30826860666275024,0.2232038676738739,0.4316254258155823,0.6931213140487671
230,46099,0.3842630982398987,0.25340384244918823,0.4774150848388672,0.6931116580963135,,,,,,,
230,46199,0.3203413486480713,0.2283594161272049,0.43834444880485535,0.6927250623703003,,,,,,,
230,46199,,,,,0.46773162484169006,0.516075074672699,0.8895664811134338,0.3509155511856079,0.2204756736755371,0.47674763202667236,0.692615270614624
231,46299,0.29544880986213684,0.2206563949584961,0.42134758830070496,0.6931104063987732,,,,,,,
231,46399,0.33396393060684204,0.2246025800704956,0.45578455924987793,0.692846417427063,,,,,,,
231,46399,,,,,0.4714549779891968,0.5082153081893921,0.8910216689109802,0.34118735790252686,0.22399693727493286,0.46367964148521423,0.6929782629013062
232,46499,0.35427242517471313,0.21501335501670837,0.4858250617980957,0.6931320428848267,,,,,,,
232,46599,0.3374905288219452,0.2353331744670868,0.44871869683265686,0.6931226849555969,,,,,,,
232,46599,,,,,0.468030720949173,0.505859911441803,0.9352226853370667,0.3025192618370056,0.22087883949279785,0.42816829681396484,0.6930556893348694
233,46699,0.31804388761520386,0.2446807622909546,0.4199295938014984,0.6931329965591431,,,,,,,
233,46799,0.2804633378982544,0.1960732340812683,0.43089669942855835,0.6930131912231445,,,,,,,
233,46799,,,,,0.4676528871059418,0.5030034184455872,0.9344443082809448,0.3073761463165283,0.22016191482543945,0.4337734282016754,0.6931182146072388
234,46899,0.3368387222290039,0.22076670825481415,0.4625631868839264,0.6929823160171509,,,,,,,
234,46999,0.3305407464504242,0.24196003377437592,0.43510928750038147,0.693057119846344,,,,,,,
234,46999,,,,,0.4710403084754944,0.5106791853904724,0.9331936240196228,0.3106527030467987,0.22345775365829468,0.4336394667625427,0.6928890943527222
235,47099,0.3407721519470215,0.22904717922210693,0.4582340717315674,0.6930181980133057,,,,,,,
235,47199,0.3893367350101471,0.23926907777786255,0.49650809168815613,0.6928808093070984,,,,,,,
235,47199,,,,,0.4699636995792389,0.5167800784111023,0.8932440876960754,0.3481433689594269,0.22272232174873352,0.4717027246952057,0.6925634145736694
236,47299,0.31005755066871643,0.21503137052059174,0.4415605962276459,0.69306880235672,,,,,,,
236,47399,0.20797857642173767,0.20182064175605774,0.35270825028419495,0.69310063123703,,,,,,,
236,47399,,,,,0.46958428621292114,0.5036653876304626,0.9120266437530518,0.2923120856285095,0.22238582372665405,0.41647961735725403,0.6931067705154419
237,47499,0.38636457920074463,0.24422778189182281,0.48869815468788147,0.6931227445602417,,,,,,,
237,47599,0.2542082667350769,0.1943356990814209,0.4064294695854187,0.6931138038635254,,,,,,,
237,47599,,,,,0.47102248668670654,0.5035811066627502,0.9015517830848694,0.31854647397994995,0.2233428955078125,0.4417573809623718,0.6931077241897583
238,47699,0.29637235403060913,0.24282687902450562,0.4001021981239319,0.6931134462356567,,,,,,,
238,47799,0.28616863489151,0.20695918798446655,0.4257635772228241,0.6931082010269165,,,,,,,
238,47799,,,,,0.47280648350715637,0.5029014945030212,0.9191235303878784,0.3220091760158539,0.2250361144542694,0.4435335695743561,0.6931209564208984
239,47899,0.3733859956264496,0.24481002986431122,0.47505584359169006,0.692959725856781,,,,,,,
239,47999,0.28594496846199036,0.21031829714775085,0.4218950867652893,0.6925367712974548,,,,,,,
239,47999,,,,,0.4702560305595398,0.5179504752159119,0.9356070756912231,0.3183704614639282,0.22272701561450958,0.4418855309486389,0.6924841403961182
240,48099,0.3158193528652191,0.24471376836299896,0.41766029596328735,0.6931094527244568,,,,,,,
240,48199,0.29570212960243225,0.1929481029510498,0.44931361079216003,0.6931192278862,,,,,,,
240,48199,,,,,0.4704599380493164,0.502805769443512,0.916646420955658,0.3516109883785248,0.2231701761484146,0.4750017523765564,0.6931217908859253
241,48299,0.3702933192253113,0.25199753046035767,0.46486181020736694,0.6931320428848267,,,,,,,
241,48399,0.47235989570617676,0.26875782012939453,0.5501627922058105,0.6931214332580566,,,,,,,
241,48399,,,,,0.4687017500400543,0.503132700920105,0.9130957126617432,0.31732290983200073,0.22188709676265717,0.4419941008090973,0.6931166648864746
242,48499,0.241197407245636,0.21006552875041962,0.37769514322280884,0.6931265592575073,,,,,,,
242,48599,0.21502208709716797,0.17812490463256836,0.3834409713745117,0.6930875778198242,,,,,,,
242,48599,,,,,0.4704936742782593,0.5038910508155823,0.909496545791626,0.32480186223983765,0.22289183735847473,0.4484615921974182,0.6931031942367554
243,48699,0.19449546933174133,0.16883797943592072,0.3721936047077179,0.6930722594261169,,,,,,,
243,48799,0.27779772877693176,0.20880959928035736,0.4155467748641968,0.6931173205375671,,,,,,,
243,48799,,,,,0.4724259078502655,0.5051602721214294,0.9197301268577576,0.30175578594207764,0.22526633739471436,0.42302462458610535,0.6930703520774841
244,48899,0.3065871000289917,0.2315399944782257,0.4216046929359436,0.693115234375,,,,,,,
244,48999,0.2280791997909546,0.19138836860656738,0.38325953483581543,0.6931374073028564,,,,,,,
244,48999,,,,,0.46532589197158813,0.5024845004081726,0.8954094648361206,0.2904583513736725,0.21795043349266052,0.41907232999801636,0.693128764629364
245,49099,0.31163647770881653,0.22025206685066223,0.437882661819458,0.6929964423179626,,,,,,,
245,49199,0.31187984347343445,0.25066640973091125,0.4077739715576172,0.6931210160255432,,,,,,,
245,49199,,,,,0.4695853292942047,0.5026242136955261,0.9172073006629944,0.299620658159256,0.22197051346302032,0.42421266436576843,0.6931252479553223
246,49299,0.4170754551887512,0.2857211232185364,0.4778108298778534,0.6929129362106323,,,,,,,
246,49399,0.33297082781791687,0.21740475296974182,0.462097704410553,0.6930633187294006,,,,,,,
246,49399,,,,,0.4686526656150818,0.5029443502426147,0.9257776737213135,0.3134777247905731,0.22094769775867462,0.4390900433063507,0.6931201219558716
247,49499,0.37584584951400757,0.23695406317710876,0.48545441031455994,0.6931252479553223,,,,,,,
247,49599,0.34511202573776245,0.24555645883083344,0.4461110830307007,0.6931110620498657,,,,,,,
247,49599,,,,,0.4672433137893677,0.5042428374290466,0.8953144550323486,0.30092093348503113,0.22030512988567352,0.4271647334098816,0.6930978298187256
248,49699,0.2901342213153839,0.2230125069618225,0.41366514563560486,0.6930868029594421,,,,,,,
248,49799,0.31080371141433716,0.2298445850610733,0.42750993371009827,0.6931016445159912,,,,,,,
248,49799,,,,,0.4704798460006714,0.5028424859046936,0.910230278968811,0.3059785068035126,0.22335559129714966,0.42918404936790466,0.6931222081184387
249,49899,0.21679434180259705,0.19057908654212952,0.3727596700191498,0.6930888295173645,,,,,,,
249,49999,0.250554621219635,0.20119404792785645,0.39562106132507324,0.6925209760665894,,,,,,,
249,49999,,,,,0.46913567185401917,0.5198945999145508,0.9346286058425903,0.3195822834968567,0.22230595350265503,0.4434387683868408,0.6923249363899231
250,50099,0.37115657329559326,0.25806206464767456,0.45950838923454285,0.6928277015686035,,,,,,,
250,50199,0.31533315777778625,0.2225983738899231,0.4392843246459961,0.6930990815162659,,,,,,,
250,50199,,,,,0.4665653705596924,0.5029797554016113,0.9022989273071289,0.3380674421787262,0.21974541246891022,0.4648805260658264,0.6931169033050537
251,50299,0.24067160487174988,0.2028532475233078,0.3843752443790436,0.6931137442588806,,,,,,,
251,50399,0.2965541481971741,0.22587642073631287,0.4172404110431671,0.6931253671646118,,,,,,,
251,50399,,,,,0.4678232967853546,0.5048037171363831,0.9077584147453308,0.30277764797210693,0.22123156487941742,0.4280881881713867,0.6930842399597168
252,50499,0.22893977165222168,0.2204740345478058,0.35501885414123535,0.6931061744689941,,,,,,,
252,50599,0.2539155185222626,0.1988072693347931,0.4016455411911011,0.6930745244026184,,,,,,,
252,50599,,,,,0.46528834104537964,0.5033199787139893,0.9190696477890015,0.2929985523223877,0.2188604474067688,0.4206939935684204,0.693111777305603
253,50699,0.3269179165363312,0.21153035759925842,0.4616997241973877,0.6926242709159851,,,,,,,
253,50799,0.2819555997848511,0.21640709042549133,0.41205641627311707,0.6930158138275146,,,,,,,
253,50799,,,,,0.4667009115219116,0.5083168745040894,0.8880947232246399,0.27038517594337463,0.2197851985692978,0.39708948135375977,0.692979097366333
254,50899,0.38171249628067017,0.2414247840642929,0.4868566393852234,0.6931378841400146,,,,,,,
254,50999,0.2096385359764099,0.1996743083000183,0.3564724624156952,0.6930164098739624,,,,,,,
254,50999,,,,,0.4660053551197052,0.505861222743988,0.8981071710586548,0.29473838210105896,0.21934811770915985,0.4219171702861786,0.6930538415908813
255,51099,0.4111250936985016,0.26726341247558594,0.49040257930755615,0.693081796169281,,,,,,,
255,51199,0.31438571214675903,0.2090025693178177,0.4519434869289398,0.6931207180023193,,,,,,,
255,51199,,,,,0.466865211725235,0.5027341246604919,0.9050325751304626,0.28813639283180237,0.21971668303012848,0.4149818420410156,0.6931240558624268
256,51299,0.28218764066696167,0.21535885334014893,0.4133937656879425,0.6931298971176147,,,,,,,
256,51399,0.28743845224380493,0.21692731976509094,0.41704022884368896,0.6930581331253052,,,,,,,
256,51399,,,,,0.46636322140693665,0.513786256313324,0.8884377479553223,0.2949608564376831,0.21936845779418945,0.42196401953697205,0.6927434206008911
257,51499,0.39660385251045227,0.25882160663604736,0.484342098236084,0.6931197047233582,,,,,,,
257,51599,0.26068371534347534,0.20656000077724457,0.40057921409606934,0.6929110288619995,,,,,,,
257,51599,,,,,0.4675869047641754,0.5079909563064575,0.9355128407478333,0.318733274936676,0.22024525701999664,0.44498637318611145,0.6929969191551208
258,51699,0.2708507776260376,0.2163720726966858,0.40028706192970276,0.6916167736053467,,,,,,,
258,51799,0.306182861328125,0.20731234550476074,0.4453907907009125,0.6930406093597412,,,,,,,
258,51799,,,,,0.46977514028549194,0.5108883380889893,0.8990291953086853,0.31860825419425964,0.2221440225839615,0.442905455827713,0.6928825378417969
259,51899,0.2832428812980652,0.21238702535629272,0.41730183362960815,0.6928919553756714,,,,,,,
259,51999,0.21463406085968018,0.18951883912086487,0.37149494886398315,0.6927595138549805,,,,,,,
259,51999,,,,,0.4656136929988861,0.5117499232292175,0.9353623986244202,0.25814637541770935,0.21850039064884186,0.3860718011856079,0.6928514838218689
260,52099,0.3358107805252075,0.22788873314857483,0.454479455947876,0.6931147575378418,,,,,,,
260,52199,0.2128082513809204,0.16888776421546936,0.39043498039245605,0.6930289268493652,,,,,,,
260,52199,,,,,0.4679800271987915,0.5084536671638489,0.8951123356819153,0.29644089937210083,0.2207544893026352,0.4221736788749695,0.692974328994751
261,52299,0.2430180311203003,0.18561485409736633,0.403941810131073,0.6930773258209229,,,,,,,
261,52399,0.22592055797576904,0.20333847403526306,0.3691128194332123,0.6930614709854126,,,,,,,
261,52399,,,,,0.4680977761745453,0.510952353477478,0.9314389824867249,0.30016425251960754,0.22056898474693298,0.42604345083236694,0.6928964853286743
262,52499,0.24047324061393738,0.18828697502613068,0.3987473249435425,0.6931220889091492,,,,,,,
262,52599,0.2803265452384949,0.19253239035606384,0.4343605041503906,0.693132758140564,,,,,,,
262,52599,,,,,0.46683233976364136,0.5018987059593201,0.9038726091384888,0.29511597752571106,0.22005479037761688,0.4216286540031433,0.6931349635124207
263,52699,0.1806841492652893,0.20340180397033691,0.3237830102443695,0.693001389503479,,,,,,,
263,52799,0.28080809116363525,0.21652597188949585,0.4108186364173889,0.693073034286499,,,,,,,
263,52799,,,,,0.46971526741981506,0.5102177858352661,0.9374861121177673,0.29306185245513916,0.22235321998596191,0.4171678423881531,0.6929183602333069
264,52899,0.24368584156036377,0.18326237797737122,0.4069276452064514,0.6930084228515625,,,,,,,
264,52999,0.25148412585258484,0.20987793803215027,0.38815736770629883,0.6931024193763733,,,,,,,
264,52999,,,,,0.466570109128952,0.5061020851135254,0.8908716440200806,0.2689495384693146,0.21910151839256287,0.39637887477874756,0.6930616497993469
265,53099,0.35795384645462036,0.2459803819656372,0.45846420526504517,0.692981481552124,,,,,,,
265,53199,0.380630224943161,0.25610607862472534,0.47107595205307007,0.6931036114692688,,,,,,,
265,53199,,,,,0.46692758798599243,0.5044080018997192,0.9183632135391235,0.294650137424469,0.21933095157146454,0.4218636453151703,0.6930888891220093
266,53299,0.30431926250457764,0.20912283658981323,0.44175824522972107,0.6931235790252686,,,,,,,
266,53399,0.2717320919036865,0.1773989498615265,0.4408546984195709,0.6930431127548218,,,,,,,
266,53399,,,,,0.4664175510406494,0.5061559677124023,0.9002441763877869,0.2792139947414398,0.2191080003976822,0.4066356420516968,0.6930592656135559
267,53499,0.32169485092163086,0.24134203791618347,0.426800400018692,0.6928951740264893,,,,,,,
267,53599,0.2998351454734802,0.23623120784759521,0.4101576507091522,0.6931074857711792,,,,,,,
267,53599,,,,,0.46587446331977844,0.507806122303009,0.8937116861343384,0.2821127474308014,0.21894502639770508,0.4096735417842865,0.6930119395256042
268,53699,0.26560118794441223,0.21180519461631775,0.4002998173236847,0.6930076479911804,,,,,,,
268,53799,0.40282386541366577,0.17169378697872162,0.5776726603507996,0.6930851936340332,,,,,,,
268,53799,,,,,0.46630316972732544,0.5043501853942871,0.8890829682350159,0.28446027636528015,0.21908137202262878,0.41192686557769775,0.6930959820747375
269,53899,0.23116976022720337,0.20196722447872162,0.3757256269454956,0.6930462121963501,,,,,,,
269,53999,0.37781673669815063,0.26090365648269653,0.4634780287742615,0.6931298971176147,,,,,,,
269,53999,,,,,0.46717947721481323,0.5036785006523132,0.9302128553390503,0.28131064772605896,0.22022958099842072,0.40763503313064575,0.6931079626083374
270,54099,0.31584006547927856,0.25493723154067993,0.4074665904045105,0.6931275129318237,,,,,,,
270,54199,0.2677905559539795,0.2197476625442505,0.39422985911369324,0.6923739910125732,,,,,,,
270,54199,,,,,0.46777108311653137,0.5216456055641174,0.9329709410667419,0.31140220165252686,0.22100575268268585,0.43648698925971985,0.6921812891960144
271,54299,0.25971999764442444,0.23926420509815216,0.36702242493629456,0.6931332945823669,,,,,,,
271,54399,0.32322758436203003,0.2583468556404114,0.41137397289276123,0.6929864883422852,,,,,,,
271,54399,,,,,0.46786054968833923,0.5067923069000244,0.9355866312980652,0.2870465815067291,0.2207041084766388,0.4128585159778595,0.6930322647094727
272,54499,0.31679287552833557,0.21382743120193481,0.44951683282852173,0.6931027770042419,,,,,,,
272,54599,0.35498976707458496,0.27163630723953247,0.4299035668373108,0.6931002140045166,,,,,,,
272,54599,,,,,0.46627745032310486,0.5061819553375244,0.8925126791000366,0.2672228217124939,0.2190074920654297,0.39474162459373474,0.6930528283119202
273,54699,0.2133910059928894,0.20038779079914093,0.3595151901245117,0.6930239200592041,,,,,,,
273,54799,0.32569244503974915,0.24659740924835205,0.42565828561782837,0.6931264996528625,,,,,,,
273,54799,,,,,0.4641261398792267,0.5049357414245605,0.9279364347457886,0.2570159137248993,0.21667711436748505,0.3868807256221771,0.6930838823318481
274,54899,0.287894606590271,0.23520156741142273,0.39921215176582336,0.6930382251739502,,,,,,,
274,54999,0.24163633584976196,0.22252920269966125,0.3656630218029022,0.693111777305603,,,,,,,
274,54999,,,,,0.46577221155166626,0.5090533494949341,0.9345658421516418,0.2766144275665283,0.218898206949234,0.40419912338256836,0.6929658055305481
275,55099,0.2648533284664154,0.22634410858154297,0.38507479429244995,0.693131148815155,,,,,,,
275,55199,0.17685770988464355,0.2017068862915039,0.3217081129550934,0.6931145191192627,,,,,,,
275,55199,,,,,0.4654361307621002,0.5033714175224304,0.882584273815155,0.2659256160259247,0.21842308342456818,0.39405834674835205,0.6931116580963135
276,55299,0.32937783002853394,0.2617342472076416,0.4140797555446625,0.6928724050521851,,,,,,,
276,55399,0.3025377690792084,0.23466229438781738,0.4144349694252014,0.6931189894676208,,,,,,,
276,55399,,,,,0.4670722186565399,0.5029740333557129,0.909625768661499,0.2670460343360901,0.21974122524261475,0.3938644528388977,0.6931194067001343
277,55499,0.34828323125839233,0.25077083706855774,0.4439204931259155,0.6928161382675171,,,,,,,
277,55599,0.2618477940559387,0.2106093168258667,0.3977547585964203,0.6930326223373413,,,,,,,
277,55599,,,,,0.4653714895248413,0.5058107376098633,0.9294760227203369,0.2730656564235687,0.21848227083683014,0.4011123776435852,0.6930580735206604
278,55699,0.3061806559562683,0.2307734191417694,0.42189374566078186,0.6929730176925659,,,,,,,
278,55799,0.27893951535224915,0.23211096227169037,0.3933428227901459,0.6930285096168518,,,,,,,
278,55799,,,,,0.4656747281551361,0.5130823254585266,0.9358612298965454,0.28242817521095276,0.21867898106575012,0.41014203429222107,0.692785382270813
279,55899,0.2774706780910492,0.21195119619369507,0.41194596886634827,0.6928530335426331,,,,,,,
279,55999,0.24741706252098083,0.1933789700269699,0.4005616009235382,0.6930469870567322,,,,,,,
279,55999,,,,,0.4656963050365448,0.5077319145202637,0.9383249282836914,0.2776617407798767,0.21886441111564636,0.40530452132225037,0.6930143237113953
280,56099,0.27722638845443726,0.21854166686534882,0.4052402079105377,0.6931109428405762,,,,,,,
280,56199,0.33984702825546265,0.24515610933303833,0.4412429630756378,0.6931041479110718,,,,,,,
280,56199,,,,,0.4662386178970337,0.5025457739830017,0.8986899852752686,0.29823753237724304,0.2195601761341095,0.425240695476532,0.6931267976760864
281,56299,0.2856246829032898,0.23624733090400696,0.39590784907341003,0.6930609941482544,,,,,,,
281,56399,0.16511934995651245,0.18857964873313904,0.3230610191822052,0.6930426359176636,,,,,,,
281,56399,,,,,0.4667019546031952,0.5056201815605164,0.9345375299453735,0.26938411593437195,0.21957094967365265,0.3963478207588196,0.693069338798523
282,56499,0.24915209412574768,0.1992243528366089,0.39644771814346313,0.6930399537086487,,,,,,,
282,56599,0.27136337757110596,0.21405678987503052,0.40381526947021484,0.6930173635482788,,,,,,,
282,56599,,,,,0.4667307436466217,0.5047637224197388,0.9062419533729553,0.26886311173439026,0.2201327383518219,0.3952743709087372,0.6930879950523376
283,56699,0.2258492112159729,0.2255946695804596,0.3467882573604584,0.6930674314498901,,,,,,,
283,56799,0.28553515672683716,0.23582792282104492,0.39624643325805664,0.6930783987045288,,,,,,,
283,56799,,,,,0.4657738506793976,0.5050620436668396,0.9424797296524048,0.2630850374698639,0.2185140699148178,0.3911108374595642,0.693079948425293
284,56899,0.2680387496948242,0.22761060297489166,0.3869985044002533,0.6931407451629639,,,,,,,
284,56999,0.2954181432723999,0.22711405158042908,0.4148590564727783,0.6931099891662598,,,,,,,
284,56999,,,,,0.46518126130104065,0.5051553845405579,0.8948075771331787,0.27950578927993774,0.21791782975196838,0.4081253409385681,0.6930748820304871
285,57099,0.2610565721988678,0.1989721655845642,0.4086407721042633,0.6931127905845642,,,,,,,
285,57199,0.31254076957702637,0.20912738144397736,0.4499731957912445,0.6931196451187134,,,,,,,
285,57199,,,,,0.46732228994369507,0.5084158778190613,0.9336556196212769,0.2746017873287201,0.22031201422214508,0.4007861912250519,0.6929928064346313
286,57299,0.22260352969169617,0.1946619153022766,0.3743407726287842,0.6927983164787292,,,,,,,
286,57399,0.354061484336853,0.239523246884346,0.4610825479030609,0.6930886507034302,,,,,,,
286,57399,,,,,0.46666285395622253,0.502987802028656,0.9102874994277954,0.2757682502269745,0.22019903361797333,0.4021293520927429,0.6931201219558716
287,57499,0.3347175717353821,0.24420268833637238,0.4370434582233429,0.6930571794509888,,,,,,,
287,57599,0.2528232932090759,0.2068532556295395,0.3921757638454437,0.6924114227294922,,,,,,,
287,57599,,,,,0.46750807762145996,0.5193084478378296,0.8914610147476196,0.28298550844192505,0.22070057690143585,0.40847063064575195,0.6923713684082031
288,57699,0.22032952308654785,0.2126299887895584,0.35418590903282166,0.6929727792739868,,,,,,,
288,57799,0.2526075839996338,0.2211519181728363,0.37801027297973633,0.6931092739105225,,,,,,,
288,57799,,,,,0.46437883377075195,0.5030602216720581,0.8990150690078735,0.2559390664100647,0.21733246743679047,0.3851655125617981,0.6931177973747253
289,57899,0.2624681890010834,0.21387052536010742,0.3951529562473297,0.6931105256080627,,,,,,,
289,57999,0.3245454430580139,0.2506338953971863,0.42041251063346863,0.6930018663406372,,,,,,,
289,57999,,,,,0.4628312587738037,0.5074451565742493,0.9377435445785522,0.23671668767929077,0.21607640385627747,0.36714795231819153,0.6930153965950012
290,58099,0.28636687994003296,0.23768013715744019,0.39524534344673157,0.6931172609329224,,,,,,,
290,58199,0.1464105248451233,0.15918797254562378,0.3337419331073761,0.6930387616157532,,,,,,,
290,58199,,,,,0.4640462100505829,0.5076085329055786,0.8963102698326111,0.2716931104660034,0.21760065853595734,0.40059781074523926,0.693010687828064
291,58299,0.221612811088562,0.20313823223114014,0.36500221490859985,0.693055272102356,,,,,,,
291,58399,0.18559080362319946,0.1837436556816101,0.3483741283416748,0.6930539608001709,,,,,,,
291,58399,,,,,0.4667290449142456,0.504563570022583,0.8985282778739929,0.2583950459957123,0.2196558266878128,0.3852875530719757,0.6930966973304749
292,58499,0.23640918731689453,0.20940366387367249,0.3735577464103699,0.6931045055389404,,,,,,,
292,58599,0.29551756381988525,0.23744073510169983,0.40449094772338867,0.6928281784057617,,,,,,,
292,58599,,,,,0.4655022621154785,0.5110856890678406,0.886622428894043,0.25393185019493103,0.21818391978740692,0.3821902871131897,0.6928847432136536
293,58699,0.3892483711242676,0.23251239955425262,0.5032971501350403,0.693122386932373,,,,,,,
293,58799,0.21411621570587158,0.18229126930236816,0.3783302307128906,0.6930105686187744,,,,,,,
293,58799,,,,,0.4643484055995941,0.5093604326248169,0.8824202418327332,0.2497415691614151,0.21705368161201477,0.37916088104248047,0.6929460763931274
294,58899,0.237676739692688,0.22057902812957764,0.3635793626308441,0.6929633617401123,,,,,,,
294,58999,0.2744144797325134,0.2217792272567749,0.3992030918598175,0.6931356191635132,,,,,,,
294,58999,,,,,0.4656965136528015,0.5035253167152405,0.931839644908905,0.26414981484413147,0.21844398975372314,0.3922625184059143,0.6931132674217224
295,59099,0.28003767132759094,0.22547583281993866,0.40109625458717346,0.69306880235672,,,,,,,
295,59199,0.20516467094421387,0.2157469391822815,0.33587464690208435,0.6929137706756592,,,,,,,
295,59199,,,,,0.4655922055244446,0.5087577104568481,0.895399808883667,0.26095929741859436,0.21880120038986206,0.3886451721191406,0.6929741501808167
296,59299,0.36728090047836304,0.26964685320854187,0.44416216015815735,0.6930562257766724,,,,,,,
296,59399,0.3368263840675354,0.24638867378234863,0.43695902824401855,0.6930426359176636,,,,,,,
296,59399,,,,,0.46469342708587646,0.5039399862289429,0.8969705700874329,0.2546341121196747,0.21755532920360565,0.38363051414489746,0.6931034326553345
297,59499,0.3231942355632782,0.25671660900115967,0.4130306839942932,0.6931061148643494,,,,,,,
297,59599,0.2614805996417999,0.21844252943992615,0.3895047903060913,0.6929334998130798,,,,,,,
297,59599,,,,,0.4654231369495392,0.5124317407608032,0.9367122650146484,0.2606431543827057,0.21833515167236328,0.38871538639068604,0.692814826965332
298,59699,0.23532894253730774,0.1989973485469818,0.38286057114601135,0.6930579543113708,,,,,,,
298,59799,0.2708345055580139,0.21523559093475342,0.4021601676940918,0.6931225061416626,,,,,,,
298,59799,,,,,0.4640939235687256,0.5046679377555847,0.9234152436256409,0.24509108066558838,0.2172524631023407,0.37438270449638367,0.6930882334709167
299,59899,0.1554991602897644,0.18314318358898163,0.31891825795173645,0.693124532699585,,,,,,,
299,59999,0.24308857321739197,0.20308151841163635,0.38640686869621277,0.6927996277809143,,,,,,,
299,59999,,,,,0.46397435665130615,0.5106152892112732,0.8921988010406494,0.2483198344707489,0.21693630516529083,0.37783554196357727,0.692903995513916
300,60099,0.23722949624061584,0.19800956547260284,0.38564613461494446,0.6928524374961853,,,,,,,
300,60199,0.1912333369255066,0.18940426409244537,0.34837087988853455,0.693083643913269,,,,,,,
300,60199,,,,,0.46331271529197693,0.511982798576355,0.9274067282676697,0.2521756887435913,0.21638166904449463,0.3822154700756073,0.6928429007530212
301,60299,0.4538632035255432,0.2821922302246094,0.5182331204414368,0.6931242942810059,,,,,,,
301,60399,0.1587611436843872,0.19710776209831238,0.3081763684749603,0.693045973777771,,,,,,,
301,60399,,,,,0.4630734324455261,0.5052022933959961,0.8914144039154053,0.23375968635082245,0.21622741222381592,0.3640717566013336,0.6930791139602661
302,60499,0.33075150847435,0.24847504496574402,0.4286715090274811,0.6927900910377502,,,,,,,
302,60599,0.36084696650505066,0.2710810899734497,0.4362438917160034,0.6929560303688049,,,,,,,
302,60599,,,,,0.46402186155319214,0.5067042708396912,0.897396981716156,0.26154783368110657,0.21694369614124298,0.39112529158592224,0.693042516708374
303,60699,0.18850481510162354,0.1796916425228119,0.355318546295166,0.6930108070373535,,,,,,,
303,60799,0.30649062991142273,0.22173810005187988,0.43127772212028503,0.6930504441261292,,,,,,,
303,60799,,,,,0.46524420380592346,0.5057361125946045,0.9039595723152161,0.27742424607276917,0.21789172291755676,0.4060671031475067,0.6930690407752991
304,60899,0.26958781480789185,0.22818174958229065,0.38796886801719666,0.6931256055831909,,,,,,,
304,60999,0.22288063168525696,0.21738910675048828,0.35194751620292664,0.6929120421409607,,,,,,,
304,60999,,,,,0.465511679649353,0.5097163319587708,0.8973990082740784,0.25893568992614746,0.2183835655450821,0.3870244324207306,0.6929444670677185
305,61099,0.3239453434944153,0.22747230529785156,0.4430410861968994,0.6931360960006714,,,,,,,
305,61199,0.23626002669334412,0.19087353348731995,0.3918960988521576,0.6930192112922668,,,,,,,
305,61199,,,,,0.46571779251098633,0.5086470246315002,0.9306137561798096,0.2517414689064026,0.2186778336763382,0.37955528497695923,0.6929831504821777
306,61299,0.2276231348514557,0.23607128858566284,0.33811619877815247,0.693128764629364,,,,,,,
306,61399,0.2632100284099579,0.2315444052219391,0.37821128964424133,0.6930913329124451,,,,,,,
306,61399,,,,,0.46344324946403503,0.5033537149429321,0.8971593379974365,0.2554396688938141,0.21607692539691925,0.3859202563762665,0.6931151151657104
307,61499,0.20688024163246155,0.1982487589120865,0.35518622398376465,0.6931094527244568,,,,,,,
307,61599,0.28292202949523926,0.22097525000572205,0.4085131287574768,0.6931326389312744,,,,,,,
307,61599,,,,,0.46458640694618225,0.5025744438171387,0.9178100824356079,0.2561255991458893,0.21738509833812714,0.38530370593070984,0.6931264400482178
308,61699,0.26652073860168457,0.23843827843666077,0.37463894486427307,0.6931129693984985,,,,,,,
308,61799,0.16762542724609375,0.1828591674566269,0.3312864303588867,0.6930403709411621,,,,,,,
308,61799,,,,,0.4621320068836212,0.5054907202720642,0.9254946708679199,0.222556471824646,0.2153286635875702,0.3537626266479492,0.6930698752403259
309,61899,0.10477247834205627,0.13992741703987122,0.31140562891960144,0.6931211352348328,,,,,,,
309,61999,0.27258065342903137,0.21983905136585236,0.39930304884910583,0.693122923374176,,,,,,,
309,61999,,,,,0.46305349469184875,0.5026443004608154,0.9323388934135437,0.23546957969665527,0.21637031435966492,0.36566200852394104,0.693125307559967
310,62099,0.1353139579296112,0.1944442093372345,0.287428081035614,0.6931166648864746,,,,,,,
310,62199,0.24151208996772766,0.18769507110118866,0.40035924315452576,0.6930844187736511,,,,,,,
310,62199,,,,,0.4638790190219879,0.5064968466758728,0.9194849133491516,0.2451486438512802,0.21670544147491455,0.3749646544456482,0.6930427551269531
311,62299,0.24956700205802917,0.2142084538936615,0.38192233443260193,0.6931275725364685,,,,,,,
311,62399,0.377392441034317,0.25909340381622314,0.4648618698120117,0.6931256651878357,,,,,,,
311,62399,,,,,0.464223176240921,0.5043303966522217,0.8843433856964111,0.23867136240005493,0.2172069549560547,0.36801066994667053,0.6930925250053406
312,62499,0.15459144115447998,0.1792183816432953,0.3218728005886078,0.6929994821548462,,,,,,,
312,62599,0.27327316999435425,0.20564600825309753,0.41416096687316895,0.6930676698684692,,,,,,,
312,62599,,,,,0.4634638726711273,0.5059489607810974,0.8988548517227173,0.24150525033473969,0.21633484959602356,0.3716970682144165,0.6930534243583679
313,62699,0.300658643245697,0.23529639840126038,0.41190412640571594,0.6930837631225586,,,,,,,
313,62799,0.1915927529335022,0.18758901953697205,0.35052061080932617,0.6930338144302368,,,,,,,
313,62799,,,,,0.4637140929698944,0.5025249719619751,0.9334654211997986,0.24866893887519836,0.21702907979488373,0.37820300459861755,0.693126380443573
314,62899,0.271010160446167,0.209343820810318,0.40813469886779785,0.6929366588592529,,,,,,,
314,62999,0.27867186069488525,0.22705292701721191,0.39817720651626587,0.6931165456771851,,,,,,,
314,62999,,,,,0.463681697845459,0.5055278539657593,0.9343765377998352,0.2442014217376709,0.21761421859264374,0.37312567234039307,0.6930769085884094
315,63099,0.18964964151382446,0.17974522709846497,0.3564634919166565,0.6931182146072388,,,,,,,
315,63199,0.23872599005699158,0.20351380109786987,0.381769061088562,0.6931137442588806,,,,,,,
315,63199,,,,,0.46354255080223083,0.5030847787857056,0.9163925647735596,0.2385629564523697,0.2168063372373581,0.36831527948379517,0.6931173801422119
316,63299,0.1857796609401703,0.187466099858284,0.3448619246482849,0.6930966973304749,,,,,,,
316,63399,0.1683095097541809,0.19042250514030457,0.3244404196739197,0.6931067705154419,,,,,,,
316,63399,,,,,0.4626461863517761,0.5056126713752747,0.928149938583374,0.23259186744689941,0.21549148857593536,0.3636329174041748,0.6930649280548096
317,63499,0.2076447606086731,0.18647751212120056,0.36772477626800537,0.6931151151657104,,,,,,,
317,63599,0.423408567905426,0.2569698691368103,0.5129479169845581,0.6930184364318848,,,,,,,
317,63599,,,,,0.4629549980163574,0.5073424577713013,0.8938198685646057,0.24942246079444885,0.2165277898311615,0.3794097304344177,0.693030059337616
318,63699,0.23222273588180542,0.21241573989391327,0.36637037992477417,0.6931267976760864,,,,,,,
318,63799,0.20815390348434448,0.20927724242210388,0.34537723660469055,0.6930011510848999,,,,,,,
318,63799,,,,,0.4628000855445862,0.505739688873291,0.8905656933784485,0.2217903733253479,0.21548594534397125,0.3528381586074829,0.6930674314498901
319,63899,0.09956610202789307,0.1832045465707779,0.26282215118408203,0.6929211616516113,,,,,,,
319,63999,0.22657456994056702,0.21610727906227112,0.35701999068260193,0.6931053996086121,,,,,,,
319,63999,,,,,0.4639444053173065,0.5051825046539307,0.8903424143791199,0.23529203236103058,0.2172987163066864,0.3645310401916504,0.6930754780769348
320,64099,0.18228957056999207,0.21861661970615387,0.3102167844772339,0.693087637424469,,,,,,,
320,64199,0.2556331753730774,0.21939051151275635,0.38279595971107483,0.6931065320968628,,,,,,,
320,64199,,,,,0.46191689372062683,0.5029026865959167,0.9091479182243347,0.22769638895988464,0.21513676643371582,0.3591206967830658,0.6931220293045044
321,64299,0.20225173234939575,0.20248746871948242,0.34617096185684204,0.6928133964538574,,,,,,,
321,64399,0.24479347467422485,0.20524221658706665,0.3860417902469635,0.6929811239242554,,,,,,,
321,64399,,,,,0.4636083245277405,0.5054842829704285,0.9237116575241089,0.24560727179050446,0.21674759685993195,0.37539273500442505,0.6930661797523499
322,64499,0.18006646633148193,0.19145505130290985,0.3351795971393585,0.6931363344192505,,,,,,,
322,64599,0.1683635413646698,0.20124797523021698,0.3136504292488098,0.6930697560310364,,,,,,,
322,64599,,,,,0.46363648772239685,0.5053631663322449,0.9330692887306213,0.23798592388629913,0.21713009476661682,0.3673948049545288,0.6930779814720154
323,64699,0.2650107145309448,0.26125526428222656,0.3503084182739258,0.693105936050415,,,,,,,
323,64799,0.1839149296283722,0.1871245801448822,0.3433494567871094,0.6931182742118835,,,,,,,
323,64799,,,,,0.4635288119316101,0.5039375424385071,0.9357742071151733,0.2546366751194,0.21686258912086487,0.38432517647743225,0.6931023001670837
324,64899,0.38161376118659973,0.2635212540626526,0.4646185338497162,0.6930519938468933,,,,,,,
324,64999,0.2310088872909546,0.20854339003562927,0.36895614862442017,0.6929812431335449,,,,,,,
324,64999,,,,,0.4615946114063263,0.5073618292808533,0.9326487183570862,0.22496481239795685,0.21480518579483032,0.3566726744174957,0.693026065826416
325,65099,0.21895870566368103,0.19413843750953674,0.37137526273727417,0.6931100487709045,,,,,,,
325,65199,0.2331295609474182,0.2052542120218277,0.3744419515132904,0.6931332349777222,,,,,,,
325,65199,,,,,0.4618157148361206,0.502108097076416,0.8758207559585571,0.2385236620903015,0.2146061807870865,0.370483934879303,0.6931329369544983
326,65299,0.2410968542098999,0.21906833350658417,0.36856064200401306,0.6930642127990723,,,,,,,
326,65399,0.25457334518432617,0.23615393042564392,0.36486518383026123,0.6928915977478027,,,,,,,
326,65399,,,,,0.4634212255477905,0.5103872418403625,0.9349641799926758,0.22699344158172607,0.21698935329914093,0.3564644455909729,0.6929208040237427
327,65499,0.2754325568675995,0.2339453101158142,0.3880341947078705,0.6930938363075256,,,,,,,
327,65599,0.2356935441493988,0.19387277960777283,0.388386607170105,0.6931317448616028,,,,,,,
327,65599,,,,,0.4619346261024475,0.5037761330604553,0.8897056579589844,0.4604839086532593,0.21522530913352966,0.591812789440155,0.6931084394454956
328,65699,0.18570241332054138,0.19746968150138855,0.3346770703792572,0.6928886771202087,,,,,,,
328,65799,0.22296416759490967,0.1984436959028244,0.37104931473731995,0.693057656288147,,,,,,,
328,65799,,,,,0.46295738220214844,0.5078423023223877,0.895970344543457,0.22759494185447693,0.2167040854692459,0.3573954701423645,0.6930094957351685
329,65899,0.21423599123954773,0.2195720672607422,0.3412235975265503,0.6931193470954895,,,,,,,
329,65999,0.2557515501976013,0.19960495829582214,0.4026896059513092,0.6930860280990601,,,,,,,
329,65999,,,,,0.46147680282592773,0.5035027265548706,0.9047513008117676,0.23607920110225677,0.21470077335834503,0.3679327070713043,0.6931086182594299
330,66099,0.19028225541114807,0.2030474841594696,0.3338031768798828,0.6931368708610535,,,,,,,
330,66199,0.26643097400665283,0.23483343422412872,0.3781578838825226,0.6931207180023193,,,,,,,
330,66199,,,,,0.46124467253685,0.5020087361335754,0.9252278804779053,0.23505984246730804,0.21503132581710815,0.36659616231918335,0.6931352615356445
331,66299,0.21906518936157227,0.21132910251617432,0.3542967736721039,0.6931214332580566,,,,,,,
331,66399,0.29124850034713745,0.24058835208415985,0.3972131609916687,0.6931060552597046,,,,,,,
331,66399,,,,,0.4628799557685852,0.5023243427276611,0.8813942074775696,0.24601778388023376,0.2158835530281067,0.3766997158527374,0.693131148815155
332,66499,0.21984007954597473,0.21059207618236542,0.3558115065097809,0.6931269764900208,,,,,,,
332,66599,0.23203665018081665,0.24492335319519043,0.3336774408817291,0.693128228187561,,,,,,,
332,66599,,,,,0.4617534875869751,0.5019707679748535,0.9188410639762878,0.2180097997188568,0.21480999886989594,0.3497670292854309,0.6931345462799072
333,66699,0.31575271487236023,0.2681261897087097,0.39419475197792053,0.6931365132331848,,,,,,,
333,66799,0.19432279467582703,0.18155422806739807,0.3593122959136963,0.6930873990058899,,,,,,,
333,66799,,,,,0.46235382556915283,0.5032758712768555,0.9394934773445129,0.2634322941303253,0.21549400687217712,0.39449626207351685,0.6931159496307373
334,66899,0.215894877910614,0.2120276391506195,0.350424200296402,0.6931139230728149,,,,,,,
334,66999,0.1840190887451172,0.19975551962852478,0.3307076096534729,0.6928880214691162,,,,,,,
334,66999,,,,,0.4612891972064972,0.509302020072937,0.8909459710121155,0.22052407264709473,0.21454179286956787,0.35245969891548157,0.6929548382759094
335,67099,0.20803800225257874,0.211893230676651,0.3426970839500427,0.6931046843528748,,,,,,,
335,67199,0.21200832724571228,0.19924667477607727,0.3593265116214752,0.6931297183036804,,,,,,,
335,67199,,,,,0.4610609710216522,0.5027452111244202,0.9160085320472717,0.23309536278247833,0.214340940117836,0.36531659960746765,0.6931242942810059
336,67299,0.32023319602012634,0.238919198513031,0.4278736114501953,0.6931192278862,,,,,,,
336,67399,0.33434242010116577,0.2376905232667923,0.44321244955062866,0.693121075630188,,,,,,,
336,67399,,,,,0.46233755350112915,0.5034666657447815,0.9336682558059692,0.27213069796562195,0.21567082405090332,0.40301522612571716,0.6931105256080627
337,67499,0.2750648558139801,0.25448188185691833,0.36714649200439453,0.6931270956993103,,,,,,,
337,67599,0.3324430584907532,0.21290656924247742,0.46598926186561584,0.6929055452346802,,,,,,,
337,67599,,,,,0.4634452760219574,0.5111135840415955,0.889928936958313,0.2284879833459854,0.21652589738368988,0.3583999276161194,0.6928758025169373
338,67699,0.08996668457984924,0.17231032252311707,0.26422154903411865,0.693130373954773,,,,,,,
338,67799,0.24402904510498047,0.23597444593906403,0.3545370101928711,0.6929647922515869,,,,,,,
338,67799,,,,,0.4605849087238312,0.505411684513092,0.9369627237319946,0.2123689353466034,0.21388383209705353,0.3450222313404083,0.6930741667747498
339,67899,0.14447826147079468,0.17837652564048767,0.3126644790172577,0.6931254863739014,,,,,,,
339,67999,0.21248412132263184,0.22342193126678467,0.33562856912612915,0.693132758140564,,,,,,,
339,67999,,,,,0.46294277906417847,0.504038393497467,0.906646192073822,0.22274264693260193,0.21573394536972046,0.35356029868125916,0.6931031942367554
340,68099,0.23292890191078186,0.19989942014217377,0.3795584738254547,0.6930579543113708,,,,,,,
340,68199,0.16583508253097534,0.1815924495458603,0.3307974338531494,0.6931096315383911,,,,,,,
340,68199,,,,,0.46107012033462524,0.5086923837661743,0.9329230785369873,0.2173561155796051,0.2138327956199646,0.3500138521194458,0.6929811835289001
341,68299,0.17576968669891357,0.1871417760848999,0.3351787328720093,0.6931016445159912,,,,,,,
341,68399,0.15506568551063538,0.20889249444007874,0.2927400469779968,0.6931337714195251,,,,,,,
341,68399,,,,,0.4615524709224701,0.5022881031036377,0.9215697646141052,0.22184978425502777,0.21458923816680908,0.3538256883621216,0.693130373954773
342,68499,0.13324549794197083,0.2023201733827591,0.27747848629951477,0.6931063532829285,,,,,,,
342,68599,0.2888506352901459,0.22569814324378967,0.40971750020980835,0.6931300759315491,,,,,,,
342,68599,,,,,0.4620460867881775,0.503080427646637,0.9021167159080505,0.21667072176933289,0.21547424793243408,0.3477562665939331,0.693119466304779
343,68699,0.10878190398216248,0.19160708785057068,0.26364582777023315,0.6929420232772827,,,,,,,
343,68799,0.18096351623535156,0.20142507553100586,0.32606586813926697,0.6930549144744873,,,,,,,
343,68799,,,,,0.4621228575706482,0.5065345168113708,0.8907349705696106,0.21505261957645416,0.21518884599208832,0.34638717770576477,0.6930468678474426
344,68899,0.25016191601753235,0.22885657846927643,0.36786821484565735,0.6931257843971252,,,,,,,
344,68999,0.2791370749473572,0.24479302763938904,0.38090455532073975,0.693121075630188,,,,,,,
344,68999,,,,,0.46095314621925354,0.5078178644180298,0.8968183398246765,0.21837027370929718,0.21428851783275604,0.3505859971046448,0.6930084824562073
345,69099,0.2424525022506714,0.23574642837047577,0.3532748818397522,0.6931376457214355,,,,,,,
345,69199,0.23135772347450256,0.22948476672172546,0.34844064712524414,0.6931354403495789,,,,,,,
345,69199,,,,,0.4626532793045044,0.501890242099762,0.9169043302536011,0.5147514343261719,0.2155502438545227,0.6457690596580505,0.6931359171867371
346,69299,0.06279540061950684,0.17296122014522552,0.23639976978302002,0.6931312084197998,,,,,,,
346,69399,0.20987364649772644,0.2310676872730255,0.3253650367259979,0.693118155002594,,,,,,,
346,69399,,,,,0.461285263299942,0.5049434304237366,0.9297498464584351,0.20205442607402802,0.2139657437801361,0.33463308215141296,0.6930884718894958
347,69499,0.216523677110672,0.21145543456077576,0.351561039686203,0.6929855942726135,,,,,,,
347,69599,0.19689762592315674,0.20861861109733582,0.3348376750946045,0.6931173801422119,,,,,,,
347,69599,,,,,0.46156594157218933,0.5058742165565491,0.9391435384750366,0.21603520214557648,0.21447770297527313,0.3480910658836365,0.6930672526359558
348,69699,0.24232077598571777,0.22424966096878052,0.3646370470523834,0.6931319236755371,,,,,,,
348,69799,0.14999738335609436,0.19319117069244385,0.3032243251800537,0.6928362250328064,,,,,,,
348,69799,,,,,0.4615614116191864,0.5148987174034119,0.8927260637283325,0.21250686049461365,0.21456947922706604,0.34427881240844727,0.6926826238632202
349,69899,0.18622148036956787,0.2019365429878235,0.3308003842830658,0.693030834197998,,,,,,,
349,69999,0.1855452060699463,0.18240153789520264,0.3495917022228241,0.6928961277008057,,,,,,,
349,69999,,,,,0.46039843559265137,0.509733259677887,0.9318087697029114,0.257806658744812,0.21449919044971466,0.3897760510444641,0.6929371356964111
350,70099,0.28511351346969604,0.2347327172756195,0.3968724310398102,0.6929832696914673,,,,,,,
350,70199,0.21782928705215454,0.2207714319229126,0.34353405237197876,0.6929523944854736,,,,,,,
350,70199,,,,,0.4617648422718048,0.510006844997406,0.8917890787124634,0.20597973465919495,0.2153005748987198,0.3371453881263733,0.6929323673248291
351,70299,0.2811378240585327,0.2436547428369522,0.38401302695274353,0.6930599212646484,,,,,,,
351,70399,0.24512898921966553,0.21550355851650238,0.37618759274482727,0.6931242942810059,,,,,,,
351,70399,,,,,0.4620437026023865,0.5020763278007507,0.9119051694869995,0.22558704018592834,0.2150498330593109,0.3571038246154785,0.6931331753730774
352,70499,0.21686586737632751,0.21624194085597992,0.34715476632118225,0.6930616497993469,,,,,,,
352,70599,0.2527746558189392,0.2548166811466217,0.34452131390571594,0.6931266784667969,,,,,,,
352,70599,,,,,0.4614386260509491,0.5032992959022522,0.9063318967819214,0.21321474015712738,0.21473392844200134,0.3450389504432678,0.693116307258606
353,70699,0.17554721236228943,0.19039176404476166,0.33169856667518616,0.6930862069129944,,,,,,,
353,70799,0.33105629682540894,0.25397902727127075,0.42364242672920227,0.693130373954773,,,,,,,
353,70799,,,,,0.46400126814842224,0.5023183822631836,0.9225473999977112,0.2322220653295517,0.21711130440235138,0.36167630553245544,0.6931310296058655
354,70899,0.24902093410491943,0.22460919618606567,0.3709779679775238,0.6931324005126953,,,,,,,
354,70999,0.2284260094165802,0.23806020617485046,0.33690106868743896,0.6930705904960632,,,,,,,
354,70999,,,,,0.46044090390205383,0.503097653388977,0.9282248020172119,0.20708757638931274,0.21365217864513397,0.33999404311180115,0.6931173801422119
355,71099,0.24306720495224,0.2335396707057953,0.356075644493103,0.6930962800979614,,,,,,,
355,71199,0.22990861535072327,0.20244301855564117,0.3739682137966156,0.6930052638053894,,,,,,,
355,71199,,,,,0.460439532995224,0.5047920942306519,0.8901045322418213,0.22495533525943756,0.21383421123027802,0.3576638400554657,0.6930856108665466
356,71299,0.15951335430145264,0.19524544477462769,0.3108313977718353,0.693126916885376,,,,,,,
356,71399,0.25230538845062256,0.22467869520187378,0.3741864264011383,0.6931195259094238,,,,,,,
356,71399,,,,,0.46120840311050415,0.5024735331535339,0.8873100280761719,0.20437879860401154,0.214229017496109,0.3367152512073517,0.6931309103965759
357,71499,0.18728554248809814,0.2144332230091095,0.3192512094974518,0.6927977800369263,,,,,,,
357,71599,0.21659493446350098,0.1984504908323288,0.36468061804771423,0.6930723190307617,,,,,,,
357,71599,,,,,0.46262186765670776,0.5082112550735474,0.8961047530174255,0.23009364306926727,0.21595147252082825,0.36064091324806213,0.692997395992279
358,71699,0.21504583954811096,0.21890509128570557,0.34269121289253235,0.6931008696556091,,,,,,,
358,71799,0.15822294354438782,0.21089830994606018,0.2936125695705414,0.6925758719444275,,,,,,,
358,71799,,,,,0.4597708284854889,0.5143409967422485,0.8933764696121216,0.20283764600753784,0.21333713829517365,0.33586177229881287,0.692722499370575
359,71899,0.2722511887550354,0.24543282389640808,0.3733809292316437,0.6931251287460327,,,,,,,
359,71999,0.2116921842098236,0.21733739972114563,0.3408869504928589,0.693064272403717,,,,,,,
359,71999,,,,,0.45974814891815186,0.5071156620979309,0.8909010887145996,0.2049322873353958,0.21315854787826538,0.33828839659690857,0.6930291652679443
360,72099,0.18602591753005981,0.2022002786397934,0.3303318917751312,0.6930124759674072,,,,,,,
360,72199,0.18455573916435242,0.2142104059457779,0.3168957531452179,0.6931008696556091,,,,,,,
360,72199,,,,,0.45995742082595825,0.5061404705047607,0.9292222261428833,0.19509586691856384,0.2139202505350113,0.3277072012424469,0.6930631995201111
361,72299,0.22705203294754028,0.24029794335365295,0.33325839042663574,0.693008542060852,,,,,,,
361,72399,0.10663312673568726,0.19793042540550232,0.255270391702652,0.6931353807449341,,,,,,,
361,72399,,,,,0.4594443142414093,0.5035499930381775,0.9123193621635437,0.19706563651561737,0.21289844810962677,0.3307231366634369,0.6931119561195374
362,72499,0.2758476436138153,0.24052433669567108,0.3816309869289398,0.6926153302192688,,,,,,,
362,72599,0.16574984788894653,0.19658567011356354,0.31571534276008606,0.6931023597717285,,,,,,,
362,72599,,,,,0.4597235321998596,0.5029003620147705,0.8917872309684753,0.19756199419498444,0.2135980874300003,0.3305257558822632,0.6931235790252686
363,72699,0.19239264726638794,0.22056810557842255,0.31827160716056824,0.6928941011428833,,,,,,,
363,72799,0.18085861206054688,0.21718674898147583,0.3101397156715393,0.6929357051849365,,,,,,,
363,72799,,,,,0.46239590644836426,0.509467601776123,0.9401214718818665,0.21427948772907257,0.216178297996521,0.3445792496204376,0.6929561495780945
364,72899,0.14737775921821594,0.19501961767673492,0.29892340302467346,0.6931305527687073,,,,,,,
364,72999,0.2594624161720276,0.20237809419631958,0.4036358594894409,0.6931030750274658,,,,,,,
364,72999,,,,,0.46019452810287476,0.5043345093727112,0.908541202545166,0.19452761113643646,0.2136840969324112,0.32739153504371643,0.6930961012840271
365,73099,0.16948246955871582,0.1983667016029358,0.3176586925983429,0.6930859088897705,,,,,,,
365,73199,0.21673396229743958,0.22396695613861084,0.3393354117870331,0.6931368708610535,,,,,,,
365,73199,,,,,0.4606185555458069,0.5031842589378357,0.9006219506263733,0.19704975187778473,0.2142140418291092,0.3293951749801636,0.6931188702583313
366,73299,0.27177727222442627,0.233432337641716,0.38490989804267883,0.6931298971176147,,,,,,,
366,73399,0.191392719745636,0.20864710211753845,0.32931312918663025,0.6931350231170654,,,,,,,
366,73399,,,,,0.46004772186279297,0.5026455521583557,0.9340062141418457,0.19557330012321472,0.21325044333934784,0.3288854956626892,0.693125307559967
367,73499,0.23478955030441284,0.2477855086326599,0.3335692882537842,0.6931304931640625,,,,,,,
367,73599,0.23877093195915222,0.22132247686386108,0.3640025854110718,0.6931082606315613,,,,,,,
367,73599,,,,,0.4607604742050171,0.5025098323822021,0.9014091491699219,0.20441056787967682,0.21408598124980927,0.3368886411190033,0.6931281685829163
368,73699,0.26947644352912903,0.23386254906654358,0.382071852684021,0.6929158568382263,,,,,,,
368,73799,0.19150704145431519,0.19898313283920288,0.33906158804893494,0.6930752992630005,,,,,,,
368,73799,,,,,0.461674302816391,0.5050398111343384,0.9214407801628113,0.22689440846443176,0.21476580202579498,0.3586694896221161,0.6930818557739258
369,73899,0.1779293417930603,0.20744355022907257,0.31699052453041077,0.6930094957351685,,,,,,,
369,73999,0.18387627601623535,0.1935529112815857,0.33675315976142883,0.6928596496582031,,,,,,,
369,73999,,,,,0.45888224244117737,0.5136248469352722,0.9312199950218201,0.1842016577720642,0.21226678788661957,0.3183165490627289,0.6927634477615356
370,74099,0.24267667531967163,0.2202477753162384,0.3689720928668976,0.6930863857269287,,,,,,,
370,74199,0.34192150831222534,0.25479793548583984,0.43368396162986755,0.6931208372116089,,,,,,,
370,74199,,,,,0.45907819271087646,0.502159059047699,0.8957008123397827,0.18714427947998047,0.21262255311012268,0.3210880756378174,0.693132758140564
371,74299,0.26898160576820374,0.22841107845306396,0.38714101910591125,0.6931409239768982,,,,,,,
371,74399,0.3571797013282776,0.2755245566368103,0.42821788787841797,0.6931254863739014,,,,,,,
371,74399,,,,,0.4587199091911316,0.5031972527503967,0.9274175763130188,0.17891734838485718,0.21210919320583344,0.31336650252342224,0.6931167244911194
372,74499,0.13634133338928223,0.21089807152748108,0.2719855010509491,0.6930844783782959,,,,,,,
372,74599,0.3470786511898041,0.2702760696411133,0.4233649969100952,0.6931248307228088,,,,,,,
372,74599,,,,,0.4622701108455658,0.5031547546386719,0.9288291931152344,0.19485124945640564,0.2155764102935791,0.32583341002464294,0.6931172013282776
373,74699,0.20148581266403198,0.20780545473098755,0.3402453064918518,0.6931298971176147,,,,,,,
373,74799,0.24989619851112366,0.21577680110931396,0.3806835114955902,0.6931282877922058,,,,,,,
373,74799,,,,,0.4611615538597107,0.5014697313308716,0.926679253578186,0.2234249711036682,0.21428506076335907,0.3557100296020508,0.6931400895118713
374,74899,0.23055195808410645,0.21122020483016968,0.3658602237701416,0.6930569410324097,,,,,,,
374,74999,0.17913973331451416,0.1973934918642044,0.3283160924911499,0.6931396722793579,,,,,,,
374,74999,,,,,0.4600508213043213,0.5021480321884155,0.9099246263504028,0.1916586458683014,0.21297438442707062,0.32525068521499634,0.6931329965591431
375,75099,0.13296261429786682,0.18576869368553162,0.29373303055763245,0.6930782198905945,,,,,,,
375,75199,0.18823319673538208,0.22111275792121887,0.31368184089660645,0.6931227445602417,,,,,,,
375,75199,,,,,0.4586886167526245,0.5015838742256165,0.904838502407074,0.17538808286190033,0.21187064051628113,0.310087114572525,0.6931392550468445
376,75299,0.21483322978019714,0.23815420269966125,0.32322579622268677,0.6930935978889465,,,,,,,
376,75399,0.2334960699081421,0.2391865998506546,0.3408268988132477,0.6930348873138428,,,,,,,
376,75399,,,,,0.46119120717048645,0.5056531429290771,0.8910642862319946,0.1927320957183838,0.21405604481697083,0.3252127170562744,0.6930730938911438
377,75499,0.1737145483493805,0.21790722012519836,0.3023114800453186,0.6930083632469177,,,,,,,
377,75599,0.15678870677947998,0.19431337714195251,0.3090081214904785,0.6930656433105469,,,,,,,
377,75599,,,,,0.4598464369773865,0.5088205933570862,0.8888503313064575,0.18483582139015198,0.2132405936717987,0.31808775663375854,0.6929848790168762
378,75699,0.09905093908309937,0.18303073942661285,0.26257824897766113,0.6931160688400269,,,,,,,
378,75799,0.2056041955947876,0.22555969655513763,0.3266112804412842,0.6931335926055908,,,,,,,
378,75799,,,,,0.45837125182151794,0.5032457709312439,0.9113321304321289,0.19055892527103424,0.21178872883319855,0.3253287076950073,0.6931168437004089
379,75899,0.19146227836608887,0.22407948970794678,0.31386661529541016,0.6929676532745361,,,,,,,
379,75999,0.08718925714492798,0.17156171798706055,0.26208361983299255,0.6929121613502502,,,,,,,
379,75999,,,,,0.4587678909301758,0.5090984106063843,0.8927339911460876,0.1740255504846573,0.21241435408592224,0.30809810757637024,0.6929737329483032
380,76099,0.16165688633918762,0.1923740804195404,0.31584012508392334,0.693114697933197,,,,,,,
380,76199,0.19722980260849,0.21967941522598267,0.32411766052246094,0.6931345462799072,,,,,,,
380,76199,,,,,0.45972031354904175,0.5022896528244019,0.8877156972885132,0.1862916499376297,0.21306893229484558,0.3197883069515228,0.6931312084197998
381,76299,0.15972498059272766,0.2000751495361328,0.3061996102333069,0.6930995583534241,,,,,,,
381,76399,0.16370531916618347,0.17616942524909973,0.33408620953559875,0.69310063123703,,,,,,,
381,76399,,,,,0.4595857560634613,0.5040427446365356,0.899287760257721,0.19048364460468292,0.21321170032024384,0.3238252103328705,0.6931065320968628
382,76499,0.2381191849708557,0.21294543147087097,0.37165677547454834,0.692966103553772,,,,,,,
382,76599,0.2119760811328888,0.22479337453842163,0.3337482511997223,0.693131148815155,,,,,,,
382,76599,,,,,0.4603627622127533,0.5023998618125916,0.8836992383003235,0.1975192129611969,0.2136053889989853,0.3304782807826996,0.6931288838386536
383,76699,0.23500657081604004,0.22999244928359985,0.35152289271354675,0.6930174827575684,,,,,,,
383,76799,0.17810028791427612,0.24230273067951202,0.2823600471019745,0.6931250095367432,,,,,,,
383,76799,,,,,0.4583202004432678,0.5019960403442383,0.8851453065872192,0.17394688725471497,0.2120201140642166,0.3084942698478699,0.6931350827217102
384,76899,0.1878366470336914,0.204486683011055,0.3298663794994354,0.6930328607559204,,,,,,,
384,76999,0.10436785221099854,0.18091744184494019,0.27000749111175537,0.693114161491394,,,,,,,
384,76999,,,,,0.4587665796279907,0.5047169327735901,0.8942829370498657,0.20488885045051575,0.2125232070684433,0.3389132618904114,0.6930952072143555
385,77099,0.14228397607803345,0.19887609779834747,0.2899622321128845,0.6931086778640747,,,,,,,
385,77199,0.12883183360099792,0.19555574655532837,0.2798211872577667,0.6930902004241943,,,,,,,
385,77199,,,,,0.458114355802536,0.5051056742668152,0.8881136775016785,0.1710546314716339,0.21138650178909302,0.30621206760406494,0.6930878758430481
386,77299,0.154241144657135,0.2096860408782959,0.2910796105861664,0.6930490732192993,,,,,,,
386,77399,0.15811246633529663,0.17897073924541473,0.32570379972457886,0.6931241750717163,,,,,,,
386,77399,,,,,0.4587249755859375,0.5040755867958069,0.9026342630386353,0.18758665025234222,0.21190957725048065,0.3222293555736542,0.69310462474823
387,77499,0.11709654331207275,0.18817368149757385,0.2754935026168823,0.6931412816047668,,,,,,,
387,77599,0.21086779236793518,0.21634259819984436,0.34104830026626587,0.6930462718009949,,,,,,,
387,77599,,,,,0.4581650197505951,0.5059671401977539,0.8887558579444885,0.16572020947933197,0.2116519957780838,0.3006020188331604,0.6930676102638245
388,77699,0.1417209804058075,0.19774505496025085,0.29054176807403564,0.693131685256958,,,,,,,
388,77799,0.1187467873096466,0.17332473397254944,0.29199305176734924,0.6931419968605042,,,,,,,
388,77799,,,,,0.4580337107181549,0.5038671493530273,0.9308674335479736,0.20334336161613464,0.21119040250778198,0.3387090861797333,0.6931120753288269
389,77899,0.2844163179397583,0.23714715242385864,0.39383402466773987,0.6931297779083252,,,,,,,
389,77999,0.11290764808654785,0.18431983888149261,0.2751432955265045,0.6931109428405762,,,,,,,
389,77999,,,,,0.45952242612838745,0.5036212801933289,0.9298308491706848,0.16724970936775208,0.21277225017547607,0.30103424191474915,0.6931136250495911
390,78099,0.11434656381607056,0.18140219151973724,0.2794843316078186,0.693079948425293,,,,,,,
390,78199,0.2557715177536011,0.2347140610218048,0.36758700013160706,0.6930590867996216,,,,,,,
390,78199,,,,,0.45944827795028687,0.5050005912780762,0.9314239025115967,0.18010106682777405,0.21258094906806946,0.31406542658805847,0.6930906772613525
391,78299,0.050807058811187744,0.1535649597644806,0.24376048147678375,0.6930367946624756,,,,,,,
391,78399,0.26886993646621704,0.22158262133598328,0.393848180770874,0.6931217908859253,,,,,,,
391,78399,,,,,0.4578065574169159,0.5026684403419495,0.8982362151145935,0.1832829862833023,0.21139664947986603,0.3184492588043213,0.69312584400177
392,78499,0.18644464015960693,0.19374731183052063,0.3392122685909271,0.6930298805236816,,,,,,,
392,78599,0.13069134950637817,0.19787625968456268,0.2793520987033844,0.6930739879608154,,,,,,,
392,78599,,,,,0.45818644762039185,0.5088311433792114,0.8926167488098145,0.17845945060253143,0.2115064114332199,0.3134445250034332,0.6929829716682434
393,78699,0.2205650508403778,0.22289034724235535,0.3442362844944,0.6931231617927551,,,,,,,
393,78799,0.17508888244628906,0.22571003437042236,0.295877605676651,0.6929974555969238,,,,,,,
393,78799,,,,,0.46052414178848267,0.5082681179046631,0.9361647367477417,0.190132275223732,0.21384920179843903,0.32278382778167725,0.6930016279220581
394,78899,0.24678045511245728,0.2466784119606018,0.3466571271419525,0.6931101083755493,,,,,,,
394,78999,0.24680033326148987,0.225766122341156,0.36759859323501587,0.693128764629364,,,,,,,
394,78999,,,,,0.45650753378868103,0.5020401477813721,0.9176825284957886,0.16161200404167175,0.21016767621040344,0.29801133275032043,0.6931339502334595
395,79099,0.19412952661514282,0.21564683318138123,0.32505154609680176,0.6931377649307251,,,,,,,
395,79199,0.25047531723976135,0.25215888023376465,0.344879686832428,0.6931264996528625,,,,,,,
395,79199,,,,,0.4588129222393036,0.5031899213790894,0.8962411284446716,0.17241057753562927,0.21219196915626526,0.30677807331085205,0.6931189298629761
396,79299,0.12841889262199402,0.209428071975708,0.2655564844608307,0.6931313276290894,,,,,,,
396,79399,0.18386805057525635,0.2131940871477127,0.3172318637371063,0.6931158304214478,,,,,,,
396,79399,,,,,0.45816048979759216,0.5048713088035583,0.936399519443512,0.17137247323989868,0.2114085555076599,0.3065091669559479,0.6930904984474182
397,79499,0.09142130613327026,0.19592714309692383,0.24205677211284637,0.6931252479553223,,,,,,,
397,79599,0.19529148936271667,0.21579673886299133,0.3260432779788971,0.6930970549583435,,,,,,,
397,79599,,,,,0.45837950706481934,0.503076434135437,0.9299181699752808,0.15961581468582153,0.2119935154914856,0.2941828668117523,0.693121075630188
398,79699,0.15497377514839172,0.2119651436805725,0.2895539402961731,0.6930906176567078,,,,,,,
398,79799,0.14445701241493225,0.1837235987186432,0.3073020577430725,0.6931372880935669,,,,,,,
398,79799,,,,,0.4573725461959839,0.5018554329872131,0.9112678170204163,0.18708057701587677,0.2108788639307022,0.3227698504924774,0.6931363344192505
399,79899,0.13884758949279785,0.20000576972961426,0.2853071093559265,0.6929305791854858,,,,,,,
399,79999,0.13484299182891846,0.20631346106529236,0.27508488297462463,0.6931107044219971,,,,,,,
399,79999,,,,,0.45705366134643555,0.503359317779541,0.8927401304244995,0.17087915539741516,0.21042385697364807,0.30701425671577454,0.6931178569793701
400,80099,0.18881580233573914,0.2060706913471222,0.329316109418869,0.6931419968605042,,,,,,,
400,80199,0.13474640250205994,0.19975844025611877,0.2815569043159485,0.6931378841400146,,,,,,,
400,80199,,,,,0.4576340913772583,0.5025779604911804,0.88394695520401,0.1648717224597931,0.21158701181411743,0.2998484969139099,0.6931276321411133
401,80299,0.10846754908561707,0.18112879991531372,0.27390962839126587,0.693141758441925,,,,,,,
401,80399,0.21981137990951538,0.21262238919734955,0.35375523567199707,0.6931325197219849,,,,,,,
401,80399,,,,,0.4575173854827881,0.5032708644866943,0.9388909339904785,0.1677626669406891,0.21067960560321808,0.30364203453063965,0.6931179761886597
402,80499,0.12069582939147949,0.20459064841270447,0.26266881823539734,0.6931272745132446,,,,,,,
402,80599,0.13731226325035095,0.19478093087673187,0.2890941798686981,0.6931256651878357,,,,,,,
402,80599,,,,,0.4579249620437622,0.5031999349594116,0.9372745752334595,0.1681644320487976,0.2113490104675293,0.3033754229545593,0.693120002746582
403,80699,0.2721582055091858,0.22955021262168884,0.3891749382019043,0.6931339502334595,,,,,,,
403,80799,0.15168720483779907,0.2038375288248062,0.294417142868042,0.6931349039077759,,,,,,,
403,80799,,,,,0.4580743610858917,0.5017004013061523,0.9081507921218872,0.1656816303730011,0.2113296240568161,0.30092108249664307,0.6931380033493042
404,80899,0.15776339173316956,0.1913125216960907,0.3129735291004181,0.6930453181266785,,,,,,,
404,80999,0.18334311246871948,0.2113351821899414,0.31856393814086914,0.6931120157241821,,,,,,,
404,80999,,,,,0.45639461278915405,0.504784107208252,0.931512713432312,0.1620028167963028,0.21009141206741333,0.29845625162124634,0.6930896639823914
405,81099,0.0766080915927887,0.18441303074359894,0.23873814940452576,0.6930862069129944,,,,,,,
405,81199,0.14225929975509644,0.1897304654121399,0.29901599884033203,0.692974328994751,,,,,,,
405,81199,,,,,0.4577992558479309,0.5072848796844482,0.8969383835792542,0.16982340812683105,0.21110861003398895,0.30523043870925903,0.693031370639801
406,81299,0.23430901765823364,0.26449334621429443,0.3163691461086273,0.693107008934021,,,,,,,
406,81399,0.12952378392219543,0.19785144925117493,0.278240442276001,0.6931362152099609,,,,,,,
406,81399,,,,,0.4573439359664917,0.5018786787986755,0.9105089902877808,0.17270180583000183,0.21126298606395721,0.3080069124698639,0.6931360363960266
407,81499,0.0801028311252594,0.18143939971923828,0.24520081281661987,0.6930747628211975,,,,,,,
407,81599,0.06846478581428528,0.17286789417266846,0.24214982986450195,0.6931058764457703,,,,,,,
407,81599,,,,,0.45707014203071594,0.506151020526886,0.8949910402297974,0.16139991581439972,0.21124254167079926,0.2966877222061157,0.6930606365203857
408,81699,0.2716584801673889,0.2399974912405014,0.37821102142333984,0.693100094795227,,,,,,,
408,81799,0.12239429354667664,0.18694457411766052,0.2820010185241699,0.6931025981903076,,,,,,,
408,81799,,,,,0.4569399952888489,0.5021326541900635,0.8901775479316711,0.16289442777633667,0.21062904596328735,0.2988327443599701,0.6931346654891968
409,81899,0.15026631951332092,0.20311278104782104,0.29370924830436707,0.6931114196777344,,,,,,,
409,81999,0.24506789445877075,0.22381189465522766,0.3678242266178131,0.69313645362854,,,,,,,
409,81999,,,,,0.45614734292030334,0.5035691261291504,0.927446722984314,0.16289564967155457,0.20956170558929443,0.2998926341533661,0.6931173801422119
410,82099,0.24701040983200073,0.2261502891778946,0.36734113097190857,0.6929620504379272,,,,,,,
410,82199,0.12371867895126343,0.20238043367862701,0.2678869366645813,0.6930973529815674,,,,,,,
410,82199,,,,,0.4563361406326294,0.5030629634857178,0.8904293775558472,0.1576911062002182,0.21024641394615173,0.2940063774585724,0.693123459815979
411,82299,0.17682921886444092,0.21834570169448853,0.3050536811351776,0.6931402683258057,,,,,,,
411,82399,0.13134703040122986,0.19538673758506775,0.282507061958313,0.6930935382843018,,,,,,,
411,82399,,,,,0.45680591464042664,0.5066995620727539,0.9330698847770691,0.15741515159606934,0.21009193360805511,0.29384708404541016,0.6930477619171143
412,82499,0.1289621889591217,0.19597065448760986,0.2795516550540924,0.6931202411651611,,,,,,,
412,82599,0.22042325139045715,0.2304493933916092,0.3364895284175873,0.693031370639801,,,,,,,
412,82599,,,,,0.456522673368454,0.509343683719635,0.93422931432724,0.16863277554512024,0.21010015904903412,0.3050142824649811,0.6929633617401123
413,82699,0.1664029061794281,0.2046298384666443,0.3082936108112335,0.6930411458015442,,,,,,,
413,82799,0.12730827927589417,0.19307047128677368,0.2807408273220062,0.6930060386657715,,,,,,,
413,82799,,,,,0.45686620473861694,0.5082814693450928,0.9304635524749756,0.14629031717777252,0.21018868684768677,0.2826017141342163,0.693000078201294
414,82899,0.12018337845802307,0.2093828320503235,0.2573225796222687,0.6930440664291382,,,,,,,
414,82999,0.17082864046096802,0.20078766345977783,0.31655746698379517,0.69303297996521,,,,,,,
414,82999,,,,,0.4572996199131012,0.507443904876709,0.9321035146713257,0.1639999896287918,0.21101787686347961,0.2994961142539978,0.6930281519889832
415,83099,0.1740509271621704,0.20085087418556213,0.3197634220123291,0.6931266784667969,,,,,,,
415,83199,0.06263116002082825,0.18782910704612732,0.22136634588241577,0.6931285858154297,,,,,,,
415,83199,,,,,0.45779332518577576,0.5018593668937683,0.9217111468315125,0.15684062242507935,0.21075031161308289,0.29265835881233215,0.6931360960006714
416,83299,0.05785965919494629,0.15320615470409393,0.2511846721172333,0.6930623054504395,,,,,,,
416,83399,0.11085906624794006,0.19557997584342957,0.26183587312698364,0.6931135654449463,,,,,,,
416,83399,,,,,0.45717164874076843,0.5026943683624268,0.9253803491592407,0.15476533770561218,0.21066103875637054,0.2906677722930908,0.6931268572807312
417,83499,0.06602782011032104,0.1893875002861023,0.22321128845214844,0.6931419372558594,,,,,,,
417,83599,0.14868760108947754,0.19976790249347687,0.2954639494419098,0.6930885314941406,,,,,,,
417,83599,,,,,0.45710501074790955,0.5042203664779663,0.9317218065261841,0.154516339302063,0.21087044477462769,0.29019859433174133,0.6931054592132568
418,83699,0.09593379497528076,0.1894397884607315,0.25304847955703735,0.6931089162826538,,,,,,,
418,83799,0.17221489548683167,0.20918497443199158,0.30959880352020264,0.6931378245353699,,,,,,,
418,83799,,,,,0.45713526010513306,0.5024158358573914,0.8960446715354919,0.17120693624019623,0.21092741191387177,0.3068450391292572,0.6931310296058655
419,83899,0.217304527759552,0.23320209980010986,0.33065342903137207,0.6931020021438599,,,,,,,
419,83999,0.11493644118309021,0.21592292189598083,0.24558499455451965,0.6931429505348206,,,,,,,
419,83999,,,,,0.45722225308418274,0.5017662048339844,0.9089423418045044,0.15688617527484894,0.2111167311668396,0.29233837127685547,0.6931378841400146
420,84099,0.1872738003730774,0.2260483205318451,0.30778294801712036,0.6931148767471313,,,,,,,
420,84199,0.126527339220047,0.19812488555908203,0.2749708294868469,0.6931367516517639,,,,,,,
420,84199,,,,,0.4561622142791748,0.5027762651443481,0.9274404048919678,0.14341957867145538,0.20997053384780884,0.28001219034194946,0.6931263208389282
421,84299,0.17397579550743103,0.21450960636138916,0.3059846758842468,0.6930369734764099,,,,,,,
421,84399,0.13237950205802917,0.18843895196914673,0.29050472378730774,0.6931283473968506,,,,,,,
421,84399,,,,,0.4560319483280182,0.5020121335983276,0.9000910520553589,0.15723717212677002,0.20960964262485504,0.2941949963569641,0.6931347250938416
422,84499,0.08984002470970154,0.19573283195495605,0.24065878987312317,0.6931031942367554,,,,,,,
422,84599,0.11578589677810669,0.2073151171207428,0.2550272047519684,0.693112850189209,,,,,,,
422,84599,,,,,0.4569205641746521,0.5042489171028137,0.9304417371749878,0.16179756820201874,0.21044276654720306,0.29790687561035156,0.6931042671203613
423,84699,0.07935452461242676,0.20707228779792786,0.2188512682914734,0.693138062953949,,,,,,,
423,84799,0.10236674547195435,0.20865964889526367,0.24027521908283234,0.6931362152099609,,,,,,,
423,84799,,,,,0.45607230067253113,0.5043899416923523,0.8930211067199707,0.15133239328861237,0.2099233716726303,0.2879590392112732,0.693100094795227
424,84899,0.12371104955673218,0.21016649901866913,0.2601035237312317,0.6931179761886597,,,,,,,
424,84999,0.16041618585586548,0.21084555983543396,0.29613715410232544,0.6931329965591431,,,,,,,
424,84999,,,,,0.4568389356136322,0.5028311014175415,0.9001420140266418,0.15549206733703613,0.2103865146636963,0.2916679084300995,0.6931248307228088
425,85099,0.14722439646720886,0.2015928030014038,0.29219499230384827,0.6931267976760864,,,,,,,
425,85199,0.10088840126991272,0.16872811317443848,0.27870574593544006,0.6930909156799316,,,,,,,
425,85199,,,,,0.4569116234779358,0.5045088529586792,0.9333269000053406,0.1557704210281372,0.21037766337394714,0.2919428050518036,0.6931000351905823
426,85299,0.13246071338653564,0.19508343935012817,0.28394848108291626,0.6931424140930176,,,,,,,
426,85399,0.15234526991844177,0.19773513078689575,0.30114415287971497,0.6930680274963379,,,,,,,
426,85399,,,,,0.4565727114677429,0.5059609413146973,0.9312807321548462,0.15350137650966644,0.21042293310165405,0.2896134555339813,0.6930700540542603
427,85499,0.10254636406898499,0.1832682341337204,0.26582539081573486,0.6930945515632629,,,,,,,
427,85599,0.17091578245162964,0.22422456741333008,0.29326125979423523,0.6931401491165161,,,,,,,
427,85599,,,,,0.4553722143173218,0.5012975931167603,0.9226945042610168,0.14348077774047852,0.20952379703521729,0.28052785992622375,0.693141758441925
428,85699,0.2558451294898987,0.25548362731933594,0.3469286262989044,0.6931341886520386,,,,,,,
428,85799,0.19988608360290527,0.21599441766738892,0.33043909072875977,0.6930948495864868,,,,,,,
428,85799,,,,,0.4571708142757416,0.502905547618866,0.9368029236793518,0.14783331751823425,0.21064870059490204,0.2837468981742859,0.6931245923042297
429,85899,0.09793654084205627,0.19643756747245789,0.24805140495300293,0.6931048631668091,,,,,,,
429,85999,0.1565512716770172,0.1941310167312622,0.3089851140975952,0.6931297183036804,,,,,,,
429,85999,,,,,0.45654773712158203,0.5025951266288757,0.9293676018714905,0.15157003700733185,0.20999489724636078,0.288139283657074,0.6931283473968506
430,86099,0.13710463047027588,0.19592738151550293,0.28774499893188477,0.6931354999542236,,,,,,,
430,86199,0.06100982427597046,0.1683531254529953,0.23913687467575073,0.6929603815078735,,,,,,,
430,86199,,,,,0.456839382648468,0.5096704363822937,0.8952715992927551,0.15356281399726868,0.21004930138587952,0.28999122977256775,0.6929553151130676
431,86299,0.1477646827697754,0.22110874950885773,0.2732248306274414,0.6931377649307251,,,,,,,
431,86399,0.1822901964187622,0.22753669321537018,0.3012963831424713,0.693085789680481,,,,,,,
431,86399,,,,,0.455608993768692,0.5023846626281738,0.9225969910621643,0.15670917928218842,0.2096439152956009,0.29363080859184265,0.6931310892105103
432,86499,0.15828868746757507,0.2127750813961029,0.2920677661895752,0.6931083798408508,,,,,,,
432,86599,0.3207036256790161,0.2606603503227234,0.40661096572875977,0.6931353807449341,,,,,,,
432,86599,,,,,0.4553222358226776,0.5017890930175781,0.9238690137863159,0.14036975800991058,0.20877787470817566,0.2781603932380676,0.6931369304656982
433,86699,0.19829383492469788,0.23237192630767822,0.3124893605709076,0.6931349635124207,,,,,,,
433,86799,0.1482073962688446,0.20126603543758392,0.293507844209671,0.6931329369544983,,,,,,,
433,86799,,,,,0.4569091200828552,0.5035929083824158,0.8971244096755981,0.15055623650550842,0.21046315133571625,0.2866508662700653,0.6931155920028687
434,86899,0.08236753940582275,0.19013875722885132,0.2387949675321579,0.6931324005126953,,,,,,,
434,86999,0.06931793689727783,0.17922978103160858,0.2366117238998413,0.6930471658706665,,,,,,,
434,86999,,,,,0.45508137345314026,0.5074290037155151,0.9336732029914856,0.14126722514629364,0.20883838832378387,0.2789425551891327,0.6930275559425354
435,87099,0.14586728811264038,0.21119700372219086,0.2812400162220001,0.6931394338607788,,,,,,,
435,87199,0.08407187461853027,0.17796757817268372,0.2526349127292633,0.6930612325668335,,,,,,,
435,87199,,,,,0.454997718334198,0.5078176856040955,0.8923696279525757,0.13373921811580658,0.20868134498596191,0.2715669274330139,0.6930180788040161
436,87299,0.14737504720687866,0.21363960206508636,0.28026577830314636,0.6930606365203857,,,,,,,
436,87399,0.00047537684440612793,0.17302636802196503,0.1739966720342636,0.693095326423645,,,,,,,
436,87399,,,,,0.45443418622016907,0.5050774812698364,0.8913657069206238,0.13360096514225006,0.20847707986831665,0.27166885137557983,0.69309002161026
437,87499,0.10824146866798401,0.18453913927078247,0.2702515125274658,0.6930983662605286,,,,,,,
437,87599,0.13514676690101624,0.20456373691558838,0.2771349549293518,0.6931038498878479,,,,,,,
437,87599,,,,,0.4558911621570587,0.5051121115684509,0.8921732306480408,0.13889120519161224,0.20944711565971375,0.27598804235458374,0.6930878758430481
438,87699,0.10251092910766602,0.20711523294448853,0.241952583193779,0.6931138038635254,,,,,,,
438,87799,0.12967145442962646,0.189545676112175,0.2866937220096588,0.6931358575820923,,,,,,,
438,87799,,,,,0.4561634957790375,0.5016794800758362,0.910771906375885,0.1466848999261856,0.2095060795545578,0.2837482988834381,0.6931389570236206
439,87899,0.12844765186309814,0.20006853342056274,0.2749326825141907,0.6931071281433105,,,,,,,
439,87999,0.12650394439697266,0.19637352228164673,0.27666008472442627,0.6930593252182007,,,,,,,
439,87999,,,,,0.45481908321380615,0.5066584944725037,0.8947855234146118,0.14705440402030945,0.20837661623954773,0.285202294588089,0.6930489540100098
440,88099,0.16287940740585327,0.21551978588104248,0.29389697313308716,0.6930747032165527,,,,,,,
440,88199,0.19998577237129211,0.24378590285778046,0.30277112126350403,0.6931424736976624,,,,,,,
440,88199,,,,,0.4567737281322479,0.5015959143638611,0.9233713746070862,0.14569847285747528,0.21021606028079987,0.2820519208908081,0.6931389570236206
441,88299,0.08043068647384644,0.19766905903816223,0.22930267453193665,0.6930820941925049,,,,,,,
441,88399,0.1004275381565094,0.18503615260124207,0.26195234060287476,0.6931219100952148,,,,,,,
441,88399,,,,,0.4550971984863281,0.5028414130210876,0.8970463275909424,0.14043788611888885,0.20898744463920593,0.27801263332366943,0.6931242942810059
442,88499,0.12414205074310303,0.18246066570281982,0.28824564814567566,0.6931285262107849,,,,,,,
442,88599,0.240664541721344,0.2305728644132614,0.3566533625125885,0.6931233406066895,,,,,,,
442,88599,,,,,0.45593369007110596,0.5034574270248413,0.9283674955368042,0.16237619519233704,0.2093564122915268,0.29957833886146545,0.693117082118988
443,88699,0.10585525631904602,0.1939564198255539,0.258456289768219,0.6931149363517761,,,,,,,
443,88799,0.07382723689079285,0.18658995628356934,0.23380477726459503,0.6931349635124207,,,,,,,
443,88799,,,,,0.4559079706668854,0.5025461912155151,0.928071916103363,0.13859978318214417,0.20951420068740845,0.2756498157978058,0.693128228187561
444,88899,0.18363875150680542,0.23177066445350647,0.29842689633369446,0.693117618560791,,,,,,,
444,88999,0.09239017963409424,0.19483110308647156,0.24411773681640625,0.6931173205375671,,,,,,,
444,88999,,,,,0.4547263979911804,0.5040185451507568,0.9295030236244202,0.13574007153511047,0.20865479111671448,0.27363836765289307,0.6931061148643494
445,89099,0.07829046249389648,0.1975400447845459,0.2273104190826416,0.693120002746582,,,,,,,
445,89199,0.18624794483184814,0.22757884860038757,0.3052196502685547,0.693101167678833,,,,,,,
445,89199,,,,,0.4554663300514221,0.5034400820732117,0.8898981213569641,0.13123001158237457,0.20901109278202057,0.2687791883945465,0.6931204795837402
446,89299,0.13159716129302979,0.2087319791316986,0.2693949043750763,0.6930594444274902,,,,,,,
446,89399,0.11733731627464294,0.2014094591140747,0.262491911649704,0.6931281089782715,,,,,,,
446,89399,,,,,0.456236869096756,0.5037286281585693,0.8928879499435425,0.13792788982391357,0.20971520245075226,0.2747701406478882,0.6931148767471313
447,89499,0.15479972958564758,0.20550447702407837,0.2958248257637024,0.6930591464042664,,,,,,,
447,89599,0.2551894187927246,0.22521506249904633,0.37647882103919983,0.6930088996887207,,,,,,,
447,89599,,,,,0.4544958174228668,0.5092849731445312,0.9319825768470764,0.13742363452911377,0.20811103284358978,0.2757965624332428,0.6929680109024048
448,89699,0.2002834975719452,0.2197699248790741,0.32708004117012024,0.6931329369544983,,,,,,,
448,89799,0.10200461745262146,0.20125380158424377,0.24725711345672607,0.6930125951766968,,,,,,,
448,89799,,,,,0.45558106899261475,0.5070950388908386,0.9314701557159424,0.13495323061943054,0.20928382873535156,0.2721908390522003,0.6930427551269531
449,89899,0.2492116093635559,0.23563800752162933,0.3601452112197876,0.6931432485580444,,,,,,,
449,89999,0.16599619388580322,0.23563933372497559,0.2769203186035156,0.693126916885376,,,,,,,
449,89999,,,,,0.4548731744289398,0.5026481747627258,0.8859143257141113,0.1303626298904419,0.20853382349014282,0.2683931291103363,0.6931286454200745
450,90099,0.07052886486053467,0.19949191808700562,0.2175999879837036,0.6931260824203491,,,,,,,
450,90199,0.1557069718837738,0.23667427897453308,0.26560351252555847,0.6931416392326355,,,,,,,
450,90199,,,,,0.45450425148010254,0.5015271306037903,0.9077954888343811,0.12665043771266937,0.20827153325080872,0.2649488151073456,0.6931397914886475
451,90299,0.2052382528781891,0.23062805831432343,0.3211797773838043,0.6931391358375549,,,,,,,
451,90399,0.09807735681533813,0.20654945075511932,0.2380363941192627,0.6930170059204102,,,,,,,
451,90399,,,,,0.4557596445083618,0.5058653950691223,0.9358483552932739,0.12967415153980255,0.20955204963684082,0.2666569948196411,0.6930698156356812
452,90499,0.12482556700706482,0.21019887924194336,0.26113614439964294,0.693018913269043,,,,,,,
452,90599,0.08514633774757385,0.19234098494052887,0.23937290906906128,0.6931350827217102,,,,,,,
452,90599,,,,,0.45458608865737915,0.5015923380851746,0.9168661236763,0.12418066710233688,0.20856724679470062,0.26218295097351074,0.6931390762329102
453,90699,0.0766611099243164,0.1711764633655548,0.25205105543136597,0.6931328177452087,,,,,,,
453,90799,0.12048068642616272,0.2120615690946579,0.25497761368751526,0.6931169629096985,,,,,,,
453,90799,,,,,0.45502030849456787,0.5034367442131042,0.9399537444114685,0.13963128626346588,0.2089444398880005,0.27724525332450867,0.6931167244911194
454,90899,0.06622007489204407,0.20268014073371887,0.21010850369930267,0.6931371092796326,,,,,,,
454,90999,0.11383926868438721,0.19405430555343628,0.26635435223579407,0.6931387782096863,,,,,,,
454,90999,,,,,0.45493772625923157,0.5016171932220459,0.9064635634422302,0.1297280192375183,0.20863544940948486,0.2676621377468109,0.6931391358375549
455,91099,0.13084480166435242,0.20064687728881836,0.27671709656715393,0.6930383443832397,,,,,,,
455,91199,0.0951702892780304,0.19217345118522644,0.24956825375556946,0.693142831325531,,,,,,,
455,91199,,,,,0.45553237199783325,0.5014250874519348,0.9290870428085327,0.13047926127910614,0.2092554122209549,0.26779431104660034,0.6931408047676086
456,91299,0.10836133360862732,0.20766669511795044,0.24726489186286926,0.6931405067443848,,,,,,,
456,91399,0.06142944097518921,0.1969330608844757,0.2110486775636673,0.69310462474823,,,,,,,
456,91399,,,,,0.4548569917678833,0.5040457248687744,0.8940445780754089,0.13180096447467804,0.20875757932662964,0.2695980966091156,0.693109393119812
457,91499,0.0830933153629303,0.18821454048156738,0.2414412498474121,0.6931249499320984,,,,,,,
457,91599,0.12590932846069336,0.20664896070957184,0.2658279538154602,0.693135142326355,,,,,,,
457,91599,,,,,0.45564764738082886,0.5027346014976501,0.8900445699691772,0.13424092531204224,0.2094813585281372,0.2713228166103363,0.6931266188621521
458,91699,0.09296569228172302,0.1871052086353302,0.25241684913635254,0.6931127309799194,,,,,,,
458,91799,0.12335807085037231,0.22498738765716553,0.2449314445257187,0.6931215524673462,,,,,,,
458,91799,,,,,0.45454537868499756,0.5025234222412109,0.9423803091049194,0.1264379620552063,0.20817671716213226,0.2648255228996277,0.6931286454200745
459,91899,0.15792375802993774,0.21279576420783997,0.29161807894706726,0.692980170249939,,,,,,,
459,91999,0.1560538411140442,0.21721360087394714,0.2854105830192566,0.6931406259536743,,,,,,,
459,91999,,,,,0.4555319547653198,0.50211101770401,0.9048331379890442,0.1282086819410324,0.2088446170091629,0.2659313678741455,0.6931344866752625
460,92099,-0.012693226337432861,0.15403741598129272,0.1798296719789505,0.6931205987930298,,,,,,,
460,92199,0.1455616056919098,0.21300530433654785,0.2791057527065277,0.6930989027023315,,,,,,,
460,92199,,,,,0.45476990938186646,0.5045014023780823,0.9323830604553223,0.12950825691223145,0.20860347151756287,0.26745501160621643,0.6931003928184509
461,92299,0.01621788740158081,0.16326460242271423,0.19952499866485596,0.6931434273719788,,,,,,,
461,92399,0.10724657773971558,0.19867640733718872,0.2551405131816864,0.6931406855583191,,,,,,,
461,92399,,,,,0.45480743050575256,0.5011542439460754,0.9330042600631714,0.1331576704978943,0.20888157188892365,0.27084752917289734,0.6931428909301758
462,92499,0.1843767762184143,0.21676331758499146,0.31418317556381226,0.6931394338607788,,,,,,,
462,92599,0.15076950192451477,0.21858415007591248,0.27871978282928467,0.6930688619613647,,,,,,,
462,92599,,,,,0.45473363995552063,0.5061897039413452,0.9319202899932861,0.12946386635303497,0.2086668461561203,0.2673301100730896,0.6930661797523499
463,92699,0.1571090817451477,0.22515028715133667,0.27852723002433777,0.6931368112564087,,,,,,,
463,92799,0.14381110668182373,0.21223711967468262,0.2781439423561096,0.693139910697937,,,,,,,
463,92799,,,,,0.4545162320137024,0.5012997388839722,0.9194963574409485,0.12717077136039734,0.20812007784843445,0.2656216621398926,0.6931418776512146
464,92899,0.21790528297424316,0.21501900255680084,0.3494413197040558,0.6931101083755493,,,,,,,
464,92999,0.07147371768951416,0.17949023842811584,0.2385316789150238,0.693096399307251,,,,,,,
464,92999,,,,,0.4542067348957062,0.5053627490997314,0.9311375617980957,0.12318979948759079,0.2083604484796524,0.2613718807697296,0.6930850744247437
465,93099,0.12260550260543823,0.2093878835439682,0.25978827476501465,0.6931413412094116,,,,,,,
465,93199,0.05045837163925171,0.19572272896766663,0.20125558972358704,0.6930398941040039,,,,,,,
465,93199,,,,,0.4546896815299988,0.5082358717918396,0.8900243043899536,0.12117717415094376,0.20843428373336792,0.25924524664878845,0.6930046081542969
466,93299,0.18383124470710754,0.2171916365623474,0.31321024894714355,0.6931412816047668,,,,,,,
466,93399,0.15270400047302246,0.211850106716156,0.2874099314212799,0.6931120753288269,,,,,,,
466,93399,,,,,0.45422154664993286,0.504022479057312,0.8931463956832886,0.13200142979621887,0.20812399685382843,0.27043217420578003,0.6931095719337463
467,93499,0.05506551265716553,0.19004270434379578,0.21158401668071747,0.693122386932373,,,,,,,
467,93599,0.0848822295665741,0.19287022948265076,0.2385791540145874,0.6931343078613281,,,,,,,
467,93599,,,,,0.45442256331443787,0.5022937059402466,0.9322365522384644,0.12513689696788788,0.20849290490150452,0.26320987939834595,0.6931318640708923
468,93699,0.22872743010520935,0.24769341945648193,0.3276025354862213,0.693136990070343,,,,,,,
468,93799,0.09672993421554565,0.1891990602016449,0.25407645106315613,0.6930911540985107,,,,,,,
468,93799,,,,,0.45508861541748047,0.5036835670471191,0.8930307030677795,0.12614800035953522,0.2089971899986267,0.26370730996131897,0.6931130290031433
469,93899,0.13129210472106934,0.20496326684951782,0.27289897203445435,0.6931402683258057,,,,,,,
469,93999,0.11012083292007446,0.20543254911899567,0.25125813484191895,0.6931396722793579,,,,,,,
469,93999,,,,,0.4543524980545044,0.5014832615852356,0.9033507108688354,0.12171195447444916,0.20839481055736542,0.25988733768463135,0.6931403279304504
470,94099,0.17669859528541565,0.22032281756401062,0.30285802483558655,0.692964494228363,,,,,,,
470,94199,0.27845996618270874,0.2684493362903595,0.3565730154514313,0.6931247711181641,,,,,,,
470,94199,,,,,0.454526424407959,0.5025277137756348,0.8929777145385742,0.12110930681228638,0.2085883766412735,0.2590864598751068,0.693131148815155
471,94299,0.14639154076576233,0.21633224189281464,0.27660998702049255,0.6931013464927673,,,,,,,
471,94399,0.13353928923606873,0.20068149268627167,0.27941134572029114,0.6931070685386658,,,,,,,
471,94399,,,,,0.454535573720932,0.503602147102356,0.9258284568786621,0.11583029478788376,0.20818334817886353,0.2542049288749695,0.6931160092353821
472,94499,0.10341507196426392,0.18627704679965973,0.26368260383605957,0.6930891275405884,,,,,,,
472,94599,0.16363310813903809,0.22699983417987823,0.2832052707672119,0.6931439638137817,,,,,,,
472,94599,,,,,0.45479491353034973,0.5013929009437561,0.9156038761138916,0.12151545286178589,0.2086440473794937,0.25944188237190247,0.693140983581543
473,94699,0.13939356803894043,0.21016041934490204,0.2758033275604248,0.6931403875350952,,,,,,,
473,94799,0.16561362147331238,0.2131170630455017,0.2990615963935852,0.6931300759315491,,,,,,,
473,94799,,,,,0.45454737544059753,0.5019765496253967,0.9264945983886719,0.11603894084692001,0.2084967941045761,0.25411033630371094,0.69313645362854
474,94899,0.038417935371398926,0.17074285447597504,0.21424052119255066,0.6931308507919312,,,,,,,
474,94999,0.10886776447296143,0.2058151811361313,0.24960803985595703,0.6931109428405762,,,,,,,
474,94999,,,,,0.45419663190841675,0.5041937828063965,0.9326303601264954,0.1178416833281517,0.2077503353357315,0.2566453516483307,0.6931080222129822
475,95099,0.09778320789337158,0.20395879447460175,0.24037589132785797,0.6931029558181763,,,,,,,
475,95199,0.10375764966011047,0.20880651473999023,0.24151715636253357,0.6931320428848267,,,,,,,
475,95199,,,,,0.45410796999931335,0.5022068023681641,0.9376060366630554,0.12197384983301163,0.20804928243160248,0.2604920566082001,0.6931349635124207
476,95299,0.12236160039901733,0.21178169548511505,0.2571514844894409,0.6931431293487549,,,,,,,
476,95399,0.08394560217857361,0.17753559350967407,0.2529708445072174,0.6931216716766357,,,,,,,
476,95399,,,,,0.45490366220474243,0.5030584931373596,0.8964568376541138,0.1292474865913391,0.20846091210842133,0.2673490345478058,0.6931248903274536
477,95499,0.13072684407234192,0.1967843472957611,0.28050845861434937,0.6931319236755371,,,,,,,
477,95599,0.07684898376464844,0.19439750909805298,0.22901777923107147,0.6931326389312744,,,,,,,
477,95599,,,,,0.4545815885066986,0.5028431415557861,0.9360255599021912,0.11745856702327728,0.20865395665168762,0.2553691267967224,0.6931290626525879
478,95699,0.049818456172943115,0.1886448711156845,0.20773398876190186,0.6931208372116089,,,,,,,
478,95799,0.005023449659347534,0.1854378879070282,0.16614651679992676,0.6931219100952148,,,,,,,
478,95799,,,,,0.45502644777297974,0.5034493207931519,0.8926931619644165,0.11545619368553162,0.2089550644159317,0.25306132435798645,0.6931202411651611
479,95899,0.06200969219207764,0.19428874552249908,0.21424387395381927,0.6930458545684814,,,,,,,
479,95999,0.007818758487701416,0.17068567872047424,0.183694526553154,0.6931228637695312,,,,,,,
479,95999,,,,,0.45451903343200684,0.5033026337623596,0.8948449492454529,0.11818822473287582,0.20845167338848114,0.2562979459762573,0.6931228637695312
480,96099,0.09070813655853271,0.19185258448123932,0.2454187572002411,0.6931264400482178,,,,,,,
480,96199,0.15566226840019226,0.20873712003231049,0.2934955954551697,0.6931409239768982,,,,,,,
480,96199,,,,,0.453815758228302,0.5017197728157043,0.9290963411331177,0.1148720309138298,0.20795123279094696,0.2534901797771454,0.693138837814331
481,96299,0.007884353399276733,0.18370182812213898,0.1707511693239212,0.6931372880935669,,,,,,,
481,96399,0.14667844772338867,0.22106312215328217,0.272183895111084,0.6931371688842773,,,,,,,
481,96399,,,,,0.45341116189956665,0.5026364922523499,0.9302058219909668,0.11555314064025879,0.20719623565673828,0.25492173433303833,0.6931295990943909
482,96499,0.15059217810630798,0.2162417471408844,0.28091514110565186,0.6931294202804565,,,,,,,
482,96599,0.012285053730010986,0.1817345917224884,0.17710961401462555,0.6931183338165283,,,,,,,
482,96599,,,,,0.45324522256851196,0.503230094909668,0.895362138748169,0.1114247664809227,0.2074904888868332,0.25049644708633423,0.6931244730949402
483,96699,0.1750800907611847,0.21886159479618073,0.3027903735637665,0.6931437849998474,,,,,,,
483,96799,0.054736196994781494,0.19040054082870483,0.2109076827764511,0.6931440830230713,,,,,,,
483,96799,,,,,0.4555293917655945,0.5010970830917358,0.9219480156898499,0.12144644558429718,0.20940253138542175,0.25861555337905884,0.6931434273719788
484,96899,0.1544092297554016,0.2260354459285736,0.27494221925735474,0.6931368112564087,,,,,,,
484,96999,0.13387233018875122,0.21114057302474976,0.2693043351173401,0.6931451559066772,,,,,,,
484,96999,,,,,0.4540858566761017,0.5013405084609985,0.9371166825294495,0.11379771679639816,0.2083306610584259,0.25203800201416016,0.6931418180465698
485,97099,0.03706705570220947,0.18623730540275574,0.19739241898059845,0.6931253671646118,,,,,,,
485,97199,0.12685048580169678,0.2066158652305603,0.26679727435112,0.693125307559967,,,,,,,
485,97199,,,,,0.4539576470851898,0.5027260184288025,0.9314557313919067,0.11179839819669724,0.20796498656272888,0.25039786100387573,0.6931289434432983
486,97299,0.03747960925102234,0.17915615439414978,0.20489251613616943,0.6931381225585938,,,,,,,
486,97399,0.09179127216339111,0.22180743515491486,0.21651604771614075,0.6930644512176514,,,,,,,
486,97399,,,,,0.4537544846534729,0.5060277581214905,0.8926678895950317,0.11201996356248856,0.20787785947322845,0.25067731738090515,0.6930704712867737
487,97499,0.12294027209281921,0.20101583003997803,0.2684885263442993,0.6931281685829163,,,,,,,
487,97599,0.13277938961982727,0.20805305242538452,0.27129337191581726,0.693134069442749,,,,,,,
487,97599,,,,,0.4540136158466339,0.5018004179000854,0.912860631942749,0.11278026551008224,0.2080167979001999,0.2513324022293091,0.6931381225585938
488,97699,0.05288708209991455,0.1900346577167511,0.20942337810993195,0.6931419372558594,,,,,,,
488,97799,0.1640545129776001,0.22799234092235565,0.28263434767723083,0.6931443214416504,,,,,,,
488,97799,,,,,0.4542124271392822,0.5012416839599609,0.9237713813781738,0.11342678219079971,0.20836801826953888,0.2516299784183502,0.6931425333023071
489,97899,0.046866387128829956,0.17566046118736267,0.21776048839092255,0.6931090950965881,,,,,,,
489,97999,0.14410296082496643,0.20268692076206207,0.28798559308052063,0.6931391358375549,,,,,,,
489,97999,,,,,0.45390474796295166,0.5011647939682007,0.9536789059638977,0.11511793732643127,0.20777380466461182,0.25391557812690735,0.693142831325531
490,98099,0.1673218309879303,0.21970868110656738,0.2941752076148987,0.6931241154670715,,,,,,,
490,98199,0.1502949595451355,0.22060918807983398,0.2762569189071655,0.693142294883728,,,,,,,
490,98199,,,,,0.45331764221191406,0.5012115240097046,0.941562831401825,0.11065232008695602,0.2071138471364975,0.25010985136032104,0.6931427717208862
491,98299,0.10132980346679688,0.19185061752796173,0.25604960322380066,0.6931408643722534,,,,,,,
491,98399,0.2036229968070984,0.24952909350395203,0.30065256357192993,0.6931172609329224,,,,,,,
491,98399,,,,,0.45363467931747437,0.5045033693313599,0.8912338018417358,0.11162739992141724,0.20753204822540283,0.2506469786167145,0.6931031942367554
492,98499,0.16992181539535522,0.2122497856616974,0.3042438328266144,0.6931436061859131,,,,,,,
492,98599,0.03771689534187317,0.18516549468040466,0.1991230845451355,0.693143367767334,,,,,,,
492,98599,,,,,0.4539409279823303,0.5011871457099915,0.9274201989173889,0.11260607093572617,0.20785380899906158,0.2513236701488495,0.6931429505348206
493,98699,0.12891411781311035,0.20655767619609833,0.2689175307750702,0.693122148513794,,,,,,,
493,98799,0.07503455877304077,0.1932896077632904,0.22831667959690094,0.6931434869766235,,,,,,,
493,98799,,,,,0.45313504338264465,0.5017096400260925,0.8987355828285217,0.10448776185512543,0.2070399969816208,0.24401739239692688,0.693139374256134
494,98899,0.15843850374221802,0.22308045625686646,0.2819264531135559,0.6931368112564087,,,,,,,
494,98999,0.15386027097702026,0.22396773099899292,0.27646392583847046,0.6931427717208862,,,,,,,
494,98999,,,,,0.45379865169525146,0.5008770227432251,0.9121749997138977,0.10815483331680298,0.20767386257648468,0.24705329537391663,0.6931447386741638
495,99099,0.08363109827041626,0.20202907919883728,0.22813943028450012,0.6930748224258423,,,,,,,
495,99199,0.11397814750671387,0.2041044980287552,0.2564418613910675,0.69313645362854,,,,,,,
495,99199,,,,,0.45369210839271545,0.5015897750854492,0.8938056826591492,0.10448464006185532,0.20759046077728271,0.243464395403862,0.6931403875350952
496,99299,0.0998278260231018,0.1994909644126892,0.2469077855348587,0.6931418180465698,,,,,,,
496,99399,0.1534796953201294,0.22263552248477936,0.2774154543876648,0.6931425333023071,,,,,,,
496,99399,,,,,0.45365121960639954,0.502406656742096,0.927532970905304,0.10745027661323547,0.20752498507499695,0.2464921772480011,0.6931338310241699
497,99499,0.027310550212860107,0.19157956540584564,0.18230390548706055,0.6931458711624146,,,,,,,
497,99599,0.05567970871925354,0.1846044659614563,0.2176280915737152,0.6931056976318359,,,,,,,
497,99599,,,,,0.4538685083389282,0.5037229061126709,0.9322149753570557,0.10579512268304825,0.2079753875732422,0.24437858164310455,0.6931177973747253
498,99699,0.09192836284637451,0.19865521788597107,0.23984307050704956,0.6931398510932922,,,,,,,
498,99799,0.11470448970794678,0.20338109135627747,0.2578043043613434,0.6929618120193481,,,,,,,
498,99799,,,,,0.45327672362327576,0.5092294812202454,0.9318298697471619,0.1019236147403717,0.2075483351945877,0.24086254835128784,0.6929745674133301
499,99899,0.12860599160194397,0.2159859836101532,0.2591564655303955,0.6930729150772095,,,,,,,
499,99999,0.1457200050354004,0.1983087956905365,0.2939837574958801,0.6931450963020325,,,,,,,
499,99999,,,,,0.45370182394981384,0.5008299350738525,0.9303666949272156,0.10735353827476501,0.20778366923332214,0.24614229798316956,0.6931450366973877
500,100099,0.03221365809440613,0.17989057302474976,0.19889602065086365,0.6931458711624146,,,,,,,
500,100199,0.15038219094276428,0.20587772130966187,0.29105114936828613,0.6930933594703674,,,,,,,
500,100199,,,,,0.45366063714027405,0.5042455196380615,0.9331706166267395,0.10629820823669434,0.2074243426322937,0.24542878568172455,0.693109929561615
501,100299,0.12456101179122925,0.21097348630428314,0.26015058159828186,0.6931260824203491,,,,,,,
501,100399,0.07087293267250061,0.18177109956741333,0.23567144572734833,0.6931392550468445,,,,,,,
501,100399,,,,,0.45362091064453125,0.5024233460426331,0.8916622400283813,0.1023712232708931,0.2074277251958847,0.24151059985160828,0.6931341886520386
502,100499,0.06033468246459961,0.20768582820892334,0.1992160528898239,0.6931344270706177,,,,,,,
502,100599,-0.006774544715881348,0.18766775727272034,0.15212763845920563,0.693139910697937,,,,,,,
502,100599,,,,,0.4537443518638611,0.5018829107284546,0.936710774898529,0.10546238720417023,0.2075585573911667,0.2444729208946228,0.6931381821632385
503,100699,0.11337769031524658,0.17482353746891022,0.2851250171661377,0.6931416988372803,,,,,,,
503,100799,0.08098399639129639,0.20688144862651825,0.22066844999790192,0.6931318044662476,,,,,,,
503,100799,,,,,0.45331695675849915,0.502840518951416,0.8933664560317993,0.10104449093341827,0.20724226534366608,0.2403663545846939,0.6931282877922058
504,100899,0.09149816632270813,0.19891168177127838,0.23915746808052063,0.6931419968605042,,,,,,,
504,100999,0.07855665683746338,0.19336485862731934,0.23176445066928864,0.6931452751159668,,,,,,,
504,100999,,,,,0.45358806848526,0.5011550188064575,0.8878489136695862,0.10467077791690826,0.20732825994491577,0.24391406774520874,0.6931429505348206
505,101099,0.08430743217468262,0.20806945860385895,0.22280284762382507,0.6931297779083252,,,,,,,
505,101199,0.08454981446266174,0.2013130486011505,0.22980903089046478,0.6931445002555847,,,,,,,
505,101199,,,,,0.45328769087791443,0.5010159611701965,0.9133448004722595,0.10261718928813934,0.2068525105714798,0.2423367202281952,0.6931438446044922
506,101299,0.07298719882965088,0.20302751660346985,0.21653077006340027,0.6931421756744385,,,,,,,
506,101399,0.0780823826789856,0.20109273493289948,0.22355839610099792,0.693137526512146,,,,,,,
506,101399,,,,,0.4531906843185425,0.5025781989097595,0.9344004988670349,0.09937773644924164,0.2073536217212677,0.23858948051929474,0.6931306719779968
507,101499,0.14389103651046753,0.21366329491138458,0.27679282426834106,0.6931301355361938,,,,,,,
507,101599,0.04567384719848633,0.19254212081432343,0.19969862699508667,0.6931338310241699,,,,,,,
507,101599,,,,,0.45318442583084106,0.5021461844444275,0.9362109899520874,0.10168369859457016,0.20697113871574402,0.24128033220767975,0.6931353807449341
508,101699,0.07809624075889587,0.18373653292655945,0.24093012511730194,0.6931408047676086,,,,,,,
508,101799,0.07295376062393188,0.1955043375492096,0.2240142524242401,0.6931296586990356,,,,,,,
508,101799,,,,,0.4538002908229828,0.5024035573005676,0.9416492581367493,0.10142059624195099,0.20755332708358765,0.24043366312980652,0.6931329369544983
509,101899,-0.03780055046081543,0.17357605695724487,0.1351718008518219,0.6930968165397644,,,,,,,
509,101999,0.20383602380752563,0.22119140625,0.3292147219181061,0.6931401491165161,,,,,,,
509,101999,,,,,0.4531978368759155,0.5016400218009949,0.8991408944129944,0.10234015434980392,0.20725707709789276,0.2416529357433319,0.6931396126747131
510,102099,0.023793131113052368,0.18416227400302887,0.18618406355381012,0.6931064128875732,,,,,,,
510,102199,0.04464000463485718,0.18801604211330414,0.203180730342865,0.6931135654449463,,,,,,,
510,102199,,,,,0.45340681076049805,0.5041611194610596,0.8920390009880066,0.09966222941875458,0.2073923945426941,0.2388249635696411,0.6931102275848389
511,102299,0.05331447720527649,0.1929548680782318,0.2069176882505417,0.6931161284446716,,,,,,,
511,102399,0.17003792524337769,0.21801871061325073,0.2985754907131195,0.6931124925613403,,,,,,,
511,102399,,,,,0.4535038471221924,0.5040821433067322,0.8922885656356812,0.10155215114355087,0.2073546200990677,0.24075272679328918,0.693110466003418
512,102499,0.10362035036087036,0.21157391369342804,0.23861126601696014,0.6931296586990356,,,,,,,
512,102599,0.09333392977714539,0.21528959274291992,0.22460751235485077,0.693126380443573,,,,,,,
512,102599,,,,,0.4530200958251953,0.5030598044395447,0.8893702030181885,0.10095785558223724,0.20726239681243896,0.24025827646255493,0.6931254863739014
513,102699,0.08599931001663208,0.19880738854408264,0.23376329243183136,0.6931427717208862,,,,,,,
513,102799,0.06922298669815063,0.17778915166854858,0.237998366355896,0.6931290626525879,,,,,,,
513,102799,,,,,0.45339110493659973,0.5027514100074768,0.93857741355896,0.10059137642383575,0.2074485719203949,0.23970718681812286,0.6931286454200745
514,102899,0.11180311441421509,0.20438852906227112,0.2539825141429901,0.6931358575820923,,,,,,,
514,102999,0.03596237301826477,0.18454396724700928,0.19799089431762695,0.6931449770927429,,,,,,,
514,102999,,,,,0.4532032012939453,0.5010270476341248,0.9141278862953186,0.09920401126146317,0.20711669325828552,0.2386593073606491,0.693143904209137
515,103099,0.03210452198982239,0.18258650600910187,0.19608061015605927,0.6931251883506775,,,,,,,
515,103199,0.0779520571231842,0.192536860704422,0.23197504878044128,0.6931197047233582,,,,,,,
515,103199,,,,,0.4536423683166504,0.5030972361564636,0.8904127478599548,0.09990423172712326,0.20758599042892456,0.2388809323310852,0.6931254863739014
516,103299,-0.0033884942531585693,0.17001661658287048,0.1731652021408081,0.6931406259536743,,,,,,,
516,103399,0.11746945977210999,0.20923858880996704,0.2548035979270935,0.6931454539299011,,,,,,,
516,103399,,,,,0.45331859588623047,0.500817596912384,0.9136080145835876,0.0970715805888176,0.20722675323486328,0.23641730844974518,0.6931450366973877
517,103499,0.09680026769638062,0.19053517282009125,0.252831369638443,0.6931325197219849,,,,,,,
517,103599,0.11160486936569214,0.23015105724334717,0.22802609205245972,0.6931445598602295,,,,,,,
517,103599,,,,,0.45341435074806213,0.5009084343910217,0.9121360182762146,0.09653306752443314,0.20731376111507416,0.23579157888889313,0.6931445598602295
518,103699,0.08300155401229858,0.1901845932006836,0.23938916623592377,0.6931444406509399,,,,,,,
518,103799,0.1760324239730835,0.22760261595249176,0.29500266909599304,0.693145751953125,,,,,,,
518,103799,,,,,0.4533701241016388,0.5009331703186035,0.9034601449966431,0.09904502332210541,0.2073468565940857,0.2382703721523285,0.6931443810462952
519,103899,0.08881837129592896,0.20492638647556305,0.23046430945396423,0.693144679069519,,,,,,,
519,103999,0.05520901083946228,0.18258628249168396,0.21919506788253784,0.693144679069519,,,,,,,
519,103999,,,,,0.4526236355304718,0.5008779764175415,0.9060095548629761,0.09714804589748383,0.20681823790073395,0.2369021475315094,0.6931447982788086
520,104099,0.029236823320388794,0.17835456132888794,0.1974545419216156,0.6931445598602295,,,,,,,
520,104199,0.07182672619819641,0.19365033507347107,0.22474850714206696,0.6931442618370056,,,,,,,
520,104199,,,,,0.45290952920913696,0.5009982585906982,0.9226612448692322,0.09692295640707016,0.20724274218082428,0.2362522929906845,0.6931440830230713
521,104299,0.05383685231208801,0.19005915522575378,0.210340678691864,0.6931259632110596,,,,,,,
521,104399,0.03355368971824646,0.1893935203552246,0.19073303043842316,0.6931456923484802,,,,,,,
521,104399,,,,,0.45287516713142395,0.5014172792434692,0.9244347810745239,0.09532981365919113,0.20668376982212067,0.2352169156074524,0.6931418180465698
522,104499,0.1003011167049408,0.23070651292800903,0.21615874767303467,0.6931282877922058,,,,,,,
522,104599,0.18703052401542664,0.23412162065505981,0.2994815409183502,0.6931453347206116,,,,,,,
522,104599,,,,,0.45307067036628723,0.5006941556930542,0.9034187197685242,0.09583348035812378,0.20692504942417145,0.23548127710819244,0.6931456923484802
523,104699,-0.035985738039016724,0.15896731615066528,0.15161970257759094,0.6931455135345459,,,,,,,
523,104799,0.0968288779258728,0.2018771767616272,0.24152414500713348,0.6931449174880981,,,,,,,
523,104799,,,,,0.4529576599597931,0.5008004903793335,0.9208605885505676,0.09429831802845001,0.207086443901062,0.23378445208072662,0.6931452751159668
524,104899,-0.004495501518249512,0.1708870828151703,0.1711893528699875,0.6931438446044922,,,,,,,
524,104999,0.0776040256023407,0.19884854555130005,0.22532251477241516,0.693134069442749,,,,,,,
524,104999,,,,,0.4529653787612915,0.50296550989151,0.8931416273117065,0.09596849232912064,0.20694516599178314,0.23558704555034637,0.693127453327179
525,105099,0.16961383819580078,0.21413160860538483,0.30205002427101135,0.6931356191635132,,,,,,,
525,105199,0.05886167287826538,0.18853934109210968,0.2168850600719452,0.6931254863739014,,,,,,,
525,105199,,,,,0.45272621512413025,0.5029805898666382,0.8925082087516785,0.09645094722509384,0.2068306803703308,0.23618395626544952,0.6931275129318237
526,105299,0.0382271409034729,0.18476071953773499,0.20003308355808258,0.6931333541870117,,,,,,,
526,105399,0.14807316660881042,0.21929490566253662,0.27534380555152893,0.6931310892105103,,,,,,,
526,105399,,,,,0.45261821150779724,0.5028946995735168,0.930378794670105,0.09591025859117508,0.2065686285495758,0.23590616881847382,0.6931290626525879
527,105499,0.12330424785614014,0.2150597721338272,0.25481709837913513,0.6931452751159668,,,,,,,
527,105599,0.1407858431339264,0.22142983973026276,0.2659260332584381,0.6931400895118713,,,,,,,
527,105599,,,,,0.4528014659881592,0.5011033415794373,0.9115332961082458,0.09301012009382248,0.20701535046100616,0.23256665468215942,0.6931437253952026
528,105699,0.04332703351974487,0.17299456894397736,0.2169044017791748,0.6931438446044922,,,,,,,
528,105799,0.04511195421218872,0.19933108985424042,0.1923539638519287,0.6931462287902832,,,,,,,
528,105799,,,,,0.45272257924079895,0.5006905198097229,0.9150949120521545,0.09394161403179169,0.20687323808670044,0.23364122211933136,0.6931456923484802
529,105899,0.06736865639686584,0.1934313327074051,0.2205071747303009,0.6931397318840027,,,,,,,
529,105999,0.08470198512077332,0.20985887944698334,0.221416175365448,0.6931461691856384,,,,,,,
529,105999,,,,,0.45280778408050537,0.5007724761962891,0.9090943336486816,0.09532856941223145,0.20693379640579224,0.2349674254655838,0.6931453943252563
530,106099,0.12887564301490784,0.2149294912815094,0.26051777601242065,0.6931432485580444,,,,,,,
530,106199,0.23252883553504944,0.2612520158290863,0.31784898042678833,0.6931442618370056,,,,,,,
530,106199,,,,,0.4528624713420868,0.501697301864624,0.9340238571166992,0.09365247189998627,0.20706699788570404,0.2331557273864746,0.6931405067443848
531,106299,0.16318786144256592,0.22896569967269897,0.2807948589324951,0.6931453943252563,,,,,,,
531,106399,0.037668704986572266,0.17293912172317505,0.21130268275737762,0.6931462287902832,,,,,,,
531,106399,,,,,0.4527953267097473,0.5005546808242798,0.9242408275604248,0.09350902587175369,0.20683902502059937,0.23324312269687653,0.6931461095809937
532,106499,0.09284701943397522,0.2038230001926422,0.2355901598930359,0.6931322813034058,,,,,,,
532,106599,0.01447191834449768,0.1613253951072693,0.19971859455108643,0.6931441426277161,,,,,,,
532,106599,,,,,0.4527345597743988,0.5009618997573853,0.8988509774208069,0.09159188717603683,0.2066197693347931,0.23154444992542267,0.6931447386741638
533,106699,0.0493016242980957,0.1824328899383545,0.21344159543514252,0.693145751953125,,,,,,,
533,106799,-0.006192803382873535,0.1854073405265808,0.15497076511383057,0.6931418180465698,,,,,,,
533,106799,,,,,0.4528089463710785,0.5016580820083618,0.9365020990371704,0.09182527661323547,0.20668278634548187,0.23171275854110718,0.6931406259536743
534,106899,0.008026838302612305,0.18399615585803986,0.17060083150863647,0.6931402683258057,,,,,,,
534,106999,0.15086016058921814,0.19889190793037415,0.29854121804237366,0.6931459307670593,,,,,,,
534,106999,,,,,0.45292168855667114,0.5005772113800049,0.9074652194976807,0.09227921813726425,0.20672927796840668,0.2321229875087738,0.6931459307670593
535,107099,0.036803364753723145,0.18175697326660156,0.20161934196949005,0.6931458711624146,,,,,,,
535,107199,0.13155719637870789,0.2175602912902832,0.26056715846061707,0.6931405067443848,,,,,,,
535,107199,,,,,0.4527677595615387,0.5017774105072021,0.8923727869987488,0.09110626578330994,0.20674186944961548,0.2309342324733734,0.6931396126747131
536,107299,0.01612675189971924,0.18257242441177368,0.18011987209320068,0.6931310892105103,,,,,,,
536,107399,0.06765240430831909,0.20047686994075775,0.21374821662902832,0.6931453943252563,,,,,,,
536,107399,,,,,0.45267143845558167,0.5007091760635376,0.9066741466522217,0.09200777858495712,0.20674563944339752,0.23183491826057434,0.6931456327438354
537,107499,0.08413931727409363,0.20500926673412323,0.22569739818572998,0.6931347250938416,,,,,,,
537,107599,0.13097411394119263,0.20929983258247375,0.26824232935905457,0.6931360960006714,,,,,,,
537,107599,,,,,0.4528818130493164,0.5021462440490723,0.8895410299301147,0.09158700704574585,0.2069384604692459,0.2312166839838028,0.6931362152099609
538,107699,0.17982107400894165,0.23622852563858032,0.2901585102081299,0.6931319236755371,,,,,,,
538,107799,0.0855521559715271,0.20413851737976074,0.22798633575439453,0.6931453943252563,,,,,,,
538,107799,,,,,0.45278534293174744,0.5008516907691956,0.9370917081832886,0.09166271239519119,0.2070394903421402,0.23119571805000305,0.6931449770927429
539,107899,0.08023521304130554,0.17891010642051697,0.24789637327194214,0.6931425333023071,,,,,,,
539,107999,0.05845588445663452,0.20338386297225952,0.20164470374584198,0.6931453943252563,,,,,,,
539,107999,,,,,0.4529581069946289,0.5007365942001343,0.9439769983291626,0.09220311045646667,0.20684212446212769,0.23193366825580597,0.6931455135345459
540,108099,0.06389105319976807,0.2030799239873886,0.2073751837015152,0.6931281089782715,,,,,,,
540,108199,0.08622428774833679,0.21432583034038544,0.21846793591976166,0.6931389570236206,,,,,,,
540,108199,,,,,0.4527021050453186,0.5021004676818848,0.8909163475036621,0.08951031416654587,0.20681825280189514,0.22926051914691925,0.693136990070343
541,108299,0.2557304799556732,0.2645959258079529,0.33770737051963806,0.6931455731391907,,,,,,,
541,108399,0.06017068028450012,0.1771698147058487,0.22957061231136322,0.6931394934654236,,,,,,,
541,108399,,,,,0.45295050740242004,0.5016489624977112,0.8972418904304504,0.0907534584403038,0.2070775330066681,0.2302461713552475,0.69314044713974
542,108499,0.04124137759208679,0.18772336840629578,0.200091153383255,0.693146288394928,,,,,,,
542,108599,0.0747377872467041,0.20462700724601746,0.2166835218667984,0.6931455135345459,,,,,,,
542,108599,,,,,0.4527793526649475,0.5006231665611267,0.9376654624938965,0.09025580435991287,0.20661655068397522,0.2302122563123703,0.6931459307670593
543,108699,0.0781552791595459,0.1863240897655487,0.23840411007404327,0.6931458711624146,,,,,,,
543,108799,0.07886427640914917,0.19796058535575867,0.22747577726840973,0.6931442022323608,,,,,,,
543,108799,,,,,0.452407568693161,0.500778079032898,0.9317176938056946,0.08791019022464752,0.20654864609241486,0.22793424129486084,0.6931455135345459
544,108899,0.09381252527236938,0.21254554390907288,0.2278398722410202,0.693145751953125,,,,,,,
544,108999,0.1175348162651062,0.2142879068851471,0.24981984496116638,0.6931458711624146,,,,,,,
544,108999,,,,,0.4525286555290222,0.5006785988807678,0.9375316500663757,0.08832740038633347,0.2064858227968216,0.22841446101665497,0.6931458711624146
545,109099,0.09051668643951416,0.21851083636283875,0.2185787409543991,0.693145751953125,,,,,,,
545,109199,0.09087371826171875,0.20422273874282837,0.23322352766990662,0.6931450963020325,,,,,,,
545,109199,,,,,0.4524935483932495,0.5010985732078552,0.9048364162445068,0.08955111354589462,0.20658054947853088,0.2295425534248352,0.6931440234184265
546,109299,0.09795105457305908,0.20531147718429565,0.23921239376068115,0.6931456327438354,,,,,,,
546,109399,0.12671709060668945,0.22900272905826569,0.24428752064704895,0.6931463479995728,,,,,,,
546,109399,,,,,0.4526262581348419,0.5005354881286621,0.9345973134040833,0.08920688182115555,0.2066868245601654,0.22909319400787354,0.6931461691856384
547,109499,0.0938488245010376,0.20659130811691284,0.23382991552352905,0.6931447982788086,,,,,,,
547,109599,0.23740532994270325,0.2625812590122223,0.3213961124420166,0.6931440234184265,,,,,,,
547,109599,,,,,0.4525327980518341,0.5014853477478027,0.890329897403717,0.08861474692821503,0.20670244097709656,0.2284833788871765,0.6931420564651489
548,109699,0.18797451257705688,0.24090325832366943,0.29363343119621277,0.6931244134902954,,,,,,,
548,109799,-0.01826256513595581,0.1847456991672516,0.14356385171413422,0.6931442022323608,,,,,,,
548,109799,,,,,0.4526626467704773,0.501257061958313,0.9400182366371155,0.0884653627872467,0.206795796751976,0.22824126482009888,0.6931434869766235
549,109899,0.0845474898815155,0.19968491792678833,0.23143526911735535,0.6931453943252563,,,,,,,
549,109999,0.10339328646659851,0.20526103675365448,0.24470536410808563,0.6931462287902832,,,,,,,
549,109999,,,,,0.45266470313072205,0.500494122505188,0.9124230742454529,0.09018103033304214,0.20689430832862854,0.22985996305942535,0.693146288394928
550,110099,0.15849822759628296,0.23179695010185242,0.273274302482605,0.6931461095809937,,,,,,,
550,110199,0.04817420244216919,0.19848498702049255,0.19626258313655853,0.6931467056274414,,,,,,,
550,110199,,,,,0.45281246304512024,0.5004346966743469,0.9099904894828796,0.08980177342891693,0.20693065226078033,0.22944441437721252,0.6931464672088623
551,110299,-0.016489535570144653,0.16859488189220428,0.16148722171783447,0.6931433081626892,,,,,,,
551,110399,0.04493245482444763,0.1728362739086151,0.21866877377033234,0.693145215511322,,,,,,,
551,110399,,,,,0.4526359736919403,0.5007233023643494,0.9116576910018921,0.08775786310434341,0.20673081278800964,0.22759990394115448,0.6931456327438354
552,110499,0.07235705852508545,0.21999239921569824,0.19893793761730194,0.6931465864181519,,,,,,,
552,110599,0.07095146179199219,0.19801729917526245,0.2195069044828415,0.6931455135345459,,,,,,,
552,110599,,,,,0.4527319371700287,0.5006240606307983,0.9144502282142639,0.08906769752502441,0.206758514046669,0.22888220846652985,0.6931459307670593
553,110699,0.060907602310180664,0.19702202081680298,0.21045802533626556,0.6931449174880981,,,,,,,
553,110799,0.1048349142074585,0.21082578599452972,0.24058039486408234,0.6931425333023071,,,,,,,
553,110799,,,,,0.4525707960128784,0.5014278292655945,0.9367817044258118,0.08827225863933563,0.20661424100399017,0.2282293438911438,0.6931425333023071
554,110899,0.03969311714172363,0.19906508922576904,0.18720044195652008,0.6931447982788086,,,,,,,
554,110999,0.11850851774215698,0.2111814320087433,0.2538999021053314,0.6931456327438354,,,,,,,
554,110999,,,,,0.45256808400154114,0.5007635354995728,0.9096131324768066,0.0883808359503746,0.20643287897109985,0.22852075099945068,0.6931455731391907
555,111099,0.14429548382759094,0.21548184752464294,0.27538537979125977,0.6931434869766235,,,,,,,
555,111199,0.16713032126426697,0.22116945683956146,0.2925340533256531,0.6931464076042175,,,,,,,
555,111199,,,,,0.45281457901000977,0.5004666447639465,0.9312365651130676,0.08862034231424332,0.2067241072654724,0.22846943140029907,0.6931463479995728
556,111299,0.3093990087509155,0.23827335238456726,0.41769862174987793,0.6931459903717041,,,,,,,
556,111399,0.16773521900177002,0.2524436414241791,0.26186442375183105,0.693145751953125,,,,,,,
556,111399,,,,,0.45270049571990967,0.5007506608963013,0.9327807426452637,0.08942808955907822,0.20675235986709595,0.2292485386133194,0.6931455731391907
557,111499,0.20282182097434998,0.2422112673521042,0.30718350410461426,0.6931459307670593,,,,,,,
557,111599,0.07363522052764893,0.2010926455259323,0.21911513805389404,0.6931451559066772,,,,,,,
557,111599,,,,,0.45272913575172424,0.5006948709487915,0.9055860042572021,0.08823288977146149,0.2069159299135208,0.22788983583450317,0.6931456923484802
558,111699,0.058601051568984985,0.19171616435050964,0.21345631778240204,0.693142831325531,,,,,,,
558,111799,0.01673305034637451,0.1926124095916748,0.17069382965564728,0.6931463479995728,,,,,,,
558,111799,,,,,0.4525209963321686,0.5004454851150513,0.9154181480407715,0.08690802752971649,0.20663140714168549,0.22684992849826813,0.6931464672088623
559,111899,0.002398461103439331,0.18398702144622803,0.1649843454360962,0.6931458115577698,,,,,,,
559,111999,0.1274179220199585,0.21466825902462006,0.2593229115009308,0.6931464672088623,,,,,,,
559,111999,,,,,0.4524933397769928,0.5004602670669556,0.9108598232269287,0.08647134155035019,0.2065877914428711,0.22645680606365204,0.6931463479995728
560,112099,0.10321694612503052,0.20867258310317993,0.2411154955625534,0.693142294883728,,,,,,,
560,112199,0.0676148533821106,0.21253252029418945,0.2016488015651703,0.6931329369544983,,,,,,,
560,112199,,,,,0.4523969292640686,0.5027662515640259,0.930831789970398,0.08601485192775726,0.20657552778720856,0.22600489854812622,0.6931310892105103
561,112299,-0.009244352579116821,0.1797810196876526,0.15754680335521698,0.6931443810462952,,,,,,,
561,112399,0.011475920677185059,0.17371144890785217,0.18433775007724762,0.6931465864181519,,,,,,,
561,112399,,,,,0.45252519845962524,0.5005138516426086,0.9239344000816345,0.08571416139602661,0.20670419931411743,0.22558315098285675,0.6931462287902832
562,112499,0.05315515398979187,0.2030051350593567,0.19672010838985443,0.6931402087211609,,,,,,,
562,112599,0.13547152280807495,0.2095804512500763,0.27246394753456116,0.693145751953125,,,,,,,
562,112599,,,,,0.4524464011192322,0.5006952881813049,0.9100145101547241,0.0869407206773758,0.20657594501972198,0.22693771123886108,0.693145751953125
563,112699,0.06425106525421143,0.19935961067676544,0.21146410703659058,0.6931452751159668,,,,,,,
563,112799,0.13165289163589478,0.21499352157115936,0.26323264837265015,0.6931465864181519,,,,,,,
563,112799,,,,,0.45252537727355957,0.5005467534065247,0.9277839660644531,0.08661104738712311,0.206807479262352,0.22637668251991272,0.6931461095809937
564,112899,0.06927025318145752,0.19232143461704254,0.22352059185504913,0.6931435465812683,,,,,,,
564,112999,0.1074037253856659,0.19462178647518158,0.25935524702072144,0.6931466460227966,,,,,,,
564,112999,,,,,0.4523797035217285,0.5004513263702393,0.9150878190994263,0.0859571173787117,0.20647986233234406,0.22605054080486298,0.6931464672088623
565,113099,-0.011888623237609863,0.18330127000808716,0.15137743949890137,0.6931346654891968,,,,,,,
565,113199,-0.0560077428817749,0.15046539902687073,0.14010022580623627,0.6931467056274414,,,,,,,
565,113199,,,,,0.452417254447937,0.5004492402076721,0.9137468934059143,0.08568862080574036,0.20648886263370514,0.22577300667762756,0.6931464672088623
566,113299,0.10509651899337769,0.1979004591703415,0.2537686228752136,0.6931451559066772,,,,,,,
566,113399,0.10733169317245483,0.21734954416751862,0.2365553379058838,0.6931463479995728,,,,,,,
566,113399,,,,,0.45234453678131104,0.5004912614822388,0.9066095948219299,0.08601132035255432,0.20642268657684326,0.22616182267665863,0.6931463479995728
567,113499,0.1515253782272339,0.22653107345104218,0.2715669572353363,0.6931452751159668,,,,,,,
567,113599,0.07852333784103394,0.21133193373680115,0.2137644737958908,0.6931461095809937,,,,,,,
567,113599,,,,,0.45239031314849854,0.5006256103515625,0.9354434609413147,0.08635418862104416,0.2065037488937378,0.2264234572649002,0.6931459903717041
568,113699,0.02327549457550049,0.18334117531776428,0.18650683760643005,0.6931450366973877,,,,,,,
568,113799,0.10618242621421814,0.19642555713653564,0.2563300132751465,0.693146288394928,,,,,,,
568,113799,,,,,0.4523572623729706,0.5005830526351929,0.91297447681427,0.08580794930458069,0.20648057758808136,0.22590042650699615,0.6931460499763489
569,113899,0.021609723567962646,0.19396919012069702,0.1742139607667923,0.693146824836731,,,,,,,
569,113999,0.009222567081451416,0.18774890899658203,0.1680450588464737,0.6931427717208862,,,,,,,
569,113999,,,,,0.45237475633621216,0.5014290809631348,0.9375594854354858,0.08505839109420776,0.20646530389785767,0.22516433894634247,0.6931424736976624
570,114099,0.12027662992477417,0.22114723920822144,0.24570131301879883,0.6931438446044922,,,,,,,
570,114199,0.10895374417304993,0.21172066032886505,0.24380610883235931,0.6931460499763489,,,,,,,
570,114199,,,,,0.4523434042930603,0.5005538463592529,0.9064952731132507,0.08487069606781006,0.20658332109451294,0.22486045956611633,0.6931461691856384
571,114299,0.07596874237060547,0.19368422031402588,0.2288578301668167,0.6931465864181519,,,,,,,
571,114399,0.08677548170089722,0.20635154843330383,0.22699688374996185,0.6931458711624146,,,,,,,
571,114399,,,,,0.4524456560611725,0.5006625056266785,0.9276071190834045,0.08530395478010178,0.2065931260585785,0.22528374195098877,0.6931459903717041
572,114499,0.025172948837280273,0.16767920553684235,0.2040669173002243,0.6931463479995728,,,,,,,
572,114599,0.05963099002838135,0.1878374218940735,0.21836675703525543,0.6931463479995728,,,,,,,
572,114599,,,,,0.45232272148132324,0.5004538893699646,0.8978166580200195,0.08488445729017258,0.2064712941646576,0.2249864637851715,0.6931464672088623
573,114699,0.1185922920703888,0.21569940447807312,0.24946612119674683,0.6931464672088623,,,,,,,
573,114799,0.06377750635147095,0.21576952934265137,0.1945808380842209,0.693145751953125,,,,,,,
573,114799,,,,,0.4522848427295685,0.500655472278595,0.9325032234191895,0.0847819447517395,0.20635905861854553,0.2249959111213684,0.6931459903717041
574,114899,0.07962539792060852,0.19338341057300568,0.23281529545783997,0.6931466460227966,,,,,,,
574,114999,0.11355873942375183,0.2307155430316925,0.22941644489765167,0.6931465268135071,,,,,,,
574,114999,,,,,0.4522459805011749,0.5005244016647339,0.9028976559638977,0.084095299243927,0.20629236102104187,0.22437608242034912,0.6931462287902832
575,115099,0.13901734352111816,0.219495490193367,0.2660951316356659,0.6931465864181519,,,,,,,
575,115199,0.08051192760467529,0.21081286668777466,0.21627171337604523,0.6931452751159668,,,,,,,
575,115199,,,,,0.45226192474365234,0.5008771419525146,0.9366415739059448,0.08429842442274094,0.20635798573493958,0.22451305389404297,0.693145215511322
576,115299,0.08716610074043274,0.1991686224937439,0.2345704734325409,0.6931459903717041,,,,,,,
576,115399,0.07551145553588867,0.19584091007709503,0.22624319791793823,0.6931452751159668,,,,,,,
576,115399,,,,,0.45230963826179504,0.5009570121765137,0.9417054057121277,0.08436234295368195,0.20639948546886444,0.2245352864265442,0.6931449770927429
577,115499,-0.028752237558364868,0.163029745221138,0.15479041635990143,0.6931447982788086,,,,,,,
577,115599,-0.05136379599571228,0.15491583943367004,0.1402934342622757,0.6931461691856384,,,,,,,
577,115599,,,,,0.45223894715309143,0.5004761815071106,0.9070793986320496,0.08426555246114731,0.2063690721988678,0.22446972131729126,0.6931463479995728
578,115699,0.11237609386444092,0.19547484815120697,0.2634737193584442,0.6931449174880981,,,,,,,
578,115799,0.06743264198303223,0.17885881662368774,0.23514674603939056,0.6931458711624146,,,,,,,
578,115799,,,,,0.4522164463996887,0.5007907748222351,0.9400085210800171,0.08435095101594925,0.20635825395584106,0.22456543147563934,0.6931455731391907
579,115899,0.05257934331893921,0.19786280393600464,0.20128969848155975,0.6931463479995728,,,,,,,
579,115999,0.1552039384841919,0.22047176957130432,0.2813054025173187,0.6931464672088623,,,,,,,
579,115999,,,,,0.4522295296192169,0.5004248023033142,0.9128478765487671,0.0839972123503685,0.2063940465450287,0.22417646646499634,0.6931464076042175
580,116099,0.1308344006538391,0.22525949776172638,0.2521476447582245,0.6931455135345459,,,,,,,
580,116199,0.18560117483139038,0.23510529100894928,0.29706916213035583,0.6931465864181519,,,,,,,
580,116199,,,,,0.4522404670715332,0.5004388093948364,0.9150839447975159,0.08402565121650696,0.20641659200191498,0.2241823822259903,0.6931464076042175
581,116299,0.08348378539085388,0.22055654227733612,0.20950058102607727,0.6931466460227966,,,,,,,
581,116399,0.08311975002288818,0.21200881898403168,0.21768423914909363,0.6931465864181519,,,,,,,
581,116399,,,,,0.4522366225719452,0.5003939270973206,0.9028505682945251,0.08400535583496094,0.20638883113861084,0.2241898775100708,0.6931465864181519
582,116499,0.12555715441703796,0.20408740639686584,0.2680429518222809,0.6931464076042175,,,,,,,
582,116599,0.0326991081237793,0.18576431274414062,0.1935078501701355,0.6931461095809937,,,,,,,
582,116599,,,,,0.4522889256477356,0.5005372762680054,0.9050220847129822,0.08401370793581009,0.2063966691493988,0.22419019043445587,0.6931462287902832
583,116699,0.05581966042518616,0.18467605113983154,0.21771669387817383,0.6931461691856384,,,,,,,
583,116799,0.0948033332824707,0.19196784496307373,0.24940870702266693,0.6931464672088623,,,,,,,
583,116799,,,,,0.45228150486946106,0.5004355907440186,0.9034219980239868,0.08411569893360138,0.20634151995182037,0.22434744238853455,0.6931464672088623
584,116899,0.04051560163497925,0.18420355021953583,0.20288532972335815,0.6931465864181519,,,,,,,
584,116999,0.09078320860862732,0.20998582243919373,0.22737009823322296,0.6931454539299011,,,,,,,
584,116999,,,,,0.45228612422943115,0.5008005499839783,0.905617892742157,0.08424455672502518,0.20642630755901337,0.22439101338386536,0.6931454539299011
585,117099,0.03734901547431946,0.1988767385482788,0.1850452870130539,0.6931460499763489,,,,,,,
585,117199,0.08643442392349243,0.21619945764541626,0.21680831909179688,0.6931467056274414,,,,,,,
585,117199,,,,,0.4522678554058075,0.5003774166107178,0.9210930466651917,0.08420810103416443,0.20636993646621704,0.2244114875793457,0.6931465864181519
586,117299,0.02206405997276306,0.1847614347934723,0.18387596309185028,0.6931466460227966,,,,,,,
586,117399,0.06176653504371643,0.21434159576892853,0.1939982920885086,0.6931467056274414,,,,,,,
586,117399,,,,,0.4522792100906372,0.5004287958145142,0.9080347418785095,0.08417876064777374,0.20639069378376007,0.22436131536960602,0.6931464672088623
587,117499,0.09634473919868469,0.2153368890285492,0.22758124768733978,0.6931467652320862,,,,,,,
587,117599,0.18077334761619568,0.2265768200159073,0.3007698953151703,0.6931467652320862,,,,,,,
587,117599,,,,,0.4522538483142853,0.5004504323005676,0.8979912996292114,0.08403792977333069,0.20634835958480835,0.22426286339759827,0.6931464076042175
588,117699,0.037586987018585205,0.19389505684375763,0.19026531279087067,0.6931467652320862,,,,,,,
588,117799,0.0009018480777740479,0.17671838402748108,0.1707567274570465,0.6931465268135071,,,,,,,
588,117799,,,,,0.45227640867233276,0.5004485249519348,0.9130227565765381,0.08421075344085693,0.2063707411289215,0.22441323101520538,0.6931464076042175
589,117899,0.16566288471221924,0.24535450339317322,0.26688152551651,0.6931462287902832,,,,,,,
589,117999,0.03385215997695923,0.18987494707107544,0.1905503273010254,0.6931462287902832,,,,,,,
589,117999,,,,,0.452243447303772,0.5005307793617249,0.9265181422233582,0.08404026925563812,0.2063310295343399,0.224282369017601,0.6931461691856384
590,118099,0.056985557079315186,0.19578438997268677,0.20777447521686554,0.6931465864181519,,,,,,,
590,118199,0.016075581312179565,0.19804224371910095,0.1646067500114441,0.693146824836731,,,,,,,
590,118199,,,,,0.45223599672317505,0.5004648566246033,0.9179624319076538,0.08398674428462982,0.2062990665435791,0.22426095604896545,0.6931464076042175
591,118299,0.024653136730194092,0.20269984006881714,0.16852658987045288,0.6931465864181519,,,,,,,
591,118399,0.1446807086467743,0.2228373885154724,0.26841655373573303,0.6931464672088623,,,,,,,
591,118399,,,,,0.4522428810596466,0.5004066228866577,0.9184216260910034,0.08399102091789246,0.20632164180278778,0.2242426574230194,0.6931464672088623
592,118499,0.020125210285186768,0.1951172649860382,0.1715812087059021,0.6931465268135071,,,,,,,
592,118599,0.06122615933418274,0.20675940811634064,0.20104016363620758,0.693146824836731,,,,,,,
592,118599,,,,,0.45225149393081665,0.5004531741142273,0.9134396314620972,0.08400242030620575,0.20633888244628906,0.22423675656318665,0.6931464076042175
593,118699,-0.04856327176094055,0.16039906442165375,0.1376110315322876,0.6931467652320862,,,,,,,
593,118799,0.1951501965522766,0.2498559206724167,0.29186755418777466,0.6931465864181519,,,,,,,
593,118799,,,,,0.452251136302948,0.5004876255989075,0.9216676354408264,0.08395764976739883,0.2063424438238144,0.224188432097435,0.6931463479995728
594,118899,0.17532628774642944,0.25653359293937683,0.26536598801612854,0.6931465864181519,,,,,,,
594,118999,0.014419347047805786,0.1772310435771942,0.18376153707504272,0.6931464672088623,,,,,,,
594,118999,,,,,0.45224806666374207,0.5004339218139648,0.9136965870857239,0.08393625915050507,0.20634187757968903,0.22416768968105316,0.6931464672088623
595,119099,-0.020650088787078857,0.16457653045654297,0.1613466590642929,0.6931465864181519,,,,,,,
595,119199,0.1230674684047699,0.21410170197486877,0.25553908944129944,0.6931466460227966,,,,,,,
595,119199,,,,,0.4522501230239868,0.5004279017448425,0.9135125279426575,0.08392728865146637,0.2063416838645935,0.2241588830947876,0.6931464672088623
596,119299,0.06235164403915405,0.20949728786945343,0.19942769408226013,0.6931467056274414,,,,,,,
596,119399,0.1902734339237213,0.2558145225048065,0.28103238344192505,0.6931468844413757,,,,,,,
596,119399,,,,,0.4522450268268585,0.5004189610481262,0.9146618843078613,0.08390336483716965,0.2063363790512085,0.22414028644561768,0.6931464672088623
597,119499,0.09279456734657288,0.21105451881885529,0.2283133715391159,0.6931466460227966,,,,,,,
597,119599,0.1500052809715271,0.23993174731731415,0.25664663314819336,0.6931462287902832,,,,,,,
597,119599,,,,,0.4522458016872406,0.5004209280014038,0.9127891063690186,0.08388251811265945,0.20633536577224731,0.22412048280239105,0.6931464672088623
598,119699,0.08083939552307129,0.2028641551733017,0.22454865276813507,0.693146824836731,,,,,,,
598,119799,-0.03492158651351929,0.1861223727464676,0.12552933394908905,0.6931465864181519,,,,,,,
598,119799,,,,,0.4522460699081421,0.5004206895828247,0.9137399196624756,0.08388684689998627,0.20633727312088013,0.22412285208702087,0.6931464672088623
599,119899,-0.014112412929534912,0.2042013704776764,0.12825964391231537,0.693146824836731,,,,,,,
599,119999,0.02909684181213379,0.177384153008461,0.1982860118150711,0.6931466460227966,,,,,,,
599,119999,,,,,0.4522463083267212,0.5004206895828247,0.9137396812438965,0.08388669043779373,0.2063376009464264,0.22412241995334625,0.6931464672088623
