epoch,step,train/cfm_loss,train/loss,val/best_sample_rmse,val/cfm_loss,val/loss,val/object_rmse_whitened,val/rank_std,val/sample_mean_rmse,val/sample_spread
0,49,1.8708908557891846,1.8708908557891846,,,,,,,
0,99,1.757899522781372,1.757899522781372,,,,,,,
0,149,1.9189908504486084,1.9189908504486084,,,,,,,
0,199,1.569817304611206,1.569817304611206,,,,,,,
0,199,,,0.9873336553573608,1.672428846359253,1.672428846359253,0.8789324164390564,1.0072225332260132,0.9801135659217834,0.9601026177406311
1,249,1.5728074312210083,1.5728074312210083,,,,,,,
1,299,1.5695858001708984,1.5695858001708984,,,,,,,
1,349,1.4852231740951538,1.4852231740951538,,,,,,,
1,399,1.671926736831665,1.671926736831665,,,,,,,
1,399,,,0.979389488697052,1.595686912536621,1.595686912536621,0.8584785461425781,1.0059843063354492,0.9761078953742981,0.9594266414642334
2,449,1.583676815032959,1.583676815032959,,,,,,,
2,499,1.5333142280578613,1.5333142280578613,,,,,,,
2,549,1.5204919576644897,1.5204919576644897,,,,,,,
2,599,1.572312831878662,1.572312831878662,,,,,,,
2,599,,,0.9623091220855713,1.5677587985992432,1.5677587985992432,0.826987624168396,1.0189799070358276,0.9676809310913086,0.9218243956565857
3,649,1.5552091598510742,1.5552091598510742,,,,,,,
3,699,1.6251546144485474,1.6251546144485474,,,,,,,
3,749,1.5696340799331665,1.5696340799331665,,,,,,,
3,799,1.5864406824111938,1.5864406824111938,,,,,,,
3,799,,,0.9645565748214722,1.5615962743759155,1.5615962743759155,0.8135029077529907,1.0035501718521118,0.9671645760536194,0.9396361112594604
4,849,1.5372865200042725,1.5372865200042725,,,,,,,
4,899,1.440813422203064,1.440813422203064,,,,,,,
4,949,1.6120268106460571,1.6120268106460571,,,,,,,
4,999,1.5185141563415527,1.5185141563415527,,,,,,,
4,999,,,0.9515621662139893,1.5383373498916626,1.5383373498916626,0.7985794544219971,1.0117038488388062,0.959182620048523,0.9155521392822266
5,1049,1.638197422027588,1.638197422027588,,,,,,,
5,1099,1.4727638959884644,1.4727638959884644,,,,,,,
5,1149,1.381601095199585,1.381601095199585,,,,,,,
5,1199,1.5559258460998535,1.5559258460998535,,,,,,,
5,1199,,,0.9482892751693726,1.5147874355316162,1.5147874355316162,0.790381133556366,1.0027276277542114,0.9549713730812073,0.9192889332771301
6,1249,1.4433534145355225,1.4433534145355225,,,,,,,
6,1299,1.5813572406768799,1.5813572406768799,,,,,,,
6,1349,1.5506926774978638,1.5506926774978638,,,,,,,
6,1399,1.546079158782959,1.546079158782959,,,,,,,
6,1399,,,0.9415804147720337,1.5058175325393677,1.5058175325393677,0.7878257036209106,1.0035548210144043,0.9528179168701172,0.9079053401947021
7,1449,1.4861805438995361,1.4861805438995361,,,,,,,
7,1499,1.467372179031372,1.467372179031372,,,,,,,
7,1549,1.560140609741211,1.560140609741211,,,,,,,
7,1599,1.4842133522033691,1.4842133522033691,,,,,,,
7,1599,,,0.926940381526947,1.4990428686141968,1.4990428686141968,0.7831847071647644,1.0119081735610962,0.9484661817550659,0.8911095857620239
8,1649,1.5134339332580566,1.5134339332580566,,,,,,,
8,1699,1.4696364402770996,1.4696364402770996,,,,,,,
8,1749,1.4810798168182373,1.4810798168182373,,,,,,,
8,1799,1.4179102182388306,1.4179102182388306,,,,,,,
8,1799,,,0.9361928701400757,1.481543779373169,1.481543779373169,0.7870500683784485,1.0034908056259155,0.9498622417449951,0.9129263758659363
9,1849,1.4176019430160522,1.4176019430160522,,,,,,,
9,1899,1.4741257429122925,1.4741257429122925,,,,,,,
9,1949,1.5127919912338257,1.5127919912338257,,,,,,,
9,1999,1.4689648151397705,1.4689648151397705,,,,,,,
9,1999,,,0.9296059608459473,1.4671326875686646,1.4671326875686646,0.7782819271087646,0.9916980862617493,0.9447106719017029,0.9123021364212036
10,2049,1.296710729598999,1.296710729598999,,,,,,,
10,2099,1.4030075073242188,1.4030075073242188,,,,,,,
10,2149,1.4758137464523315,1.4758137464523315,,,,,,,
10,2199,1.3865326642990112,1.3865326642990112,,,,,,,
10,2199,,,0.9231812953948975,1.4682711362838745,1.4682711362838745,0.7854714393615723,1.0063586235046387,0.9448390007019043,0.8892329931259155
11,2249,1.4413082599639893,1.4413082599639893,,,,,,,
11,2299,1.4107977151870728,1.4107977151870728,,,,,,,
11,2349,1.4905518293380737,1.4905518293380737,,,,,,,
11,2399,1.3038231134414673,1.3038231134414673,,,,,,,
11,2399,,,0.9219886660575867,1.4509234428405762,1.4509234428405762,0.7744532823562622,1.0010758638381958,0.9416305422782898,0.9030444622039795
12,2449,1.4479392766952515,1.4479392766952515,,,,,,,
12,2499,1.4512300491333008,1.4512300491333008,,,,,,,
12,2549,1.4562383890151978,1.4562383890151978,,,,,,,
12,2599,1.4126098155975342,1.4126098155975342,,,,,,,
12,2599,,,0.9116387963294983,1.437098741531372,1.437098741531372,0.7712299227714539,1.0051594972610474,0.9370182752609253,0.8775095343589783
13,2649,1.4532383680343628,1.4532383680343628,,,,,,,
13,2699,1.3370025157928467,1.3370025157928467,,,,,,,
13,2749,1.4428883790969849,1.4428883790969849,,,,,,,
13,2799,1.4131263494491577,1.4131263494491577,,,,,,,
13,2799,,,0.9146531820297241,1.443268060684204,1.443268060684204,0.7711302042007446,1.002333641052246,0.936512291431427,0.8913599252700806
14,2849,1.3526068925857544,1.3526068925857544,,,,,,,
14,2899,1.3913687467575073,1.3913687467575073,,,,,,,
14,2949,1.4448617696762085,1.4448617696762085,,,,,,,
14,2999,1.5429770946502686,1.5429770946502686,,,,,,,
14,2999,,,0.9133647680282593,1.4344500303268433,1.4344500303268433,0.7734096646308899,0.9889447093009949,0.9370484948158264,0.8916771411895752
15,3049,1.3550987243652344,1.3550987243652344,,,,,,,
15,3099,1.3755134344100952,1.3755134344100952,,,,,,,
15,3149,1.3120007514953613,1.3120007514953613,,,,,,,
15,3199,1.4037230014801025,1.4037230014801025,,,,,,,
15,3199,,,0.9003371596336365,1.4245028495788574,1.4245028495788574,0.7657765746116638,0.9918704032897949,0.9314573407173157,0.8827009797096252
16,3249,1.3605979681015015,1.3605979681015015,,,,,,,
16,3299,1.2911344766616821,1.2911344766616821,,,,,,,
16,3349,1.3243932723999023,1.3243932723999023,,,,,,,
16,3399,1.319529414176941,1.319529414176941,,,,,,,
16,3399,,,0.9001076817512512,1.4198791980743408,1.4198791980743408,0.7656130194664001,0.9995256066322327,0.9293114542961121,0.8782796859741211
17,3449,1.3633519411087036,1.3633519411087036,,,,,,,
17,3499,1.318461537361145,1.318461537361145,,,,,,,
17,3549,1.3863712549209595,1.3863712549209595,,,,,,,
17,3599,1.4428422451019287,1.4428422451019287,,,,,,,
17,3599,,,0.8915007710456848,1.4164149761199951,1.4164149761199951,0.7722305059432983,1.0144071578979492,0.9266048073768616,0.8703622221946716
18,3649,1.3277266025543213,1.3277266025543213,,,,,,,
18,3699,1.2943763732910156,1.2943763732910156,,,,,,,
18,3749,1.3475937843322754,1.3475937843322754,,,,,,,
18,3799,1.2842328548431396,1.2842328548431396,,,,,,,
18,3799,,,0.8934546709060669,1.4008979797363281,1.4008979797363281,0.7782827019691467,1.0037932395935059,0.9222144484519958,0.8742735981941223
19,3849,1.398506760597229,1.398506760597229,,,,,,,
19,3899,1.3729522228240967,1.3729522228240967,,,,,,,
19,3949,1.3085123300552368,1.3085123300552368,,,,,,,
19,3999,1.3659088611602783,1.3659088611602783,,,,,,,
19,3999,,,0.8892936110496521,1.3934590816497803,1.3934590816497803,0.7661031484603882,0.9886687994003296,0.9157698750495911,0.8856818675994873
20,4049,1.4650013446807861,1.4650013446807861,,,,,,,
20,4099,1.299990177154541,1.299990177154541,,,,,,,
20,4149,1.3444750308990479,1.3444750308990479,,,,,,,
20,4199,1.2864221334457397,1.2864221334457397,,,,,,,
20,4199,,,0.8717332482337952,1.3816214799880981,1.3816214799880981,0.7635368704795837,1.0137240886688232,0.9127644300460815,0.8485032320022583
21,4249,1.4385113716125488,1.4385113716125488,,,,,,,
21,4299,1.3660240173339844,1.3660240173339844,,,,,,,
21,4349,1.3473507165908813,1.3473507165908813,,,,,,,
21,4399,1.478951334953308,1.478951334953308,,,,,,,
21,4399,,,0.8788254261016846,1.3706597089767456,1.3706597089767456,0.7695881724357605,0.9912617206573486,0.9095853567123413,0.8690189123153687
22,4449,1.2757911682128906,1.2757911682128906,,,,,,,
22,4499,1.2096232175827026,1.2096232175827026,,,,,,,
22,4549,1.279971957206726,1.279971957206726,,,,,,,
22,4599,1.4023067951202393,1.4023067951202393,,,,,,,
22,4599,,,0.8693167567253113,1.372278094291687,1.372278094291687,0.7578315734863281,0.9948524236679077,0.9051188826560974,0.8583719730377197
23,4649,1.3321428298950195,1.3321428298950195,,,,,,,
23,4699,1.2906179428100586,1.2906179428100586,,,,,,,
23,4749,1.4028996229171753,1.4028996229171753,,,,,,,
23,4799,1.2618248462677002,1.2618248462677002,,,,,,,
23,4799,,,0.8681656122207642,1.369222640991211,1.369222640991211,0.7600954174995422,1.016912817955017,0.9036027789115906,0.8474311232566833
24,4849,1.4675371646881104,1.4675371646881104,,,,,,,
24,4899,1.3082435131072998,1.3082435131072998,,,,,,,
24,4949,1.4502272605895996,1.4502272605895996,,,,,,,
24,4999,1.3136048316955566,1.3136048316955566,,,,,,,
24,4999,,,0.8520182967185974,1.3472872972488403,1.3472872972488403,0.7585261464118958,1.0074673891067505,0.8962708115577698,0.8358288407325745
25,5049,1.2790710926055908,1.2790710926055908,,,,,,,
25,5099,1.2913304567337036,1.2913304567337036,,,,,,,
25,5149,1.3217887878417969,1.3217887878417969,,,,,,,
25,5199,1.2804020643234253,1.2804020643234253,,,,,,,
25,5199,,,0.8533684611320496,1.3430328369140625,1.3430328369140625,0.7584057450294495,1.0030165910720825,0.8947690725326538,0.8370083570480347
26,5249,1.3418195247650146,1.3418195247650146,,,,,,,
26,5299,1.356311559677124,1.356311559677124,,,,,,,
26,5349,1.3744436502456665,1.3744436502456665,,,,,,,
26,5399,1.2800798416137695,1.2800798416137695,,,,,,,
26,5399,,,0.8555791974067688,1.3331218957901,1.3331218957901,0.7599483728408813,0.9935991168022156,0.8926411271095276,0.8517100214958191
27,5449,1.4309738874435425,1.4309738874435425,,,,,,,
27,5499,1.300053596496582,1.300053596496582,,,,,,,
27,5549,1.391696810722351,1.391696810722351,,,,,,,
27,5599,1.203211784362793,1.203211784362793,,,,,,,
27,5599,,,0.8457602858543396,1.3265042304992676,1.3265042304992676,0.7554733157157898,1.0108681917190552,0.8906063437461853,0.8185088634490967
28,5649,1.3830578327178955,1.3830578327178955,,,,,,,
28,5699,1.365739345550537,1.365739345550537,,,,,,,
28,5749,1.2226210832595825,1.2226210832595825,,,,,,,
28,5799,1.1954710483551025,1.1954710483551025,,,,,,,
28,5799,,,0.8381840586662292,1.3157567977905273,1.3157567977905273,0.7543061971664429,1.017939567565918,0.8841081261634827,0.8133257627487183
29,5849,1.2597309350967407,1.2597309350967407,,,,,,,
29,5899,1.2607955932617188,1.2607955932617188,,,,,,,
29,5949,1.3659452199935913,1.3659452199935913,,,,,,,
29,5999,1.2029218673706055,1.2029218673706055,,,,,,,
29,5999,,,0.8513163924217224,1.3215909004211426,1.3215909004211426,0.7551332116127014,0.9932442903518677,0.8880375623703003,0.8480715155601501
30,6049,1.2494333982467651,1.2494333982467651,,,,,,,
30,6099,1.274371862411499,1.274371862411499,,,,,,,
30,6149,1.3402985334396362,1.3402985334396362,,,,,,,
30,6199,1.3149093389511108,1.3149093389511108,,,,,,,
30,6199,,,0.8408761024475098,1.3094604015350342,1.3094604015350342,0.7544998526573181,0.9856129288673401,0.8816003799438477,0.8469787240028381
31,6249,1.296661376953125,1.296661376953125,,,,,,,
31,6299,1.2801926136016846,1.2801926136016846,,,,,,,
31,6349,1.3662080764770508,1.3662080764770508,,,,,,,
31,6399,1.2593810558319092,1.2593810558319092,,,,,,,
31,6399,,,0.8382465243339539,1.3223000764846802,1.3223000764846802,0.7550511360168457,0.9887466430664062,0.8808693885803223,0.8338953852653503
32,6449,1.2737137079238892,1.2737137079238892,,,,,,,
32,6499,1.268994688987732,1.268994688987732,,,,,,,
32,6549,1.2150143384933472,1.2150143384933472,,,,,,,
32,6599,1.316056251525879,1.316056251525879,,,,,,,
32,6599,,,0.8328912854194641,1.3038381338119507,1.3038381338119507,0.7666578888893127,1.0090687274932861,0.8788718581199646,0.8189911246299744
33,6649,1.3202619552612305,1.3202619552612305,,,,,,,
33,6699,1.303832769393921,1.303832769393921,,,,,,,
33,6749,1.3320287466049194,1.3320287466049194,,,,,,,
33,6799,1.3299543857574463,1.3299543857574463,,,,,,,
33,6799,,,0.8183333277702332,1.2899370193481445,1.2899370193481445,0.7529249787330627,1.019091010093689,0.8714190125465393,0.7941981554031372
34,6849,1.2662482261657715,1.2662482261657715,,,,,,,
34,6899,1.2651457786560059,1.2651457786560059,,,,,,,
34,6949,1.382311224937439,1.382311224937439,,,,,,,
34,6999,1.2350608110427856,1.2350608110427856,,,,,,,
34,6999,,,0.818657636642456,1.2874690294265747,1.2874690294265747,0.757714569568634,1.001770257949829,0.8714836239814758,0.8038562536239624
35,7049,1.3301371335983276,1.3301371335983276,,,,,,,
35,7099,1.3482739925384521,1.3482739925384521,,,,,,,
35,7149,1.210784673690796,1.210784673690796,,,,,,,
35,7199,1.304152488708496,1.304152488708496,,,,,,,
35,7199,,,0.8129028081893921,1.277400255203247,1.277400255203247,0.7549098134040833,1.0034421682357788,0.8653103709220886,0.800074577331543
36,7249,1.1571637392044067,1.1571637392044067,,,,,,,
36,7299,1.2157968282699585,1.2157968282699585,,,,,,,
36,7349,1.4696308374404907,1.4696308374404907,,,,,,,
36,7399,1.133699655532837,1.133699655532837,,,,,,,
36,7399,,,0.816030740737915,1.267899513244629,1.267899513244629,0.7509961724281311,1.014639973640442,0.8646316528320312,0.7984057068824768
37,7449,1.354438066482544,1.354438066482544,,,,,,,
37,7499,1.2852836847305298,1.2852836847305298,,,,,,,
37,7549,1.2955344915390015,1.2955344915390015,,,,,,,
37,7599,1.2417343854904175,1.2417343854904175,,,,,,,
37,7599,,,0.8106799125671387,1.2622624635696411,1.2622624635696411,0.751266598701477,1.0032535791397095,0.8605541586875916,0.8007218837738037
38,7649,1.1891593933105469,1.1891593933105469,,,,,,,
38,7699,1.2876832485198975,1.2876832485198975,,,,,,,
38,7749,1.1651625633239746,1.1651625633239746,,,,,,,
38,7799,1.1936310529708862,1.1936310529708862,,,,,,,
38,7799,,,0.8072201609611511,1.2620172500610352,1.2620172500610352,0.7559518218040466,0.9927018284797668,0.860733687877655,0.8074533343315125
39,7849,1.3438297510147095,1.3438297510147095,,,,,,,
39,7899,1.3082941770553589,1.3082941770553589,,,,,,,
39,7949,1.2111451625823975,1.2111451625823975,,,,,,,
39,7999,1.2105178833007812,1.2105178833007812,,,,,,,
39,7999,,,0.8026353120803833,1.2421354055404663,1.2421354055404663,0.7552945613861084,1.0050874948501587,0.8543258309364319,0.7872082591056824
40,8049,1.1886875629425049,1.1886875629425049,,,,,,,
40,8099,1.1854439973831177,1.1854439973831177,,,,,,,
40,8149,1.2545768022537231,1.2545768022537231,,,,,,,
40,8199,1.1738089323043823,1.1738089323043823,,,,,,,
40,8199,,,0.8086109757423401,1.2581901550292969,1.2581901550292969,0.7588754296302795,0.9877251982688904,0.8587520122528076,0.8097992539405823
41,8249,1.265589952468872,1.265589952468872,,,,,,,
41,8299,1.2615323066711426,1.2615323066711426,,,,,,,
41,8349,1.2602729797363281,1.2602729797363281,,,,,,,
41,8399,1.173093557357788,1.173093557357788,,,,,,,
41,8399,,,0.7969608306884766,1.235526204109192,1.235526204109192,0.7445017695426941,0.9977355003356934,0.8481644988059998,0.7889951467514038
42,8449,1.3621057271957397,1.3621057271957397,,,,,,,
42,8499,1.223859429359436,1.223859429359436,,,,,,,
42,8549,1.210976481437683,1.210976481437683,,,,,,,
42,8599,1.3178422451019287,1.3178422451019287,,,,,,,
42,8599,,,0.7914839386940002,1.241007924079895,1.241007924079895,0.7503106594085693,1.0009020566940308,0.851287305355072,0.7891241312026978
43,8649,1.193207025527954,1.193207025527954,,,,,,,
43,8699,1.3493610620498657,1.3493610620498657,,,,,,,
43,8749,1.198228359222412,1.198228359222412,,,,,,,
43,8799,1.124392032623291,1.124392032623291,,,,,,,
43,8799,,,0.7886064052581787,1.2232662439346313,1.2232662439346313,0.7498103380203247,0.994286298751831,0.8449690937995911,0.7807520627975464
44,8849,1.3137321472167969,1.3137321472167969,,,,,,,
44,8899,1.2397360801696777,1.2397360801696777,,,,,,,
44,8949,1.221932053565979,1.221932053565979,,,,,,,
44,8999,1.2081341743469238,1.2081341743469238,,,,,,,
44,8999,,,0.7876352071762085,1.2161729335784912,1.2161729335784912,0.7460915446281433,0.9857519865036011,0.8404746055603027,0.7873674035072327
45,9049,1.2726362943649292,1.2726362943649292,,,,,,,
45,9099,1.2411706447601318,1.2411706447601318,,,,,,,
45,9149,1.1992809772491455,1.1992809772491455,,,,,,,
45,9199,1.2073732614517212,1.2073732614517212,,,,,,,
45,9199,,,0.7833809852600098,1.2081141471862793,1.2081141471862793,0.746250569820404,0.9880682229995728,0.8401171565055847,0.7889626622200012
46,9249,1.2347313165664673,1.2347313165664673,,,,,,,
46,9299,1.184425950050354,1.184425950050354,,,,,,,
46,9349,1.255812644958496,1.255812644958496,,,,,,,
46,9399,1.335605263710022,1.335605263710022,,,,,,,
46,9399,,,0.7929999232292175,1.2196842432022095,1.2196842432022095,0.7555587887763977,0.9826043248176575,0.8407130837440491,0.7962276339530945
47,9449,1.3092215061187744,1.3092215061187744,,,,,,,
47,9499,1.2088111639022827,1.2088111639022827,,,,,,,
47,9549,1.1685338020324707,1.1685338020324707,,,,,,,
47,9599,1.1970627307891846,1.1970627307891846,,,,,,,
47,9599,,,0.7774408459663391,1.2146852016448975,1.2146852016448975,0.7484175562858582,1.0133172273635864,0.8396478891372681,0.7599751949310303
48,9649,1.239626407623291,1.239626407623291,,,,,,,
48,9699,1.1272797584533691,1.1272797584533691,,,,,,,
48,9749,1.1851000785827637,1.1851000785827637,,,,,,,
48,9799,1.2041507959365845,1.2041507959365845,,,,,,,
48,9799,,,0.7774936556816101,1.2118268013000488,1.2118268013000488,0.7451115846633911,1.0045007467269897,0.8336799740791321,0.7754121422767639
49,9849,1.1636416912078857,1.1636416912078857,,,,,,,
49,9899,1.1757640838623047,1.1757640838623047,,,,,,,
49,9949,1.1829283237457275,1.1829283237457275,,,,,,,
49,9999,1.2673165798187256,1.2673165798187256,,,,,,,
49,9999,,,0.7818764448165894,1.2088898420333862,1.2088898420333862,0.7491439580917358,0.99521803855896,0.8357041478157043,0.7847439050674438
50,10049,1.1914469003677368,1.1914469003677368,,,,,,,
50,10099,1.1535109281539917,1.1535109281539917,,,,,,,
50,10149,1.1932364702224731,1.1932364702224731,,,,,,,
50,10199,1.2362967729568481,1.2362967729568481,,,,,,,
50,10199,,,0.7590455412864685,1.1900972127914429,1.1900972127914429,0.7415682077407837,0.996428370475769,0.8274762630462646,0.7547582983970642
51,10249,1.1475695371627808,1.1475695371627808,,,,,,,
51,10299,1.1957261562347412,1.1957261562347412,,,,,,,
51,10349,1.2251219749450684,1.2251219749450684,,,,,,,
51,10399,1.171988844871521,1.171988844871521,,,,,,,
51,10399,,,0.7721688151359558,1.1914118528366089,1.1914118528366089,0.7496834993362427,1.0097166299819946,0.8323414921760559,0.7537559270858765
52,10449,1.2009044885635376,1.2009044885635376,,,,,,,
52,10499,1.2169127464294434,1.2169127464294434,,,,,,,
52,10549,1.2188161611557007,1.2188161611557007,,,,,,,
52,10599,1.214835286140442,1.214835286140442,,,,,,,
52,10599,,,0.7735635638237,1.1961596012115479,1.1961596012115479,0.7518322467803955,0.9979554414749146,0.8338998556137085,0.7748479247093201
53,10649,1.166303277015686,1.166303277015686,,,,,,,
53,10699,1.1650960445404053,1.1650960445404053,,,,,,,
53,10749,1.2361466884613037,1.2361466884613037,,,,,,,
53,10799,1.1617815494537354,1.1617815494537354,,,,,,,
53,10799,,,0.7703643441200256,1.1833940744400024,1.1833940744400024,0.7454119324684143,1.0012500286102295,0.826432466506958,0.7671502828598022
54,10849,1.179404616355896,1.179404616355896,,,,,,,
54,10899,1.1466141939163208,1.1466141939163208,,,,,,,
54,10949,1.2035499811172485,1.2035499811172485,,,,,,,
54,10999,1.250102162361145,1.250102162361145,,,,,,,
54,10999,,,0.7583964467048645,1.1833466291427612,1.1833466291427612,0.7419869303703308,1.0059386491775513,0.8269204497337341,0.7567444443702698
55,11049,1.147356629371643,1.147356629371643,,,,,,,
55,11099,1.1845639944076538,1.1845639944076538,,,,,,,
55,11149,1.1794124841690063,1.1794124841690063,,,,,,,
55,11199,1.1235947608947754,1.1235947608947754,,,,,,,
55,11199,,,0.7632424235343933,1.18404221534729,1.18404221534729,0.7413758635520935,1.0012096166610718,0.8241180777549744,0.763481855392456
56,11249,1.116334080696106,1.116334080696106,,,,,,,
56,11299,1.1622737646102905,1.1622737646102905,,,,,,,
56,11349,1.1935447454452515,1.1935447454452515,,,,,,,
56,11399,1.1473934650421143,1.1473934650421143,,,,,,,
56,11399,,,0.7602353692054749,1.1757522821426392,1.1757522821426392,0.743843138217926,0.9978498816490173,0.821460485458374,0.7558314800262451
57,11449,1.176447868347168,1.176447868347168,,,,,,,
57,11499,1.2524741888046265,1.2524741888046265,,,,,,,
57,11549,1.1357907056808472,1.1357907056808472,,,,,,,
57,11599,1.1814862489700317,1.1814862489700317,,,,,,,
57,11599,,,0.7476081848144531,1.1692941188812256,1.1692941188812256,0.7430166006088257,0.9946907162666321,0.8190196752548218,0.7454030513763428
58,11649,1.1480700969696045,1.1480700969696045,,,,,,,
58,11699,1.255419373512268,1.255419373512268,,,,,,,
58,11749,1.1628762483596802,1.1628762483596802,,,,,,,
58,11799,1.125268816947937,1.125268816947937,,,,,,,
58,11799,,,0.7491064071655273,1.1677147150039673,1.1677147150039673,0.7434781789779663,1.0135498046875,0.8181301355361938,0.7445325255393982
59,11849,1.1683100461959839,1.1683100461959839,,,,,,,
59,11899,1.0545222759246826,1.0545222759246826,,,,,,,
59,11949,1.1877171993255615,1.1877171993255615,,,,,,,
59,11999,1.0448702573776245,1.0448702573776245,,,,,,,
59,11999,,,0.7472044229507446,1.169576644897461,1.169576644897461,0.7480161190032959,1.0056254863739014,0.8193989396095276,0.7386735081672668
60,12049,1.2255772352218628,1.2255772352218628,,,,,,,
60,12099,1.1121317148208618,1.1121317148208618,,,,,,,
60,12149,1.1763750314712524,1.1763750314712524,,,,,,,
60,12199,1.0964739322662354,1.0964739322662354,,,,,,,
60,12199,,,0.7490394115447998,1.168195366859436,1.168195366859436,0.7419357299804688,1.0154922008514404,0.8192346096038818,0.7398152351379395
61,12249,1.1957666873931885,1.1957666873931885,,,,,,,
61,12299,1.2712661027908325,1.2712661027908325,,,,,,,
61,12349,1.0717741250991821,1.0717741250991821,,,,,,,
61,12399,1.1409528255462646,1.1409528255462646,,,,,,,
61,12399,,,0.7465255856513977,1.1637279987335205,1.1637279987335205,0.7483473420143127,1.017975926399231,0.8144159317016602,0.7336364984512329
62,12449,1.190219759941101,1.190219759941101,,,,,,,
62,12499,1.1694777011871338,1.1694777011871338,,,,,,,
62,12549,1.146244764328003,1.146244764328003,,,,,,,
62,12599,1.1380326747894287,1.1380326747894287,,,,,,,
62,12599,,,0.7465007901191711,1.1619478464126587,1.1619478464126587,0.7358940839767456,0.9997862577438354,0.8141583800315857,0.7463159561157227
63,12649,1.2951103448867798,1.2951103448867798,,,,,,,
63,12699,1.0670877695083618,1.0670877695083618,,,,,,,
63,12749,1.2191810607910156,1.2191810607910156,,,,,,,
63,12799,1.1764248609542847,1.1764248609542847,,,,,,,
63,12799,,,0.743500292301178,1.1628881692886353,1.1628881692886353,0.7392092943191528,1.002530574798584,0.8153654336929321,0.7450962662696838
64,12849,1.1250494718551636,1.1250494718551636,,,,,,,
64,12899,1.1740778684616089,1.1740778684616089,,,,,,,
64,12949,1.2558062076568604,1.2558062076568604,,,,,,,
64,12999,1.0835286378860474,1.0835286378860474,,,,,,,
64,12999,,,0.7497864961624146,1.158394455909729,1.158394455909729,0.7419870495796204,0.9983832240104675,0.8149616718292236,0.7487751245498657
65,13049,1.1527942419052124,1.1527942419052124,,,,,,,
65,13099,1.1291918754577637,1.1291918754577637,,,,,,,
65,13149,1.13219153881073,1.13219153881073,,,,,,,
65,13199,1.0929884910583496,1.0929884910583496,,,,,,,
65,13199,,,0.7398850321769714,1.1510202884674072,1.1510202884674072,0.7411882877349854,1.0081387758255005,0.811873197555542,0.7350679039955139
66,13249,1.2132725715637207,1.2132725715637207,,,,,,,
66,13299,1.0473204851150513,1.0473204851150513,,,,,,,
66,13349,1.1475989818572998,1.1475989818572998,,,,,,,
66,13399,1.182018756866455,1.182018756866455,,,,,,,
66,13399,,,0.7484681010246277,1.1586060523986816,1.1586060523986816,0.7490049004554749,0.99189293384552,0.8127261400222778,0.7533795833587646
67,13449,1.1315312385559082,1.1315312385559082,,,,,,,
67,13499,1.1504868268966675,1.1504868268966675,,,,,,,
67,13549,1.162866473197937,1.162866473197937,,,,,,,
67,13599,1.0346254110336304,1.0346254110336304,,,,,,,
67,13599,,,0.7338774800300598,1.1421082019805908,1.1421082019805908,0.7418165802955627,1.0163867473602295,0.8115330338478088,0.7254260182380676
68,13649,1.056782603263855,1.056782603263855,,,,,,,
68,13699,1.069766640663147,1.069766640663147,,,,,,,
68,13749,1.1200224161148071,1.1200224161148071,,,,,,,
68,13799,1.106041431427002,1.106041431427002,,,,,,,
68,13799,,,0.7461118698120117,1.1519795656204224,1.1519795656204224,0.730841875076294,1.004862904548645,0.8117945194244385,0.7404668927192688
69,13849,1.1685266494750977,1.1685266494750977,,,,,,,
69,13899,1.1748379468917847,1.1748379468917847,,,,,,,
69,13949,1.112945318222046,1.112945318222046,,,,,,,
69,13999,1.0201393365859985,1.0201393365859985,,,,,,,
69,13999,,,0.7484738826751709,1.155893087387085,1.155893087387085,0.7403801083564758,0.9855287075042725,0.8128569722175598,0.7555649876594543
70,14049,1.1642515659332275,1.1642515659332275,,,,,,,
70,14099,1.1741838455200195,1.1741838455200195,,,,,,,
70,14149,1.0516983270645142,1.0516983270645142,,,,,,,
70,14199,1.0779577493667603,1.0779577493667603,,,,,,,
70,14199,,,0.7339999675750732,1.1476709842681885,1.1476709842681885,0.7351117134094238,1.0114003419876099,0.809791624546051,0.7231642007827759
71,14249,1.1487325429916382,1.1487325429916382,,,,,,,
71,14299,1.1490613222122192,1.1490613222122192,,,,,,,
71,14349,1.2172691822052002,1.2172691822052002,,,,,,,
71,14399,1.172739863395691,1.172739863395691,,,,,,,
71,14399,,,0.7321046590805054,1.1409119367599487,1.1409119367599487,0.7378983497619629,0.9868304133415222,0.8058066368103027,0.7443299889564514
72,14449,1.038182020187378,1.038182020187378,,,,,,,
72,14499,1.089292049407959,1.089292049407959,,,,,,,
72,14549,1.1815065145492554,1.1815065145492554,,,,,,,
72,14599,1.1756486892700195,1.1756486892700195,,,,,,,
72,14599,,,0.7427432537078857,1.1479417085647583,1.1479417085647583,0.7446069717407227,1.0057228803634644,0.8100034594535828,0.735541820526123
73,14649,1.1550703048706055,1.1550703048706055,,,,,,,
73,14699,1.1653194427490234,1.1653194427490234,,,,,,,
73,14749,1.1085721254348755,1.1085721254348755,,,,,,,
73,14799,1.1924469470977783,1.1924469470977783,,,,,,,
73,14799,,,0.7304868698120117,1.1380140781402588,1.1380140781402588,0.730560839176178,1.0046062469482422,0.8068667650222778,0.7325083613395691
74,14849,1.046663522720337,1.046663522720337,,,,,,,
74,14899,1.082297682762146,1.082297682762146,,,,,,,
74,14949,1.107194423675537,1.107194423675537,,,,,,,
74,14999,1.1399697065353394,1.1399697065353394,,,,,,,
74,14999,,,0.7265390157699585,1.1371170282363892,1.1371170282363892,0.7417615652084351,1.0204838514328003,0.8070243000984192,0.7203494310379028
75,15049,1.2089905738830566,1.2089905738830566,,,,,,,
75,15099,1.0821678638458252,1.0821678638458252,,,,,,,
75,15149,1.1088100671768188,1.1088100671768188,,,,,,,
75,15199,1.097126841545105,1.097126841545105,,,,,,,
75,15199,,,0.7326289415359497,1.1283938884735107,1.1283938884735107,0.7325708270072937,0.9867798089981079,0.8032188415527344,0.7498325705528259
76,15249,1.0230109691619873,1.0230109691619873,,,,,,,
76,15299,1.2104202508926392,1.2104202508926392,,,,,,,
76,15349,1.0980440378189087,1.0980440378189087,,,,,,,
76,15399,1.0901000499725342,1.0901000499725342,,,,,,,
76,15399,,,0.7219176292419434,1.1320757865905762,1.1320757865905762,0.7332793474197388,1.001835823059082,0.8042096495628357,0.7257271409034729
77,15449,1.113689661026001,1.113689661026001,,,,,,,
77,15499,1.0983244180679321,1.0983244180679321,,,,,,,
77,15549,1.2499287128448486,1.2499287128448486,,,,,,,
77,15599,1.0062856674194336,1.0062856674194336,,,,,,,
77,15599,,,0.726855456829071,1.124979019165039,1.124979019165039,0.7396780848503113,1.0008108615875244,0.8026455640792847,0.7343195676803589
78,15649,1.0749374628067017,1.0749374628067017,,,,,,,
78,15699,1.0950416326522827,1.0950416326522827,,,,,,,
78,15749,1.0702552795410156,1.0702552795410156,,,,,,,
78,15799,1.2022199630737305,1.2022199630737305,,,,,,,
78,15799,,,0.730696439743042,1.1286958456039429,1.1286958456039429,0.7331245541572571,0.9875122308731079,0.8029006123542786,0.7447018027305603
79,15849,1.1364877223968506,1.1364877223968506,,,,,,,
79,15899,1.1042612791061401,1.1042612791061401,,,,,,,
79,15949,1.1735237836837769,1.1735237836837769,,,,,,,
79,15999,1.1246252059936523,1.1246252059936523,,,,,,,
79,15999,,,0.72730952501297,1.1352226734161377,1.1352226734161377,0.7457026243209839,1.0055328607559204,0.805525541305542,0.7341046333312988
80,16049,1.1011079549789429,1.1011079549789429,,,,,,,
80,16099,1.228685736656189,1.228685736656189,,,,,,,
80,16149,1.1487761735916138,1.1487761735916138,,,,,,,
80,16199,1.094481110572815,1.094481110572815,,,,,,,
80,16199,,,0.7317449450492859,1.1305932998657227,1.1305932998657227,0.7277339696884155,0.9955923557281494,0.8017516136169434,0.750515341758728
81,16249,1.2368898391723633,1.2368898391723633,,,,,,,
81,16299,1.0567880868911743,1.0567880868911743,,,,,,,
81,16349,1.0956549644470215,1.0956549644470215,,,,,,,
81,16399,1.1975313425064087,1.1975313425064087,,,,,,,
81,16399,,,0.7177936434745789,1.1182161569595337,1.1182161569595337,0.7320969700813293,1.0018107891082764,0.7998571991920471,0.722001850605011
82,16449,1.050881028175354,1.050881028175354,,,,,,,
82,16499,1.0653098821640015,1.0653098821640015,,,,,,,
82,16549,1.0703370571136475,1.0703370571136475,,,,,,,
82,16599,1.0487533807754517,1.0487533807754517,,,,,,,
82,16599,,,0.71828693151474,1.1232274770736694,1.1232274770736694,0.7286450266838074,0.996583878993988,0.804015576839447,0.731218159198761
83,16649,1.0857106447219849,1.0857106447219849,,,,,,,
83,16699,1.2285817861557007,1.2285817861557007,,,,,,,
83,16749,1.1422295570373535,1.1422295570373535,,,,,,,
83,16799,1.0592834949493408,1.0592834949493408,,,,,,,
83,16799,,,0.7269479036331177,1.1211161613464355,1.1211161613464355,0.7341088652610779,0.9892125129699707,0.8022277355194092,0.7401787638664246
84,16849,1.180463194847107,1.180463194847107,,,,,,,
84,16899,1.2190523147583008,1.2190523147583008,,,,,,,
84,16949,1.1046278476715088,1.1046278476715088,,,,,,,
84,16999,1.0858033895492554,1.0858033895492554,,,,,,,
84,16999,,,0.716092586517334,1.1153855323791504,1.1153855323791504,0.7301608920097351,1.003985047340393,0.798294723033905,0.7210583090782166
85,17049,1.0586134195327759,1.0586134195327759,,,,,,,
85,17099,1.0306271314620972,1.0306271314620972,,,,,,,
85,17149,1.099887490272522,1.099887490272522,,,,,,,
85,17199,1.1186468601226807,1.1186468601226807,,,,,,,
85,17199,,,0.722770094871521,1.1055856943130493,1.1055856943130493,0.729748010635376,0.9818814992904663,0.7961796522140503,0.7466803193092346
86,17249,1.1476850509643555,1.1476850509643555,,,,,,,
86,17299,1.0361653566360474,1.0361653566360474,,,,,,,
86,17349,1.1828633546829224,1.1828633546829224,,,,,,,
86,17399,1.192559838294983,1.192559838294983,,,,,,,
86,17399,,,0.7121367454528809,1.1111769676208496,1.1111769676208496,0.7305963635444641,0.9945720434188843,0.7976821660995483,0.7282940149307251
87,17449,1.1669046878814697,1.1669046878814697,,,,,,,
87,17499,1.0857926607131958,1.0857926607131958,,,,,,,
87,17549,1.1015973091125488,1.1015973091125488,,,,,,,
87,17599,0.9809265732765198,0.9809265732765198,,,,,,,
87,17599,,,0.7151737809181213,1.1137534379959106,1.1137534379959106,0.7327827215194702,1.007935643196106,0.7988972067832947,0.7210268378257751
88,17649,1.124454379081726,1.124454379081726,,,,,,,
88,17699,1.1407346725463867,1.1407346725463867,,,,,,,
88,17749,1.1389120817184448,1.1389120817184448,,,,,,,
88,17799,1.1581931114196777,1.1581931114196777,,,,,,,
88,17799,,,0.7121796011924744,1.1148077249526978,1.1148077249526978,0.7267722487449646,0.9895375370979309,0.8009626269340515,0.7233098745346069
89,17849,1.0835334062576294,1.0835334062576294,,,,,,,
89,17899,1.1204595565795898,1.1204595565795898,,,,,,,
89,17949,1.0939733982086182,1.0939733982086182,,,,,,,
89,17999,1.0976516008377075,1.0976516008377075,,,,,,,
89,17999,,,0.7149755358695984,1.1213881969451904,1.1213881969451904,0.7305880784988403,0.9892256855964661,0.8003334403038025,0.7380481958389282
90,18049,1.112766146659851,1.112766146659851,,,,,,,
90,18099,1.0180976390838623,1.0180976390838623,,,,,,,
90,18149,1.101237177848816,1.101237177848816,,,,,,,
90,18199,1.1432386636734009,1.1432386636734009,,,,,,,
90,18199,,,0.7182081341743469,1.1056679487228394,1.1056679487228394,0.7340641617774963,0.9850030541419983,0.7987849712371826,0.7454178929328918
91,18249,1.1061804294586182,1.1061804294586182,,,,,,,
91,18299,1.1343642473220825,1.1343642473220825,,,,,,,
91,18349,0.9949653148651123,0.9949653148651123,,,,,,,
91,18399,1.0689973831176758,1.0689973831176758,,,,,,,
91,18399,,,0.7043922543525696,1.1109689474105835,1.1109689474105835,0.7314195036888123,0.9919469952583313,0.7980552911758423,0.7238767743110657
92,18449,0.9964897632598877,0.9964897632598877,,,,,,,
92,18499,1.168561577796936,1.168561577796936,,,,,,,
92,18549,1.0980850458145142,1.0980850458145142,,,,,,,
92,18599,1.2171233892440796,1.2171233892440796,,,,,,,
92,18599,,,0.7070608735084534,1.1020601987838745,1.1020601987838745,0.7284928560256958,0.9964926242828369,0.7937862277030945,0.7209955453872681
93,18649,1.0774530172348022,1.0774530172348022,,,,,,,
93,18699,1.1515419483184814,1.1515419483184814,,,,,,,
93,18749,1.1302908658981323,1.1302908658981323,,,,,,,
93,18799,1.061729907989502,1.061729907989502,,,,,,,
93,18799,,,0.7043302059173584,1.0970920324325562,1.0970920324325562,0.7282336354255676,1.0000982284545898,0.7934646010398865,0.7121270895004272
94,18849,1.0593445301055908,1.0593445301055908,,,,,,,
94,18899,1.101284146308899,1.101284146308899,,,,,,,
94,18949,1.1400461196899414,1.1400461196899414,,,,,,,
94,18999,1.0268620252609253,1.0268620252609253,,,,,,,
94,18999,,,0.6994085907936096,1.0951409339904785,1.0951409339904785,0.7276827096939087,1.0134918689727783,0.7942893505096436,0.7085191011428833
95,19049,1.115703821182251,1.115703821182251,,,,,,,
95,19099,1.1440751552581787,1.1440751552581787,,,,,,,
95,19149,1.0108088254928589,1.0108088254928589,,,,,,,
95,19199,1.2005178928375244,1.2005178928375244,,,,,,,
95,19199,,,0.7044220566749573,1.0986521244049072,1.0986521244049072,0.7352715134620667,1.0084071159362793,0.7979089021682739,0.716012716293335
96,19249,1.091766595840454,1.091766595840454,,,,,,,
96,19299,1.0833760499954224,1.0833760499954224,,,,,,,
96,19349,1.0734755992889404,1.0734755992889404,,,,,,,
96,19399,1.067244052886963,1.067244052886963,,,,,,,
96,19399,,,0.6985087990760803,1.0900968313217163,1.0900968313217163,0.7275746464729309,1.0053086280822754,0.7950602769851685,0.7117478847503662
97,19449,1.1776769161224365,1.1776769161224365,,,,,,,
97,19499,1.098961353302002,1.098961353302002,,,,,,,
97,19549,1.0853865146636963,1.0853865146636963,,,,,,,
97,19599,1.107933521270752,1.107933521270752,,,,,,,
97,19599,,,0.6993206739425659,1.0913320779800415,1.0913320779800415,0.7304285764694214,0.9963902831077576,0.7950234413146973,0.7152135968208313
98,19649,1.1060062646865845,1.1060062646865845,,,,,,,
98,19699,1.0906803607940674,1.0906803607940674,,,,,,,
98,19749,1.1655619144439697,1.1655619144439697,,,,,,,
98,19799,1.244221568107605,1.244221568107605,,,,,,,
98,19799,,,0.7061694860458374,1.087973713874817,1.087973713874817,0.7225787043571472,0.9936200976371765,0.7936571836471558,0.7281408905982971
99,19849,1.0769528150558472,1.0769528150558472,,,,,,,
99,19899,1.1351031064987183,1.1351031064987183,,,,,,,
99,19949,1.1787078380584717,1.1787078380584717,,,,,,,
99,19999,1.0447345972061157,1.0447345972061157,,,,,,,
99,19999,,,0.688463568687439,1.0962613821029663,1.0962613821029663,0.7238411903381348,1.0085574388504028,0.7947580814361572,0.7006824016571045
100,20049,1.120295524597168,1.120295524597168,,,,,,,
100,20099,1.0434656143188477,1.0434656143188477,,,,,,,
100,20149,1.1005194187164307,1.1005194187164307,,,,,,,
100,20199,0.9839382171630859,0.9839382171630859,,,,,,,
100,20199,,,0.6926494836807251,1.0899944305419922,1.0899944305419922,0.7228415608406067,1.0034868717193604,0.7924820780754089,0.7111116647720337
101,20249,1.1139851808547974,1.1139851808547974,,,,,,,
101,20299,1.1397454738616943,1.1397454738616943,,,,,,,
101,20349,1.066798448562622,1.066798448562622,,,,,,,
101,20399,1.0617494583129883,1.0617494583129883,,,,,,,
101,20399,,,0.6994026303291321,1.0833511352539062,1.0833511352539062,0.7366729378700256,0.9988501667976379,0.7958656549453735,0.7255404591560364
102,20449,1.0314726829528809,1.0314726829528809,,,,,,,
102,20499,1.096492886543274,1.096492886543274,,,,,,,
102,20549,1.0849145650863647,1.0849145650863647,,,,,,,
102,20599,0.9167361259460449,0.9167361259460449,,,,,,,
102,20599,,,0.6913355588912964,1.0756685733795166,1.0756685733795166,0.7233518958091736,0.9924538731575012,0.7920054793357849,0.7156273722648621
103,20649,1.0952802896499634,1.0952802896499634,,,,,,,
103,20699,1.0668801069259644,1.0668801069259644,,,,,,,
103,20749,0.9905385971069336,0.9905385971069336,,,,,,,
103,20799,1.0891423225402832,1.0891423225402832,,,,,,,
103,20799,,,0.6922860145568848,1.0816285610198975,1.0816285610198975,0.7258925437927246,1.011978030204773,0.7933938503265381,0.6945673823356628
104,20849,1.069441795349121,1.069441795349121,,,,,,,
104,20899,1.0816155672073364,1.0816155672073364,,,,,,,
104,20949,1.1466164588928223,1.1466164588928223,,,,,,,
104,20999,1.0481622219085693,1.0481622219085693,,,,,,,
104,20999,,,0.6817112565040588,1.082641363143921,1.082641363143921,0.722002387046814,1.0251109600067139,0.7911644577980042,0.686754584312439
105,21049,1.1620768308639526,1.1620768308639526,,,,,,,
105,21099,1.0381993055343628,1.0381993055343628,,,,,,,
105,21149,1.0461381673812866,1.0461381673812866,,,,,,,
105,21199,1.0758178234100342,1.0758178234100342,,,,,,,
105,21199,,,0.6948731541633606,1.0760890245437622,1.0760890245437622,0.729956328868866,0.9850026369094849,0.7884771823883057,0.7267026901245117
106,21249,1.1346486806869507,1.1346486806869507,,,,,,,
106,21299,1.07015061378479,1.07015061378479,,,,,,,
106,21349,1.0451170206069946,1.0451170206069946,,,,,,,
106,21399,1.061846137046814,1.061846137046814,,,,,,,
106,21399,,,0.6811514496803284,1.0888252258300781,1.0888252258300781,0.7206864356994629,1.0208368301391602,0.7903892397880554,0.6852386593818665
107,21449,1.1741514205932617,1.1741514205932617,,,,,,,
107,21499,1.1553744077682495,1.1553744077682495,,,,,,,
107,21549,1.0441056489944458,1.0441056489944458,,,,,,,
107,21599,1.1029713153839111,1.1029713153839111,,,,,,,
107,21599,,,0.6926574110984802,1.074323058128357,1.074323058128357,0.7209687232971191,0.9915481209754944,0.7885432243347168,0.7185260057449341
108,21649,0.991374135017395,0.991374135017395,,,,,,,
108,21699,1.130346655845642,1.130346655845642,,,,,,,
108,21749,1.0238075256347656,1.0238075256347656,,,,,,,
108,21799,0.9883314371109009,0.9883314371109009,,,,,,,
108,21799,,,0.6923256516456604,1.079145908355713,1.079145908355713,0.7215152978897095,0.9858719110488892,0.7867740392684937,0.7251634001731873
109,21849,0.9215723872184753,0.9215723872184753,,,,,,,
109,21899,1.0217690467834473,1.0217690467834473,,,,,,,
109,21949,1.1127955913543701,1.1127955913543701,,,,,,,
109,21999,1.0738394260406494,1.0738394260406494,,,,,,,
109,21999,,,0.6992304921150208,1.0884077548980713,1.0884077548980713,0.732366144657135,1.0111700296401978,0.7932592630386353,0.7107729911804199
110,22049,0.9615145325660706,0.9615145325660706,,,,,,,
110,22099,1.1089221239089966,1.1089221239089966,,,,,,,
110,22149,1.108107089996338,1.108107089996338,,,,,,,
110,22199,1.0813039541244507,1.0813039541244507,,,,,,,
110,22199,,,0.6957657337188721,1.0822733640670776,1.0822733640670776,0.7246400117874146,0.9792200922966003,0.7927096486091614,0.7331027388572693
111,22249,1.0674479007720947,1.0674479007720947,,,,,,,
111,22299,1.045520544052124,1.045520544052124,,,,,,,
111,22349,1.0671685934066772,1.0671685934066772,,,,,,,
111,22399,1.1551622152328491,1.1551622152328491,,,,,,,
111,22399,,,0.682672381401062,1.0679181814193726,1.0679181814193726,0.724522054195404,0.9988579750061035,0.7898178696632385,0.7075067758560181
112,22449,1.1154669523239136,1.1154669523239136,,,,,,,
112,22499,1.059248924255371,1.059248924255371,,,,,,,
112,22549,1.0106663703918457,1.0106663703918457,,,,,,,
112,22599,0.9938804507255554,0.9938804507255554,,,,,,,
112,22599,,,0.6820175647735596,1.0749777555465698,1.0749777555465698,0.7182400822639465,1.006866693496704,0.7889396548271179,0.6962776780128479
113,22649,1.1185503005981445,1.1185503005981445,,,,,,,
113,22699,1.1378812789916992,1.1378812789916992,,,,,,,
113,22749,1.0939571857452393,1.0939571857452393,,,,,,,
113,22799,0.9857786893844604,0.9857786893844604,,,,,,,
113,22799,,,0.6882143020629883,1.0713139772415161,1.0713139772415161,0.7176109552383423,1.0074028968811035,0.7885242700576782,0.7092089056968689
114,22849,1.070085048675537,1.070085048675537,,,,,,,
114,22899,1.0560991764068604,1.0560991764068604,,,,,,,
114,22949,1.0758817195892334,1.0758817195892334,,,,,,,
114,22999,1.0810441970825195,1.0810441970825195,,,,,,,
114,22999,,,0.6843329071998596,1.0741488933563232,1.0741488933563232,0.7181751132011414,1.0048576593399048,0.7861692905426025,0.7003393769264221
115,23049,1.031003713607788,1.031003713607788,,,,,,,
115,23099,1.0260040760040283,1.0260040760040283,,,,,,,
115,23149,1.0768924951553345,1.0768924951553345,,,,,,,
115,23199,1.1614819765090942,1.1614819765090942,,,,,,,
115,23199,,,0.6893155574798584,1.0742690563201904,1.0742690563201904,0.733070433139801,1.019216775894165,0.7922584414482117,0.6993132829666138
116,23249,1.1738131046295166,1.1738131046295166,,,,,,,
116,23299,1.1004109382629395,1.1004109382629395,,,,,,,
116,23349,1.0555551052093506,1.0555551052093506,,,,,,,
116,23399,1.1275134086608887,1.1275134086608887,,,,,,,
116,23399,,,0.6836897134780884,1.0733489990234375,1.0733489990234375,0.7136732339859009,1.0145702362060547,0.7873762845993042,0.6968725323677063
117,23449,1.1723095178604126,1.1723095178604126,,,,,,,
117,23499,1.0947185754776,1.0947185754776,,,,,,,
117,23549,1.0462849140167236,1.0462849140167236,,,,,,,
117,23599,1.0734471082687378,1.0734471082687378,,,,,,,
117,23599,,,0.6759268641471863,1.063117504119873,1.063117504119873,0.7212235331535339,1.0151653289794922,0.7859790921211243,0.6919937133789062
118,23649,1.1572959423065186,1.1572959423065186,,,,,,,
118,23699,0.9992961287498474,0.9992961287498474,,,,,,,
118,23749,1.1177817583084106,1.1177817583084106,,,,,,,
118,23799,0.8847101330757141,0.8847101330757141,,,,,,,
118,23799,,,0.6721370220184326,1.0621024370193481,1.0621024370193481,0.7276334762573242,1.0117698907852173,0.7857191562652588,0.6920632123947144
119,23849,1.0593534708023071,1.0593534708023071,,,,,,,
119,23899,1.012534737586975,1.012534737586975,,,,,,,
119,23949,1.072465419769287,1.072465419769287,,,,,,,
119,23999,1.0685707330703735,1.0685707330703735,,,,,,,
119,23999,,,0.6793334484100342,1.0604435205459595,1.0604435205459595,0.7306946516036987,0.9887774586677551,0.7866525053977966,0.7108020782470703
120,24049,1.0098426342010498,1.0098426342010498,,,,,,,
120,24099,1.1607221364974976,1.1607221364974976,,,,,,,
120,24149,1.0812852382659912,1.0812852382659912,,,,,,,
120,24199,1.019258975982666,1.019258975982666,,,,,,,
120,24199,,,0.6739194393157959,1.0603567361831665,1.0603567361831665,0.7181960344314575,1.0221998691558838,0.7844939827919006,0.6884133219718933
121,24249,1.00029456615448,1.00029456615448,,,,,,,
121,24299,1.127791404724121,1.127791404724121,,,,,,,
121,24349,0.9847337007522583,0.9847337007522583,,,,,,,
121,24399,1.011831521987915,1.011831521987915,,,,,,,
121,24399,,,0.6734814047813416,1.0571545362472534,1.0571545362472534,0.7165478467941284,1.0068280696868896,0.7846339344978333,0.698509156703949
122,24449,1.0287498235702515,1.0287498235702515,,,,,,,
122,24499,1.123770833015442,1.123770833015442,,,,,,,
122,24549,1.0326260328292847,1.0326260328292847,,,,,,,
122,24599,1.0799473524093628,1.0799473524093628,,,,,,,
122,24599,,,0.6737722754478455,1.060495138168335,1.060495138168335,0.7277002334594727,1.0007281303405762,0.7831176519393921,0.7022279500961304
123,24649,0.9513422846794128,0.9513422846794128,,,,,,,
123,24699,0.9433565139770508,0.9433565139770508,,,,,,,
123,24749,1.1328058242797852,1.1328058242797852,,,,,,,
123,24799,1.03983736038208,1.03983736038208,,,,,,,
123,24799,,,0.673250138759613,1.064524531364441,1.064524531364441,0.718805193901062,1.0152403116226196,0.786569356918335,0.6985331773757935
124,24849,1.0164244174957275,1.0164244174957275,,,,,,,
124,24899,1.0818926095962524,1.0818926095962524,,,,,,,
124,24949,1.0220097303390503,1.0220097303390503,,,,,,,
124,24999,1.0784475803375244,1.0784475803375244,,,,,,,
124,24999,,,0.6673582792282104,1.060987949371338,1.060987949371338,0.7156344652175903,0.9989864826202393,0.784943163394928,0.6931790709495544
125,25049,0.9601895213127136,0.9601895213127136,,,,,,,
125,25099,1.0785577297210693,1.0785577297210693,,,,,,,
125,25149,1.0317591428756714,1.0317591428756714,,,,,,,
125,25199,1.0180116891860962,1.0180116891860962,,,,,,,
125,25199,,,0.6721630692481995,1.053799033164978,1.053799033164978,0.715243399143219,1.0072546005249023,0.7804268002510071,0.6946757435798645
126,25249,0.9711353182792664,0.9711353182792664,,,,,,,
126,25299,1.024817943572998,1.024817943572998,,,,,,,
126,25349,1.1142479181289673,1.1142479181289673,,,,,,,
126,25399,1.0873085260391235,1.0873085260391235,,,,,,,
126,25399,,,0.6674605011940002,1.0613690614700317,1.0613690614700317,0.7113216519355774,1.0252457857131958,0.7873566150665283,0.6843345165252686
127,25449,1.1021082401275635,1.1021082401275635,,,,,,,
127,25499,1.0061960220336914,1.0061960220336914,,,,,,,
127,25549,1.1418768167495728,1.1418768167495728,,,,,,,
127,25599,1.0422511100769043,1.0422511100769043,,,,,,,
127,25599,,,0.6718551516532898,1.065712571144104,1.065712571144104,0.7193911075592041,1.0145145654678345,0.7900140881538391,0.6919905543327332
128,25649,1.1171365976333618,1.1171365976333618,,,,,,,
128,25699,1.0240803956985474,1.0240803956985474,,,,,,,
128,25749,0.9094581604003906,0.9094581604003906,,,,,,,
128,25799,0.9774225354194641,0.9774225354194641,,,,,,,
128,25799,,,0.6583437919616699,1.050186038017273,1.050186038017273,0.714580237865448,1.0318483114242554,0.7847135066986084,0.6739216446876526
129,25849,1.0689339637756348,1.0689339637756348,,,,,,,
129,25899,1.052903175354004,1.052903175354004,,,,,,,
129,25949,0.9286935925483704,0.9286935925483704,,,,,,,
129,25999,0.9953587651252747,0.9953587651252747,,,,,,,
129,25999,,,0.6641862392425537,1.0482829809188843,1.0482829809188843,0.7179749011993408,1.0090062618255615,0.7819252014160156,0.6850076913833618
130,26049,1.010391354560852,1.010391354560852,,,,,,,
130,26099,0.9664484262466431,0.9664484262466431,,,,,,,
130,26149,1.0760457515716553,1.0760457515716553,,,,,,,
130,26199,1.1066441535949707,1.1066441535949707,,,,,,,
130,26199,,,0.6562138795852661,1.0514250993728638,1.0514250993728638,0.7173978686332703,1.0086498260498047,0.7823275327682495,0.6867092251777649
131,26249,0.9911230206489563,0.9911230206489563,,,,,,,
131,26299,1.0513038635253906,1.0513038635253906,,,,,,,
131,26349,1.0560864210128784,1.0560864210128784,,,,,,,
131,26399,1.0240724086761475,1.0240724086761475,,,,,,,
131,26399,,,0.668829619884491,1.0446796417236328,1.0446796417236328,0.7110961079597473,0.9956815242767334,0.7836224436759949,0.698988139629364
132,26449,0.9034877419471741,0.9034877419471741,,,,,,,
132,26499,0.9942541122436523,0.9942541122436523,,,,,,,
132,26549,1.014147400856018,1.014147400856018,,,,,,,
132,26599,1.0522737503051758,1.0522737503051758,,,,,,,
132,26599,,,0.6694145202636719,1.0520378351211548,1.0520378351211548,0.7228724360466003,1.0002555847167969,0.7880399227142334,0.7070958614349365
133,26649,0.9931460618972778,0.9931460618972778,,,,,,,
133,26699,1.12625253200531,1.12625253200531,,,,,,,
133,26749,1.0237854719161987,1.0237854719161987,,,,,,,
133,26799,1.0194348096847534,1.0194348096847534,,,,,,,
133,26799,,,0.6556410789489746,1.041422724723816,1.041422724723816,0.7133169174194336,1.0158988237380981,0.7797961235046387,0.6786025762557983
134,26849,1.0443366765975952,1.0443366765975952,,,,,,,
134,26899,1.0523537397384644,1.0523537397384644,,,,,,,
134,26949,1.1430397033691406,1.1430397033691406,,,,,,,
134,26999,1.0152238607406616,1.0152238607406616,,,,,,,
134,26999,,,0.6654218435287476,1.0462464094161987,1.0462464094161987,0.7120890617370605,0.9960050582885742,0.7801100015640259,0.699428141117096
135,27049,1.124035120010376,1.124035120010376,,,,,,,
135,27099,1.0457814931869507,1.0457814931869507,,,,,,,
135,27149,0.9877501130104065,0.9877501130104065,,,,,,,
135,27199,1.0032209157943726,1.0032209157943726,,,,,,,
135,27199,,,0.6619771718978882,1.0409096479415894,1.0409096479415894,0.7141698002815247,1.003647804260254,0.7835597395896912,0.6945823431015015
136,27249,1.0863393545150757,1.0863393545150757,,,,,,,
136,27299,0.989220380783081,0.989220380783081,,,,,,,
136,27349,1.0669859647750854,1.0669859647750854,,,,,,,
136,27399,0.9902682304382324,0.9902682304382324,,,,,,,
136,27399,,,0.6701524257659912,1.0519825220108032,1.0519825220108032,0.7099601030349731,0.9974452257156372,0.7841487526893616,0.6997812390327454
137,27449,0.9750308394432068,0.9750308394432068,,,,,,,
137,27499,0.8998534083366394,0.8998534083366394,,,,,,,
137,27549,0.961079478263855,0.961079478263855,,,,,,,
137,27599,1.101478099822998,1.101478099822998,,,,,,,
137,27599,,,0.6624526381492615,1.0411254167556763,1.0411254167556763,0.717883825302124,1.0286707878112793,0.7846037745475769,0.6790595054626465
138,27649,1.0386872291564941,1.0386872291564941,,,,,,,
138,27699,1.0920116901397705,1.0920116901397705,,,,,,,
138,27749,0.981940746307373,0.981940746307373,,,,,,,
138,27799,0.9993602633476257,0.9993602633476257,,,,,,,
138,27799,,,0.665131151676178,1.0577945709228516,1.0577945709228516,0.7138630151748657,1.0134793519973755,0.7867490649223328,0.6902167797088623
139,27849,0.9842961430549622,0.9842961430549622,,,,,,,
139,27899,1.0494885444641113,1.0494885444641113,,,,,,,
139,27949,1.0907456874847412,1.0907456874847412,,,,,,,
139,27999,1.1074436902999878,1.1074436902999878,,,,,,,
139,27999,,,0.6537260413169861,1.0403836965560913,1.0403836965560913,0.7302138805389404,1.0106768608093262,0.7827675938606262,0.6824725866317749
140,28049,1.005219578742981,1.005219578742981,,,,,,,
140,28099,1.0450204610824585,1.0450204610824585,,,,,,,
140,28149,0.9069332480430603,0.9069332480430603,,,,,,,
140,28199,1.0550689697265625,1.0550689697265625,,,,,,,
140,28199,,,0.6524425745010376,1.0308079719543457,1.0308079719543457,0.710013210773468,1.0048468112945557,0.7787368893623352,0.6883329153060913
141,28249,1.0572608709335327,1.0572608709335327,,,,,,,
141,28299,1.1138606071472168,1.1138606071472168,,,,,,,
141,28349,0.9817054271697998,0.9817054271697998,,,,,,,
141,28399,1.1193935871124268,1.1193935871124268,,,,,,,
141,28399,,,0.6630542278289795,1.0434077978134155,1.0434077978134155,0.7082968354225159,1.0054535865783691,0.7813973426818848,0.6952707767486572
142,28449,0.9991442561149597,0.9991442561149597,,,,,,,
142,28499,0.8912214636802673,0.8912214636802673,,,,,,,
142,28549,1.0046234130859375,1.0046234130859375,,,,,,,
142,28599,1.0020431280136108,1.0020431280136108,,,,,,,
142,28599,,,0.6512125134468079,1.0248900651931763,1.0248900651931763,0.7144430875778198,1.0070574283599854,0.7801334857940674,0.683868408203125
143,28649,0.9903097152709961,0.9903097152709961,,,,,,,
143,28699,0.9952415227890015,0.9952415227890015,,,,,,,
143,28749,0.9797372817993164,0.9797372817993164,,,,,,,
143,28799,0.994341254234314,0.994341254234314,,,,,,,
143,28799,,,0.654610276222229,1.0307053327560425,1.0307053327560425,0.7114118337631226,1.011863350868225,0.7803148627281189,0.6821120977401733
144,28849,1.0019185543060303,1.0019185543060303,,,,,,,
144,28899,1.0016095638275146,1.0016095638275146,,,,,,,
144,28949,1.0194807052612305,1.0194807052612305,,,,,,,
144,28999,1.0204564332962036,1.0204564332962036,,,,,,,
144,28999,,,0.6496354937553406,1.0282396078109741,1.0282396078109741,0.7107548117637634,1.0124396085739136,0.780471920967102,0.6772217750549316
145,29049,1.062664270401001,1.062664270401001,,,,,,,
145,29099,1.0189908742904663,1.0189908742904663,,,,,,,
145,29149,0.9922950863838196,0.9922950863838196,,,,,,,
145,29199,1.023690104484558,1.023690104484558,,,,,,,
145,29199,,,0.6544560790061951,1.0294374227523804,1.0294374227523804,0.7266258001327515,1.0166995525360107,0.7828328013420105,0.6764561533927917
146,29249,1.036837100982666,1.036837100982666,,,,,,,
146,29299,0.9511668682098389,0.9511668682098389,,,,,,,
146,29349,1.0576714277267456,1.0576714277267456,,,,,,,
146,29399,1.0811430215835571,1.0811430215835571,,,,,,,
146,29399,,,0.6586510539054871,1.0340489149093628,1.0340489149093628,0.7120051383972168,0.9989112019538879,0.7784847021102905,0.7035566568374634
147,29449,1.0032007694244385,1.0032007694244385,,,,,,,
147,29499,1.0939526557922363,1.0939526557922363,,,,,,,
147,29549,1.0459656715393066,1.0459656715393066,,,,,,,
147,29599,1.0325270891189575,1.0325270891189575,,,,,,,
147,29599,,,0.6558935642242432,1.028278112411499,1.028278112411499,0.7063198685646057,1.002321481704712,0.7814229726791382,0.6872015595436096
148,29649,1.1034034490585327,1.1034034490585327,,,,,,,
148,29699,1.0617402791976929,1.0617402791976929,,,,,,,
148,29749,1.0522611141204834,1.0522611141204834,,,,,,,
148,29799,1.009942650794983,1.009942650794983,,,,,,,
148,29799,,,0.6459773778915405,1.0186400413513184,1.0186400413513184,0.7059502005577087,1.0058746337890625,0.7743781805038452,0.6750110387802124
149,29849,1.0664644241333008,1.0664644241333008,,,,,,,
149,29899,1.075365424156189,1.075365424156189,,,,,,,
149,29949,1.0110692977905273,1.0110692977905273,,,,,,,
149,29999,1.0985184907913208,1.0985184907913208,,,,,,,
149,29999,,,0.6575049757957458,1.0298726558685303,1.0298726558685303,0.7163073420524597,0.9882383346557617,0.7799316644668579,0.7037984132766724
150,30049,1.0101279020309448,1.0101279020309448,,,,,,,
150,30099,1.1430965662002563,1.1430965662002563,,,,,,,
150,30149,1.0182455778121948,1.0182455778121948,,,,,,,
150,30199,1.0160236358642578,1.0160236358642578,,,,,,,
150,30199,,,0.6548049449920654,1.030778408050537,1.030778408050537,0.7072270512580872,1.0100849866867065,0.7785360217094421,0.6910558342933655
151,30249,1.0140231847763062,1.0140231847763062,,,,,,,
151,30299,1.0616323947906494,1.0616323947906494,,,,,,,
151,30349,0.9940899014472961,0.9940899014472961,,,,,,,
151,30399,0.9918441772460938,0.9918441772460938,,,,,,,
151,30399,,,0.6409701704978943,1.0226701498031616,1.0226701498031616,0.7077867388725281,1.0008509159088135,0.7781829237937927,0.6817855834960938
152,30449,0.9928663969039917,0.9928663969039917,,,,,,,
152,30499,1.0842264890670776,1.0842264890670776,,,,,,,
152,30549,1.0476429462432861,1.0476429462432861,,,,,,,
152,30599,1.050054669380188,1.050054669380188,,,,,,,
152,30599,,,0.6520426273345947,1.0297073125839233,1.0297073125839233,0.704936146736145,0.999744176864624,0.7786341309547424,0.6915880441665649
153,30649,1.1432448625564575,1.1432448625564575,,,,,,,
153,30699,0.9960513710975647,0.9960513710975647,,,,,,,
153,30749,1.036625623703003,1.036625623703003,,,,,,,
153,30799,0.9638915061950684,0.9638915061950684,,,,,,,
153,30799,,,0.6572005152702332,1.0261446237564087,1.0261446237564087,0.7123379111289978,0.9842274188995361,0.7792585492134094,0.7003739476203918
154,30849,0.956965982913971,0.956965982913971,,,,,,,
154,30899,1.0504837036132812,1.0504837036132812,,,,,,,
154,30949,1.0765907764434814,1.0765907764434814,,,,,,,
154,30999,0.9861701726913452,0.9861701726913452,,,,,,,
154,30999,,,0.6523504853248596,1.0337772369384766,1.0337772369384766,0.7120983600616455,1.0156702995300293,0.7816818356513977,0.6862406730651855
155,31049,1.0437837839126587,1.0437837839126587,,,,,,,
155,31099,1.0307952165603638,1.0307952165603638,,,,,,,
155,31149,0.9792224168777466,0.9792224168777466,,,,,,,
155,31199,1.0708926916122437,1.0708926916122437,,,,,,,
155,31199,,,0.6429742574691772,1.01981782913208,1.01981782913208,0.7127202749252319,0.9887036681175232,0.7760839462280273,0.6923264265060425
156,31249,1.0213085412979126,1.0213085412979126,,,,,,,
156,31299,1.014091968536377,1.014091968536377,,,,,,,
156,31349,0.999527096748352,0.999527096748352,,,,,,,
156,31399,1.0670050382614136,1.0670050382614136,,,,,,,
156,31399,,,0.643930196762085,1.0218173265457153,1.0218173265457153,0.7117335200309753,1.0179486274719238,0.7781370878219604,0.6727634072303772
157,31449,1.0495725870132446,1.0495725870132446,,,,,,,
157,31499,1.1027958393096924,1.1027958393096924,,,,,,,
157,31549,1.020090103149414,1.020090103149414,,,,,,,
157,31599,1.1015576124191284,1.1015576124191284,,,,,,,
157,31599,,,0.6373450756072998,1.0146825313568115,1.0146825313568115,0.7139865159988403,1.0173839330673218,0.7758163213729858,0.6630013585090637
158,31649,1.0456181764602661,1.0456181764602661,,,,,,,
158,31699,1.0409233570098877,1.0409233570098877,,,,,,,
158,31749,0.9874499440193176,0.9874499440193176,,,,,,,
158,31799,1.00640869140625,1.00640869140625,,,,,,,
158,31799,,,0.641834557056427,1.0144728422164917,1.0144728422164917,0.7118574380874634,1.0235332250595093,0.7765611410140991,0.670194685459137
159,31849,1.0403683185577393,1.0403683185577393,,,,,,,
159,31899,1.026938796043396,1.026938796043396,,,,,,,
159,31949,1.0605943202972412,1.0605943202972412,,,,,,,
159,31999,0.9970703125,0.9970703125,,,,,,,
159,31999,,,0.641531765460968,1.016494870185852,1.016494870185852,0.7088274955749512,1.0145552158355713,0.7749079465866089,0.679185688495636
160,32049,1.077522873878479,1.077522873878479,,,,,,,
160,32099,0.86100834608078,0.86100834608078,,,,,,,
160,32149,0.9541045427322388,0.9541045427322388,,,,,,,
160,32199,1.0470235347747803,1.0470235347747803,,,,,,,
160,32199,,,0.6445363759994507,1.0235118865966797,1.0235118865966797,0.7079209089279175,0.9926599264144897,0.7761249542236328,0.6910024881362915
161,32249,1.0637130737304688,1.0637130737304688,,,,,,,
161,32299,0.9793556928634644,0.9793556928634644,,,,,,,
161,32349,0.9711482524871826,0.9711482524871826,,,,,,,
161,32399,1.0223164558410645,1.0223164558410645,,,,,,,
161,32399,,,0.6437186598777771,1.0198076963424683,1.0198076963424683,0.7245524525642395,1.0051476955413818,0.7795981764793396,0.6805295944213867
162,32449,0.9908612370491028,0.9908612370491028,,,,,,,
162,32499,0.9659470319747925,0.9659470319747925,,,,,,,
162,32549,1.0516959428787231,1.0516959428787231,,,,,,,
162,32599,1.0481301546096802,1.0481301546096802,,,,,,,
162,32599,,,0.651456356048584,1.0224604606628418,1.0224604606628418,0.7083724737167358,1.0183219909667969,0.7803601026535034,0.6812270283699036
163,32649,0.9458038806915283,0.9458038806915283,,,,,,,
163,32699,0.9001452922821045,0.9001452922821045,,,,,,,
163,32749,0.9755818247795105,0.9755818247795105,,,,,,,
163,32799,1.0011672973632812,1.0011672973632812,,,,,,,
163,32799,,,0.6418696045875549,1.0056250095367432,1.0056250095367432,0.7080963850021362,1.0073798894882202,0.7720504403114319,0.6821345686912537
164,32849,1.0963563919067383,1.0963563919067383,,,,,,,
164,32899,1.0317054986953735,1.0317054986953735,,,,,,,
164,32949,1.005040168762207,1.005040168762207,,,,,,,
164,32999,1.0524095296859741,1.0524095296859741,,,,,,,
164,32999,,,0.6393309235572815,1.008588194847107,1.008588194847107,0.7077542543411255,1.005297064781189,0.7765618562698364,0.6803261041641235
165,33049,0.9713396430015564,0.9713396430015564,,,,,,,
165,33099,0.9409003257751465,0.9409003257751465,,,,,,,
165,33149,1.0046429634094238,1.0046429634094238,,,,,,,
165,33199,0.9389090538024902,0.9389090538024902,,,,,,,
165,33199,,,0.6447150111198425,1.0216588973999023,1.0216588973999023,0.722193717956543,1.013227939605713,0.7818957567214966,0.6794941425323486
166,33249,1.157302737236023,1.157302737236023,,,,,,,
166,33299,0.9519421458244324,0.9519421458244324,,,,,,,
166,33349,0.969619870185852,0.969619870185852,,,,,,,
166,33399,1.0097532272338867,1.0097532272338867,,,,,,,
166,33399,,,0.6454135179519653,1.0037633180618286,1.0037633180618286,0.7059288024902344,0.9927018880844116,0.7755401134490967,0.6910610198974609
167,33449,0.9942045211791992,0.9942045211791992,,,,,,,
167,33499,1.0784176588058472,1.0784176588058472,,,,,,,
167,33549,0.9566283822059631,0.9566283822059631,,,,,,,
167,33599,0.9609431624412537,0.9609431624412537,,,,,,,
167,33599,,,0.637694239616394,1.0135577917099,1.0135577917099,0.7064414620399475,1.0112072229385376,0.7778688073158264,0.6680223941802979
168,33649,1.040031909942627,1.040031909942627,,,,,,,
168,33699,1.0103628635406494,1.0103628635406494,,,,,,,
168,33749,0.9967730641365051,0.9967730641365051,,,,,,,
168,33799,0.8925651907920837,0.8925651907920837,,,,,,,
168,33799,,,0.6430014967918396,1.0088367462158203,1.0088367462158203,0.7121748924255371,1.0110100507736206,0.7788293957710266,0.6747647523880005
169,33849,1.0403497219085693,1.0403497219085693,,,,,,,
169,33899,0.9562382102012634,0.9562382102012634,,,,,,,
169,33949,0.9733802080154419,0.9733802080154419,,,,,,,
169,33999,1.044801115989685,1.044801115989685,,,,,,,
169,33999,,,0.6411204934120178,1.0112451314926147,1.0112451314926147,0.7050081491470337,1.007082462310791,0.7744181156158447,0.6778470873832703
170,34049,0.9918089509010315,0.9918089509010315,,,,,,,
170,34099,0.9288823008537292,0.9288823008537292,,,,,,,
170,34149,1.039697289466858,1.039697289466858,,,,,,,
170,34199,1.0325148105621338,1.0325148105621338,,,,,,,
170,34199,,,0.6377547979354858,1.0197417736053467,1.0197417736053467,0.7073349952697754,1.0137938261032104,0.7788081765174866,0.6744401454925537
171,34249,0.971992015838623,0.971992015838623,,,,,,,
171,34299,1.0679841041564941,1.0679841041564941,,,,,,,
171,34349,1.097703456878662,1.097703456878662,,,,,,,
171,34399,0.974040687084198,0.974040687084198,,,,,,,
171,34399,,,0.6450814008712769,1.009659767150879,1.009659767150879,0.709293007850647,1.0058993101119995,0.773931086063385,0.6849220991134644
172,34449,1.0134049654006958,1.0134049654006958,,,,,,,
172,34499,0.9273000955581665,0.9273000955581665,,,,,,,
172,34549,0.9515414237976074,0.9515414237976074,,,,,,,
172,34599,0.875248372554779,0.875248372554779,,,,,,,
172,34599,,,0.6421666145324707,1.0097819566726685,1.0097819566726685,0.7057347893714905,1.0022728443145752,0.7755491733551025,0.6884784698486328
173,34649,1.0140423774719238,1.0140423774719238,,,,,,,
173,34699,1.0481435060501099,1.0481435060501099,,,,,,,
173,34749,1.0105760097503662,1.0105760097503662,,,,,,,
173,34799,0.9914935231208801,0.9914935231208801,,,,,,,
173,34799,,,0.6410066485404968,0.9983920454978943,0.9983920454978943,0.7085404992103577,0.9948971271514893,0.7738269567489624,0.6814159154891968
174,34849,0.9524084329605103,0.9524084329605103,,,,,,,
174,34899,0.9093218445777893,0.9093218445777893,,,,,,,
174,34949,1.0726670026779175,1.0726670026779175,,,,,,,
174,34999,0.9572531580924988,0.9572531580924988,,,,,,,
174,34999,,,0.6328874826431274,1.0121448040008545,1.0121448040008545,0.7084535360336304,1.0102607011795044,0.7755534648895264,0.6679850220680237
175,35049,0.969835638999939,0.969835638999939,,,,,,,
175,35099,0.9911646246910095,0.9911646246910095,,,,,,,
175,35149,1.0148756504058838,1.0148756504058838,,,,,,,
175,35199,0.975782036781311,0.975782036781311,,,,,,,
175,35199,,,0.6369385123252869,1.003875732421875,1.003875732421875,0.7011169195175171,1.0102814435958862,0.7764384746551514,0.6712028980255127
176,35249,1.0260326862335205,1.0260326862335205,,,,,,,
176,35299,0.9577781558036804,0.9577781558036804,,,,,,,
176,35349,0.953429639339447,0.953429639339447,,,,,,,
176,35399,0.9971087574958801,0.9971087574958801,,,,,,,
176,35399,,,0.6374020576477051,0.9973622560501099,0.9973622560501099,0.7024369835853577,1.0161495208740234,0.7748809456825256,0.6704711318016052
177,35449,1.010737419128418,1.010737419128418,,,,,,,
177,35499,1.070412516593933,1.070412516593933,,,,,,,
177,35549,1.0347089767456055,1.0347089767456055,,,,,,,
177,35599,0.9771307110786438,0.9771307110786438,,,,,,,
177,35599,,,0.6359929442405701,0.9976667761802673,0.9976667761802673,0.7023593783378601,1.0052390098571777,0.7757211327552795,0.6814953684806824
178,35649,0.9538581371307373,0.9538581371307373,,,,,,,
178,35699,0.9875919818878174,0.9875919818878174,,,,,,,
178,35749,1.0462058782577515,1.0462058782577515,,,,,,,
178,35799,1.0708014965057373,1.0708014965057373,,,,,,,
178,35799,,,0.6345206499099731,1.018381953239441,1.018381953239441,0.705154299736023,1.029000163078308,0.7774837613105774,0.6689620018005371
179,35849,1.0009138584136963,1.0009138584136963,,,,,,,
179,35899,0.9478657841682434,0.9478657841682434,,,,,,,
179,35949,1.0063881874084473,1.0063881874084473,,,,,,,
179,35999,0.8775348663330078,0.8775348663330078,,,,,,,
179,35999,,,0.6368271708488464,1.0020294189453125,1.0020294189453125,0.6980536580085754,1.002525806427002,0.7754315733909607,0.6797069907188416
180,36049,1.0121991634368896,1.0121991634368896,,,,,,,
180,36099,0.9755122065544128,0.9755122065544128,,,,,,,
180,36149,0.9677538275718689,0.9677538275718689,,,,,,,
180,36199,1.042602777481079,1.042602777481079,,,,,,,
180,36199,,,0.6495310068130493,1.0038444995880127,1.0038444995880127,0.7053009867668152,0.9932135343551636,0.7743975520133972,0.6983957886695862
181,36249,1.075378179550171,1.075378179550171,,,,,,,
181,36299,1.0006659030914307,1.0006659030914307,,,,,,,
181,36349,1.004510760307312,1.004510760307312,,,,,,,
181,36399,1.0472984313964844,1.0472984313964844,,,,,,,
181,36399,,,0.6343787312507629,1.0014644861221313,1.0014644861221313,0.7092605829238892,1.0232521295547485,0.7754197120666504,0.664080798625946
182,36449,0.9975748658180237,0.9975748658180237,,,,,,,
182,36499,0.9982056021690369,0.9982056021690369,,,,,,,
182,36549,1.00711989402771,1.00711989402771,,,,,,,
182,36599,0.9281997680664062,0.9281997680664062,,,,,,,
182,36599,,,0.6380929350852966,1.001683235168457,1.001683235168457,0.7021522521972656,0.9973424673080444,0.7759078145027161,0.6824588179588318
183,36649,1.0057563781738281,1.0057563781738281,,,,,,,
183,36699,1.0115009546279907,1.0115009546279907,,,,,,,
183,36749,0.9793887734413147,0.9793887734413147,,,,,,,
183,36799,1.0169720649719238,1.0169720649719238,,,,,,,
183,36799,,,0.6265373826026917,0.9974961280822754,0.9974961280822754,0.7022610306739807,1.013573169708252,0.7708523869514465,0.6571416854858398
184,36849,0.9911335110664368,0.9911335110664368,,,,,,,
184,36899,1.0096129179000854,1.0096129179000854,,,,,,,
184,36949,0.9857184886932373,0.9857184886932373,,,,,,,
184,36999,1.0105639696121216,1.0105639696121216,,,,,,,
184,36999,,,0.6283208727836609,0.9998454451560974,0.9998454451560974,0.6998916864395142,1.027980089187622,0.7740020155906677,0.6617658138275146
185,37049,1.0013036727905273,1.0013036727905273,,,,,,,
185,37099,0.9454039335250854,0.9454039335250854,,,,,,,
185,37149,0.991235077381134,0.991235077381134,,,,,,,
185,37199,1.08803391456604,1.08803391456604,,,,,,,
185,37199,,,0.6274541020393372,0.988253653049469,0.988253653049469,0.7062262296676636,1.0155420303344727,0.7734606862068176,0.6654107570648193
186,37249,0.9495972394943237,0.9495972394943237,,,,,,,
186,37299,0.9601231217384338,0.9601231217384338,,,,,,,
186,37349,1.0140608549118042,1.0140608549118042,,,,,,,
186,37399,1.0222289562225342,1.0222289562225342,,,,,,,
186,37399,,,0.6280952095985413,0.9904137253761292,0.9904137253761292,0.7030063271522522,0.9943532943725586,0.7721310257911682,0.6754816770553589
187,37449,0.9407535195350647,0.9407535195350647,,,,,,,
187,37499,1.0497483015060425,1.0497483015060425,,,,,,,
187,37549,1.054059386253357,1.054059386253357,,,,,,,
187,37599,1.1164886951446533,1.1164886951446533,,,,,,,
187,37599,,,0.6447383761405945,1.0001353025436401,1.0001353025436401,0.7045355439186096,0.9853348731994629,0.773581862449646,0.7024312019348145
188,37649,0.9983917474746704,0.9983917474746704,,,,,,,
188,37699,1.076206922531128,1.076206922531128,,,,,,,
188,37749,1.020416498184204,1.020416498184204,,,,,,,
188,37799,1.0123257637023926,1.0123257637023926,,,,,,,
188,37799,,,0.6268222332000732,0.9940067529678345,0.9940067529678345,0.7045220732688904,1.0187259912490845,0.7710103392601013,0.6646743416786194
189,37849,1.0024945735931396,1.0024945735931396,,,,,,,
189,37899,1.0077662467956543,1.0077662467956543,,,,,,,
189,37949,1.0205434560775757,1.0205434560775757,,,,,,,
189,37999,0.9654281139373779,0.9654281139373779,,,,,,,
189,37999,,,0.6281196475028992,0.9964731335639954,0.9964731335639954,0.7007513642311096,1.0143566131591797,0.7728630304336548,0.668377161026001
190,38049,0.8859086036682129,0.8859086036682129,,,,,,,
190,38099,0.969669759273529,0.969669759273529,,,,,,,
190,38149,0.9984248280525208,0.9984248280525208,,,,,,,
190,38199,1.0064687728881836,1.0064687728881836,,,,,,,
190,38199,,,0.6289819478988647,0.9990691542625427,0.9990691542625427,0.7043989896774292,0.9994907379150391,0.7724893689155579,0.6751534342765808
191,38249,1.127443790435791,1.127443790435791,,,,,,,
191,38299,1.0564230680465698,1.0564230680465698,,,,,,,
191,38349,1.108928918838501,1.108928918838501,,,,,,,
191,38399,1.0676909685134888,1.0676909685134888,,,,,,,
191,38399,,,0.6307910680770874,0.9924997687339783,0.9924997687339783,0.7009654641151428,0.9981856942176819,0.7724100947380066,0.675163745880127
192,38449,1.0142385959625244,1.0142385959625244,,,,,,,
192,38499,0.7929612398147583,0.7929612398147583,,,,,,,
192,38549,1.047866940498352,1.047866940498352,,,,,,,
192,38599,0.9906464219093323,0.9906464219093323,,,,,,,
192,38599,,,0.6328311562538147,0.9973331689834595,0.9973331689834595,0.7001729011535645,0.9959824085235596,0.7688567042350769,0.6805250644683838
193,38649,0.961721658706665,0.961721658706665,,,,,,,
193,38699,0.9881867170333862,0.9881867170333862,,,,,,,
193,38749,1.022931456565857,1.022931456565857,,,,,,,
193,38799,1.0182347297668457,1.0182347297668457,,,,,,,
193,38799,,,0.6364967226982117,1.000212550163269,1.000212550163269,0.7078221440315247,1.0114519596099854,0.7764058113098145,0.6788194179534912
194,38849,0.9180559515953064,0.9180559515953064,,,,,,,
194,38899,1.0258653163909912,1.0258653163909912,,,,,,,
194,38949,0.9792137742042542,0.9792137742042542,,,,,,,
194,38999,0.9866599440574646,0.9866599440574646,,,,,,,
194,38999,,,0.6284146904945374,0.9880746006965637,0.9880746006965637,0.7015189528465271,1.0194118022918701,0.7734879851341248,0.6652012467384338
195,39049,0.9220761060714722,0.9220761060714722,,,,,,,
195,39099,1.0334622859954834,1.0334622859954834,,,,,,,
195,39149,1.0545698404312134,1.0545698404312134,,,,,,,
195,39199,0.9220125675201416,0.9220125675201416,,,,,,,
195,39199,,,0.6306910514831543,0.9968565106391907,0.9968565106391907,0.6993149518966675,1.0038206577301025,0.7724149823188782,0.674926221370697
196,39249,1.1303483247756958,1.1303483247756958,,,,,,,
196,39299,0.9639139771461487,0.9639139771461487,,,,,,,
196,39349,0.9428917169570923,0.9428917169570923,,,,,,,
196,39399,1.0867120027542114,1.0867120027542114,,,,,,,
196,39399,,,0.6283959150314331,0.9883906841278076,0.9883906841278076,0.701553463935852,1.0035817623138428,0.7722017168998718,0.6788074374198914
197,39449,0.9834591746330261,0.9834591746330261,,,,,,,
197,39499,0.9965061545372009,0.9965061545372009,,,,,,,
197,39549,0.9327799677848816,0.9327799677848816,,,,,,,
197,39599,0.9639938473701477,0.9639938473701477,,,,,,,
197,39599,,,0.6244075298309326,0.9869019985198975,0.9869019985198975,0.6966391801834106,1.0104354619979858,0.7691672444343567,0.672145426273346
198,39649,0.9489687085151672,0.9489687085151672,,,,,,,
198,39699,1.0913766622543335,1.0913766622543335,,,,,,,
198,39749,1.0532108545303345,1.0532108545303345,,,,,,,
198,39799,0.8981589078903198,0.8981589078903198,,,,,,,
198,39799,,,0.6272472739219666,0.9918400049209595,0.9918400049209595,0.7021317481994629,1.013871192932129,0.7745760679244995,0.6731973886489868
199,39849,1.0090819597244263,1.0090819597244263,,,,,,,
199,39899,0.9513989090919495,0.9513989090919495,,,,,,,
199,39949,0.97747802734375,0.97747802734375,,,,,,,
199,39999,0.9911094903945923,0.9911094903945923,,,,,,,
199,39999,,,0.625288724899292,0.9883757829666138,0.9883757829666138,0.7010916471481323,0.9920801520347595,0.7705709338188171,0.6810710430145264
200,40049,0.8901767134666443,0.8901767134666443,,,,,,,
200,40099,1.113373875617981,1.113373875617981,,,,,,,
200,40149,1.0426932573318481,1.0426932573318481,,,,,,,
200,40199,1.0007625818252563,1.0007625818252563,,,,,,,
200,40199,,,0.6248882412910461,0.9998876452445984,0.9998876452445984,0.7051175236701965,1.0258944034576416,0.7748185396194458,0.6587350368499756
201,40249,0.942122220993042,0.942122220993042,,,,,,,
201,40299,0.9363884925842285,0.9363884925842285,,,,,,,
201,40349,1.210898518562317,1.210898518562317,,,,,,,
201,40399,1.0392110347747803,1.0392110347747803,,,,,,,
201,40399,,,0.6220684051513672,0.9948076009750366,0.9948076009750366,0.7080714106559753,1.0317041873931885,0.7775523662567139,0.658456027507782
202,40449,0.9427505731582642,0.9427505731582642,,,,,,,
202,40499,0.9955890774726868,0.9955890774726868,,,,,,,
202,40549,0.9887381792068481,0.9887381792068481,,,,,,,
202,40599,1.0046147108078003,1.0046147108078003,,,,,,,
202,40599,,,0.622356653213501,0.9863991737365723,0.9863991737365723,0.7052892446517944,1.0028917789459229,0.7714138031005859,0.6788357496261597
203,40649,0.8915207982063293,0.8915207982063293,,,,,,,
203,40699,1.012713074684143,1.012713074684143,,,,,,,
203,40749,1.0050865411758423,1.0050865411758423,,,,,,,
203,40799,0.9154595136642456,0.9154595136642456,,,,,,,
203,40799,,,0.6167884469032288,0.9813096523284912,0.9813096523284912,0.707046389579773,1.0150501728057861,0.771504282951355,0.6610676646232605
204,40849,1.0010861158370972,1.0010861158370972,,,,,,,
204,40899,0.952242374420166,0.952242374420166,,,,,,,
204,40949,1.0618278980255127,1.0618278980255127,,,,,,,
204,40999,0.919645369052887,0.919645369052887,,,,,,,
204,40999,,,0.6271867752075195,0.9861471652984619,0.9861471652984619,0.705126166343689,1.0034055709838867,0.7723253965377808,0.6829098463058472
205,41049,0.9607803821563721,0.9607803821563721,,,,,,,
205,41099,0.9751923084259033,0.9751923084259033,,,,,,,
205,41149,1.1168022155761719,1.1168022155761719,,,,,,,
205,41199,0.9269545674324036,0.9269545674324036,,,,,,,
205,41199,,,0.6208329200744629,0.9866176843643188,0.9866176843643188,0.7078155279159546,1.0245462656021118,0.7734070420265198,0.6591190695762634
206,41249,0.969149649143219,0.969149649143219,,,,,,,
206,41299,0.9895375370979309,0.9895375370979309,,,,,,,
206,41349,0.935513973236084,0.935513973236084,,,,,,,
206,41399,0.9675827026367188,0.9675827026367188,,,,,,,
206,41399,,,0.6198175549507141,0.9813069105148315,0.9813069105148315,0.6980162262916565,1.0132291316986084,0.7720267176628113,0.6651910543441772
207,41449,1.0566909313201904,1.0566909313201904,,,,,,,
207,41499,1.0390809774398804,1.0390809774398804,,,,,,,
207,41549,0.9494951367378235,0.9494951367378235,,,,,,,
207,41599,0.9908207654953003,0.9908207654953003,,,,,,,
207,41599,,,0.617324948310852,0.9842526912689209,0.9842526912689209,0.7197081446647644,1.0074776411056519,0.7760205268859863,0.6643452644348145
208,41649,1.0029209852218628,1.0029209852218628,,,,,,,
208,41699,0.9763579368591309,0.9763579368591309,,,,,,,
208,41749,1.0009502172470093,1.0009502172470093,,,,,,,
208,41799,1.0419472455978394,1.0419472455978394,,,,,,,
208,41799,,,0.6177479028701782,0.9724457263946533,0.9724457263946533,0.7006577253341675,0.9988435506820679,0.771496057510376,0.6676064133644104
209,41849,0.9433552026748657,0.9433552026748657,,,,,,,
209,41899,0.9251483678817749,0.9251483678817749,,,,,,,
209,41949,0.9357865452766418,0.9357865452766418,,,,,,,
209,41999,0.9541638493537903,0.9541638493537903,,,,,,,
209,41999,,,0.6210153102874756,0.9783006310462952,0.9783006310462952,0.6993104815483093,1.0115734338760376,0.7717581987380981,0.6691145300865173
210,42049,1.0564438104629517,1.0564438104629517,,,,,,,
210,42099,0.9714995622634888,0.9714995622634888,,,,,,,
210,42149,0.9888877868652344,0.9888877868652344,,,,,,,
210,42199,0.9491518139839172,0.9491518139839172,,,,,,,
210,42199,,,0.6221423745155334,0.9708322286605835,0.9708322286605835,0.7057845592498779,0.9940195083618164,0.7734174728393555,0.6836828589439392
211,42249,1.0612199306488037,1.0612199306488037,,,,,,,
211,42299,0.9063014388084412,0.9063014388084412,,,,,,,
211,42349,0.9750658869743347,0.9750658869743347,,,,,,,
211,42399,1.011594533920288,1.011594533920288,,,,,,,
211,42399,,,0.605927586555481,0.9749346971511841,0.9749346971511841,0.7027685046195984,1.0305067300796509,0.7697584629058838,0.6466488242149353
212,42449,0.9771649241447449,0.9771649241447449,,,,,,,
212,42499,0.9628300070762634,0.9628300070762634,,,,,,,
212,42549,0.9796805381774902,0.9796805381774902,,,,,,,
212,42599,1.002036452293396,1.002036452293396,,,,,,,
212,42599,,,0.6134737730026245,0.9736106991767883,0.9736106991767883,0.7083891034126282,1.0111080408096313,0.773237943649292,0.6722231507301331
213,42649,1.0054032802581787,1.0054032802581787,,,,,,,
213,42699,0.9512649774551392,0.9512649774551392,,,,,,,
213,42749,0.8711930513381958,0.8711930513381958,,,,,,,
213,42799,0.9824858903884888,0.9824858903884888,,,,,,,
213,42799,,,0.6133600473403931,0.978753924369812,0.978753924369812,0.7011466026306152,1.004928708076477,0.7715327739715576,0.6755294799804688
214,42849,0.9289166331291199,0.9289166331291199,,,,,,,
214,42899,0.9929880499839783,0.9929880499839783,,,,,,,
214,42949,0.9380505681037903,0.9380505681037903,,,,,,,
214,42999,0.9998233914375305,0.9998233914375305,,,,,,,
214,42999,,,0.6070464849472046,0.9694275259971619,0.9694275259971619,0.706386148929596,1.00346839427948,0.7731435894966125,0.6718066334724426
215,43049,0.9184714555740356,0.9184714555740356,,,,,,,
215,43099,0.9482981562614441,0.9482981562614441,,,,,,,
215,43149,0.942139744758606,0.942139744758606,,,,,,,
215,43199,0.9613917469978333,0.9613917469978333,,,,,,,
215,43199,,,0.6091483235359192,0.9627543091773987,0.9627543091773987,0.7052583694458008,1.0050921440124512,0.7732009887695312,0.6748731136322021
216,43249,0.9594212174415588,0.9594212174415588,,,,,,,
216,43299,0.9508665800094604,0.9508665800094604,,,,,,,
216,43349,0.9187132120132446,0.9187132120132446,,,,,,,
216,43399,0.9945353865623474,0.9945353865623474,,,,,,,
216,43399,,,0.6021596789360046,0.9540330171585083,0.9540330171585083,0.695387601852417,0.9953429102897644,0.7675998210906982,0.6749711632728577
217,43449,1.0283859968185425,1.0283859968185425,,,,,,,
217,43499,0.9616809487342834,0.9616809487342834,,,,,,,
217,43549,0.9959772229194641,0.9959772229194641,,,,,,,
217,43599,0.9235226511955261,0.9235226511955261,,,,,,,
217,43599,,,0.5974334478378296,0.95737624168396,0.95737624168396,0.701504111289978,1.0130645036697388,0.7697477340698242,0.6557637453079224
218,43649,0.9420276880264282,0.9420276880264282,,,,,,,
218,43699,0.9538159370422363,0.9538159370422363,,,,,,,
218,43749,0.9067356586456299,0.9067356586456299,,,,,,,
218,43799,0.9122558236122131,0.9122558236122131,,,,,,,
218,43799,,,0.6074572801589966,0.9753246307373047,0.9753246307373047,0.6987482309341431,1.0023399591445923,0.7722716331481934,0.670068085193634
219,43849,0.9356825351715088,0.9356825351715088,,,,,,,
219,43899,1.0630040168762207,1.0630040168762207,,,,,,,
219,43949,0.9443974494934082,0.9443974494934082,,,,,,,
219,43999,0.9105998277664185,0.9105998277664185,,,,,,,
219,43999,,,0.6048789620399475,0.9572745561599731,0.9572745561599731,0.6934069991111755,0.9965096712112427,0.7673226594924927,0.6677149534225464
220,44049,0.9323295950889587,0.9323295950889587,,,,,,,
220,44099,0.9532695412635803,0.9532695412635803,,,,,,,
220,44149,0.9086036086082458,0.9086036086082458,,,,,,,
220,44199,0.8540540933609009,0.8540540933609009,,,,,,,
220,44199,,,0.6095657348632812,0.9732702374458313,0.9732702374458313,0.7020733952522278,1.0088664293289185,0.7743349075317383,0.6694689393043518
221,44249,0.9619646668434143,0.9619646668434143,,,,,,,
221,44299,0.9931501746177673,0.9931501746177673,,,,,,,
221,44349,0.9954990744590759,0.9954990744590759,,,,,,,
221,44399,0.9837551712989807,0.9837551712989807,,,,,,,
221,44399,,,0.5946691632270813,0.9500939846038818,0.9500939846038818,0.6928179264068604,1.0085464715957642,0.7651293277740479,0.6549135446548462
222,44449,1.0041898488998413,1.0041898488998413,,,,,,,
222,44499,0.9970749020576477,0.9970749020576477,,,,,,,
222,44549,0.971561074256897,0.971561074256897,,,,,,,
222,44599,0.9001755714416504,0.9001755714416504,,,,,,,
222,44599,,,0.6050683259963989,0.9533888697624207,0.9533888697624207,0.6994737982749939,0.9904769659042358,0.7692713141441345,0.6822373867034912
223,44649,0.9699762463569641,0.9699762463569641,,,,,,,
223,44699,1.010770320892334,1.010770320892334,,,,,,,
223,44749,0.9856776595115662,0.9856776595115662,,,,,,,
223,44799,0.9917996525764465,0.9917996525764465,,,,,,,
223,44799,,,0.5956393480300903,0.9458279013633728,0.9458279013633728,0.693894624710083,0.9989195466041565,0.7646427750587463,0.6713953614234924
224,44849,0.9836517572402954,0.9836517572402954,,,,,,,
224,44899,0.869390606880188,0.869390606880188,,,,,,,
224,44949,0.929425835609436,0.929425835609436,,,,,,,
224,44999,1.0467658042907715,1.0467658042907715,,,,,,,
224,44999,,,0.5917275547981262,0.9499664902687073,0.9499664902687073,0.6986201405525208,1.0075693130493164,0.7688395977020264,0.6580674648284912
225,45049,1.0071130990982056,1.0071130990982056,,,,,,,
225,45099,1.0868024826049805,1.0868024826049805,,,,,,,
225,45149,0.8409740924835205,0.8409740924835205,,,,,,,
225,45199,0.9207255244255066,0.9207255244255066,,,,,,,
225,45199,,,0.5871900320053101,0.946026086807251,0.946026086807251,0.6981021761894226,1.0218424797058105,0.767767071723938,0.6508194804191589
226,45249,0.9609915614128113,0.9609915614128113,,,,,,,
226,45299,1.0433987379074097,1.0433987379074097,,,,,,,
226,45349,1.0075231790542603,1.0075231790542603,,,,,,,
226,45399,0.9957911372184753,0.9957911372184753,,,,,,,
226,45399,,,0.5908822417259216,0.9463326930999756,0.9463326930999756,0.7003659009933472,1.0111674070358276,0.7681417465209961,0.6604849100112915
227,45449,0.9334034323692322,0.9334034323692322,,,,,,,
227,45499,1.0733381509780884,1.0733381509780884,,,,,,,
227,45549,1.0888258218765259,1.0888258218765259,,,,,,,
227,45599,0.9335433840751648,0.9335433840751648,,,,,,,
227,45599,,,0.6037137508392334,0.9662334322929382,0.9662334322929382,0.7005114555358887,1.0121768712997437,0.773540198802948,0.6703715324401855
228,45649,0.9430946111679077,0.9430946111679077,,,,,,,
228,45699,0.8620907664299011,0.8620907664299011,,,,,,,
228,45749,0.9840842485427856,0.9840842485427856,,,,,,,
228,45799,0.9520373940467834,0.9520373940467834,,,,,,,
228,45799,,,0.5929429531097412,0.9502865076065063,0.9502865076065063,0.6945815086364746,0.9966765642166138,0.7692767381668091,0.6669098734855652
229,45849,1.085256814956665,1.085256814956665,,,,,,,
229,45899,0.9616149663925171,0.9616149663925171,,,,,,,
229,45949,0.8884968161582947,0.8884968161582947,,,,,,,
229,45999,0.9714304208755493,0.9714304208755493,,,,,,,
229,45999,,,0.5944051146507263,0.9552742838859558,0.9552742838859558,0.7026968002319336,1.0203821659088135,0.7717586159706116,0.6626328825950623
230,46049,1.0039886236190796,1.0039886236190796,,,,,,,
230,46099,0.9650920033454895,0.9650920033454895,,,,,,,
230,46149,1.0161627531051636,1.0161627531051636,,,,,,,
230,46199,1.0252264738082886,1.0252264738082886,,,,,,,
230,46199,,,0.583096444606781,0.9486497044563293,0.9486497044563293,0.6901087164878845,1.0060948133468628,0.7690226435661316,0.6547057628631592
231,46249,0.9680320024490356,0.9680320024490356,,,,,,,
231,46299,0.9562835693359375,0.9562835693359375,,,,,,,
231,46349,0.9642876386642456,0.9642876386642456,,,,,,,
231,46399,0.865108072757721,0.865108072757721,,,,,,,
231,46399,,,0.5877761244773865,0.9463120698928833,0.9463120698928833,0.6931225061416626,1.013983964920044,0.7693630456924438,0.6625876426696777
232,46449,0.9722582697868347,0.9722582697868347,,,,,,,
232,46499,0.9978160858154297,0.9978160858154297,,,,,,,
232,46549,0.9522219896316528,0.9522219896316528,,,,,,,
232,46599,0.8889960050582886,0.8889960050582886,,,,,,,
232,46599,,,0.5859109163284302,0.938086986541748,0.938086986541748,0.6968841552734375,1.0015244483947754,0.767711341381073,0.6554858684539795
233,46649,1.0202938318252563,1.0202938318252563,,,,,,,
233,46699,0.9726025462150574,0.9726025462150574,,,,,,,
233,46749,0.9588257074356079,0.9588257074356079,,,,,,,
233,46799,0.8780781626701355,0.8780781626701355,,,,,,,
233,46799,,,0.5841476321220398,0.938825249671936,0.938825249671936,0.6917358636856079,0.9905453324317932,0.7679355144500732,0.6678061485290527
234,46849,0.9538130164146423,0.9538130164146423,,,,,,,
234,46899,1.0434701442718506,1.0434701442718506,,,,,,,
234,46949,0.9511756896972656,0.9511756896972656,,,,,,,
234,46999,0.9364833235740662,0.9364833235740662,,,,,,,
234,46999,,,0.5851797461509705,0.9463780522346497,0.9463780522346497,0.6850683689117432,1.0160900354385376,0.768869936466217,0.6516700983047485
235,47049,0.9160345792770386,0.9160345792770386,,,,,,,
235,47099,0.9533867239952087,0.9533867239952087,,,,,,,
235,47149,0.8910132050514221,0.8910132050514221,,,,,,,
235,47199,0.8548269867897034,0.8548269867897034,,,,,,,
235,47199,,,0.5862911939620972,0.9375523328781128,0.9375523328781128,0.6958461403846741,1.0007026195526123,0.7707855701446533,0.6595451831817627
236,47249,0.9562880396842957,0.9562880396842957,,,,,,,
236,47299,0.9875441789627075,0.9875441789627075,,,,,,,
236,47349,0.8354830145835876,0.8354830145835876,,,,,,,
236,47399,0.9680658578872681,0.9680658578872681,,,,,,,
236,47399,,,0.5728049874305725,0.9467981457710266,0.9467981457710266,0.6987335085868835,1.033244252204895,0.7682983875274658,0.6445639729499817
237,47449,0.919542670249939,0.919542670249939,,,,,,,
237,47499,0.9557406306266785,0.9557406306266785,,,,,,,
237,47549,0.9590194225311279,0.9590194225311279,,,,,,,
237,47599,0.9722925424575806,0.9722925424575806,,,,,,,
237,47599,,,0.5869753956794739,0.9413514137268066,0.9413514137268066,0.6921031475067139,1.0068126916885376,0.7669349312782288,0.668871283531189
238,47649,0.9726349115371704,0.9726349115371704,,,,,,,
238,47699,0.8887109756469727,0.8887109756469727,,,,,,,
238,47749,1.1446553468704224,1.1446553468704224,,,,,,,
238,47799,0.9967876076698303,0.9967876076698303,,,,,,,
238,47799,,,0.59868323802948,0.9464991688728333,0.9464991688728333,0.691999077796936,0.9761751294136047,0.7661635875701904,0.6937469840049744
239,47849,0.9749785661697388,0.9749785661697388,,,,,,,
239,47899,0.9786515235900879,0.9786515235900879,,,,,,,
239,47949,1.0257481336593628,1.0257481336593628,,,,,,,
239,47999,0.9277145862579346,0.9277145862579346,,,,,,,
239,47999,,,0.5822858214378357,0.9401654005050659,0.9401654005050659,0.69741290807724,1.0009448528289795,0.7696413993835449,0.6588646173477173
240,48049,0.9350361227989197,0.9350361227989197,,,,,,,
240,48099,0.8829616904258728,0.8829616904258728,,,,,,,
240,48149,1.0419182777404785,1.0419182777404785,,,,,,,
240,48199,0.9388249516487122,0.9388249516487122,,,,,,,
240,48199,,,0.5797773003578186,0.9402058124542236,0.9402058124542236,0.6910684108734131,1.0178287029266357,0.7687002420425415,0.6473563313484192
241,48249,0.9694932103157043,0.9694932103157043,,,,,,,
241,48299,0.9439880847930908,0.9439880847930908,,,,,,,
241,48349,0.9506598114967346,0.9506598114967346,,,,,,,
241,48399,1.0343401432037354,1.0343401432037354,,,,,,,
241,48399,,,0.5827566385269165,0.946688711643219,0.946688711643219,0.6945985555648804,1.0143340826034546,0.7688940167427063,0.6561958193778992
242,48449,0.9263823628425598,0.9263823628425598,,,,,,,
242,48499,1.0735081434249878,1.0735081434249878,,,,,,,
242,48549,0.9175658226013184,0.9175658226013184,,,,,,,
242,48599,0.9433436989784241,0.9433436989784241,,,,,,,
242,48599,,,0.5810726284980774,0.932022213935852,0.932022213935852,0.6941847801208496,1.0006107091903687,0.769132673740387,0.6576587557792664
243,48649,0.8676578402519226,0.8676578402519226,,,,,,,
243,48699,1.0064172744750977,1.0064172744750977,,,,,,,
243,48749,0.9806069135665894,0.9806069135665894,,,,,,,
243,48799,1.015971302986145,1.015971302986145,,,,,,,
243,48799,,,0.5850121974945068,0.9473324418067932,0.9473324418067932,0.699081540107727,0.9992180466651917,0.7706778049468994,0.670137345790863
244,48849,1.0174869298934937,1.0174869298934937,,,,,,,
244,48899,0.9854377508163452,0.9854377508163452,,,,,,,
244,48949,0.9482319355010986,0.9482319355010986,,,,,,,
244,48999,0.9091461896896362,0.9091461896896362,,,,,,,
244,48999,,,0.5781476497650146,0.9357386231422424,0.9357386231422424,0.6950021386146545,1.0155067443847656,0.7704110145568848,0.6534478664398193
245,49049,0.891544759273529,0.891544759273529,,,,,,,
245,49099,0.8971951007843018,0.8971951007843018,,,,,,,
245,49149,0.9424638748168945,0.9424638748168945,,,,,,,
245,49199,0.9295421838760376,0.9295421838760376,,,,,,,
245,49199,,,0.5854314565658569,0.9434777498245239,0.9434777498245239,0.6995273232460022,1.0110629796981812,0.7702246308326721,0.6626298427581787
246,49249,0.923823356628418,0.923823356628418,,,,,,,
246,49299,1.0148931741714478,1.0148931741714478,,,,,,,
246,49349,0.91530442237854,0.91530442237854,,,,,,,
246,49399,0.9126448631286621,0.9126448631286621,,,,,,,
246,49399,,,0.588283121585846,0.9391227960586548,0.9391227960586548,0.6917250752449036,0.9947192668914795,0.7669594287872314,0.6753334999084473
247,49449,0.9010815620422363,0.9010815620422363,,,,,,,
247,49499,0.9580824375152588,0.9580824375152588,,,,,,,
247,49549,0.899448037147522,0.899448037147522,,,,,,,
247,49599,0.928115725517273,0.928115725517273,,,,,,,
247,49599,,,0.5810683965682983,0.9369705319404602,0.9369705319404602,0.692603588104248,1.0082963705062866,0.7620308995246887,0.6495564579963684
248,49649,0.890282392501831,0.890282392501831,,,,,,,
248,49699,0.991131603717804,0.991131603717804,,,,,,,
248,49749,0.9953939914703369,0.9953939914703369,,,,,,,
248,49799,0.9257527589797974,0.9257527589797974,,,,,,,
248,49799,,,0.5859556794166565,0.933447539806366,0.933447539806366,0.6910547614097595,0.9817535877227783,0.7664830088615417,0.6785675287246704
249,49849,0.8643165826797485,0.8643165826797485,,,,,,,
249,49899,0.8719188570976257,0.8719188570976257,,,,,,,
249,49949,0.8927719593048096,0.8927719593048096,,,,,,,
249,49999,0.9322701692581177,0.9322701692581177,,,,,,,
249,49999,,,0.5801854729652405,0.9294601082801819,0.9294601082801819,0.690986156463623,1.0083256959915161,0.7700688242912292,0.6513230800628662
250,50049,0.8419502377510071,0.8419502377510071,,,,,,,
250,50099,1.0125949382781982,1.0125949382781982,,,,,,,
250,50149,0.9138327240943909,0.9138327240943909,,,,,,,
250,50199,0.8948755860328674,0.8948755860328674,,,,,,,
250,50199,,,0.5851197838783264,0.9399426579475403,0.9399426579475403,0.6924347281455994,1.0040556192398071,0.7713519930839539,0.6685846447944641
251,50249,0.933945894241333,0.933945894241333,,,,,,,
251,50299,0.9690803289413452,0.9690803289413452,,,,,,,
251,50349,0.9338973164558411,0.9338973164558411,,,,,,,
251,50399,0.9364460110664368,0.9364460110664368,,,,,,,
251,50399,,,0.5732517838478088,0.9236189723014832,0.9236189723014832,0.6920949220657349,1.0184353590011597,0.7644129395484924,0.6423209309577942
252,50449,0.8894439935684204,0.8894439935684204,,,,,,,
252,50499,0.972878634929657,0.972878634929657,,,,,,,
252,50549,0.9862876534461975,0.9862876534461975,,,,,,,
252,50599,0.8350017666816711,0.8350017666816711,,,,,,,
252,50599,,,0.5849193334579468,0.9383378028869629,0.9383378028869629,0.6977611780166626,0.9894518256187439,0.7669735550880432,0.6684494614601135
253,50649,0.9422658085823059,0.9422658085823059,,,,,,,
253,50699,0.9310914278030396,0.9310914278030396,,,,,,,
253,50749,0.8986712098121643,0.8986712098121643,,,,,,,
253,50799,0.9741604924201965,0.9741604924201965,,,,,,,
253,50799,,,0.5775465965270996,0.9362325668334961,0.9362325668334961,0.6961214542388916,1.018311858177185,0.7726734280586243,0.6451308131217957
254,50849,0.9208614230155945,0.9208614230155945,,,,,,,
254,50899,0.9458259344100952,0.9458259344100952,,,,,,,
254,50949,1.0114201307296753,1.0114201307296753,,,,,,,
254,50999,0.9150233864784241,0.9150233864784241,,,,,,,
254,50999,,,0.5810691118240356,0.9362295269966125,0.9362295269966125,0.6941869258880615,1.0131274461746216,0.7725000977516174,0.6471863985061646
255,51049,0.9725894331932068,0.9725894331932068,,,,,,,
255,51099,1.0154860019683838,1.0154860019683838,,,,,,,
255,51149,0.9243687391281128,0.9243687391281128,,,,,,,
255,51199,0.8914913535118103,0.8914913535118103,,,,,,,
255,51199,,,0.5810413360595703,0.9358780384063721,0.9358780384063721,0.7015102505683899,0.992243766784668,0.7721568942070007,0.6632320284843445
256,51249,0.9111213088035583,0.9111213088035583,,,,,,,
256,51299,0.9017640352249146,0.9017640352249146,,,,,,,
256,51349,0.9038662314414978,0.9038662314414978,,,,,,,
256,51399,0.9285823702812195,0.9285823702812195,,,,,,,
256,51399,,,0.5701940655708313,0.92557692527771,0.92557692527771,0.6865125298500061,0.9931743144989014,0.7661771774291992,0.6628521680831909
257,51449,0.8682758808135986,0.8682758808135986,,,,,,,
257,51499,0.915037989616394,0.915037989616394,,,,,,,
257,51549,0.9400286078453064,0.9400286078453064,,,,,,,
257,51599,0.799010694026947,0.799010694026947,,,,,,,
257,51599,,,0.5780763030052185,0.9258921146392822,0.9258921146392822,0.6930751800537109,1.0094609260559082,0.7679967284202576,0.647978663444519
258,51649,0.989766538143158,0.989766538143158,,,,,,,
258,51699,0.8565556406974792,0.8565556406974792,,,,,,,
258,51749,0.8203677535057068,0.8203677535057068,,,,,,,
258,51799,0.9833691716194153,0.9833691716194153,,,,,,,
258,51799,,,0.5627100467681885,0.9270147681236267,0.9270147681236267,0.690281331539154,1.0043492317199707,0.7634274959564209,0.6508945226669312
259,51849,0.9377610087394714,0.9377610087394714,,,,,,,
259,51899,0.9146590232849121,0.9146590232849121,,,,,,,
259,51949,0.8666763305664062,0.8666763305664062,,,,,,,
259,51999,0.996322751045227,0.996322751045227,,,,,,,
259,51999,,,0.5793388485908508,0.9336728453636169,0.9336728453636169,0.6929491758346558,1.005840539932251,0.7662612795829773,0.6640161275863647
260,52049,0.9486580491065979,0.9486580491065979,,,,,,,
260,52099,0.9577279090881348,0.9577279090881348,,,,,,,
260,52149,0.983206033706665,0.983206033706665,,,,,,,
260,52199,0.9363869428634644,0.9363869428634644,,,,,,,
260,52199,,,0.5639563798904419,0.9325106143951416,0.9325106143951416,0.6898550987243652,1.0181242227554321,0.7618931531906128,0.6454525589942932
261,52249,0.9001060128211975,0.9001060128211975,,,,,,,
261,52299,0.8435288667678833,0.8435288667678833,,,,,,,
261,52349,0.8928669691085815,0.8928669691085815,,,,,,,
261,52399,0.9776175022125244,0.9776175022125244,,,,,,,
261,52399,,,0.5748932361602783,0.9345709085464478,0.9345709085464478,0.6778498888015747,1.0181756019592285,0.7704126238822937,0.6527161002159119
262,52449,0.9448150992393494,0.9448150992393494,,,,,,,
262,52499,0.9059939980506897,0.9059939980506897,,,,,,,
262,52549,0.8411989212036133,0.8411989212036133,,,,,,,
262,52599,1.036453127861023,1.036453127861023,,,,,,,
262,52599,,,0.563357412815094,0.92820143699646,0.92820143699646,0.6852055191993713,1.0236737728118896,0.7658019065856934,0.635772168636322
263,52649,0.9802555441856384,0.9802555441856384,,,,,,,
263,52699,0.9387900829315186,0.9387900829315186,,,,,,,
263,52749,0.8966346383094788,0.8966346383094788,,,,,,,
263,52799,0.8423258662223816,0.8423258662223816,,,,,,,
263,52799,,,0.5724729299545288,0.9276632070541382,0.9276632070541382,0.6912825703620911,1.0036929845809937,0.7701289057731628,0.650843620300293
264,52849,0.9028723239898682,0.9028723239898682,,,,,,,
264,52899,0.8774150013923645,0.8774150013923645,,,,,,,
264,52949,0.9884071350097656,0.9884071350097656,,,,,,,
264,52999,0.914638102054596,0.914638102054596,,,,,,,
264,52999,,,0.5823285579681396,0.9345043301582336,0.9345043301582336,0.6932640671730042,1.0018677711486816,0.7722813487052917,0.6631866693496704
265,53049,1.006874918937683,1.006874918937683,,,,,,,
265,53099,0.8814734220504761,0.8814734220504761,,,,,,,
265,53149,0.9893444180488586,0.9893444180488586,,,,,,,
265,53199,0.8016403913497925,0.8016403913497925,,,,,,,
265,53199,,,0.5648797154426575,0.9201728105545044,0.9201728105545044,0.6866593360900879,1.0117460489273071,0.7621852159500122,0.6484525203704834
266,53249,0.9056721329689026,0.9056721329689026,,,,,,,
266,53299,0.9772728681564331,0.9772728681564331,,,,,,,
266,53349,0.8451502323150635,0.8451502323150635,,,,,,,
266,53399,0.9394893646240234,0.9394893646240234,,,,,,,
266,53399,,,0.5707480311393738,0.9181669354438782,0.9181669354438782,0.6841418743133545,1.0015857219696045,0.7602154612541199,0.6609058380126953
267,53449,0.9428151249885559,0.9428151249885559,,,,,,,
267,53499,0.9245510697364807,0.9245510697364807,,,,,,,
267,53549,0.927467942237854,0.927467942237854,,,,,,,
267,53599,0.950228214263916,0.950228214263916,,,,,,,
267,53599,,,0.5642055869102478,0.9171319603919983,0.9171319603919983,0.6897675395011902,1.011093258857727,0.7606126666069031,0.6439903378486633
268,53649,0.9554046988487244,0.9554046988487244,,,,,,,
268,53699,1.0251495838165283,1.0251495838165283,,,,,,,
268,53749,0.8785951733589172,0.8785951733589172,,,,,,,
268,53799,0.8786850571632385,0.8786850571632385,,,,,,,
268,53799,,,0.564332127571106,0.9217934608459473,0.9217934608459473,0.6867077946662903,1.0080647468566895,0.7649600505828857,0.6585579514503479
269,53849,0.9016655683517456,0.9016655683517456,,,,,,,
269,53899,0.9174807667732239,0.9174807667732239,,,,,,,
269,53949,0.9765338897705078,0.9765338897705078,,,,,,,
269,53999,0.9066017866134644,0.9066017866134644,,,,,,,
269,53999,,,0.5807052850723267,0.925731360912323,0.925731360912323,0.6864681243896484,0.9958359003067017,0.7660205364227295,0.6723373532295227
270,54049,0.8972168564796448,0.8972168564796448,,,,,,,
270,54099,0.942997395992279,0.942997395992279,,,,,,,
270,54149,0.8898302912712097,0.8898302912712097,,,,,,,
270,54199,0.9583227634429932,0.9583227634429932,,,,,,,
270,54199,,,0.5630196332931519,0.9175117611885071,0.9175117611885071,0.6928548812866211,1.0390796661376953,0.7677104473114014,0.6290936470031738
271,54249,0.9470006227493286,0.9470006227493286,,,,,,,
271,54299,0.971411943435669,0.971411943435669,,,,,,,
271,54349,0.9102382659912109,0.9102382659912109,,,,,,,
271,54399,0.9536890983581543,0.9536890983581543,,,,,,,
271,54399,,,0.5676260590553284,0.9169847965240479,0.9169847965240479,0.68618243932724,0.9993508458137512,0.7619287371635437,0.6623831987380981
272,54449,0.986478328704834,0.986478328704834,,,,,,,
272,54499,0.9243282675743103,0.9243282675743103,,,,,,,
272,54549,0.9005627036094666,0.9005627036094666,,,,,,,
272,54599,0.9240877628326416,0.9240877628326416,,,,,,,
272,54599,,,0.5700347423553467,0.9188752770423889,0.9188752770423889,0.6917908787727356,0.9877986907958984,0.7635568976402283,0.6757147908210754
273,54649,1.0303367376327515,1.0303367376327515,,,,,,,
273,54699,0.8749279379844666,0.8749279379844666,,,,,,,
273,54749,0.9972230195999146,0.9972230195999146,,,,,,,
273,54799,0.9520608186721802,0.9520608186721802,,,,,,,
273,54799,,,0.5692883729934692,0.9161756634712219,0.9161756634712219,0.6937524080276489,1.011026382446289,0.7680256366729736,0.6508272290229797
274,54849,0.8887854814529419,0.8887854814529419,,,,,,,
274,54899,0.9157959818840027,0.9157959818840027,,,,,,,
274,54949,0.942101001739502,0.942101001739502,,,,,,,
274,54999,1.049575686454773,1.049575686454773,,,,,,,
274,54999,,,0.5669694542884827,0.9080755710601807,0.9080755710601807,0.6857895255088806,0.9796231985092163,0.7629165053367615,0.6664794683456421
275,55049,0.9665473103523254,0.9665473103523254,,,,,,,
275,55099,1.0301612615585327,1.0301612615585327,,,,,,,
275,55149,0.884275496006012,0.884275496006012,,,,,,,
275,55199,0.9394351243972778,0.9394351243972778,,,,,,,
275,55199,,,0.557310163974762,0.9046527147293091,0.9046527147293091,0.6854179501533508,1.0220611095428467,0.7609847187995911,0.6306304335594177
276,55249,0.8919357061386108,0.8919357061386108,,,,,,,
276,55299,0.9916611313819885,0.9916611313819885,,,,,,,
276,55349,0.9932999014854431,0.9932999014854431,,,,,,,
276,55399,0.8859421610832214,0.8859421610832214,,,,,,,
276,55399,,,0.5622286200523376,0.9162343144416809,0.9162343144416809,0.6856563091278076,1.003947377204895,0.762187123298645,0.6458814144134521
277,55449,0.8776668310165405,0.8776668310165405,,,,,,,
277,55499,0.9145861268043518,0.9145861268043518,,,,,,,
277,55549,1.0196465253829956,1.0196465253829956,,,,,,,
277,55599,0.8740721940994263,0.8740721940994263,,,,,,,
277,55599,,,0.5630689263343811,0.9173209071159363,0.9173209071159363,0.6971795558929443,1.0099152326583862,0.7624765038490295,0.6480644345283508
278,55649,0.8979002833366394,0.8979002833366394,,,,,,,
278,55699,1.0273442268371582,1.0273442268371582,,,,,,,
278,55749,0.912945032119751,0.912945032119751,,,,,,,
278,55799,0.9225085377693176,0.9225085377693176,,,,,,,
278,55799,,,0.557100772857666,0.9152700304985046,0.9152700304985046,0.6846986413002014,1.0216236114501953,0.7598925232887268,0.6381790041923523
279,55849,0.9327772855758667,0.9327772855758667,,,,,,,
279,55899,0.9896063804626465,0.9896063804626465,,,,,,,
279,55949,0.8178545832633972,0.8178545832633972,,,,,,,
279,55999,0.8270050287246704,0.8270050287246704,,,,,,,
279,55999,,,0.5801458954811096,0.9278474450111389,0.9278474450111389,0.6963112354278564,0.986783504486084,0.7635706663131714,0.6749420762062073
280,56049,0.9262421131134033,0.9262421131134033,,,,,,,
280,56099,0.9196211099624634,0.9196211099624634,,,,,,,
280,56149,0.970238983631134,0.970238983631134,,,,,,,
280,56199,1.0041475296020508,1.0041475296020508,,,,,,,
280,56199,,,0.5619205832481384,0.9072728157043457,0.9072728157043457,0.681168794631958,0.9938589930534363,0.7604165077209473,0.6567712426185608
281,56249,0.9650160670280457,0.9650160670280457,,,,,,,
281,56299,1.015348196029663,1.015348196029663,,,,,,,
281,56349,0.9436860084533691,0.9436860084533691,,,,,,,
281,56399,0.8332538604736328,0.8332538604736328,,,,,,,
281,56399,,,0.5678457021713257,0.9137353301048279,0.9137353301048279,0.6822434067726135,0.9869610667228699,0.7615688443183899,0.6628933548927307
282,56449,0.8799521923065186,0.8799521923065186,,,,,,,
282,56499,0.9096304178237915,0.9096304178237915,,,,,,,
282,56549,0.8465278148651123,0.8465278148651123,,,,,,,
282,56599,0.9478590488433838,0.9478590488433838,,,,,,,
282,56599,,,0.5596646666526794,0.910756528377533,0.910756528377533,0.6857302784919739,1.0070551633834839,0.7662938237190247,0.6411173939704895
283,56649,1.000184416770935,1.000184416770935,,,,,,,
283,56699,0.9955902099609375,0.9955902099609375,,,,,,,
283,56749,0.9378154873847961,0.9378154873847961,,,,,,,
283,56799,0.9284769892692566,0.9284769892692566,,,,,,,
283,56799,,,0.5667313933372498,0.908315896987915,0.908315896987915,0.6921543478965759,1.000617265701294,0.7629573345184326,0.6580012440681458
284,56849,0.9226028323173523,0.9226028323173523,,,,,,,
284,56899,0.8971381783485413,0.8971381783485413,,,,,,,
284,56949,1.0272215604782104,1.0272215604782104,,,,,,,
284,56999,0.9027594923973083,0.9027594923973083,,,,,,,
284,56999,,,0.561924397945404,0.9154676795005798,0.9154676795005798,0.6847496032714844,1.0153735876083374,0.7619379758834839,0.6450595259666443
285,57049,0.9952918887138367,0.9952918887138367,,,,,,,
285,57099,0.8832442164421082,0.8832442164421082,,,,,,,
285,57149,1.0121355056762695,1.0121355056762695,,,,,,,
285,57199,0.8573439121246338,0.8573439121246338,,,,,,,
285,57199,,,0.5607801675796509,0.9122982621192932,0.9122982621192932,0.6823502779006958,1.006322979927063,0.7623611092567444,0.6530464887619019
286,57249,0.9398641586303711,0.9398641586303711,,,,,,,
286,57299,0.9241508841514587,0.9241508841514587,,,,,,,
286,57349,1.012136459350586,1.012136459350586,,,,,,,
286,57399,0.8782561421394348,0.8782561421394348,,,,,,,
286,57399,,,0.5586320757865906,0.9062458872795105,0.9062458872795105,0.6800113916397095,0.999221682548523,0.7608298659324646,0.6510709524154663
287,57449,0.9424152374267578,0.9424152374267578,,,,,,,
287,57499,0.8611023426055908,0.8611023426055908,,,,,,,
287,57549,0.8227258920669556,0.8227258920669556,,,,,,,
287,57599,0.9330146312713623,0.9330146312713623,,,,,,,
287,57599,,,0.5571241974830627,0.9083418250083923,0.9083418250083923,0.6753876209259033,1.005477786064148,0.757811963558197,0.6469399333000183
288,57649,0.9915042519569397,0.9915042519569397,,,,,,,
288,57699,0.9703110456466675,0.9703110456466675,,,,,,,
288,57749,0.8887569904327393,0.8887569904327393,,,,,,,
288,57799,0.9044001698493958,0.9044001698493958,,,,,,,
288,57799,,,0.5480453968048096,0.9027208089828491,0.9027208089828491,0.6845359206199646,1.0150569677352905,0.7597119212150574,0.6349627375602722
289,57849,0.878206193447113,0.878206193447113,,,,,,,
289,57899,0.8757709860801697,0.8757709860801697,,,,,,,
289,57949,0.8840700387954712,0.8840700387954712,,,,,,,
289,57999,0.938672661781311,0.938672661781311,,,,,,,
289,57999,,,0.5632745623588562,0.905159592628479,0.905159592628479,0.6874887347221375,0.9954203367233276,0.7607369422912598,0.6603248715400696
290,58049,0.9764568209648132,0.9764568209648132,,,,,,,
290,58099,0.8665573000907898,0.8665573000907898,,,,,,,
290,58149,0.9330544471740723,0.9330544471740723,,,,,,,
290,58199,0.927731990814209,0.927731990814209,,,,,,,
290,58199,,,0.56760573387146,0.9194135069847107,0.9194135069847107,0.690075159072876,0.9941370487213135,0.7634710073471069,0.6642758846282959
291,58249,0.9470500349998474,0.9470500349998474,,,,,,,
291,58299,0.8727983832359314,0.8727983832359314,,,,,,,
291,58349,0.936491847038269,0.936491847038269,,,,,,,
291,58399,0.8421980738639832,0.8421980738639832,,,,,,,
291,58399,,,0.562709629535675,0.9135947227478027,0.9135947227478027,0.686814546585083,1.018897294998169,0.7608999013900757,0.6490766406059265
292,58449,0.886123538017273,0.886123538017273,,,,,,,
292,58499,0.9937950372695923,0.9937950372695923,,,,,,,
292,58549,0.9654949307441711,0.9654949307441711,,,,,,,
292,58599,0.972145676612854,0.972145676612854,,,,,,,
292,58599,,,0.5604640245437622,0.9098262190818787,0.9098262190818787,0.6892674565315247,1.020686388015747,0.7637044787406921,0.6430428624153137
293,58649,0.8802542686462402,0.8802542686462402,,,,,,,
293,58699,0.8634815812110901,0.8634815812110901,,,,,,,
293,58749,0.9578993916511536,0.9578993916511536,,,,,,,
293,58799,0.8530182242393494,0.8530182242393494,,,,,,,
293,58799,,,0.566633939743042,0.9180606603622437,0.9180606603622437,0.689529299736023,1.009567379951477,0.7685429453849792,0.656542956829071
294,58849,0.8262423872947693,0.8262423872947693,,,,,,,
294,58899,0.801795482635498,0.801795482635498,,,,,,,
294,58949,0.9527502059936523,0.9527502059936523,,,,,,,
294,58999,0.912344753742218,0.912344753742218,,,,,,,
294,58999,,,0.5682799816131592,0.9152308702468872,0.9152308702468872,0.6814752817153931,0.9756425023078918,0.760749876499176,0.6771084070205688
295,59049,1.1093441247940063,1.1093441247940063,,,,,,,
295,59099,0.858083188533783,0.858083188533783,,,,,,,
295,59149,1.0438618659973145,1.0438618659973145,,,,,,,
295,59199,0.9129898548126221,0.9129898548126221,,,,,,,
295,59199,,,0.5582202672958374,0.9149900078773499,0.9149900078773499,0.6950770020484924,1.0092307329177856,0.7664838433265686,0.6465765237808228
296,59249,0.9112903475761414,0.9112903475761414,,,,,,,
296,59299,0.8695695996284485,0.8695695996284485,,,,,,,
296,59349,0.9535463452339172,0.9535463452339172,,,,,,,
296,59399,0.7858266830444336,0.7858266830444336,,,,,,,
296,59399,,,0.5613296627998352,0.9054266214370728,0.9054266214370728,0.6880350708961487,0.9982139468193054,0.7646083831787109,0.6546984910964966
297,59449,0.8492607474327087,0.8492607474327087,,,,,,,
297,59499,0.9746665358543396,0.9746665358543396,,,,,,,
297,59549,1.0147197246551514,1.0147197246551514,,,,,,,
297,59599,0.8678198456764221,0.8678198456764221,,,,,,,
297,59599,,,0.5519093871116638,0.9027299880981445,0.9027299880981445,0.6810865998268127,1.0054889917373657,0.7590824961662292,0.645176351070404
298,59649,0.9084433317184448,0.9084433317184448,,,,,,,
298,59699,0.8571465015411377,0.8571465015411377,,,,,,,
298,59749,0.9886634349822998,0.9886634349822998,,,,,,,
298,59799,0.8066543936729431,0.8066543936729431,,,,,,,
298,59799,,,0.5598224997520447,0.9070175290107727,0.9070175290107727,0.6839172840118408,1.0091904401779175,0.7601404786109924,0.6552167534828186
299,59849,0.8484909534454346,0.8484909534454346,,,,,,,
299,59899,0.9644085168838501,0.9644085168838501,,,,,,,
299,59949,0.9523507356643677,0.9523507356643677,,,,,,,
299,59999,0.9774925708770752,0.9774925708770752,,,,,,,
299,59999,,,0.5559492707252502,0.9029815793037415,0.9029815793037415,0.6838424801826477,0.9959457516670227,0.7593209743499756,0.656521201133728
300,60049,0.8616579174995422,0.8616579174995422,,,,,,,
300,60099,0.887553334236145,0.887553334236145,,,,,,,
300,60149,0.8934023976325989,0.8934023976325989,,,,,,,
300,60199,0.9286675453186035,0.9286675453186035,,,,,,,
300,60199,,,0.5600462555885315,0.9090200066566467,0.9090200066566467,0.6808202266693115,1.0045379400253296,0.7659704685211182,0.6527615189552307
301,60249,1.0325433015823364,1.0325433015823364,,,,,,,
301,60299,0.9083876609802246,0.9083876609802246,,,,,,,
301,60349,0.8574132919311523,0.8574132919311523,,,,,,,
301,60399,0.803601861000061,0.803601861000061,,,,,,,
301,60399,,,0.5561574697494507,0.9005477428436279,0.9005477428436279,0.6782144904136658,1.007647156715393,0.7609780430793762,0.6508908271789551
302,60449,0.9006759524345398,0.9006759524345398,,,,,,,
302,60499,0.9168384671211243,0.9168384671211243,,,,,,,
302,60549,0.8955836892127991,0.8955836892127991,,,,,,,
302,60599,0.8681403994560242,0.8681403994560242,,,,,,,
302,60599,,,0.5597983598709106,0.9057567119598389,0.9057567119598389,0.6917054653167725,1.0051223039627075,0.763363242149353,0.650871992111206
303,60649,0.8668007254600525,0.8668007254600525,,,,,,,
303,60699,0.9609043002128601,0.9609043002128601,,,,,,,
303,60749,0.9705725908279419,0.9705725908279419,,,,,,,
303,60799,0.8661972880363464,0.8661972880363464,,,,,,,
303,60799,,,0.5609310865402222,0.9092820286750793,0.9092820286750793,0.6796795129776001,0.9839146733283997,0.7628132104873657,0.6656100749969482
304,60849,0.8712530136108398,0.8712530136108398,,,,,,,
304,60899,0.9867598414421082,0.9867598414421082,,,,,,,
304,60949,0.8974992036819458,0.8974992036819458,,,,,,,
304,60999,0.9030365943908691,0.9030365943908691,,,,,,,
304,60999,,,0.554851770401001,0.9044129252433777,0.9044129252433777,0.6824274659156799,1.0156139135360718,0.7599244713783264,0.633560836315155
305,61049,0.8457027077674866,0.8457027077674866,,,,,,,
305,61099,1.0603491067886353,1.0603491067886353,,,,,,,
305,61149,0.8416122794151306,0.8416122794151306,,,,,,,
305,61199,0.871616780757904,0.871616780757904,,,,,,,
305,61199,,,0.549430251121521,0.904858410358429,0.904858410358429,0.6747357249259949,0.9970107674598694,0.7584879994392395,0.647354245185852
306,61249,0.8809292912483215,0.8809292912483215,,,,,,,
306,61299,0.908145010471344,0.908145010471344,,,,,,,
306,61349,0.8798885941505432,0.8798885941505432,,,,,,,
306,61399,0.9620111584663391,0.9620111584663391,,,,,,,
306,61399,,,0.5521255135536194,0.904430091381073,0.904430091381073,0.6799076199531555,1.0238444805145264,0.7623849511146545,0.6331091523170471
307,61449,1.0269694328308105,1.0269694328308105,,,,,,,
307,61499,0.7912957072257996,0.7912957072257996,,,,,,,
307,61549,0.9254862666130066,0.9254862666130066,,,,,,,
307,61599,0.8989742398262024,0.8989742398262024,,,,,,,
307,61599,,,0.5515734553337097,0.9033262729644775,0.9033262729644775,0.683961033821106,1.014469861984253,0.7573435306549072,0.6437532305717468
308,61649,0.9798084497451782,0.9798084497451782,,,,,,,
308,61699,0.8663314580917358,0.8663314580917358,,,,,,,
308,61749,0.8731908798217773,0.8731908798217773,,,,,,,
308,61799,0.9348040223121643,0.9348040223121643,,,,,,,
308,61799,,,0.5616365075111389,0.9090619683265686,0.9090619683265686,0.6825965642929077,1.0017153024673462,0.7618377208709717,0.6511515974998474
309,61849,0.9318736791610718,0.9318736791610718,,,,,,,
309,61899,0.9252317547798157,0.9252317547798157,,,,,,,
309,61949,0.8637514114379883,0.8637514114379883,,,,,,,
309,61999,0.8123560547828674,0.8123560547828674,,,,,,,
309,61999,,,0.5452144742012024,0.8968809843063354,0.8968809843063354,0.6832009553909302,1.0149005651474,0.7592584490776062,0.6353001594543457
310,62049,0.9096346497535706,0.9096346497535706,,,,,,,
310,62099,0.9550836682319641,0.9550836682319641,,,,,,,
310,62149,0.83114093542099,0.83114093542099,,,,,,,
310,62199,0.8030228018760681,0.8030228018760681,,,,,,,
310,62199,,,0.546664834022522,0.892621636390686,0.892621636390686,0.6722031831741333,1.007010817527771,0.7545737624168396,0.6378992199897766
311,62249,0.9504756331443787,0.9504756331443787,,,,,,,
311,62299,0.9158904552459717,0.9158904552459717,,,,,,,
311,62349,0.898851215839386,0.898851215839386,,,,,,,
311,62399,0.8795420527458191,0.8795420527458191,,,,,,,
311,62399,,,0.553540825843811,0.9129701852798462,0.9129701852798462,0.686532735824585,1.016739845275879,0.7618117332458496,0.6421896815299988
312,62449,0.9769105911254883,0.9769105911254883,,,,,,,
312,62499,0.9820281267166138,0.9820281267166138,,,,,,,
312,62549,0.9014591574668884,0.9014591574668884,,,,,,,
312,62599,0.8362652063369751,0.8362652063369751,,,,,,,
312,62599,,,0.5493070483207703,0.900037407875061,0.900037407875061,0.6772441267967224,1.0237699747085571,0.7580469250679016,0.6304704546928406
313,62649,0.832735002040863,0.832735002040863,,,,,,,
313,62699,0.9022470712661743,0.9022470712661743,,,,,,,
313,62749,0.9286575317382812,0.9286575317382812,,,,,,,
313,62799,0.809515655040741,0.809515655040741,,,,,,,
313,62799,,,0.5476340055465698,0.9019261002540588,0.9019261002540588,0.6764452457427979,1.0214424133300781,0.7594650387763977,0.6347607970237732
314,62849,0.7965537905693054,0.7965537905693054,,,,,,,
314,62899,0.9176491498947144,0.9176491498947144,,,,,,,
314,62949,0.956472635269165,0.956472635269165,,,,,,,
314,62999,0.8870530128479004,0.8870530128479004,,,,,,,
314,62999,,,0.562937319278717,0.9148939847946167,0.9148939847946167,0.6799548864364624,0.9965634346008301,0.7624984383583069,0.6661933660507202
315,63049,0.9139238595962524,0.9139238595962524,,,,,,,
315,63099,0.9761508703231812,0.9761508703231812,,,,,,,
315,63149,0.861534833908081,0.861534833908081,,,,,,,
315,63199,0.9273959994316101,0.9273959994316101,,,,,,,
315,63199,,,0.5560503602027893,0.9017270803451538,0.9017270803451538,0.679185152053833,1.0182766914367676,0.759421706199646,0.656574547290802
316,63249,0.8218291997909546,0.8218291997909546,,,,,,,
316,63299,0.9077853560447693,0.9077853560447693,,,,,,,
316,63349,0.9017499089241028,0.9017499089241028,,,,,,,
316,63399,0.831682026386261,0.831682026386261,,,,,,,
316,63399,,,0.5520290732383728,0.8955984711647034,0.8955984711647034,0.6746052503585815,1.0073646306991577,0.756238579750061,0.6457831263542175
317,63449,0.8556057810783386,0.8556057810783386,,,,,,,
317,63499,0.915265679359436,0.915265679359436,,,,,,,
317,63549,0.9801939725875854,0.9801939725875854,,,,,,,
317,63599,0.860390305519104,0.860390305519104,,,,,,,
317,63599,,,0.5446915626525879,0.8977972865104675,0.8977972865104675,0.6815274357795715,1.0064753293991089,0.7565114498138428,0.6304551959037781
318,63649,0.9204580783843994,0.9204580783843994,,,,,,,
318,63699,0.9262974262237549,0.9262974262237549,,,,,,,
318,63749,0.935650110244751,0.935650110244751,,,,,,,
318,63799,0.7773295044898987,0.7773295044898987,,,,,,,
318,63799,,,0.5495733618736267,0.8971186876296997,0.8971186876296997,0.6871311068534851,1.0012993812561035,0.7615339159965515,0.6396628618240356
319,63849,0.9697162508964539,0.9697162508964539,,,,,,,
319,63899,0.8549442887306213,0.8549442887306213,,,,,,,
319,63949,0.8735633492469788,0.8735633492469788,,,,,,,
319,63999,0.9980063438415527,0.9980063438415527,,,,,,,
319,63999,,,0.5545021891593933,0.9137322306632996,0.9137322306632996,0.6786575317382812,1.014854073524475,0.7631655931472778,0.6467267870903015
320,64049,0.8870666027069092,0.8870666027069092,,,,,,,
320,64099,0.8829014301300049,0.8829014301300049,,,,,,,
320,64149,0.9402063488960266,0.9402063488960266,,,,,,,
320,64199,0.8624282479286194,0.8624282479286194,,,,,,,
320,64199,,,0.5426551699638367,0.8976561427116394,0.8976561427116394,0.6762831211090088,1.00034499168396,0.7571626901626587,0.6436232328414917
321,64249,0.8749416470527649,0.8749416470527649,,,,,,,
321,64299,0.855925977230072,0.855925977230072,,,,,,,
321,64349,0.8921186923980713,0.8921186923980713,,,,,,,
321,64399,0.8357980847358704,0.8357980847358704,,,,,,,
321,64399,,,0.547588586807251,0.8962415456771851,0.8962415456771851,0.6711841225624084,1.0046107769012451,0.760891318321228,0.6422063708305359
322,64449,0.8760235905647278,0.8760235905647278,,,,,,,
322,64499,0.9176291823387146,0.9176291823387146,,,,,,,
322,64549,0.9273285865783691,0.9273285865783691,,,,,,,
322,64599,0.9061163663864136,0.9061163663864136,,,,,,,
322,64599,,,0.5488705039024353,0.904201865196228,0.904201865196228,0.6774823665618896,1.0329338312149048,0.7644602656364441,0.6268743276596069
323,64649,0.843626081943512,0.843626081943512,,,,,,,
323,64699,0.9003062844276428,0.9003062844276428,,,,,,,
323,64749,0.8673105835914612,0.8673105835914612,,,,,,,
323,64799,0.9049240350723267,0.9049240350723267,,,,,,,
323,64799,,,0.5461592078208923,0.8973796367645264,0.8973796367645264,0.6704680919647217,1.018669605255127,0.7566738724708557,0.6376412510871887
324,64849,0.9894744157791138,0.9894744157791138,,,,,,,
324,64899,0.8924784064292908,0.8924784064292908,,,,,,,
324,64949,0.8395389318466187,0.8395389318466187,,,,,,,
324,64999,0.8890907764434814,0.8890907764434814,,,,,,,
324,64999,,,0.5479001402854919,0.9014560580253601,0.9014560580253601,0.678126871585846,1.023316740989685,0.7589497566223145,0.6240895390510559
325,65049,0.990324079990387,0.990324079990387,,,,,,,
325,65099,0.9941447377204895,0.9941447377204895,,,,,,,
325,65149,0.9105507135391235,0.9105507135391235,,,,,,,
325,65199,0.8716765642166138,0.8716765642166138,,,,,,,
325,65199,,,0.5491974353790283,0.9072373509407043,0.9072373509407043,0.6852484941482544,1.0180773735046387,0.7616077661514282,0.6386659145355225
326,65249,0.9602282047271729,0.9602282047271729,,,,,,,
326,65299,0.8173484206199646,0.8173484206199646,,,,,,,
326,65349,0.9144939184188843,0.9144939184188843,,,,,,,
326,65399,0.873129665851593,0.873129665851593,,,,,,,
326,65399,,,0.5466771721839905,0.902351975440979,0.902351975440979,0.6819442510604858,1.010962963104248,0.7636387944221497,0.6317487359046936
327,65449,0.7971003651618958,0.7971003651618958,,,,,,,
327,65499,0.893222451210022,0.893222451210022,,,,,,,
327,65549,0.8993982672691345,0.8993982672691345,,,,,,,
327,65599,0.9121337532997131,0.9121337532997131,,,,,,,
327,65599,,,0.5494974255561829,0.8954477310180664,0.8954477310180664,0.6765187382698059,1.0063531398773193,0.7597429156303406,0.6486449837684631
328,65649,0.8355633616447449,0.8355633616447449,,,,,,,
328,65699,0.8454521298408508,0.8454521298408508,,,,,,,
328,65749,0.9055482149124146,0.9055482149124146,,,,,,,
328,65799,0.876166582107544,0.876166582107544,,,,,,,
328,65799,,,0.5461041331291199,0.8854072093963623,0.8854072093963623,0.6761473417282104,0.9985976219177246,0.7609931826591492,0.6416831612586975
329,65849,1.0244060754776,1.0244060754776,,,,,,,
329,65899,0.9424468874931335,0.9424468874931335,,,,,,,
329,65949,0.941551148891449,0.941551148891449,,,,,,,
329,65999,0.9251161813735962,0.9251161813735962,,,,,,,
329,65999,,,0.5575821399688721,0.9044778943061829,0.9044778943061829,0.6696686148643494,1.0047353506088257,0.7588224411010742,0.6559792160987854
330,66049,0.8778635859489441,0.8778635859489441,,,,,,,
330,66099,0.9396769404411316,0.9396769404411316,,,,,,,
330,66149,0.855715274810791,0.855715274810791,,,,,,,
330,66199,0.7966628074645996,0.7966628074645996,,,,,,,
330,66199,,,0.544705331325531,0.8962279558181763,0.8962279558181763,0.6841086745262146,1.0316109657287598,0.7621853947639465,0.6275050044059753
331,66249,0.8275607228279114,0.8275607228279114,,,,,,,
331,66299,0.9391664862632751,0.9391664862632751,,,,,,,
331,66349,0.980900228023529,0.980900228023529,,,,,,,
331,66399,0.9543789029121399,0.9543789029121399,,,,,,,
331,66399,,,0.5484611392021179,0.8907238245010376,0.8907238245010376,0.6742485165596008,1.0105888843536377,0.7583956718444824,0.6409660577774048
332,66449,0.827174961566925,0.827174961566925,,,,,,,
332,66499,0.8337463140487671,0.8337463140487671,,,,,,,
332,66549,0.8812955021858215,0.8812955021858215,,,,,,,
332,66599,0.9004198312759399,0.9004198312759399,,,,,,,
332,66599,,,0.543472945690155,0.8866936564445496,0.8866936564445496,0.6771286129951477,1.001354694366455,0.7558224201202393,0.6492704153060913
333,66649,0.845439612865448,0.845439612865448,,,,,,,
333,66699,0.8700118064880371,0.8700118064880371,,,,,,,
333,66749,0.8776172995567322,0.8776172995567322,,,,,,,
333,66799,0.9743556976318359,0.9743556976318359,,,,,,,
333,66799,,,0.5486614108085632,0.8911017179489136,0.8911017179489136,0.6718444228172302,1.00090491771698,0.7602793574333191,0.6440994143486023
334,66849,0.8931814432144165,0.8931814432144165,,,,,,,
334,66899,0.8588548898696899,0.8588548898696899,,,,,,,
334,66949,0.9491637349128723,0.9491637349128723,,,,,,,
334,66999,0.9648008346557617,0.9648008346557617,,,,,,,
334,66999,,,0.5455924868583679,0.8915294408798218,0.8915294408798218,0.6767448782920837,1.0047826766967773,0.7576873898506165,0.6455730199813843
335,67049,0.9772459268569946,0.9772459268569946,,,,,,,
335,67099,0.9189878702163696,0.9189878702163696,,,,,,,
335,67149,1.0270193815231323,1.0270193815231323,,,,,,,
335,67199,0.8941679000854492,0.8941679000854492,,,,,,,
335,67199,,,0.5436123013496399,0.8939335346221924,0.8939335346221924,0.6822026968002319,1.0094783306121826,0.7588284611701965,0.643230676651001
336,67249,0.9784130454063416,0.9784130454063416,,,,,,,
336,67299,0.8996453285217285,0.8996453285217285,,,,,,,
336,67349,0.8705418705940247,0.8705418705940247,,,,,,,
336,67399,0.8571410775184631,0.8571410775184631,,,,,,,
336,67399,,,0.5522141456604004,0.9041222333908081,0.9041222333908081,0.6711231470108032,1.0149110555648804,0.7641980648040771,0.6494680047035217
337,67449,0.9622074961662292,0.9622074961662292,,,,,,,
337,67499,0.8822181224822998,0.8822181224822998,,,,,,,
337,67549,0.9938350319862366,0.9938350319862366,,,,,,,
337,67599,0.8757543563842773,0.8757543563842773,,,,,,,
337,67599,,,0.5457333326339722,0.8942129611968994,0.8942129611968994,0.6801221966743469,1.013070821762085,0.7582623958587646,0.6338686347007751
338,67649,0.7992712259292603,0.7992712259292603,,,,,,,
338,67699,0.8295150995254517,0.8295150995254517,,,,,,,
338,67749,0.8260601162910461,0.8260601162910461,,,,,,,
338,67799,0.8499335050582886,0.8499335050582886,,,,,,,
338,67799,,,0.5503742098808289,0.8939247131347656,0.8939247131347656,0.6680871844291687,0.9814717173576355,0.7557962536811829,0.6612399816513062
339,67849,0.9033783674240112,0.9033783674240112,,,,,,,
339,67899,0.8464117050170898,0.8464117050170898,,,,,,,
339,67949,0.8563540577888489,0.8563540577888489,,,,,,,
339,67999,0.9159008860588074,0.9159008860588074,,,,,,,
339,67999,,,0.5450197458267212,0.8947761654853821,0.8947761654853821,0.6765239834785461,1.0022817850112915,0.7569888234138489,0.6444984674453735
340,68049,0.8856496810913086,0.8856496810913086,,,,,,,
340,68099,0.843765914440155,0.843765914440155,,,,,,,
340,68149,0.8286110758781433,0.8286110758781433,,,,,,,
340,68199,0.8720740079879761,0.8720740079879761,,,,,,,
340,68199,,,0.5458537936210632,0.8869657516479492,0.8869657516479492,0.6757946014404297,0.9984114766120911,0.7579806447029114,0.6500958800315857
341,68249,0.9199187159538269,0.9199187159538269,,,,,,,
341,68299,0.8609132766723633,0.8609132766723633,,,,,,,
341,68349,0.8943315744400024,0.8943315744400024,,,,,,,
341,68399,0.9190245866775513,0.9190245866775513,,,,,,,
341,68399,,,0.5409744381904602,0.8890239000320435,0.8890239000320435,0.6690301895141602,1.0172984600067139,0.7544885873794556,0.6325770020484924
342,68449,0.9354352951049805,0.9354352951049805,,,,,,,
342,68499,0.8256657719612122,0.8256657719612122,,,,,,,
342,68549,0.8197186589241028,0.8197186589241028,,,,,,,
342,68599,0.8828346729278564,0.8828346729278564,,,,,,,
342,68599,,,0.5413876175880432,0.8913877010345459,0.8913877010345459,0.6776204705238342,1.0264277458190918,0.7576155066490173,0.6302887201309204
343,68649,0.8799450993537903,0.8799450993537903,,,,,,,
343,68699,0.8770478367805481,0.8770478367805481,,,,,,,
343,68749,0.7467014193534851,0.7467014193534851,,,,,,,
343,68799,0.8957003355026245,0.8957003355026245,,,,,,,
343,68799,,,0.5512315630912781,0.8963724970817566,0.8963724970817566,0.6741055846214294,0.9980204701423645,0.7577241659164429,0.6574898958206177
344,68849,0.8755699396133423,0.8755699396133423,,,,,,,
344,68899,0.8494080305099487,0.8494080305099487,,,,,,,
344,68949,0.9519441723823547,0.9519441723823547,,,,,,,
344,68999,0.8467952013015747,0.8467952013015747,,,,,,,
344,68999,,,0.5390418171882629,0.8868002891540527,0.8868002891540527,0.6715161204338074,1.0184779167175293,0.7576941251754761,0.6316258311271667
345,69049,0.9030250906944275,0.9030250906944275,,,,,,,
345,69099,0.9768248796463013,0.9768248796463013,,,,,,,
345,69149,0.8664150834083557,0.8664150834083557,,,,,,,
345,69199,0.8806305527687073,0.8806305527687073,,,,,,,
345,69199,,,0.5401582717895508,0.8935503959655762,0.8935503959655762,0.6843819618225098,1.0090755224227905,0.7568934559822083,0.6363428235054016
346,69249,0.8585582375526428,0.8585582375526428,,,,,,,
346,69299,0.9407944679260254,0.9407944679260254,,,,,,,
346,69349,0.8961365222930908,0.8961365222930908,,,,,,,
346,69399,0.8802303671836853,0.8802303671836853,,,,,,,
346,69399,,,0.5367151498794556,0.8890763521194458,0.8890763521194458,0.6743542551994324,1.0081114768981934,0.7553704380989075,0.6318295001983643
347,69449,0.9039698243141174,0.9039698243141174,,,,,,,
347,69499,0.9721340537071228,0.9721340537071228,,,,,,,
347,69549,0.8838077187538147,0.8838077187538147,,,,,,,
347,69599,0.8317616581916809,0.8317616581916809,,,,,,,
347,69599,,,0.540344774723053,0.889503538608551,0.889503538608551,0.6692107915878296,1.0086746215820312,0.7595291137695312,0.6438125371932983
348,69649,0.8371074795722961,0.8371074795722961,,,,,,,
348,69699,0.8604826331138611,0.8604826331138611,,,,,,,
348,69749,0.8645601272583008,0.8645601272583008,,,,,,,
348,69799,0.8867314457893372,0.8867314457893372,,,,,,,
348,69799,,,0.5377893447875977,0.8904407024383545,0.8904407024383545,0.6765376925468445,1.0073918104171753,0.7556583285331726,0.6403413414955139
349,69849,0.9440176486968994,0.9440176486968994,,,,,,,
349,69899,0.8052494525909424,0.8052494525909424,,,,,,,
349,69949,0.856484055519104,0.856484055519104,,,,,,,
349,69999,0.8836507797241211,0.8836507797241211,,,,,,,
349,69999,,,0.5419032573699951,0.8863010406494141,0.8863010406494141,0.6727564334869385,1.0187023878097534,0.7603549361228943,0.6364941000938416
350,70049,0.8916667103767395,0.8916667103767395,,,,,,,
350,70099,0.8190920948982239,0.8190920948982239,,,,,,,
350,70149,0.9216784238815308,0.9216784238815308,,,,,,,
350,70199,0.8729355931282043,0.8729355931282043,,,,,,,
350,70199,,,0.5294930934906006,0.8887071013450623,0.8887071013450623,0.6725103259086609,1.0194008350372314,0.7545521855354309,0.6243519186973572
351,70249,0.8300613164901733,0.8300613164901733,,,,,,,
351,70299,0.8988422751426697,0.8988422751426697,,,,,,,
351,70349,0.886969804763794,0.886969804763794,,,,,,,
351,70399,0.9296478033065796,0.9296478033065796,,,,,,,
351,70399,,,0.5383198857307434,0.8935683965682983,0.8935683965682983,0.6831241846084595,1.016530156135559,0.7612727284431458,0.6333562731742859
352,70449,0.7519909739494324,0.7519909739494324,,,,,,,
352,70499,0.8393188714981079,0.8393188714981079,,,,,,,
352,70549,0.7964848279953003,0.7964848279953003,,,,,,,
352,70599,0.894995391368866,0.894995391368866,,,,,,,
352,70599,,,0.5474741458892822,0.8915533423423767,0.8915533423423767,0.6760939359664917,1.0005611181259155,0.7582521438598633,0.6414060592651367
353,70649,0.9283199906349182,0.9283199906349182,,,,,,,
353,70699,0.8668878674507141,0.8668878674507141,,,,,,,
353,70749,0.9590668678283691,0.9590668678283691,,,,,,,
353,70799,0.8169856667518616,0.8169856667518616,,,,,,,
353,70799,,,0.5359325408935547,0.8874502182006836,0.8874502182006836,0.6747085452079773,1.0122363567352295,0.757210910320282,0.6394051909446716
354,70849,1.013513207435608,1.013513207435608,,,,,,,
354,70899,0.9859324097633362,0.9859324097633362,,,,,,,
354,70949,0.9061146974563599,0.9061146974563599,,,,,,,
354,70999,0.9091170430183411,0.9091170430183411,,,,,,,
354,70999,,,0.5441260933876038,0.8890691995620728,0.8890691995620728,0.6722325086593628,0.9963521957397461,0.756756067276001,0.6517865061759949
355,71049,0.9157836437225342,0.9157836437225342,,,,,,,
355,71099,0.9461146593093872,0.9461146593093872,,,,,,,
355,71149,0.9062702059745789,0.9062702059745789,,,,,,,
355,71199,0.9931702613830566,0.9931702613830566,,,,,,,
355,71199,,,0.545836865901947,0.8837733268737793,0.8837733268737793,0.6623974442481995,0.9904192090034485,0.7563497424125671,0.6515123248100281
356,71249,0.8969688415527344,0.8969688415527344,,,,,,,
356,71299,1.02269446849823,1.02269446849823,,,,,,,
356,71349,0.8206696510314941,0.8206696510314941,,,,,,,
356,71399,0.9242775440216064,0.9242775440216064,,,,,,,
356,71399,,,0.5389372110366821,0.885310173034668,0.885310173034668,0.6766692996025085,1.0083087682724,0.7546443939208984,0.6398625373840332
357,71449,0.8742520213127136,0.8742520213127136,,,,,,,
357,71499,0.9963386058807373,0.9963386058807373,,,,,,,
357,71549,0.9236896634101868,0.9236896634101868,,,,,,,
357,71599,0.8553197979927063,0.8553197979927063,,,,,,,
357,71599,,,0.5408161282539368,0.8780170679092407,0.8780170679092407,0.6767577528953552,1.000757098197937,0.7544435262680054,0.6387869119644165
358,71649,0.9629791975021362,0.9629791975021362,,,,,,,
358,71699,0.9265703558921814,0.9265703558921814,,,,,,,
358,71749,0.8307299017906189,0.8307299017906189,,,,,,,
358,71799,0.9322742819786072,0.9322742819786072,,,,,,,
358,71799,,,0.5436220169067383,0.8856990337371826,0.8856990337371826,0.6789275407791138,0.9923287034034729,0.762098491191864,0.6639073491096497
359,71849,0.8777027726173401,0.8777027726173401,,,,,,,
359,71899,0.8610718846321106,0.8610718846321106,,,,,,,
359,71949,0.9752243757247925,0.9752243757247925,,,,,,,
359,71999,0.8516277074813843,0.8516277074813843,,,,,,,
359,71999,,,0.5328677296638489,0.8800725936889648,0.8800725936889648,0.6764447093009949,1.0308729410171509,0.7571561932563782,0.6288834810256958
360,72049,0.9606242775917053,0.9606242775917053,,,,,,,
360,72099,0.9315205216407776,0.9315205216407776,,,,,,,
360,72149,0.7924392819404602,0.7924392819404602,,,,,,,
360,72199,0.8731822371482849,0.8731822371482849,,,,,,,
360,72199,,,0.5448112487792969,0.8849751353263855,0.8849751353263855,0.6767380237579346,0.9948914647102356,0.7570766806602478,0.6549072265625
361,72249,0.7913095951080322,0.7913095951080322,,,,,,,
361,72299,0.858675479888916,0.858675479888916,,,,,,,
361,72349,0.8856596946716309,0.8856596946716309,,,,,,,
361,72399,0.9383452534675598,0.9383452534675598,,,,,,,
361,72399,,,0.5394017100334167,0.8780971169471741,0.8780971169471741,0.6683272123336792,0.9995190501213074,0.7535702586174011,0.6493853330612183
362,72449,0.8717127442359924,0.8717127442359924,,,,,,,
362,72499,0.8323975801467896,0.8323975801467896,,,,,,,
362,72549,0.9563848972320557,0.9563848972320557,,,,,,,
362,72599,0.9423521757125854,0.9423521757125854,,,,,,,
362,72599,,,0.5441314578056335,0.8905434012413025,0.8905434012413025,0.685511589050293,0.9907111525535583,0.7610737681388855,0.6607705950737
363,72649,0.8288460969924927,0.8288460969924927,,,,,,,
363,72699,0.9135787487030029,0.9135787487030029,,,,,,,
363,72749,0.886345624923706,0.886345624923706,,,,,,,
363,72799,0.9571040272712708,0.9571040272712708,,,,,,,
363,72799,,,0.5389841198921204,0.8840070366859436,0.8840070366859436,0.6750971674919128,1.0094597339630127,0.7581537365913391,0.6403065919876099
364,72849,0.8222478032112122,0.8222478032112122,,,,,,,
364,72899,0.833264946937561,0.833264946937561,,,,,,,
364,72949,0.9059149622917175,0.9059149622917175,,,,,,,
364,72999,0.8951156139373779,0.8951156139373779,,,,,,,
364,72999,,,0.5370469093322754,0.8788588643074036,0.8788588643074036,0.6670293211936951,1.008015751838684,0.7524956464767456,0.6351959705352783
365,73049,0.8275429606437683,0.8275429606437683,,,,,,,
365,73099,0.8805547952651978,0.8805547952651978,,,,,,,
365,73149,0.8091993927955627,0.8091993927955627,,,,,,,
365,73199,0.8941757678985596,0.8941757678985596,,,,,,,
365,73199,,,0.5453037619590759,0.8891433477401733,0.8891433477401733,0.6745418310165405,1.000167727470398,0.7592488527297974,0.6489193439483643
366,73249,0.9249695539474487,0.9249695539474487,,,,,,,
366,73299,0.8888862133026123,0.8888862133026123,,,,,,,
366,73349,0.851315975189209,0.851315975189209,,,,,,,
366,73399,0.8843181729316711,0.8843181729316711,,,,,,,
366,73399,,,0.5431029200553894,0.896986722946167,0.896986722946167,0.6817301511764526,1.0084052085876465,0.7584556341171265,0.6461189389228821
367,73449,0.8306635618209839,0.8306635618209839,,,,,,,
367,73499,0.888163685798645,0.888163685798645,,,,,,,
367,73549,0.8795570135116577,0.8795570135116577,,,,,,,
367,73599,0.8907089829444885,0.8907089829444885,,,,,,,
367,73599,,,0.5285308361053467,0.8799586296081543,0.8799586296081543,0.6820015907287598,1.000036597251892,0.7551991939544678,0.6457328796386719
368,73649,0.9841223955154419,0.9841223955154419,,,,,,,
368,73699,0.9363722205162048,0.9363722205162048,,,,,,,
368,73749,0.856289267539978,0.856289267539978,,,,,,,
368,73799,0.9362751245498657,0.9362751245498657,,,,,,,
368,73799,,,0.5352041721343994,0.88418048620224,0.88418048620224,0.6797658205032349,1.0119227170944214,0.7569848299026489,0.6334878206253052
369,73849,0.9147844314575195,0.9147844314575195,,,,,,,
369,73899,0.9119777083396912,0.9119777083396912,,,,,,,
369,73949,0.8359841108322144,0.8359841108322144,,,,,,,
369,73999,0.8673332333564758,0.8673332333564758,,,,,,,
369,73999,,,0.5358989238739014,0.8788796663284302,0.8788796663284302,0.6727074384689331,1.007452130317688,0.7585504651069641,0.6440958380699158
370,74049,0.8449501991271973,0.8449501991271973,,,,,,,
370,74099,0.9004718065261841,0.9004718065261841,,,,,,,
370,74149,0.8377476930618286,0.8377476930618286,,,,,,,
370,74199,0.8489112854003906,0.8489112854003906,,,,,,,
370,74199,,,0.5374538898468018,0.8765305876731873,0.8765305876731873,0.6695012450218201,1.025052547454834,0.7562554478645325,0.6289986371994019
371,74249,0.8629454374313354,0.8629454374313354,,,,,,,
371,74299,0.9939114451408386,0.9939114451408386,,,,,,,
371,74349,0.8701964616775513,0.8701964616775513,,,,,,,
371,74399,0.8509781360626221,0.8509781360626221,,,,,,,
371,74399,,,0.5291755199432373,0.8691891431808472,0.8691891431808472,0.6661365032196045,1.010990023612976,0.752071738243103,0.6356452703475952
372,74449,0.8747131824493408,0.8747131824493408,,,,,,,
372,74499,0.8943507671356201,0.8943507671356201,,,,,,,
372,74549,0.8356216549873352,0.8356216549873352,,,,,,,
372,74599,0.9440333843231201,0.9440333843231201,,,,,,,
372,74599,,,0.5240841507911682,0.8762531280517578,0.8762531280517578,0.6670277714729309,1.0119234323501587,0.7535496950149536,0.6250916123390198
373,74649,0.9019880294799805,0.9019880294799805,,,,,,,
373,74699,0.8748233318328857,0.8748233318328857,,,,,,,
373,74749,0.8304367065429688,0.8304367065429688,,,,,,,
373,74799,0.7872201204299927,0.7872201204299927,,,,,,,
373,74799,,,0.5411903262138367,0.8841814994812012,0.8841814994812012,0.6695029139518738,1.0004686117172241,0.7577381134033203,0.6465660929679871
374,74849,0.8589524030685425,0.8589524030685425,,,,,,,
374,74899,0.8796089291572571,0.8796089291572571,,,,,,,
374,74949,0.8283167481422424,0.8283167481422424,,,,,,,
374,74999,0.8827418684959412,0.8827418684959412,,,,,,,
374,74999,,,0.5354238152503967,0.8714726567268372,0.8714726567268372,0.6815615892410278,1.0045336484909058,0.7578315138816833,0.6392018795013428
375,75049,0.9039056897163391,0.9039056897163391,,,,,,,
375,75099,0.8563931584358215,0.8563931584358215,,,,,,,
375,75149,0.9251505732536316,0.9251505732536316,,,,,,,
375,75199,0.8625258207321167,0.8625258207321167,,,,,,,
375,75199,,,0.5309285521507263,0.8745028376579285,0.8745028376579285,0.6815415024757385,1.003629446029663,0.7542179226875305,0.6387307047843933
376,75249,0.8455467224121094,0.8455467224121094,,,,,,,
376,75299,0.9043753147125244,0.9043753147125244,,,,,,,
376,75349,0.8649640083312988,0.8649640083312988,,,,,,,
376,75399,0.7978799939155579,0.7978799939155579,,,,,,,
376,75399,,,0.5255178809165955,0.8697351217269897,0.8697351217269897,0.6665631532669067,1.012009620666504,0.7539539337158203,0.6268228888511658
377,75449,0.9261022806167603,0.9261022806167603,,,,,,,
377,75499,0.8435115218162537,0.8435115218162537,,,,,,,
377,75549,0.8492428660392761,0.8492428660392761,,,,,,,
377,75599,0.9030476808547974,0.9030476808547974,,,,,,,
377,75599,,,0.5289276242256165,0.8736145496368408,0.8736145496368408,0.6692920923233032,1.0062658786773682,0.7545231580734253,0.6337471604347229
378,75649,0.8830501437187195,0.8830501437187195,,,,,,,
378,75699,0.8582642078399658,0.8582642078399658,,,,,,,
378,75749,0.8144463300704956,0.8144463300704956,,,,,,,
378,75799,0.8797065019607544,0.8797065019607544,,,,,,,
378,75799,,,0.5388213396072388,0.8816266655921936,0.8816266655921936,0.6743743419647217,1.0424413681030273,0.7560260891914368,0.6204978227615356
379,75849,0.8803801536560059,0.8803801536560059,,,,,,,
379,75899,0.8286499977111816,0.8286499977111816,,,,,,,
379,75949,0.8844190835952759,0.8844190835952759,,,,,,,
379,75999,0.8339637517929077,0.8339637517929077,,,,,,,
379,75999,,,0.5264649987220764,0.8753175735473633,0.8753175735473633,0.6694689989089966,1.0279144048690796,0.7566925287246704,0.6172983646392822
380,76049,0.8970227241516113,0.8970227241516113,,,,,,,
380,76099,0.7808559536933899,0.7808559536933899,,,,,,,
380,76149,0.8897435069084167,0.8897435069084167,,,,,,,
380,76199,0.8155409097671509,0.8155409097671509,,,,,,,
380,76199,,,0.5412696599960327,0.8716639280319214,0.8716639280319214,0.6657023429870605,0.9958493709564209,0.7571941018104553,0.6441675424575806
381,76249,0.9059282541275024,0.9059282541275024,,,,,,,
381,76299,0.9884166121482849,0.9884166121482849,,,,,,,
381,76349,0.8046400547027588,0.8046400547027588,,,,,,,
381,76399,0.8502419590950012,0.8502419590950012,,,,,,,
381,76399,,,0.5281794667243958,0.8716622591018677,0.8716622591018677,0.6729159951210022,1.0311813354492188,0.7525073885917664,0.6249732375144958
382,76449,0.9351249933242798,0.9351249933242798,,,,,,,
382,76499,0.7727352380752563,0.7727352380752563,,,,,,,
382,76549,1.0311470031738281,1.0311470031738281,,,,,,,
382,76599,0.845955491065979,0.845955491065979,,,,,,,
382,76599,,,0.523826539516449,0.8729726076126099,0.8729726076126099,0.6682933568954468,1.030961275100708,0.7540922164916992,0.6159560680389404
383,76649,0.7978466153144836,0.7978466153144836,,,,,,,
383,76699,0.8987532258033752,0.8987532258033752,,,,,,,
383,76749,0.8153579235076904,0.8153579235076904,,,,,,,
383,76799,0.8924065828323364,0.8924065828323364,,,,,,,
383,76799,,,0.5332515239715576,0.8780744671821594,0.8780744671821594,0.6778668761253357,1.0022015571594238,0.7543609738349915,0.6361252665519714
384,76849,0.8350739479064941,0.8350739479064941,,,,,,,
384,76899,0.8893316984176636,0.8893316984176636,,,,,,,
384,76949,0.8369240760803223,0.8369240760803223,,,,,,,
384,76999,0.9076656103134155,0.9076656103134155,,,,,,,
384,76999,,,0.5371835827827454,0.8803843855857849,0.8803843855857849,0.6754238605499268,1.0104488134384155,0.7588608264923096,0.6423192024230957
385,77049,0.9206772446632385,0.9206772446632385,,,,,,,
385,77099,0.9095408320426941,0.9095408320426941,,,,,,,
385,77149,0.8790791630744934,0.8790791630744934,,,,,,,
385,77199,0.8439463973045349,0.8439463973045349,,,,,,,
385,77199,,,0.53536456823349,0.8769633769989014,0.8769633769989014,0.6755019426345825,1.007088303565979,0.7537726759910583,0.6297170519828796
386,77249,0.8431549072265625,0.8431549072265625,,,,,,,
386,77299,0.8617950677871704,0.8617950677871704,,,,,,,
386,77349,0.8176084756851196,0.8176084756851196,,,,,,,
386,77399,0.9728954434394836,0.9728954434394836,,,,,,,
386,77399,,,0.5316948890686035,0.8729196190834045,0.8729196190834045,0.6811158657073975,1.0209357738494873,0.7562376260757446,0.6224855780601501
387,77449,0.8710201978683472,0.8710201978683472,,,,,,,
387,77499,0.915908932685852,0.915908932685852,,,,,,,
387,77549,0.8730050325393677,0.8730050325393677,,,,,,,
387,77599,0.8057577610015869,0.8057577610015869,,,,,,,
387,77599,,,0.5274211168289185,0.8711380362510681,0.8711380362510681,0.6713418364524841,1.0074342489242554,0.7513245344161987,0.627613365650177
388,77649,0.9030044674873352,0.9030044674873352,,,,,,,
388,77699,0.8730013966560364,0.8730013966560364,,,,,,,
388,77749,0.8770228624343872,0.8770228624343872,,,,,,,
388,77799,0.8569360971450806,0.8569360971450806,,,,,,,
388,77799,,,0.5291644334793091,0.8681707978248596,0.8681707978248596,0.6688230633735657,0.9890037178993225,0.75270015001297,0.637965202331543
389,77849,0.8598938584327698,0.8598938584327698,,,,,,,
389,77899,0.8236756324768066,0.8236756324768066,,,,,,,
389,77949,0.8338936567306519,0.8338936567306519,,,,,,,
389,77999,0.9638168811798096,0.9638168811798096,,,,,,,
389,77999,,,0.5339446067810059,0.8797484040260315,0.8797484040260315,0.6652406454086304,1.0099278688430786,0.7522983551025391,0.6331459879875183
390,78049,0.7789101004600525,0.7789101004600525,,,,,,,
390,78099,0.8386049866676331,0.8386049866676331,,,,,,,
390,78149,0.83379065990448,0.83379065990448,,,,,,,
390,78199,0.8571432828903198,0.8571432828903198,,,,,,,
390,78199,,,0.5345011949539185,0.8730559349060059,0.8730559349060059,0.6656826734542847,0.9981518387794495,0.7525860071182251,0.6454709768295288
391,78249,0.8148860931396484,0.8148860931396484,,,,,,,
391,78299,0.7694904208183289,0.7694904208183289,,,,,,,
391,78349,0.9278867840766907,0.9278867840766907,,,,,,,
391,78399,0.9141384959220886,0.9141384959220886,,,,,,,
391,78399,,,0.5300723314285278,0.8790140748023987,0.8790140748023987,0.6753977537155151,1.0240558385849,0.7603474855422974,0.6262170076370239
392,78449,0.9135841727256775,0.9135841727256775,,,,,,,
392,78499,0.867239773273468,0.867239773273468,,,,,,,
392,78549,0.8934938907623291,0.8934938907623291,,,,,,,
392,78599,0.8213109970092773,0.8213109970092773,,,,,,,
392,78599,,,0.5227813720703125,0.8636661171913147,0.8636661171913147,0.6701763868331909,1.0136975049972534,0.7499588131904602,0.6297350525856018
393,78649,1.028095006942749,1.028095006942749,,,,,,,
393,78699,0.8168967366218567,0.8168967366218567,,,,,,,
393,78749,0.8261650800704956,0.8261650800704956,,,,,,,
393,78799,0.9657645225524902,0.9657645225524902,,,,,,,
393,78799,,,0.5295056104660034,0.8823596239089966,0.8823596239089966,0.6683931350708008,1.017372727394104,0.7525150775909424,0.6219720840454102
394,78849,0.8687481880187988,0.8687481880187988,,,,,,,
394,78899,0.836988091468811,0.836988091468811,,,,,,,
394,78949,0.8929862380027771,0.8929862380027771,,,,,,,
394,78999,0.8901985883712769,0.8901985883712769,,,,,,,
394,78999,,,0.5276690721511841,0.8626841902732849,0.8626841902732849,0.6684452295303345,0.9985587000846863,0.7519388794898987,0.6357583999633789
395,79049,0.7741760611534119,0.7741760611534119,,,,,,,
395,79099,0.8756397366523743,0.8756397366523743,,,,,,,
395,79149,0.8737514615058899,0.8737514615058899,,,,,,,
395,79199,0.8766913414001465,0.8766913414001465,,,,,,,
395,79199,,,0.5298304557800293,0.8681419491767883,0.8681419491767883,0.6709597110748291,0.9992277026176453,0.7552492618560791,0.6400402784347534
396,79249,0.8123583197593689,0.8123583197593689,,,,,,,
396,79299,0.9177463054656982,0.9177463054656982,,,,,,,
396,79349,0.8415676951408386,0.8415676951408386,,,,,,,
396,79399,0.8077842593193054,0.8077842593193054,,,,,,,
396,79399,,,0.5345757603645325,0.8758978247642517,0.8758978247642517,0.6635637283325195,1.009844422340393,0.7521487474441528,0.6308837532997131
397,79449,0.9023199081420898,0.9023199081420898,,,,,,,
397,79499,0.8715810775756836,0.8715810775756836,,,,,,,
397,79549,0.8972566723823547,0.8972566723823547,,,,,,,
397,79599,0.8015100955963135,0.8015100955963135,,,,,,,
397,79599,,,0.523182213306427,0.8558546304702759,0.8558546304702759,0.6687876582145691,1.0184296369552612,0.7512345910072327,0.6217724680900574
398,79649,0.8550147414207458,0.8550147414207458,,,,,,,
398,79699,0.9616047143936157,0.9616047143936157,,,,,,,
398,79749,0.8131492733955383,0.8131492733955383,,,,,,,
398,79799,0.7971116304397583,0.7971116304397583,,,,,,,
398,79799,,,0.5255743861198425,0.8664700984954834,0.8664700984954834,0.6647554636001587,1.0112967491149902,0.7531639933586121,0.6281248927116394
399,79849,0.8496422171592712,0.8496422171592712,,,,,,,
399,79899,0.856467068195343,0.856467068195343,,,,,,,
399,79949,0.8455879092216492,0.8455879092216492,,,,,,,
399,79999,0.7925567030906677,0.7925567030906677,,,,,,,
399,79999,,,0.5263268947601318,0.8646047711372375,0.8646047711372375,0.6655387878417969,0.9935156106948853,0.7519128918647766,0.6379831433296204
400,80049,0.8701101541519165,0.8701101541519165,,,,,,,
400,80099,0.8913595676422119,0.8913595676422119,,,,,,,
400,80149,0.867186963558197,0.867186963558197,,,,,,,
400,80199,0.7101861238479614,0.7101861238479614,,,,,,,
400,80199,,,0.5276479125022888,0.8590789437294006,0.8590789437294006,0.6610463857650757,1.0079714059829712,0.750828742980957,0.6346315145492554
401,80249,0.8036307096481323,0.8036307096481323,,,,,,,
401,80299,0.8018043637275696,0.8018043637275696,,,,,,,
401,80349,0.8644030690193176,0.8644030690193176,,,,,,,
401,80399,0.7855987548828125,0.7855987548828125,,,,,,,
401,80399,,,0.5278602838516235,0.8649715781211853,0.8649715781211853,0.6595333814620972,1.0107688903808594,0.7533652782440186,0.6342587471008301
402,80449,0.8958797454833984,0.8958797454833984,,,,,,,
402,80499,0.8668456077575684,0.8668456077575684,,,,,,,
402,80549,0.7531359195709229,0.7531359195709229,,,,,,,
402,80599,0.8517308235168457,0.8517308235168457,,,,,,,
402,80599,,,0.5196740627288818,0.8655770421028137,0.8655770421028137,0.6613380908966064,1.0297125577926636,0.7542487978935242,0.611154317855835
403,80649,0.848477840423584,0.848477840423584,,,,,,,
403,80699,0.8276586532592773,0.8276586532592773,,,,,,,
403,80749,0.8483996987342834,0.8483996987342834,,,,,,,
403,80799,1.0072922706604004,1.0072922706604004,,,,,,,
403,80799,,,0.5228999257087708,0.8602385520935059,0.8602385520935059,0.6641549468040466,1.0077078342437744,0.7551737427711487,0.6311131715774536
404,80849,0.9110623598098755,0.9110623598098755,,,,,,,
404,80899,0.8179859519004822,0.8179859519004822,,,,,,,
404,80949,0.8773244023323059,0.8773244023323059,,,,,,,
404,80999,0.8620393872261047,0.8620393872261047,,,,,,,
404,80999,,,0.5299186110496521,0.8685705065727234,0.8685705065727234,0.6659972071647644,1.0017775297164917,0.7522758841514587,0.6305680871009827
405,81049,0.8760059475898743,0.8760059475898743,,,,,,,
405,81099,0.9009925723075867,0.9009925723075867,,,,,,,
405,81149,1.003490686416626,1.003490686416626,,,,,,,
405,81199,0.8686652183532715,0.8686652183532715,,,,,,,
405,81199,,,0.5308340787887573,0.8730546236038208,0.8730546236038208,0.6699628233909607,1.0006450414657593,0.7530080676078796,0.637438952922821
406,81249,0.9568007588386536,0.9568007588386536,,,,,,,
406,81299,0.8905946016311646,0.8905946016311646,,,,,,,
406,81349,0.8535462021827698,0.8535462021827698,,,,,,,
406,81399,0.7954604625701904,0.7954604625701904,,,,,,,
406,81399,,,0.5291178226470947,0.859337568283081,0.859337568283081,0.6629126071929932,0.991369366645813,0.7527510523796082,0.6433027982711792
407,81449,0.8485945463180542,0.8485945463180542,,,,,,,
407,81499,0.8766855597496033,0.8766855597496033,,,,,,,
407,81549,0.8502342700958252,0.8502342700958252,,,,,,,
407,81599,0.811825156211853,0.811825156211853,,,,,,,
407,81599,,,0.5256872177124023,0.8625088930130005,0.8625088930130005,0.6696065664291382,1.0165319442749023,0.7542992234230042,0.6360558271408081
408,81649,0.8401526212692261,0.8401526212692261,,,,,,,
408,81699,0.9260519742965698,0.9260519742965698,,,,,,,
408,81749,0.8379899263381958,0.8379899263381958,,,,,,,
408,81799,0.9228919744491577,0.9228919744491577,,,,,,,
408,81799,,,0.5242635011672974,0.8601500988006592,0.8601500988006592,0.6654378771781921,1.00858736038208,0.751096248626709,0.6346584558486938
409,81849,0.8427669405937195,0.8427669405937195,,,,,,,
409,81899,0.8217529654502869,0.8217529654502869,,,,,,,
409,81949,0.8105179667472839,0.8105179667472839,,,,,,,
409,81999,0.8576759099960327,0.8576759099960327,,,,,,,
409,81999,,,0.5181384086608887,0.8599725961685181,0.8599725961685181,0.6684241890907288,1.0076669454574585,0.7525250911712646,0.6231489777565002
410,82049,0.7855767011642456,0.7855767011642456,,,,,,,
410,82099,0.8931050300598145,0.8931050300598145,,,,,,,
410,82149,0.8405215740203857,0.8405215740203857,,,,,,,
410,82199,0.8250700235366821,0.8250700235366821,,,,,,,
410,82199,,,0.526120662689209,0.85887610912323,0.85887610912323,0.666504979133606,1.0014084577560425,0.7528125047683716,0.6292279958724976
411,82249,0.8699218034744263,0.8699218034744263,,,,,,,
411,82299,0.8668041825294495,0.8668041825294495,,,,,,,
411,82349,0.9291777610778809,0.9291777610778809,,,,,,,
411,82399,0.9066808819770813,0.9066808819770813,,,,,,,
411,82399,,,0.5205159783363342,0.8548843264579773,0.8548843264579773,0.6662963032722473,1.0191971063613892,0.7532016634941101,0.6246843934059143
412,82449,0.9859750866889954,0.9859750866889954,,,,,,,
412,82499,0.8224242925643921,0.8224242925643921,,,,,,,
412,82549,0.7978983521461487,0.7978983521461487,,,,,,,
412,82599,0.8682575821876526,0.8682575821876526,,,,,,,
412,82599,,,0.5272653698921204,0.8677506446838379,0.8677506446838379,0.661712646484375,1.0125787258148193,0.7629083395004272,0.6327018141746521
413,82649,0.8489370346069336,0.8489370346069336,,,,,,,
413,82699,0.8360312581062317,0.8360312581062317,,,,,,,
413,82749,0.8881910443305969,0.8881910443305969,,,,,,,
413,82799,0.8061783909797668,0.8061783909797668,,,,,,,
413,82799,,,0.5235658288002014,0.858025312423706,0.858025312423706,0.6682611107826233,1.004899501800537,0.7545521855354309,0.6274608969688416
414,82849,0.8369323015213013,0.8369323015213013,,,,,,,
414,82899,0.8080869913101196,0.8080869913101196,,,,,,,
414,82949,0.8873063325881958,0.8873063325881958,,,,,,,
414,82999,0.8476904630661011,0.8476904630661011,,,,,,,
414,82999,,,0.5261279344558716,0.8587065935134888,0.8587065935134888,0.6624992489814758,0.9986538290977478,0.7511820197105408,0.6402403116226196
415,83049,0.8080074787139893,0.8080074787139893,,,,,,,
415,83099,0.8125805854797363,0.8125805854797363,,,,,,,
415,83149,0.8610411286354065,0.8610411286354065,,,,,,,
415,83199,0.8255581855773926,0.8255581855773926,,,,,,,
415,83199,,,0.5185492038726807,0.8583428859710693,0.8583428859710693,0.6573682427406311,1.0018128156661987,0.7513854503631592,0.6253356337547302
416,83249,0.8565112352371216,0.8565112352371216,,,,,,,
416,83299,0.8667076230049133,0.8667076230049133,,,,,,,
416,83349,0.7642107009887695,0.7642107009887695,,,,,,,
416,83399,0.7805724740028381,0.7805724740028381,,,,,,,
416,83399,,,0.5269286036491394,0.8539853692054749,0.8539853692054749,0.6601166725158691,1.0021904706954956,0.7520943284034729,0.631105363368988
417,83449,0.8597047924995422,0.8597047924995422,,,,,,,
417,83499,0.7490096092224121,0.7490096092224121,,,,,,,
417,83549,0.9868088960647583,0.9868088960647583,,,,,,,
417,83599,0.8864440321922302,0.8864440321922302,,,,,,,
417,83599,,,0.5283972024917603,0.8714799284934998,0.8714799284934998,0.6647002100944519,1.005090355873108,0.7546201348304749,0.6387291550636292
418,83649,0.8968528509140015,0.8968528509140015,,,,,,,
418,83699,0.8929030895233154,0.8929030895233154,,,,,,,
418,83749,0.8557958602905273,0.8557958602905273,,,,,,,
418,83799,0.8857303857803345,0.8857303857803345,,,,,,,
418,83799,,,0.5180715918540955,0.8582412600517273,0.8582412600517273,0.6635051369667053,0.9990932941436768,0.7542413473129272,0.6273582577705383
419,83849,0.7812195420265198,0.7812195420265198,,,,,,,
419,83899,0.8304895758628845,0.8304895758628845,,,,,,,
419,83949,0.8591381907463074,0.8591381907463074,,,,,,,
419,83999,0.8557104468345642,0.8557104468345642,,,,,,,
419,83999,,,0.5251083374023438,0.85601407289505,0.85601407289505,0.6639235019683838,1.007486343383789,0.7495414018630981,0.6358749866485596
420,84049,0.9230849146842957,0.9230849146842957,,,,,,,
420,84099,0.8125907182693481,0.8125907182693481,,,,,,,
420,84149,0.8904171586036682,0.8904171586036682,,,,,,,
420,84199,0.8690469861030579,0.8690469861030579,,,,,,,
420,84199,,,0.5263820290565491,0.8638543486595154,0.8638543486595154,0.6697396636009216,1.0039061307907104,0.7530339956283569,0.6359479427337646
421,84249,0.9132490158081055,0.9132490158081055,,,,,,,
421,84299,0.8214561939239502,0.8214561939239502,,,,,,,
421,84349,0.8038005828857422,0.8038005828857422,,,,,,,
421,84399,0.8449360132217407,0.8449360132217407,,,,,,,
421,84399,,,0.5177494883537292,0.8544777035713196,0.8544777035713196,0.6564036011695862,0.9989434480667114,0.7488366961479187,0.6315546631813049
422,84449,0.9198970198631287,0.9198970198631287,,,,,,,
422,84499,0.8982468247413635,0.8982468247413635,,,,,,,
422,84549,0.7402698397636414,0.7402698397636414,,,,,,,
422,84599,0.9146392345428467,0.9146392345428467,,,,,,,
422,84599,,,0.517863392829895,0.8574239611625671,0.8574239611625671,0.6596728563308716,1.0012387037277222,0.7499237656593323,0.6288699507713318
423,84649,0.8207675814628601,0.8207675814628601,,,,,,,
423,84699,0.9047179818153381,0.9047179818153381,,,,,,,
423,84749,0.8870335221290588,0.8870335221290588,,,,,,,
423,84799,0.7734932899475098,0.7734932899475098,,,,,,,
423,84799,,,0.5202533602714539,0.8580189347267151,0.8580189347267151,0.6658673286437988,0.9872506260871887,0.7499127388000488,0.6410262584686279
424,84849,0.8315107822418213,0.8315107822418213,,,,,,,
424,84899,0.908083438873291,0.908083438873291,,,,,,,
424,84949,0.8720663785934448,0.8720663785934448,,,,,,,
424,84999,0.8608226776123047,0.8608226776123047,,,,,,,
424,84999,,,0.522977352142334,0.855329155921936,0.855329155921936,0.6623652577400208,0.9919866919517517,0.7502403259277344,0.6409447193145752
425,85049,0.8333747386932373,0.8333747386932373,,,,,,,
425,85099,0.803933322429657,0.803933322429657,,,,,,,
425,85149,0.8078189492225647,0.8078189492225647,,,,,,,
425,85199,0.8579651117324829,0.8579651117324829,,,,,,,
425,85199,,,0.5173190832138062,0.8564640879631042,0.8564640879631042,0.6593768000602722,1.016566276550293,0.7499440908432007,0.6211360096931458
426,85249,0.826779842376709,0.826779842376709,,,,,,,
426,85299,0.8277880549430847,0.8277880549430847,,,,,,,
426,85349,0.7750257849693298,0.7750257849693298,,,,,,,
426,85399,0.8619116544723511,0.8619116544723511,,,,,,,
426,85399,,,0.5153433084487915,0.8450345396995544,0.8450345396995544,0.6561946868896484,0.9985350370407104,0.7503072619438171,0.6316642165184021
427,85449,0.8456968665122986,0.8456968665122986,,,,,,,
427,85499,0.8379999995231628,0.8379999995231628,,,,,,,
427,85549,0.7957258820533752,0.7957258820533752,,,,,,,
427,85599,0.874842643737793,0.874842643737793,,,,,,,
427,85599,,,0.524240255355835,0.8502663373947144,0.8502663373947144,0.665514349937439,1.000756859779358,0.7542358040809631,0.6390712261199951
428,85649,0.9062870740890503,0.9062870740890503,,,,,,,
428,85699,0.7668140530586243,0.7668140530586243,,,,,,,
428,85749,0.8443072438240051,0.8443072438240051,,,,,,,
428,85799,0.8837895393371582,0.8837895393371582,,,,,,,
428,85799,,,0.514401376247406,0.850395679473877,0.850395679473877,0.6542297601699829,1.0052672624588013,0.7518290877342224,0.63252192735672
429,85849,0.9502070546150208,0.9502070546150208,,,,,,,
429,85899,0.8866612315177917,0.8866612315177917,,,,,,,
429,85949,0.8191872835159302,0.8191872835159302,,,,,,,
429,85999,0.8654000163078308,0.8654000163078308,,,,,,,
429,85999,,,0.5188553929328918,0.853184163570404,0.853184163570404,0.6605297327041626,0.9848130941390991,0.7497038245201111,0.6409222483634949
430,86049,0.8935496211051941,0.8935496211051941,,,,,,,
430,86099,0.8871220350265503,0.8871220350265503,,,,,,,
430,86149,0.922938883304596,0.922938883304596,,,,,,,
430,86199,0.8777293562889099,0.8777293562889099,,,,,,,
430,86199,,,0.518962025642395,0.8556792736053467,0.8556792736053467,0.6598940491676331,1.0231908559799194,0.7515922784805298,0.6195554733276367
431,86249,0.732938826084137,0.732938826084137,,,,,,,
431,86299,0.8755350112915039,0.8755350112915039,,,,,,,
431,86349,0.8285865783691406,0.8285865783691406,,,,,,,
431,86399,0.7853177189826965,0.7853177189826965,,,,,,,
431,86399,,,0.5178797841072083,0.854275643825531,0.854275643825531,0.6668174862861633,1.0099555253982544,0.7514939308166504,0.6253891587257385
432,86449,0.8947890996932983,0.8947890996932983,,,,,,,
432,86499,0.9110792875289917,0.9110792875289917,,,,,,,
432,86549,0.8363747596740723,0.8363747596740723,,,,,,,
432,86599,0.9117752313613892,0.9117752313613892,,,,,,,
432,86599,,,0.5235324501991272,0.862255334854126,0.862255334854126,0.6627592444419861,1.0068343877792358,0.7532828450202942,0.6288353800773621
433,86649,0.8111727833747864,0.8111727833747864,,,,,,,
433,86699,0.8634780645370483,0.8634780645370483,,,,,,,
433,86749,0.825273871421814,0.825273871421814,,,,,,,
433,86799,0.8627775311470032,0.8627775311470032,,,,,,,
433,86799,,,0.5201513767242432,0.8525651693344116,0.8525651693344116,0.658250629901886,1.0060316324234009,0.7498447299003601,0.6306524872779846
434,86849,0.7721632719039917,0.7721632719039917,,,,,,,
434,86899,0.8778121471405029,0.8778121471405029,,,,,,,
434,86949,0.8243435025215149,0.8243435025215149,,,,,,,
434,86999,0.8457164168357849,0.8457164168357849,,,,,,,
434,86999,,,0.5179221034049988,0.8564058542251587,0.8564058542251587,0.6675680875778198,1.012386679649353,0.7508466839790344,0.6256645917892456
435,87049,0.8191580772399902,0.8191580772399902,,,,,,,
435,87099,0.9068576693534851,0.9068576693534851,,,,,,,
435,87149,0.8817344903945923,0.8817344903945923,,,,,,,
435,87199,0.8931846022605896,0.8931846022605896,,,,,,,
435,87199,,,0.5118235349655151,0.8488652110099792,0.8488652110099792,0.6610963940620422,1.0053956508636475,0.7487400770187378,0.6240826845169067
436,87249,0.9196324348449707,0.9196324348449707,,,,,,,
436,87299,0.9376113414764404,0.9376113414764404,,,,,,,
436,87349,0.882727861404419,0.882727861404419,,,,,,,
436,87399,0.9278506636619568,0.9278506636619568,,,,,,,
436,87399,,,0.514061450958252,0.8572282791137695,0.8572282791137695,0.6640086770057678,1.0141034126281738,0.7491465210914612,0.6139729022979736
437,87449,0.824496328830719,0.824496328830719,,,,,,,
437,87499,0.706331193447113,0.706331193447113,,,,,,,
437,87549,0.7954521179199219,0.7954521179199219,,,,,,,
437,87599,0.8785529136657715,0.8785529136657715,,,,,,,
437,87599,,,0.5098764896392822,0.84502112865448,0.84502112865448,0.6576007604598999,1.0127841234207153,0.7482155561447144,0.6238629221916199
438,87649,0.8216100931167603,0.8216100931167603,,,,,,,
438,87699,0.8275091648101807,0.8275091648101807,,,,,,,
438,87749,0.8274677991867065,0.8274677991867065,,,,,,,
438,87799,0.8654759526252747,0.8654759526252747,,,,,,,
438,87799,,,0.5211607217788696,0.8576122522354126,0.8576122522354126,0.6621458530426025,1.0079843997955322,0.7571849226951599,0.6274635791778564
439,87849,0.9057930707931519,0.9057930707931519,,,,,,,
439,87899,0.7944987416267395,0.7944987416267395,,,,,,,
439,87949,0.7689430713653564,0.7689430713653564,,,,,,,
439,87999,0.8436017036437988,0.8436017036437988,,,,,,,
439,87999,,,0.5125195980072021,0.8507658839225769,0.8507658839225769,0.6610251665115356,1.0252195596694946,0.7525773048400879,0.6172156929969788
440,88049,0.8692725896835327,0.8692725896835327,,,,,,,
440,88099,0.879646360874176,0.879646360874176,,,,,,,
440,88149,0.8175936937332153,0.8175936937332153,,,,,,,
440,88199,0.909184455871582,0.909184455871582,,,,,,,
440,88199,,,0.5169317126274109,0.8500087857246399,0.8500087857246399,0.6650558114051819,1.0096590518951416,0.7531424164772034,0.6357455253601074
441,88249,0.8246512413024902,0.8246512413024902,,,,,,,
441,88299,0.8982720375061035,0.8982720375061035,,,,,,,
441,88349,0.7932484149932861,0.7932484149932861,,,,,,,
441,88399,0.8648586273193359,0.8648586273193359,,,,,,,
441,88399,,,0.5153313279151917,0.8534408807754517,0.8534408807754517,0.658766508102417,1.0070257186889648,0.7474461793899536,0.6198664903640747
442,88449,0.7951045632362366,0.7951045632362366,,,,,,,
442,88499,0.9148724675178528,0.9148724675178528,,,,,,,
442,88549,0.7335695624351501,0.7335695624351501,,,,,,,
442,88599,0.9145944714546204,0.9145944714546204,,,,,,,
442,88599,,,0.5175851583480835,0.8573333024978638,0.8573333024978638,0.6571438312530518,1.008692741394043,0.7516788840293884,0.6341480016708374
443,88649,0.8765696287155151,0.8765696287155151,,,,,,,
443,88699,0.88343346118927,0.88343346118927,,,,,,,
443,88749,0.8927889466285706,0.8927889466285706,,,,,,,
443,88799,0.8425103425979614,0.8425103425979614,,,,,,,
443,88799,,,0.5122072696685791,0.8486948013305664,0.8486948013305664,0.6573617458343506,1.0142048597335815,0.7494914531707764,0.6176593899726868
444,88849,0.8830865025520325,0.8830865025520325,,,,,,,
444,88899,0.8746410012245178,0.8746410012245178,,,,,,,
444,88949,0.8510943651199341,0.8510943651199341,,,,,,,
444,88999,0.9222456216812134,0.9222456216812134,,,,,,,
444,88999,,,0.5181100368499756,0.8524866104125977,0.8524866104125977,0.663231372833252,1.0038259029388428,0.7557060718536377,0.6305833458900452
445,89049,0.7829869389533997,0.7829869389533997,,,,,,,
445,89099,0.8745115995407104,0.8745115995407104,,,,,,,
445,89149,0.854909360408783,0.854909360408783,,,,,,,
445,89199,0.891324520111084,0.891324520111084,,,,,,,
445,89199,,,0.5129650235176086,0.8516139388084412,0.8516139388084412,0.6569913029670715,1.0034528970718384,0.7490873336791992,0.6284806132316589
446,89249,0.9186217784881592,0.9186217784881592,,,,,,,
446,89299,0.8025820851325989,0.8025820851325989,,,,,,,
446,89349,0.7933028936386108,0.7933028936386108,,,,,,,
446,89399,0.7740356922149658,0.7740356922149658,,,,,,,
446,89399,,,0.5207381844520569,0.849172055721283,0.849172055721283,0.6540119647979736,1.0040439367294312,0.7510924935340881,0.6316723227500916
447,89449,0.9032554626464844,0.9032554626464844,,,,,,,
447,89499,0.7660719156265259,0.7660719156265259,,,,,,,
447,89549,0.862163245677948,0.862163245677948,,,,,,,
447,89599,0.9548893570899963,0.9548893570899963,,,,,,,
447,89599,,,0.5158019065856934,0.8442569375038147,0.8442569375038147,0.6558359861373901,0.997530460357666,0.75212162733078,0.637374997138977
448,89649,0.8950339555740356,0.8950339555740356,,,,,,,
448,89699,0.8602545857429504,0.8602545857429504,,,,,,,
448,89749,0.9039726853370667,0.9039726853370667,,,,,,,
448,89799,0.8725956082344055,0.8725956082344055,,,,,,,
448,89799,,,0.5180545449256897,0.844792366027832,0.844792366027832,0.6562947034835815,0.9981586933135986,0.7500752210617065,0.6376720070838928
449,89849,0.9344844222068787,0.9344844222068787,,,,,,,
449,89899,0.7721269726753235,0.7721269726753235,,,,,,,
449,89949,0.8182552456855774,0.8182552456855774,,,,,,,
449,89999,0.8198301792144775,0.8198301792144775,,,,,,,
449,89999,,,0.5196155905723572,0.8401474356651306,0.8401474356651306,0.6538522243499756,0.9964315891265869,0.7486088871955872,0.6297396421432495
450,90049,0.7820935249328613,0.7820935249328613,,,,,,,
450,90099,0.8244644403457642,0.8244644403457642,,,,,,,
450,90149,0.8471719026565552,0.8471719026565552,,,,,,,
450,90199,0.7810540199279785,0.7810540199279785,,,,,,,
450,90199,,,0.5167458057403564,0.8481543660163879,0.8481543660163879,0.6524816155433655,0.9965900778770447,0.7476028203964233,0.6373403072357178
451,90249,0.8485384583473206,0.8485384583473206,,,,,,,
451,90299,0.8702844977378845,0.8702844977378845,,,,,,,
451,90349,0.9045711159706116,0.9045711159706116,,,,,,,
451,90399,0.9395634531974792,0.9395634531974792,,,,,,,
451,90399,,,0.5145264267921448,0.8464617729187012,0.8464617729187012,0.6629496812820435,1.0076826810836792,0.7505198121070862,0.6323339939117432
452,90449,0.8814095258712769,0.8814095258712769,,,,,,,
452,90499,0.8031031489372253,0.8031031489372253,,,,,,,
452,90549,0.8357879519462585,0.8357879519462585,,,,,,,
452,90599,0.8818466663360596,0.8818466663360596,,,,,,,
452,90599,,,0.5172193050384521,0.84229975938797,0.84229975938797,0.6540142297744751,0.9945241212844849,0.7493613362312317,0.6399592757225037
453,90649,0.8065184354782104,0.8065184354782104,,,,,,,
453,90699,0.9385352730751038,0.9385352730751038,,,,,,,
453,90749,0.8680340647697449,0.8680340647697449,,,,,,,
453,90799,0.8543127775192261,0.8543127775192261,,,,,,,
453,90799,,,0.5218191742897034,0.8556308150291443,0.8556308150291443,0.6615768671035767,1.018432855606079,0.7552533149719238,0.6222220659255981
454,90849,0.7957999110221863,0.7957999110221863,,,,,,,
454,90899,0.8818443417549133,0.8818443417549133,,,,,,,
454,90949,0.8101367354393005,0.8101367354393005,,,,,,,
454,90999,0.8471127152442932,0.8471127152442932,,,,,,,
454,90999,,,0.5110138654708862,0.8518357276916504,0.8518357276916504,0.6620105504989624,1.0320563316345215,0.7502277493476868,0.6140006184577942
455,91049,0.78780198097229,0.78780198097229,,,,,,,
455,91099,0.8365557789802551,0.8365557789802551,,,,,,,
455,91149,0.8281779289245605,0.8281779289245605,,,,,,,
455,91199,0.8289908170700073,0.8289908170700073,,,,,,,
455,91199,,,0.5103344321250916,0.8434357643127441,0.8434357643127441,0.65898597240448,0.99675452709198,0.7469472289085388,0.6350106000900269
456,91249,0.8885424137115479,0.8885424137115479,,,,,,,
456,91299,0.9128566384315491,0.9128566384315491,,,,,,,
456,91349,0.8827581405639648,0.8827581405639648,,,,,,,
456,91399,0.876094400882721,0.876094400882721,,,,,,,
456,91399,,,0.5250982046127319,0.8475699424743652,0.8475699424743652,0.6618495583534241,0.996060848236084,0.756019651889801,0.6463571786880493
457,91449,0.9412192106246948,0.9412192106246948,,,,,,,
457,91499,0.7862833142280579,0.7862833142280579,,,,,,,
457,91549,0.8873664140701294,0.8873664140701294,,,,,,,
457,91599,0.8466081619262695,0.8466081619262695,,,,,,,
457,91599,,,0.511405885219574,0.838975727558136,0.838975727558136,0.6576611995697021,1.0083836317062378,0.7510784268379211,0.6227834224700928
458,91649,0.8399742841720581,0.8399742841720581,,,,,,,
458,91699,0.913664698600769,0.913664698600769,,,,,,,
458,91749,0.8522753715515137,0.8522753715515137,,,,,,,
458,91799,0.8256136775016785,0.8256136775016785,,,,,,,
458,91799,,,0.5170392394065857,0.8422736525535583,0.8422736525535583,0.6552650928497314,0.9871293902397156,0.7490925192832947,0.635150671005249
459,91849,0.9711719155311584,0.9711719155311584,,,,,,,
459,91899,0.8678902387619019,0.8678902387619019,,,,,,,
459,91949,0.8147900104522705,0.8147900104522705,,,,,,,
459,91999,0.8884902000427246,0.8884902000427246,,,,,,,
459,91999,,,0.5126891136169434,0.8369147181510925,0.8369147181510925,0.654569149017334,0.999375581741333,0.7454261183738708,0.6374813914299011
460,92049,0.9427850842475891,0.9427850842475891,,,,,,,
460,92099,0.84324711561203,0.84324711561203,,,,,,,
460,92149,0.8195745944976807,0.8195745944976807,,,,,,,
460,92199,0.8582037091255188,0.8582037091255188,,,,,,,
460,92199,,,0.5097528696060181,0.8467693328857422,0.8467693328857422,0.6539934873580933,1.0208848714828491,0.7500577569007874,0.6146785616874695
461,92249,0.857512891292572,0.857512891292572,,,,,,,
461,92299,0.8902014493942261,0.8902014493942261,,,,,,,
461,92349,0.8895935416221619,0.8895935416221619,,,,,,,
461,92399,0.86419677734375,0.86419677734375,,,,,,,
461,92399,,,0.5083328485488892,0.8346215486526489,0.8346215486526489,0.6566646695137024,1.0021967887878418,0.7492997646331787,0.6284899711608887
462,92449,0.8449344038963318,0.8449344038963318,,,,,,,
462,92499,0.9024962186813354,0.9024962186813354,,,,,,,
462,92549,0.8743500113487244,0.8743500113487244,,,,,,,
462,92599,0.840292751789093,0.840292751789093,,,,,,,
462,92599,,,0.5095726847648621,0.8371448516845703,0.8371448516845703,0.6553535461425781,1.0043058395385742,0.7506207227706909,0.6238030195236206
463,92649,0.8597067594528198,0.8597067594528198,,,,,,,
463,92699,0.8484008312225342,0.8484008312225342,,,,,,,
463,92749,0.8422825336456299,0.8422825336456299,,,,,,,
463,92799,0.8705726861953735,0.8705726861953735,,,,,,,
463,92799,,,0.5144883990287781,0.8435141444206238,0.8435141444206238,0.6592075824737549,1.000744104385376,0.7478556632995605,0.6338949799537659
464,92849,0.8566374778747559,0.8566374778747559,,,,,,,
464,92899,0.9434626698493958,0.9434626698493958,,,,,,,
464,92949,0.7853416204452515,0.7853416204452515,,,,,,,
464,92999,0.9004967212677002,0.9004967212677002,,,,,,,
464,92999,,,0.5093141198158264,0.8356683254241943,0.8356683254241943,0.6568734645843506,1.0097033977508545,0.7481608986854553,0.6194162368774414
465,93049,0.8579680919647217,0.8579680919647217,,,,,,,
465,93099,0.8232317566871643,0.8232317566871643,,,,,,,
465,93149,0.8746819496154785,0.8746819496154785,,,,,,,
465,93199,0.8324006199836731,0.8324006199836731,,,,,,,
465,93199,,,0.5126482248306274,0.8446492552757263,0.8446492552757263,0.655635416507721,1.0067591667175293,0.7468805909156799,0.6206902265548706
466,93249,0.8521438837051392,0.8521438837051392,,,,,,,
466,93299,0.8264198303222656,0.8264198303222656,,,,,,,
466,93349,0.7547634840011597,0.7547634840011597,,,,,,,
466,93399,0.8475610017776489,0.8475610017776489,,,,,,,
466,93399,,,0.5079452991485596,0.8342020511627197,0.8342020511627197,0.6536901593208313,1.0081802606582642,0.7461773157119751,0.6281282305717468
467,93449,0.8640415668487549,0.8640415668487549,,,,,,,
467,93499,0.8129180669784546,0.8129180669784546,,,,,,,
467,93549,0.887736439704895,0.887736439704895,,,,,,,
467,93599,0.7374866604804993,0.7374866604804993,,,,,,,
467,93599,,,0.5073104500770569,0.8492477536201477,0.8492477536201477,0.6588801145553589,1.0010154247283936,0.7531856298446655,0.629260778427124
468,93649,0.8508909940719604,0.8508909940719604,,,,,,,
468,93699,0.857735812664032,0.857735812664032,,,,,,,
468,93749,0.8643126487731934,0.8643126487731934,,,,,,,
468,93799,0.8579588532447815,0.8579588532447815,,,,,,,
468,93799,,,0.512584388256073,0.841026246547699,0.841026246547699,0.6512906551361084,0.9780076742172241,0.7466027140617371,0.6427648067474365
469,93849,0.9098000526428223,0.9098000526428223,,,,,,,
469,93899,0.8300901651382446,0.8300901651382446,,,,,,,
469,93949,0.8752819895744324,0.8752819895744324,,,,,,,
469,93999,0.7497366666793823,0.7497366666793823,,,,,,,
469,93999,,,0.5101773738861084,0.8389058709144592,0.8389058709144592,0.6591302156448364,0.9985620975494385,0.7460324168205261,0.6311478018760681
470,94049,0.7722069025039673,0.7722069025039673,,,,,,,
470,94099,0.865363359451294,0.865363359451294,,,,,,,
470,94149,0.8359766602516174,0.8359766602516174,,,,,,,
470,94199,0.7876454591751099,0.7876454591751099,,,,,,,
470,94199,,,0.5075268149375916,0.8390124440193176,0.8390124440193176,0.6544259786605835,1.0094163417816162,0.7464001178741455,0.6168047189712524
471,94249,0.7677963376045227,0.7677963376045227,,,,,,,
471,94299,0.7975759506225586,0.7975759506225586,,,,,,,
471,94349,0.806505560874939,0.806505560874939,,,,,,,
471,94399,0.9415278434753418,0.9415278434753418,,,,,,,
471,94399,,,0.5113025903701782,0.8441937565803528,0.8441937565803528,0.6500057578086853,1.0195190906524658,0.7483828663825989,0.6173170208930969
472,94449,0.9013462662696838,0.9013462662696838,,,,,,,
472,94499,0.9075503349304199,0.9075503349304199,,,,,,,
472,94549,0.8149067163467407,0.8149067163467407,,,,,,,
472,94599,0.8280937671661377,0.8280937671661377,,,,,,,
472,94599,,,0.5082603096961975,0.8359456062316895,0.8359456062316895,0.6563968658447266,0.9913945198059082,0.7459718585014343,0.6335705518722534
473,94649,0.7305129766464233,0.7305129766464233,,,,,,,
473,94699,0.9423133730888367,0.9423133730888367,,,,,,,
473,94749,0.809066891670227,0.809066891670227,,,,,,,
473,94799,0.7468058466911316,0.7468058466911316,,,,,,,
473,94799,,,0.5126991868019104,0.8516424298286438,0.8516424298286438,0.6537249088287354,1.0022832155227661,0.7485340237617493,0.6297805905342102
474,94849,0.8536961078643799,0.8536961078643799,,,,,,,
474,94899,0.7746238112449646,0.7746238112449646,,,,,,,
474,94949,0.8613448739051819,0.8613448739051819,,,,,,,
474,94999,0.8502212762832642,0.8502212762832642,,,,,,,
474,94999,,,0.5064771175384521,0.8373520374298096,0.8373520374298096,0.652241051197052,1.0029215812683105,0.7500925660133362,0.6241375207901001
475,95049,0.8449078798294067,0.8449078798294067,,,,,,,
475,95099,0.8130462765693665,0.8130462765693665,,,,,,,
475,95149,0.8473016023635864,0.8473016023635864,,,,,,,
475,95199,0.7361746430397034,0.7361746430397034,,,,,,,
475,95199,,,0.5035004615783691,0.8295386433601379,0.8295386433601379,0.6535395979881287,1.0048482418060303,0.7453371286392212,0.6243531703948975
476,95249,0.900972843170166,0.900972843170166,,,,,,,
476,95299,0.8721011281013489,0.8721011281013489,,,,,,,
476,95349,0.8262580633163452,0.8262580633163452,,,,,,,
476,95399,0.8328279852867126,0.8328279852867126,,,,,,,
476,95399,,,0.5080108642578125,0.8416356444358826,0.8416356444358826,0.6585918068885803,1.0149216651916504,0.7498862147331238,0.6124760508537292
477,95449,0.8107605576515198,0.8107605576515198,,,,,,,
477,95499,0.8394861817359924,0.8394861817359924,,,,,,,
477,95549,0.8389952778816223,0.8389952778816223,,,,,,,
477,95599,0.8318009376525879,0.8318009376525879,,,,,,,
477,95599,,,0.5102158784866333,0.8362520933151245,0.8362520933151245,0.6484502553939819,0.9945215582847595,0.7463139295578003,0.6305378675460815
478,95649,0.8628155589103699,0.8628155589103699,,,,,,,
478,95699,0.9118247032165527,0.9118247032165527,,,,,,,
478,95749,0.8046500086784363,0.8046500086784363,,,,,,,
478,95799,0.8376953601837158,0.8376953601837158,,,,,,,
478,95799,,,0.5093294382095337,0.8382819890975952,0.8382819890975952,0.6505565047264099,0.9932748079299927,0.7458072900772095,0.6358556747436523
479,95849,0.8121195435523987,0.8121195435523987,,,,,,,
479,95899,0.8235741853713989,0.8235741853713989,,,,,,,
479,95949,0.9619085788726807,0.9619085788726807,,,,,,,
479,95999,0.8146951794624329,0.8146951794624329,,,,,,,
479,95999,,,0.5100744962692261,0.8360403776168823,0.8360403776168823,0.6520166993141174,0.9898147583007812,0.7483524084091187,0.6311095356941223
480,96049,0.8245998024940491,0.8245998024940491,,,,,,,
480,96099,0.7687380909919739,0.7687380909919739,,,,,,,
480,96149,0.8705288171768188,0.8705288171768188,,,,,,,
480,96199,0.8435770869255066,0.8435770869255066,,,,,,,
480,96199,,,0.5040764808654785,0.8418304324150085,0.8418304324150085,0.6500750780105591,1.0064928531646729,0.7437835335731506,0.6219531297683716
481,96249,0.8378235101699829,0.8378235101699829,,,,,,,
481,96299,0.8983677625656128,0.8983677625656128,,,,,,,
481,96349,0.9589031934738159,0.9589031934738159,,,,,,,
481,96399,0.7712475657463074,0.7712475657463074,,,,,,,
481,96399,,,0.5062186121940613,0.8395463228225708,0.8395463228225708,0.6430289149284363,1.0096186399459839,0.7484643459320068,0.6213997006416321
482,96449,0.812475323677063,0.812475323677063,,,,,,,
482,96499,0.7413192987442017,0.7413192987442017,,,,,,,
482,96549,0.8800643086433411,0.8800643086433411,,,,,,,
482,96599,0.8023344874382019,0.8023344874382019,,,,,,,
482,96599,,,0.5030994415283203,0.8334988355636597,0.8334988355636597,0.6456009745597839,1.0182360410690308,0.7460770010948181,0.6137673258781433
483,96649,0.8406630754470825,0.8406630754470825,,,,,,,
483,96699,0.7849218845367432,0.7849218845367432,,,,,,,
483,96749,0.9326432347297668,0.9326432347297668,,,,,,,
483,96799,0.8783501386642456,0.8783501386642456,,,,,,,
483,96799,,,0.5082889199256897,0.8406784534454346,0.8406784534454346,0.648162841796875,1.008496880531311,0.7460677027702332,0.6275363564491272
484,96849,0.8367490768432617,0.8367490768432617,,,,,,,
484,96899,0.8401212692260742,0.8401212692260742,,,,,,,
484,96949,0.9388307929039001,0.9388307929039001,,,,,,,
484,96999,0.8319407105445862,0.8319407105445862,,,,,,,
484,96999,,,0.5083213448524475,0.83977210521698,0.83977210521698,0.6503672003746033,1.0147504806518555,0.7445712089538574,0.6192164421081543
485,97049,0.9016387462615967,0.9016387462615967,,,,,,,
485,97099,0.7930454015731812,0.7930454015731812,,,,,,,
485,97149,0.8194898962974548,0.8194898962974548,,,,,,,
485,97199,0.8036745190620422,0.8036745190620422,,,,,,,
485,97199,,,0.5073074102401733,0.8420450091362,0.8420450091362,0.651469349861145,1.0146801471710205,0.7471334934234619,0.6239345073699951
486,97249,0.8072883486747742,0.8072883486747742,,,,,,,
486,97299,0.814581573009491,0.814581573009491,,,,,,,
486,97349,0.8017044067382812,0.8017044067382812,,,,,,,
486,97399,0.859368085861206,0.859368085861206,,,,,,,
486,97399,,,0.5045547485351562,0.835777997970581,0.835777997970581,0.65032559633255,0.9989399313926697,0.7486045360565186,0.6281579732894897
487,97449,0.9236751198768616,0.9236751198768616,,,,,,,
487,97499,0.9036986827850342,0.9036986827850342,,,,,,,
487,97549,0.7992751598358154,0.7992751598358154,,,,,,,
487,97599,0.8206421136856079,0.8206421136856079,,,,,,,
487,97599,,,0.5044216513633728,0.8388935923576355,0.8388935923576355,0.6553874015808105,1.0137090682983398,0.7476482391357422,0.620495617389679
488,97649,0.8112701177597046,0.8112701177597046,,,,,,,
488,97699,0.8392331004142761,0.8392331004142761,,,,,,,
488,97749,0.8502324223518372,0.8502324223518372,,,,,,,
488,97799,0.9191997051239014,0.9191997051239014,,,,,,,
488,97799,,,0.5025257468223572,0.8364575505256653,0.8364575505256653,0.6547085046768188,1.0167629718780518,0.7476798295974731,0.6098571419715881
489,97849,0.8275070190429688,0.8275070190429688,,,,,,,
489,97899,0.8664772510528564,0.8664772510528564,,,,,,,
489,97949,0.7666057348251343,0.7666057348251343,,,,,,,
489,97999,0.8721173405647278,0.8721173405647278,,,,,,,
489,97999,,,0.5078293085098267,0.8441978693008423,0.8441978693008423,0.6546419858932495,1.0020980834960938,0.750089168548584,0.6351304650306702
490,98049,0.8269651532173157,0.8269651532173157,,,,,,,
490,98099,0.848310112953186,0.848310112953186,,,,,,,
490,98149,0.8736251592636108,0.8736251592636108,,,,,,,
490,98199,0.8990615010261536,0.8990615010261536,,,,,,,
490,98199,,,0.507007896900177,0.8344103097915649,0.8344103097915649,0.6491241455078125,1.0011039972305298,0.75031977891922,0.6255691051483154
491,98249,0.8456668257713318,0.8456668257713318,,,,,,,
491,98299,0.8399368524551392,0.8399368524551392,,,,,,,
491,98349,0.7717421054840088,0.7717421054840088,,,,,,,
491,98399,0.880431592464447,0.880431592464447,,,,,,,
491,98399,,,0.5045554637908936,0.8314746618270874,0.8314746618270874,0.6572771668434143,0.9874314069747925,0.7539317607879639,0.625171422958374
492,98449,0.8447521328926086,0.8447521328926086,,,,,,,
492,98499,0.8661555647850037,0.8661555647850037,,,,,,,
492,98549,0.8255573511123657,0.8255573511123657,,,,,,,
492,98599,0.8667178750038147,0.8667178750038147,,,,,,,
492,98599,,,0.5118234753608704,0.8420816659927368,0.8420816659927368,0.6589256525039673,1.0067418813705444,0.7492545247077942,0.6221230626106262
493,98649,0.8319320678710938,0.8319320678710938,,,,,,,
493,98699,0.8572227954864502,0.8572227954864502,,,,,,,
493,98749,0.8472957015037537,0.8472957015037537,,,,,,,
493,98799,0.8730399012565613,0.8730399012565613,,,,,,,
493,98799,,,0.5047275424003601,0.8357329964637756,0.8357329964637756,0.648808479309082,1.0127639770507812,0.7509167194366455,0.619001567363739
494,98849,0.8522652387619019,0.8522652387619019,,,,,,,
494,98899,0.783649742603302,0.783649742603302,,,,,,,
494,98949,0.8245325684547424,0.8245325684547424,,,,,,,
494,98999,0.9128244519233704,0.9128244519233704,,,,,,,
494,98999,,,0.5023236274719238,0.82695472240448,0.82695472240448,0.6494645476341248,0.9973609447479248,0.7431067824363708,0.6290278434753418
495,99049,0.815772294998169,0.815772294998169,,,,,,,
495,99099,0.7554873824119568,0.7554873824119568,,,,,,,
495,99149,0.7417438626289368,0.7417438626289368,,,,,,,
495,99199,0.8471232056617737,0.8471232056617737,,,,,,,
495,99199,,,0.5107309222221375,0.8397276997566223,0.8397276997566223,0.6569164395332336,1.0035325288772583,0.7506546378135681,0.6360781788825989
496,99249,0.8486495018005371,0.8486495018005371,,,,,,,
496,99299,0.7554029822349548,0.7554029822349548,,,,,,,
496,99349,0.8433636426925659,0.8433636426925659,,,,,,,
496,99399,0.9642613530158997,0.9642613530158997,,,,,,,
496,99399,,,0.5066633820533752,0.835210382938385,0.835210382938385,0.6492260098457336,1.0059846639633179,0.7483879327774048,0.6288765668869019
497,99449,0.7555602788925171,0.7555602788925171,,,,,,,
497,99499,0.9066081643104553,0.9066081643104553,,,,,,,
497,99549,0.7737635970115662,0.7737635970115662,,,,,,,
497,99599,0.8617022633552551,0.8617022633552551,,,,,,,
497,99599,,,0.5078039169311523,0.8295601010322571,0.8295601010322571,0.6494495868682861,0.9923523664474487,0.7493099570274353,0.627056896686554
498,99649,0.7838373780250549,0.7838373780250549,,,,,,,
498,99699,0.8989859819412231,0.8989859819412231,,,,,,,
498,99749,0.7632096409797668,0.7632096409797668,,,,,,,
498,99799,0.8537850379943848,0.8537850379943848,,,,,,,
498,99799,,,0.5082280039787292,0.8380082249641418,0.8380082249641418,0.6553384065628052,0.9905433654785156,0.7511572241783142,0.6388506889343262
499,99849,0.8869010806083679,0.8869010806083679,,,,,,,
499,99899,0.8720686435699463,0.8720686435699463,,,,,,,
499,99949,0.8195053339004517,0.8195053339004517,,,,,,,
499,99999,0.8075527548789978,0.8075527548789978,,,,,,,
499,99999,,,0.5080869793891907,0.8313824534416199,0.8313824534416199,0.6495276093482971,0.993691623210907,0.7482852339744568,0.6313980221748352
500,100049,0.8632780909538269,0.8632780909538269,,,,,,,
500,100099,0.8365974426269531,0.8365974426269531,,,,,,,
500,100149,0.7350285053253174,0.7350285053253174,,,,,,,
500,100199,0.7904316186904907,0.7904316186904907,,,,,,,
500,100199,,,0.5048869848251343,0.8413951396942139,0.8413951396942139,0.6574680209159851,1.018393874168396,0.7491117119789124,0.6258005499839783
501,100249,0.8770862817764282,0.8770862817764282,,,,,,,
501,100299,0.8881961703300476,0.8881961703300476,,,,,,,
501,100349,0.7838722467422485,0.7838722467422485,,,,,,,
501,100399,0.7751500010490417,0.7751500010490417,,,,,,,
501,100399,,,0.4991775453090668,0.8263115286827087,0.8263115286827087,0.651744544506073,1.0155199766159058,0.749424397945404,0.6109464764595032
502,100449,0.8279163837432861,0.8279163837432861,,,,,,,
502,100499,0.9099459052085876,0.9099459052085876,,,,,,,
502,100549,0.8497746586799622,0.8497746586799622,,,,,,,
502,100599,0.7840542793273926,0.7840542793273926,,,,,,,
502,100599,,,0.5033820271492004,0.829328715801239,0.829328715801239,0.6497004628181458,0.9980385899543762,0.7458075881004333,0.6298568248748779
503,100649,0.8246479034423828,0.8246479034423828,,,,,,,
503,100699,0.7582337260246277,0.7582337260246277,,,,,,,
503,100749,0.810955286026001,0.810955286026001,,,,,,,
503,100799,0.9269053936004639,0.9269053936004639,,,,,,,
503,100799,,,0.5060703158378601,0.8368220925331116,0.8368220925331116,0.6433037519454956,1.00229012966156,0.7477559447288513,0.6216243505477905
504,100849,0.8333339691162109,0.8333339691162109,,,,,,,
504,100899,0.8100157976150513,0.8100157976150513,,,,,,,
504,100949,0.8616271615028381,0.8616271615028381,,,,,,,
504,100999,0.89710533618927,0.89710533618927,,,,,,,
504,100999,,,0.49729856848716736,0.8365972638130188,0.8365972638130188,0.6489551067352295,1.031275749206543,0.7463576197624207,0.605518639087677
505,101049,0.847806453704834,0.847806453704834,,,,,,,
505,101099,0.8542053699493408,0.8542053699493408,,,,,,,
505,101149,0.8415258526802063,0.8415258526802063,,,,,,,
505,101199,0.8806073069572449,0.8806073069572449,,,,,,,
505,101199,,,0.49969375133514404,0.8336761593818665,0.8336761593818665,0.6470913887023926,1.0033499002456665,0.7472209334373474,0.6235200762748718
506,101249,0.8721786737442017,0.8721786737442017,,,,,,,
506,101299,0.9543576240539551,0.9543576240539551,,,,,,,
506,101349,0.7993196845054626,0.7993196845054626,,,,,,,
506,101399,0.8292800188064575,0.8292800188064575,,,,,,,
506,101399,,,0.49851563572883606,0.8266974091529846,0.8266974091529846,0.6452597379684448,0.9993478655815125,0.7480878233909607,0.6271244287490845
507,101449,0.7923662662506104,0.7923662662506104,,,,,,,
507,101499,0.7802136540412903,0.7802136540412903,,,,,,,
507,101549,0.8761954307556152,0.8761954307556152,,,,,,,
507,101599,0.870864748954773,0.870864748954773,,,,,,,
507,101599,,,0.5004290342330933,0.8275935649871826,0.8275935649871826,0.652072012424469,1.007226586341858,0.7461267113685608,0.6233537793159485
508,101649,0.8526409268379211,0.8526409268379211,,,,,,,
508,101699,0.8441817164421082,0.8441817164421082,,,,,,,
508,101749,0.8285008072853088,0.8285008072853088,,,,,,,
508,101799,0.7467250227928162,0.7467250227928162,,,,,,,
508,101799,,,0.5116491913795471,0.8270435333251953,0.8270435333251953,0.6548317670822144,0.9911265969276428,0.7465689182281494,0.635871946811676
509,101849,0.8480004072189331,0.8480004072189331,,,,,,,
509,101899,0.796895444393158,0.796895444393158,,,,,,,
509,101949,0.8332526087760925,0.8332526087760925,,,,,,,
509,101999,0.8743605613708496,0.8743605613708496,,,,,,,
509,101999,,,0.5062735676765442,0.8342910408973694,0.8342910408973694,0.6513882875442505,1.0060209035873413,0.7468493580818176,0.6213094592094421
510,102049,0.9284189343452454,0.9284189343452454,,,,,,,
510,102099,0.7744945883750916,0.7744945883750916,,,,,,,
510,102149,0.7686912417411804,0.7686912417411804,,,,,,,
510,102199,0.8782432079315186,0.8782432079315186,,,,,,,
510,102199,,,0.5004794001579285,0.8233815431594849,0.8233815431594849,0.6410395503044128,0.993685245513916,0.7441509366035461,0.6253281831741333
511,102249,0.7582240104675293,0.7582240104675293,,,,,,,
511,102299,0.9002365469932556,0.9002365469932556,,,,,,,
511,102349,0.8328570127487183,0.8328570127487183,,,,,,,
511,102399,0.7325255870819092,0.7325255870819092,,,,,,,
511,102399,,,0.5000368356704712,0.8329839706420898,0.8329839706420898,0.6542790532112122,1.0280429124832153,0.7488969564437866,0.6100977659225464
512,102449,0.8234500288963318,0.8234500288963318,,,,,,,
512,102499,0.9196312427520752,0.9196312427520752,,,,,,,
512,102549,0.6880491971969604,0.6880491971969604,,,,,,,
512,102599,0.7487815618515015,0.7487815618515015,,,,,,,
512,102599,,,0.5057490468025208,0.8391315340995789,0.8391315340995789,0.6532253623008728,1.0047866106033325,0.7527565956115723,0.6259574890136719
513,102649,0.8563244342803955,0.8563244342803955,,,,,,,
513,102699,0.8721067905426025,0.8721067905426025,,,,,,,
513,102749,0.8056113123893738,0.8056113123893738,,,,,,,
513,102799,0.824682891368866,0.824682891368866,,,,,,,
513,102799,,,0.5021461844444275,0.8290135860443115,0.8290135860443115,0.6530590057373047,1.008941888809204,0.7446575164794922,0.61695796251297
514,102849,0.7292278409004211,0.7292278409004211,,,,,,,
514,102899,0.8694637417793274,0.8694637417793274,,,,,,,
514,102949,0.7164271473884583,0.7164271473884583,,,,,,,
514,102999,0.8548979163169861,0.8548979163169861,,,,,,,
514,102999,,,0.4966239631175995,0.8268705010414124,0.8268705010414124,0.645190954208374,1.0113599300384521,0.7445598840713501,0.6049426794052124
515,103049,0.8319671154022217,0.8319671154022217,,,,,,,
515,103099,0.8880172967910767,0.8880172967910767,,,,,,,
515,103149,0.802036702632904,0.802036702632904,,,,,,,
515,103199,0.8167403936386108,0.8167403936386108,,,,,,,
515,103199,,,0.4998700022697449,0.8298120498657227,0.8298120498657227,0.6495243310928345,1.0115219354629517,0.7486007213592529,0.6132416129112244
516,103249,0.8931849598884583,0.8931849598884583,,,,,,,
516,103299,0.8121781349182129,0.8121781349182129,,,,,,,
516,103349,0.8155460357666016,0.8155460357666016,,,,,,,
516,103399,0.8508269786834717,0.8508269786834717,,,,,,,
516,103399,,,0.5040619373321533,0.8366144299507141,0.8366144299507141,0.6663146018981934,1.0149590969085693,0.7497739195823669,0.6209738254547119
517,103449,0.950406551361084,0.950406551361084,,,,,,,
517,103499,0.9042046070098877,0.9042046070098877,,,,,,,
517,103549,0.780300498008728,0.780300498008728,,,,,,,
517,103599,0.8338388800621033,0.8338388800621033,,,,,,,
517,103599,,,0.4990633428096771,0.8228800296783447,0.8228800296783447,0.6457581520080566,1.0090632438659668,0.7457100749015808,0.6178671717643738
518,103649,0.8179205656051636,0.8179205656051636,,,,,,,
518,103699,0.787574052810669,0.787574052810669,,,,,,,
518,103749,0.823445200920105,0.823445200920105,,,,,,,
518,103799,0.8737667202949524,0.8737667202949524,,,,,,,
518,103799,,,0.4906560778617859,0.8315756320953369,0.8315756320953369,0.6514885425567627,1.0245411396026611,0.74603271484375,0.6035122275352478
519,103849,0.8632676005363464,0.8632676005363464,,,,,,,
519,103899,0.7879077196121216,0.7879077196121216,,,,,,,
519,103949,0.8651217222213745,0.8651217222213745,,,,,,,
519,103999,0.9014567136764526,0.9014567136764526,,,,,,,
519,103999,,,0.4972040057182312,0.8306421637535095,0.8306421637535095,0.6409032344818115,1.012272834777832,0.7449390292167664,0.6158183217048645
520,104049,0.8548048734664917,0.8548048734664917,,,,,,,
520,104099,0.8435651063919067,0.8435651063919067,,,,,,,
520,104149,0.7824814915657043,0.7824814915657043,,,,,,,
520,104199,0.8200382590293884,0.8200382590293884,,,,,,,
520,104199,,,0.49853429198265076,0.8238903284072876,0.8238903284072876,0.646512508392334,1.0188579559326172,0.7462617754936218,0.6156747937202454
521,104249,0.9114603400230408,0.9114603400230408,,,,,,,
521,104299,0.848259687423706,0.848259687423706,,,,,,,
521,104349,0.9332660436630249,0.9332660436630249,,,,,,,
521,104399,0.8565561771392822,0.8565561771392822,,,,,,,
521,104399,,,0.5025961995124817,0.8248424530029297,0.8248424530029297,0.6474846005439758,1.0031169652938843,0.7414079904556274,0.6144635081291199
522,104449,0.799885094165802,0.799885094165802,,,,,,,
522,104499,0.8622334599494934,0.8622334599494934,,,,,,,
522,104549,0.86661297082901,0.86661297082901,,,,,,,
522,104599,0.8547918796539307,0.8547918796539307,,,,,,,
522,104599,,,0.500636875629425,0.8227218985557556,0.8227218985557556,0.6593574285507202,0.9921888709068298,0.7456835508346558,0.6370681524276733
523,104649,0.8417038917541504,0.8417038917541504,,,,,,,
523,104699,0.8241575956344604,0.8241575956344604,,,,,,,
523,104749,0.8466089367866516,0.8466089367866516,,,,,,,
523,104799,0.8534029126167297,0.8534029126167297,,,,,,,
523,104799,,,0.498272567987442,0.8183491826057434,0.8183491826057434,0.6523997783660889,0.9944049119949341,0.74577796459198,0.6266773343086243
524,104849,0.8703897595405579,0.8703897595405579,,,,,,,
524,104899,0.8457499742507935,0.8457499742507935,,,,,,,
524,104949,0.8609974980354309,0.8609974980354309,,,,,,,
524,104999,0.8419647216796875,0.8419647216796875,,,,,,,
524,104999,,,0.4984527826309204,0.8272340893745422,0.8272340893745422,0.6499295234680176,1.0130627155303955,0.7463722825050354,0.6107533574104309
525,105049,0.8502438068389893,0.8502438068389893,,,,,,,
525,105099,0.8197582364082336,0.8197582364082336,,,,,,,
525,105149,0.843169093132019,0.843169093132019,,,,,,,
525,105199,0.7151669859886169,0.7151669859886169,,,,,,,
525,105199,,,0.5034210085868835,0.8222328424453735,0.8222328424453735,0.6485913991928101,0.9864072799682617,0.7486299276351929,0.6318310499191284
526,105249,0.8627536296844482,0.8627536296844482,,,,,,,
526,105299,0.8012101054191589,0.8012101054191589,,,,,,,
526,105349,0.7159689664840698,0.7159689664840698,,,,,,,
526,105399,0.851405680179596,0.851405680179596,,,,,,,
526,105399,,,0.49519458413124084,0.8267544507980347,0.8267544507980347,0.6457152962684631,1.0213451385498047,0.7479455471038818,0.6139785051345825
527,105449,0.8164072632789612,0.8164072632789612,,,,,,,
527,105499,0.8585497140884399,0.8585497140884399,,,,,,,
527,105549,0.7653650641441345,0.7653650641441345,,,,,,,
527,105599,0.8909803628921509,0.8909803628921509,,,,,,,
527,105599,,,0.501767098903656,0.8300492167472839,0.8300492167472839,0.6500527858734131,1.0085463523864746,0.7465456128120422,0.6205782294273376
528,105649,0.7760874629020691,0.7760874629020691,,,,,,,
528,105699,0.8325284123420715,0.8325284123420715,,,,,,,
528,105749,0.7890934348106384,0.7890934348106384,,,,,,,
528,105799,0.7636475563049316,0.7636475563049316,,,,,,,
528,105799,,,0.4953742027282715,0.8226096630096436,0.8226096630096436,0.647575318813324,1.008965015411377,0.746663510799408,0.6168676614761353
529,105849,0.847440242767334,0.847440242767334,,,,,,,
529,105899,0.8368679881095886,0.8368679881095886,,,,,,,
529,105949,0.8170202374458313,0.8170202374458313,,,,,,,
529,105999,0.8153514862060547,0.8153514862060547,,,,,,,
529,105999,,,0.49504294991493225,0.8192567229270935,0.8192567229270935,0.6453606486320496,1.009365200996399,0.7451618313789368,0.6095224022865295
530,106049,0.7611150741577148,0.7611150741577148,,,,,,,
530,106099,0.887575089931488,0.887575089931488,,,,,,,
530,106149,0.9318552017211914,0.9318552017211914,,,,,,,
530,106199,0.8492027521133423,0.8492027521133423,,,,,,,
530,106199,,,0.4941383898258209,0.8187621235847473,0.8187621235847473,0.6467114090919495,1.0175994634628296,0.743497371673584,0.6112383604049683
531,106249,0.8364772200584412,0.8364772200584412,,,,,,,
531,106299,0.8554999828338623,0.8554999828338623,,,,,,,
531,106349,0.7486338019371033,0.7486338019371033,,,,,,,
531,106399,0.8522692322731018,0.8522692322731018,,,,,,,
531,106399,,,0.49484482407569885,0.8310406804084778,0.8310406804084778,0.6438931822776794,1.009705662727356,0.7455365061759949,0.616962730884552
532,106449,0.8530705571174622,0.8530705571174622,,,,,,,
532,106499,0.8065345883369446,0.8065345883369446,,,,,,,
532,106549,0.8875520825386047,0.8875520825386047,,,,,,,
532,106599,0.8067449927330017,0.8067449927330017,,,,,,,
532,106599,,,0.49515560269355774,0.8245465755462646,0.8245465755462646,0.6421953439712524,0.9952627420425415,0.7431507706642151,0.6264798641204834
533,106649,0.8584418296813965,0.8584418296813965,,,,,,,
533,106699,0.7578882575035095,0.7578882575035095,,,,,,,
533,106749,0.8338723182678223,0.8338723182678223,,,,,,,
533,106799,0.8076149225234985,0.8076149225234985,,,,,,,
533,106799,,,0.4995799958705902,0.8250157833099365,0.8250157833099365,0.6463003754615784,1.0070712566375732,0.748706042766571,0.6201266646385193
534,106849,0.8151324987411499,0.8151324987411499,,,,,,,
534,106899,0.7894120216369629,0.7894120216369629,,,,,,,
534,106949,0.7876967191696167,0.7876967191696167,,,,,,,
534,106999,0.8208863139152527,0.8208863139152527,,,,,,,
534,106999,,,0.4942948520183563,0.8186038136482239,0.8186038136482239,0.6480283737182617,1.0103987455368042,0.7454926371574402,0.6170641779899597
535,107049,0.7239245772361755,0.7239245772361755,,,,,,,
535,107099,0.7320961356163025,0.7320961356163025,,,,,,,
535,107149,0.8023884892463684,0.8023884892463684,,,,,,,
535,107199,0.8706177473068237,0.8706177473068237,,,,,,,
535,107199,,,0.4903315603733063,0.8169044852256775,0.8169044852256775,0.6432517170906067,1.0106936693191528,0.7451063990592957,0.6162983775138855
536,107249,0.8367882966995239,0.8367882966995239,,,,,,,
536,107299,0.7804833650588989,0.7804833650588989,,,,,,,
536,107349,0.832258939743042,0.832258939743042,,,,,,,
536,107399,0.7784587144851685,0.7784587144851685,,,,,,,
536,107399,,,0.5021668076515198,0.8258687853813171,0.8258687853813171,0.6456712484359741,1.0158201456069946,0.7425389885902405,0.6177512407302856
537,107449,0.7594173550605774,0.7594173550605774,,,,,,,
537,107499,0.7665489912033081,0.7665489912033081,,,,,,,
537,107549,0.8440213203430176,0.8440213203430176,,,,,,,
537,107599,0.7855429649353027,0.7855429649353027,,,,,,,
537,107599,,,0.49073123931884766,0.8181697130203247,0.8181697130203247,0.6430185437202454,0.9962480664253235,0.7413468956947327,0.6194974184036255
538,107649,0.7786908149719238,0.7786908149719238,,,,,,,
538,107699,0.8362892866134644,0.8362892866134644,,,,,,,
538,107749,0.9117845892906189,0.9117845892906189,,,,,,,
538,107799,0.8554480075836182,0.8554480075836182,,,,,,,
538,107799,,,0.4990372061729431,0.8267795443534851,0.8267795443534851,0.6577051877975464,1.0084681510925293,0.7496384382247925,0.6230275630950928
539,107849,0.844015896320343,0.844015896320343,,,,,,,
539,107899,0.8048956394195557,0.8048956394195557,,,,,,,
539,107949,0.9664890170097351,0.9664890170097351,,,,,,,
539,107999,0.902025043964386,0.902025043964386,,,,,,,
539,107999,,,0.4932786226272583,0.8192522525787354,0.8192522525787354,0.6440359950065613,0.9913274645805359,0.7424389123916626,0.6294994354248047
540,108049,0.7799444198608398,0.7799444198608398,,,,,,,
540,108099,0.8391848206520081,0.8391848206520081,,,,,,,
540,108149,0.8179123401641846,0.8179123401641846,,,,,,,
540,108199,0.7482035160064697,0.7482035160064697,,,,,,,
540,108199,,,0.4902022182941437,0.818533718585968,0.818533718585968,0.6511703133583069,0.9989358186721802,0.7436085343360901,0.6193159818649292
541,108249,0.8594602942466736,0.8594602942466736,,,,,,,
541,108299,0.8870254755020142,0.8870254755020142,,,,,,,
541,108349,0.71083003282547,0.71083003282547,,,,,,,
541,108399,0.8074320554733276,0.8074320554733276,,,,,,,
541,108399,,,0.48719191551208496,0.8208524584770203,0.8208524584770203,0.6508317589759827,1.026172161102295,0.7461053133010864,0.6035927534103394
542,108449,0.8199679851531982,0.8199679851531982,,,,,,,
542,108499,0.7780842185020447,0.7780842185020447,,,,,,,
542,108549,0.803413450717926,0.803413450717926,,,,,,,
542,108599,0.9052611589431763,0.9052611589431763,,,,,,,
542,108599,,,0.4978176951408386,0.8228906393051147,0.8228906393051147,0.6386709213256836,0.9989346265792847,0.7402739524841309,0.6248382329940796
543,108649,0.7963188886642456,0.7963188886642456,,,,,,,
543,108699,0.8669413328170776,0.8669413328170776,,,,,,,
543,108749,0.8034414649009705,0.8034414649009705,,,,,,,
543,108799,0.9932102560997009,0.9932102560997009,,,,,,,
543,108799,,,0.501939058303833,0.8265777230262756,0.8265777230262756,0.641556978225708,0.9957613348960876,0.7460548281669617,0.6286265850067139
544,108849,0.777415931224823,0.777415931224823,,,,,,,
544,108899,0.810848593711853,0.810848593711853,,,,,,,
544,108949,0.8182159662246704,0.8182159662246704,,,,,,,
544,108999,0.8384456634521484,0.8384456634521484,,,,,,,
544,108999,,,0.4892386198043823,0.818924069404602,0.818924069404602,0.6426011919975281,1.0063059329986572,0.7417183518409729,0.6068716049194336
545,109049,0.8097646832466125,0.8097646832466125,,,,,,,
545,109099,0.8100159168243408,0.8100159168243408,,,,,,,
545,109149,0.9092479944229126,0.9092479944229126,,,,,,,
545,109199,0.8296626210212708,0.8296626210212708,,,,,,,
545,109199,,,0.5023705959320068,0.8240082859992981,0.8240082859992981,0.6567331552505493,1.0157257318496704,0.7479738593101501,0.6182841062545776
546,109249,0.7272127270698547,0.7272127270698547,,,,,,,
546,109299,0.7453133463859558,0.7453133463859558,,,,,,,
546,109349,0.8568277955055237,0.8568277955055237,,,,,,,
546,109399,0.7087974548339844,0.7087974548339844,,,,,,,
546,109399,,,0.4954403340816498,0.8193583488464355,0.8193583488464355,0.6484410762786865,1.0080698728561401,0.7429988980293274,0.6129621267318726
547,109449,0.7454479932785034,0.7454479932785034,,,,,,,
547,109499,0.7667191624641418,0.7667191624641418,,,,,,,
547,109549,0.756933867931366,0.756933867931366,,,,,,,
547,109599,0.7449829578399658,0.7449829578399658,,,,,,,
547,109599,,,0.4929690361022949,0.8149644732475281,0.8149644732475281,0.6404330134391785,1.0075020790100098,0.7460881471633911,0.6164880990982056
548,109649,0.7749453186988831,0.7749453186988831,,,,,,,
548,109699,0.8674578666687012,0.8674578666687012,,,,,,,
548,109749,0.7166458368301392,0.7166458368301392,,,,,,,
548,109799,0.8342573642730713,0.8342573642730713,,,,,,,
548,109799,,,0.4912872016429901,0.819438636302948,0.819438636302948,0.6435754895210266,1.021010398864746,0.7445045709609985,0.6026440858840942
549,109849,0.7856997847557068,0.7856997847557068,,,,,,,
549,109899,0.8239870667457581,0.8239870667457581,,,,,,,
549,109949,0.8233759999275208,0.8233759999275208,,,,,,,
549,109999,0.8301132321357727,0.8301132321357727,,,,,,,
549,109999,,,0.49001580476760864,0.8162606954574585,0.8162606954574585,0.6447926759719849,1.0026887655258179,0.7409254908561707,0.6179652214050293
550,110049,0.8422215580940247,0.8422215580940247,,,,,,,
550,110099,0.8504525423049927,0.8504525423049927,,,,,,,
550,110149,0.8921253085136414,0.8921253085136414,,,,,,,
550,110199,0.8058891296386719,0.8058891296386719,,,,,,,
550,110199,,,0.4973635673522949,0.8178662061691284,0.8178662061691284,0.6422474980354309,1.0002450942993164,0.7424987554550171,0.6199460625648499
551,110249,0.7996811866760254,0.7996811866760254,,,,,,,
551,110299,0.83186274766922,0.83186274766922,,,,,,,
551,110349,0.7717972993850708,0.7717972993850708,,,,,,,
551,110399,0.9040153622627258,0.9040153622627258,,,,,,,
551,110399,,,0.49495330452919006,0.8153515458106995,0.8153515458106995,0.6524479985237122,0.9919655323028564,0.7460752129554749,0.6259475946426392
552,110449,0.7503430247306824,0.7503430247306824,,,,,,,
552,110499,0.8675951361656189,0.8675951361656189,,,,,,,
552,110549,0.9108526706695557,0.9108526706695557,,,,,,,
552,110599,0.7494285106658936,0.7494285106658936,,,,,,,
552,110599,,,0.5001760125160217,0.8121275901794434,0.8121275901794434,0.6452069878578186,0.9912170171737671,0.7441433072090149,0.627119243144989
553,110649,0.782151997089386,0.782151997089386,,,,,,,
553,110699,0.9265633821487427,0.9265633821487427,,,,,,,
553,110749,0.7539339661598206,0.7539339661598206,,,,,,,
553,110799,0.8588179349899292,0.8588179349899292,,,,,,,
553,110799,,,0.49525174498558044,0.8114005923271179,0.8114005923271179,0.6413906812667847,0.9866241812705994,0.7412797212600708,0.6291387677192688
554,110849,0.847489058971405,0.847489058971405,,,,,,,
554,110899,0.7592929601669312,0.7592929601669312,,,,,,,
554,110949,0.7926703691482544,0.7926703691482544,,,,,,,
554,110999,0.7607345581054688,0.7607345581054688,,,,,,,
554,110999,,,0.4907296895980835,0.8119199275970459,0.8119199275970459,0.6415349841117859,1.0063598155975342,0.7427700161933899,0.6099566221237183
555,111049,0.835928738117218,0.835928738117218,,,,,,,
555,111099,0.8581839799880981,0.8581839799880981,,,,,,,
555,111149,0.8686497807502747,0.8686497807502747,,,,,,,
555,111199,0.7943875193595886,0.7943875193595886,,,,,,,
555,111199,,,0.49118515849113464,0.8089994192123413,0.8089994192123413,0.643751323223114,1.0140032768249512,0.7440493702888489,0.6118502020835876
556,111249,0.8302552103996277,0.8302552103996277,,,,,,,
556,111299,0.7839430570602417,0.7839430570602417,,,,,,,
556,111349,0.788546621799469,0.788546621799469,,,,,,,
556,111399,0.7897357940673828,0.7897357940673828,,,,,,,
556,111399,,,0.48659053444862366,0.8102892637252808,0.8102892637252808,0.6380426287651062,0.995495617389679,0.7409222722053528,0.62530916929245
557,111449,0.804017961025238,0.804017961025238,,,,,,,
557,111499,0.8504838943481445,0.8504838943481445,,,,,,,
557,111549,0.8144453763961792,0.8144453763961792,,,,,,,
557,111599,0.8064155578613281,0.8064155578613281,,,,,,,
557,111599,,,0.49007362127304077,0.8223876953125,0.8223876953125,0.6472848653793335,1.0158615112304688,0.7482615113258362,0.6219989657402039
558,111649,0.7678114175796509,0.7678114175796509,,,,,,,
558,111699,0.8354308605194092,0.8354308605194092,,,,,,,
558,111749,0.8899630308151245,0.8899630308151245,,,,,,,
558,111799,0.8488419055938721,0.8488419055938721,,,,,,,
558,111799,,,0.49522730708122253,0.8131672143936157,0.8131672143936157,0.6457893252372742,1.0068663358688354,0.742676854133606,0.6158254146575928
559,111849,0.8935322761535645,0.8935322761535645,,,,,,,
559,111899,0.8043764233589172,0.8043764233589172,,,,,,,
559,111949,0.9518781900405884,0.9518781900405884,,,,,,,
559,111999,0.8753348588943481,0.8753348588943481,,,,,,,
559,111999,,,0.4948517084121704,0.8152267932891846,0.8152267932891846,0.6474668979644775,1.0091363191604614,0.7493230104446411,0.6164044737815857
560,112049,0.8220106363296509,0.8220106363296509,,,,,,,
560,112099,0.8837714195251465,0.8837714195251465,,,,,,,
560,112149,0.7251794934272766,0.7251794934272766,,,,,,,
560,112199,0.7993205189704895,0.7993205189704895,,,,,,,
560,112199,,,0.4892006814479828,0.8104811906814575,0.8104811906814575,0.6443150043487549,1.0078845024108887,0.7457103133201599,0.6216546297073364
561,112249,0.8960920572280884,0.8960920572280884,,,,,,,
561,112299,0.8358744382858276,0.8358744382858276,,,,,,,
561,112349,0.8868194818496704,0.8868194818496704,,,,,,,
561,112399,0.8041452765464783,0.8041452765464783,,,,,,,
561,112399,,,0.4926125705242157,0.8073353171348572,0.8073353171348572,0.6418761610984802,0.9963641166687012,0.74088454246521,0.6215113401412964
562,112449,0.8354857563972473,0.8354857563972473,,,,,,,
562,112499,0.7929196357727051,0.7929196357727051,,,,,,,
562,112549,0.8494467735290527,0.8494467735290527,,,,,,,
562,112599,0.773832380771637,0.773832380771637,,,,,,,
562,112599,,,0.4940539002418518,0.8082011938095093,0.8082011938095093,0.6446334719657898,0.9969215989112854,0.7406150102615356,0.6239312887191772
563,112649,0.7680233716964722,0.7680233716964722,,,,,,,
563,112699,0.765403687953949,0.765403687953949,,,,,,,
563,112749,0.7527335286140442,0.7527335286140442,,,,,,,
563,112799,0.8281542658805847,0.8281542658805847,,,,,,,
563,112799,,,0.49230942130088806,0.8116485476493835,0.8116485476493835,0.6403263211250305,1.0049002170562744,0.7435656189918518,0.6175541281700134
564,112849,0.6911693215370178,0.6911693215370178,,,,,,,
564,112899,0.8786233067512512,0.8786233067512512,,,,,,,
564,112949,0.7870081067085266,0.7870081067085266,,,,,,,
564,112999,0.7993869185447693,0.7993869185447693,,,,,,,
564,112999,,,0.494550883769989,0.8165643811225891,0.8165643811225891,0.6413261890411377,1.0208079814910889,0.7412891983985901,0.6109834313392639
565,113049,0.8400543332099915,0.8400543332099915,,,,,,,
565,113099,0.7450827360153198,0.7450827360153198,,,,,,,
565,113149,0.8647076487541199,0.8647076487541199,,,,,,,
565,113199,0.8680461049079895,0.8680461049079895,,,,,,,
565,113199,,,0.4900333881378174,0.8066170811653137,0.8066170811653137,0.6418079733848572,1.004007339477539,0.7418646812438965,0.6102202534675598
566,113249,0.7641880512237549,0.7641880512237549,,,,,,,
566,113299,0.8376445770263672,0.8376445770263672,,,,,,,
566,113349,0.7946380376815796,0.7946380376815796,,,,,,,
566,113399,0.8362966775894165,0.8362966775894165,,,,,,,
566,113399,,,0.4954040050506592,0.8216883540153503,0.8216883540153503,0.6458284854888916,1.001438856124878,0.7415807843208313,0.6210389733314514
567,113449,0.8254510164260864,0.8254510164260864,,,,,,,
567,113499,0.814540684223175,0.814540684223175,,,,,,,
567,113549,0.840897262096405,0.840897262096405,,,,,,,
567,113599,0.7896451950073242,0.7896451950073242,,,,,,,
567,113599,,,0.4839542508125305,0.8089056611061096,0.8089056611061096,0.6423101425170898,1.0171973705291748,0.7416835427284241,0.6064339876174927
568,113649,0.7961824536323547,0.7961824536323547,,,,,,,
568,113699,0.8147953152656555,0.8147953152656555,,,,,,,
568,113749,0.7909190058708191,0.7909190058708191,,,,,,,
568,113799,0.8321269750595093,0.8321269750595093,,,,,,,
568,113799,,,0.4874972701072693,0.8130044341087341,0.8130044341087341,0.6428625583648682,1.0091784000396729,0.7404873371124268,0.6141347289085388
569,113849,0.7700521945953369,0.7700521945953369,,,,,,,
569,113899,0.8229073286056519,0.8229073286056519,,,,,,,
569,113949,0.8042922019958496,0.8042922019958496,,,,,,,
569,113999,0.8678386211395264,0.8678386211395264,,,,,,,
569,113999,,,0.49325138330459595,0.8103426694869995,0.8103426694869995,0.6413309574127197,0.9987050890922546,0.7434649467468262,0.6206604242324829
570,114049,0.8023267984390259,0.8023267984390259,,,,,,,
570,114099,0.7685194611549377,0.7685194611549377,,,,,,,
570,114149,0.7731026411056519,0.7731026411056519,,,,,,,
570,114199,0.773375928401947,0.773375928401947,,,,,,,
570,114199,,,0.4876600205898285,0.8093982338905334,0.8093982338905334,0.6489667296409607,1.0000660419464111,0.7445154786109924,0.6179423928260803
571,114249,0.8328959345817566,0.8328959345817566,,,,,,,
571,114299,0.80943763256073,0.80943763256073,,,,,,,
571,114349,0.7888464331626892,0.7888464331626892,,,,,,,
571,114399,0.8145545721054077,0.8145545721054077,,,,,,,
571,114399,,,0.4866690933704376,0.8126624226570129,0.8126624226570129,0.6431859135627747,1.0152132511138916,0.7433377504348755,0.6152663826942444
572,114449,0.7944724559783936,0.7944724559783936,,,,,,,
572,114499,0.7740060091018677,0.7740060091018677,,,,,,,
572,114549,0.8043273091316223,0.8043273091316223,,,,,,,
572,114599,0.7666665315628052,0.7666665315628052,,,,,,,
572,114599,,,0.4836374521255493,0.8098440766334534,0.8098440766334534,0.6355428099632263,1.0003979206085205,0.7438868284225464,0.6115385293960571
573,114649,0.8680648803710938,0.8680648803710938,,,,,,,
573,114699,0.8969489932060242,0.8969489932060242,,,,,,,
573,114749,0.8244916200637817,0.8244916200637817,,,,,,,
573,114799,0.8084716796875,0.8084716796875,,,,,,,
573,114799,,,0.4879841208457947,0.8115484714508057,0.8115484714508057,0.6446484923362732,1.0137135982513428,0.7469735145568848,0.6089068651199341
574,114849,0.8362041115760803,0.8362041115760803,,,,,,,
574,114899,0.9032021760940552,0.9032021760940552,,,,,,,
574,114949,0.8125818371772766,0.8125818371772766,,,,,,,
574,114999,0.7435431480407715,0.7435431480407715,,,,,,,
574,114999,,,0.48646801710128784,0.8063901662826538,0.8063901662826538,0.639902651309967,0.9997555017471313,0.7410243153572083,0.6184257864952087
575,115049,0.7404071688652039,0.7404071688652039,,,,,,,
575,115099,0.7938114404678345,0.7938114404678345,,,,,,,
575,115149,0.8895803689956665,0.8895803689956665,,,,,,,
575,115199,0.7428469657897949,0.7428469657897949,,,,,,,
575,115199,,,0.48429280519485474,0.8092663288116455,0.8092663288116455,0.6485635042190552,1.0072749853134155,0.7392637729644775,0.6112625002861023
576,115249,0.8475334644317627,0.8475334644317627,,,,,,,
576,115299,0.8259961009025574,0.8259961009025574,,,,,,,
576,115349,0.7174074649810791,0.7174074649810791,,,,,,,
576,115399,0.7116062641143799,0.7116062641143799,,,,,,,
576,115399,,,0.49103984236717224,0.8080148696899414,0.8080148696899414,0.6397094130516052,1.0045592784881592,0.7409688234329224,0.6174160242080688
577,115449,0.8482073545455933,0.8482073545455933,,,,,,,
577,115499,0.898431122303009,0.898431122303009,,,,,,,
577,115549,0.8203251957893372,0.8203251957893372,,,,,,,
577,115599,0.8050455451011658,0.8050455451011658,,,,,,,
577,115599,,,0.4970182478427887,0.8093840479850769,0.8093840479850769,0.6463159918785095,0.9965630173683167,0.7453038096427917,0.6243187189102173
578,115649,0.8357093930244446,0.8357093930244446,,,,,,,
578,115699,0.883856475353241,0.883856475353241,,,,,,,
578,115749,0.7773209810256958,0.7773209810256958,,,,,,,
578,115799,0.7649082541465759,0.7649082541465759,,,,,,,
578,115799,,,0.4879438579082489,0.8089523911476135,0.8089523911476135,0.6419739723205566,0.997363269329071,0.7402061223983765,0.6137925386428833
579,115849,0.7773303389549255,0.7773303389549255,,,,,,,
579,115899,0.7897205948829651,0.7897205948829651,,,,,,,
579,115949,0.7864261269569397,0.7864261269569397,,,,,,,
579,115999,0.8819087147712708,0.8819087147712708,,,,,,,
579,115999,,,0.4861575663089752,0.8123672008514404,0.8123672008514404,0.6423822045326233,1.0033843517303467,0.7440344095230103,0.6182114481925964
580,116049,0.7106315493583679,0.7106315493583679,,,,,,,
580,116099,0.8512574434280396,0.8512574434280396,,,,,,,
580,116149,0.8435287475585938,0.8435287475585938,,,,,,,
580,116199,0.86806321144104,0.86806321144104,,,,,,,
580,116199,,,0.4922620952129364,0.8186733722686768,0.8186733722686768,0.6393749117851257,1.0019086599349976,0.742634117603302,0.6230833530426025
581,116249,0.8424606919288635,0.8424606919288635,,,,,,,
581,116299,0.7918815612792969,0.7918815612792969,,,,,,,
581,116349,0.8288318514823914,0.8288318514823914,,,,,,,
581,116399,0.7693995833396912,0.7693995833396912,,,,,,,
581,116399,,,0.49397802352905273,0.8181631565093994,0.8181631565093994,0.6411947011947632,1.0066215991973877,0.7443781495094299,0.6168482303619385
582,116449,0.8733493685722351,0.8733493685722351,,,,,,,
582,116499,0.7910653352737427,0.7910653352737427,,,,,,,
582,116549,0.8650752305984497,0.8650752305984497,,,,,,,
582,116599,0.7306348085403442,0.7306348085403442,,,,,,,
582,116599,,,0.4861581027507782,0.8133596777915955,0.8133596777915955,0.6405457258224487,0.9900220036506653,0.7433707118034363,0.6292383074760437
583,116649,0.859044075012207,0.859044075012207,,,,,,,
583,116699,0.756301999092102,0.756301999092102,,,,,,,
583,116749,0.8082252740859985,0.8082252740859985,,,,,,,
583,116799,0.8670990467071533,0.8670990467071533,,,,,,,
583,116799,,,0.4937458038330078,0.8093010783195496,0.8093010783195496,0.6392467021942139,0.9957966804504395,0.745692789554596,0.617522656917572
584,116849,0.8923280835151672,0.8923280835151672,,,,,,,
584,116899,0.7965097427368164,0.7965097427368164,,,,,,,
584,116949,0.8549662232398987,0.8549662232398987,,,,,,,
584,116999,0.7564413547515869,0.7564413547515869,,,,,,,
584,116999,,,0.48654377460479736,0.8041612505912781,0.8041612505912781,0.6408525705337524,0.9981957674026489,0.7385777831077576,0.6132047176361084
585,117049,0.873373806476593,0.873373806476593,,,,,,,
585,117099,0.8929401636123657,0.8929401636123657,,,,,,,
585,117149,0.8044531941413879,0.8044531941413879,,,,,,,
585,117199,0.8212692737579346,0.8212692737579346,,,,,,,
585,117199,,,0.4864203631877899,0.8087279200553894,0.8087279200553894,0.6484415531158447,1.0130442380905151,0.7408308386802673,0.6064413189888
586,117249,0.8264737129211426,0.8264737129211426,,,,,,,
586,117299,0.7437151074409485,0.7437151074409485,,,,,,,
586,117349,0.7953177690505981,0.7953177690505981,,,,,,,
586,117399,0.780227541923523,0.780227541923523,,,,,,,
586,117399,,,0.48181837797164917,0.8052489757537842,0.8052489757537842,0.6415985226631165,1.007878065109253,0.7417827248573303,0.6083080768585205
587,117449,0.8265314698219299,0.8265314698219299,,,,,,,
587,117499,0.8644471168518066,0.8644471168518066,,,,,,,
587,117549,0.7542576193809509,0.7542576193809509,,,,,,,
587,117599,0.8036394119262695,0.8036394119262695,,,,,,,
587,117599,,,0.4885078966617584,0.8046356439590454,0.8046356439590454,0.6395887732505798,1.0018248558044434,0.7413089275360107,0.6104025840759277
588,117649,0.8046930432319641,0.8046930432319641,,,,,,,
588,117699,0.8261130452156067,0.8261130452156067,,,,,,,
588,117749,0.7982367277145386,0.7982367277145386,,,,,,,
588,117799,0.8233150243759155,0.8233150243759155,,,,,,,
588,117799,,,0.49107083678245544,0.8079771399497986,0.8079771399497986,0.6396280527114868,0.9987177848815918,0.7402207851409912,0.6199547648429871
589,117849,0.7937626838684082,0.7937626838684082,,,,,,,
589,117899,0.8135810494422913,0.8135810494422913,,,,,,,
589,117949,0.8261879086494446,0.8261879086494446,,,,,,,
589,117999,0.8647015690803528,0.8647015690803528,,,,,,,
589,117999,,,0.4885425269603729,0.8090934157371521,0.8090934157371521,0.6429266333580017,1.0024651288986206,0.7429158091545105,0.6167907118797302
590,118049,0.7692767977714539,0.7692767977714539,,,,,,,
590,118099,0.8596981167793274,0.8596981167793274,,,,,,,
590,118149,0.8092697858810425,0.8092697858810425,,,,,,,
590,118199,0.9472289681434631,0.9472289681434631,,,,,,,
590,118199,,,0.48854461312294006,0.8071491122245789,0.8071491122245789,0.6435853242874146,0.9995038509368896,0.7412330508232117,0.6102674603462219
591,118249,0.8141957521438599,0.8141957521438599,,,,,,,
591,118299,0.7454323172569275,0.7454323172569275,,,,,,,
591,118349,0.8163203597068787,0.8163203597068787,,,,,,,
591,118399,0.8470166325569153,0.8470166325569153,,,,,,,
591,118399,,,0.4838339686393738,0.807233452796936,0.807233452796936,0.6423383951187134,1.0148155689239502,0.7434667348861694,0.6035546064376831
592,118449,0.8727866411209106,0.8727866411209106,,,,,,,
592,118499,0.8287028670310974,0.8287028670310974,,,,,,,
592,118549,0.785189151763916,0.785189151763916,,,,,,,
592,118599,0.7677585482597351,0.7677585482597351,,,,,,,
592,118599,,,0.48468342423439026,0.8005813360214233,0.8005813360214233,0.6371411085128784,0.9994663596153259,0.7417564392089844,0.614168643951416
593,118649,0.7785013318061829,0.7785013318061829,,,,,,,
593,118699,0.78992760181427,0.78992760181427,,,,,,,
593,118749,0.766749382019043,0.766749382019043,,,,,,,
593,118799,0.8096131086349487,0.8096131086349487,,,,,,,
593,118799,,,0.4884845018386841,0.808741569519043,0.808741569519043,0.6385713219642639,0.9978805184364319,0.7414027452468872,0.6169049143791199
594,118849,0.8054919838905334,0.8054919838905334,,,,,,,
594,118899,0.8397067785263062,0.8397067785263062,,,,,,,
594,118949,0.787908673286438,0.787908673286438,,,,,,,
594,118999,0.9035513401031494,0.9035513401031494,,,,,,,
594,118999,,,0.4883612394332886,0.8022739887237549,0.8022739887237549,0.6423763036727905,0.9945405721664429,0.739962100982666,0.6170890927314758
595,119049,0.8778132796287537,0.8778132796287537,,,,,,,
595,119099,0.8582614064216614,0.8582614064216614,,,,,,,
595,119149,0.7871853113174438,0.7871853113174438,,,,,,,
595,119199,0.7457961440086365,0.7457961440086365,,,,,,,
595,119199,,,0.4809289872646332,0.7969966530799866,0.7969966530799866,0.6388444900512695,1.0059794187545776,0.7379424571990967,0.6061527132987976
596,119249,0.9404142498970032,0.9404142498970032,,,,,,,
596,119299,0.7852424383163452,0.7852424383163452,,,,,,,
596,119349,0.7759972810745239,0.7759972810745239,,,,,,,
596,119399,0.7967055439949036,0.7967055439949036,,,,,,,
596,119399,,,0.48496419191360474,0.8018548488616943,0.8018548488616943,0.6393811106681824,1.0079833269119263,0.7390626072883606,0.6161937117576599
597,119449,0.8115110397338867,0.8115110397338867,,,,,,,
597,119499,0.8496361374855042,0.8496361374855042,,,,,,,
597,119549,0.8499347567558289,0.8499347567558289,,,,,,,
597,119599,0.7404778599739075,0.7404778599739075,,,,,,,
597,119599,,,0.4776245057582855,0.8109481930732727,0.8109481930732727,0.6425883173942566,1.0228863954544067,0.7457091808319092,0.597476065158844
598,119649,0.7748684287071228,0.7748684287071228,,,,,,,
598,119699,0.8906872868537903,0.8906872868537903,,,,,,,
598,119749,0.831706702709198,0.831706702709198,,,,,,,
598,119799,0.888047456741333,0.888047456741333,,,,,,,
598,119799,,,0.48241958022117615,0.8041010499000549,0.8041010499000549,0.6391212940216064,1.0000609159469604,0.7397947311401367,0.6146597862243652
599,119849,0.7779296636581421,0.7779296636581421,,,,,,,
599,119899,0.823716938495636,0.823716938495636,,,,,,,
599,119949,0.7820208072662354,0.7820208072662354,,,,,,,
599,119999,0.8811235427856445,0.8811235427856445,,,,,,,
599,119999,,,0.4820445477962494,0.7954448461532593,0.7954448461532593,0.6385660767555237,0.9949560761451721,0.7354680895805359,0.6113815903663635
600,120049,0.76333087682724,0.76333087682724,,,,,,,
600,120099,0.8702372908592224,0.8702372908592224,,,,,,,
600,120149,0.7564951777458191,0.7564951777458191,,,,,,,
600,120199,0.8244742155075073,0.8244742155075073,,,,,,,
600,120199,,,0.4875665009021759,0.8000772595405579,0.8000772595405579,0.6386971473693848,1.0059179067611694,0.7412087917327881,0.6130592823028564
601,120249,0.8153796792030334,0.8153796792030334,,,,,,,
601,120299,0.95673668384552,0.95673668384552,,,,,,,
601,120349,0.796390175819397,0.796390175819397,,,,,,,
601,120399,0.8083742260932922,0.8083742260932922,,,,,,,
601,120399,,,0.49303698539733887,0.8082686066627502,0.8082686066627502,0.6403889656066895,0.9954580664634705,0.7416501045227051,0.6257474422454834
602,120449,0.8427170515060425,0.8427170515060425,,,,,,,
602,120499,0.7711862921714783,0.7711862921714783,,,,,,,
602,120549,0.7430668473243713,0.7430668473243713,,,,,,,
602,120599,0.76764976978302,0.76764976978302,,,,,,,
602,120599,,,0.4818110167980194,0.7971975803375244,0.7971975803375244,0.6383049488067627,1.0012861490249634,0.7364961504936218,0.6066596508026123
603,120649,0.6923420429229736,0.6923420429229736,,,,,,,
603,120699,0.7970369458198547,0.7970369458198547,,,,,,,
603,120749,0.8636372685432434,0.8636372685432434,,,,,,,
603,120799,0.7376879453659058,0.7376879453659058,,,,,,,
603,120799,,,0.4880920946598053,0.8070300817489624,0.8070300817489624,0.6383280754089355,1.0068597793579102,0.7414969801902771,0.6117820739746094
604,120849,0.756679892539978,0.756679892539978,,,,,,,
604,120899,0.8429318070411682,0.8429318070411682,,,,,,,
604,120949,0.7065621614456177,0.7065621614456177,,,,,,,
604,120999,0.7704817652702332,0.7704817652702332,,,,,,,
604,120999,,,0.48846954107284546,0.8048422932624817,0.8048422932624817,0.6410905122756958,1.0114532709121704,0.7420917749404907,0.6052939295768738
605,121049,0.7497813701629639,0.7497813701629639,,,,,,,
605,121099,0.8341249823570251,0.8341249823570251,,,,,,,
605,121149,0.8103994727134705,0.8103994727134705,,,,,,,
605,121199,0.7455512285232544,0.7455512285232544,,,,,,,
605,121199,,,0.48553264141082764,0.79930579662323,0.79930579662323,0.6400583386421204,1.0088804960250854,0.7378908395767212,0.6092905402183533
606,121249,0.7834532260894775,0.7834532260894775,,,,,,,
606,121299,0.7946414351463318,0.7946414351463318,,,,,,,
606,121349,0.8505843877792358,0.8505843877792358,,,,,,,
606,121399,0.6759616136550903,0.6759616136550903,,,,,,,
606,121399,,,0.4864404499530792,0.7988923192024231,0.7988923192024231,0.6360776424407959,0.9997556805610657,0.7392507791519165,0.6193821430206299
607,121449,0.8885586261749268,0.8885586261749268,,,,,,,
607,121499,0.8903434872627258,0.8903434872627258,,,,,,,
607,121549,0.8128573298454285,0.8128573298454285,,,,,,,
607,121599,0.8275551199913025,0.8275551199913025,,,,,,,
607,121599,,,0.4829738140106201,0.7989405393600464,0.7989405393600464,0.6374260187149048,1.0191335678100586,0.73890221118927,0.6060269474983215
608,121649,0.7525491714477539,0.7525491714477539,,,,,,,
608,121699,0.7362300157546997,0.7362300157546997,,,,,,,
608,121749,0.7674169540405273,0.7674169540405273,,,,,,,
608,121799,0.8168888092041016,0.8168888092041016,,,,,,,
608,121799,,,0.47664645314216614,0.7938006520271301,0.7938006520271301,0.6341840624809265,1.0071784257888794,0.7403712272644043,0.6126056909561157
609,121849,0.8378593921661377,0.8378593921661377,,,,,,,
609,121899,0.7864904403686523,0.7864904403686523,,,,,,,
609,121949,0.8256016373634338,0.8256016373634338,,,,,,,
609,121999,0.7738621830940247,0.7738621830940247,,,,,,,
609,121999,,,0.4787556529045105,0.7978029847145081,0.7978029847145081,0.6350488662719727,1.0187373161315918,0.7424366474151611,0.6060769557952881
610,122049,0.9126904606819153,0.9126904606819153,,,,,,,
610,122099,0.7519292831420898,0.7519292831420898,,,,,,,
610,122149,0.8662945628166199,0.8662945628166199,,,,,,,
610,122199,0.762870728969574,0.762870728969574,,,,,,,
610,122199,,,0.4833157956600189,0.7994992733001709,0.7994992733001709,0.6386966705322266,1.0025984048843384,0.7397792339324951,0.6100988984107971
611,122249,0.7204287648200989,0.7204287648200989,,,,,,,
611,122299,0.7570645213127136,0.7570645213127136,,,,,,,
611,122349,0.9470520615577698,0.9470520615577698,,,,,,,
611,122399,0.8857337236404419,0.8857337236404419,,,,,,,
611,122399,,,0.4831758141517639,0.8022032976150513,0.8022032976150513,0.6422489285469055,1.0173547267913818,0.7438036799430847,0.5990042090415955
612,122449,0.7826210856437683,0.7826210856437683,,,,,,,
612,122499,0.7647444009780884,0.7647444009780884,,,,,,,
612,122549,0.8876423239707947,0.8876423239707947,,,,,,,
612,122599,0.6802946329116821,0.6802946329116821,,,,,,,
612,122599,,,0.4899122714996338,0.8052643537521362,0.8052643537521362,0.6399338841438293,1.0025625228881836,0.7421215176582336,0.6200480461120605
613,122649,0.8310932517051697,0.8310932517051697,,,,,,,
613,122699,0.7541727423667908,0.7541727423667908,,,,,,,
613,122749,0.8101176619529724,0.8101176619529724,,,,,,,
613,122799,0.8824940323829651,0.8824940323829651,,,,,,,
613,122799,,,0.48844996094703674,0.8033700585365295,0.8033700585365295,0.6388140916824341,1.0027968883514404,0.7414734363555908,0.6125551462173462
614,122849,0.8145367503166199,0.8145367503166199,,,,,,,
614,122899,0.7348726987838745,0.7348726987838745,,,,,,,
614,122949,0.8141674995422363,0.8141674995422363,,,,,,,
614,122999,0.8204703330993652,0.8204703330993652,,,,,,,
614,122999,,,0.48615822196006775,0.8034301996231079,0.8034301996231079,0.6395217180252075,0.9861617684364319,0.7406972050666809,0.6204199194908142
615,123049,0.7738174796104431,0.7738174796104431,,,,,,,
615,123099,0.7891356945037842,0.7891356945037842,,,,,,,
615,123149,0.8508009314537048,0.8508009314537048,,,,,,,
615,123199,0.7805228233337402,0.7805228233337402,,,,,,,
615,123199,,,0.48125728964805603,0.7973107695579529,0.7973107695579529,0.6392916440963745,1.0199016332626343,0.7398319244384766,0.6041308641433716
616,123249,0.8033918738365173,0.8033918738365173,,,,,,,
616,123299,0.759868323802948,0.759868323802948,,,,,,,
616,123349,0.7368288636207581,0.7368288636207581,,,,,,,
616,123399,0.7147217988967896,0.7147217988967896,,,,,,,
616,123399,,,0.4853624105453491,0.7986067533493042,0.7986067533493042,0.6447775363922119,1.0118145942687988,0.7417463064193726,0.6069775819778442
617,123449,0.7787370681762695,0.7787370681762695,,,,,,,
617,123499,0.7586771845817566,0.7586771845817566,,,,,,,
617,123549,0.7896685004234314,0.7896685004234314,,,,,,,
617,123599,0.6982436180114746,0.6982436180114746,,,,,,,
617,123599,,,0.4830593764781952,0.8001253604888916,0.8001253604888916,0.6336758732795715,0.995151937007904,0.7367974519729614,0.6169769167900085
618,123649,0.763052225112915,0.763052225112915,,,,,,,
618,123699,0.780677855014801,0.780677855014801,,,,,,,
618,123749,0.8591971397399902,0.8591971397399902,,,,,,,
618,123799,0.7498834729194641,0.7498834729194641,,,,,,,
618,123799,,,0.48429515957832336,0.7979832887649536,0.7979832887649536,0.6378053426742554,0.993820071220398,0.7425687313079834,0.616481602191925
619,123849,0.807355523109436,0.807355523109436,,,,,,,
619,123899,0.779048502445221,0.779048502445221,,,,,,,
619,123949,0.7696438431739807,0.7696438431739807,,,,,,,
619,123999,0.7277106046676636,0.7277106046676636,,,,,,,
619,123999,,,0.48075437545776367,0.8040133714675903,0.8040133714675903,0.648674488067627,1.0069234371185303,0.742912769317627,0.6109691858291626
620,124049,0.7603836059570312,0.7603836059570312,,,,,,,
620,124099,0.9348136186599731,0.9348136186599731,,,,,,,
620,124149,0.858073353767395,0.858073353767395,,,,,,,
620,124199,0.7522522211074829,0.7522522211074829,,,,,,,
620,124199,,,0.4878065288066864,0.7984613180160522,0.7984613180160522,0.6381998062133789,0.9995115399360657,0.7399473786354065,0.6145790219306946
621,124249,0.7601813077926636,0.7601813077926636,,,,,,,
621,124299,0.7753056287765503,0.7753056287765503,,,,,,,
621,124349,0.7913808822631836,0.7913808822631836,,,,,,,
621,124399,0.7877913117408752,0.7877913117408752,,,,,,,
621,124399,,,0.48817408084869385,0.8010528087615967,0.8010528087615967,0.6395005583763123,0.9922634363174438,0.7385415434837341,0.625225841999054
622,124449,0.7878974080085754,0.7878974080085754,,,,,,,
622,124499,0.7767459750175476,0.7767459750175476,,,,,,,
622,124549,0.8207781910896301,0.8207781910896301,,,,,,,
622,124599,0.8368648290634155,0.8368648290634155,,,,,,,
622,124599,,,0.47966358065605164,0.795418918132782,0.795418918132782,0.6394463181495667,1.0005476474761963,0.7399898171424866,0.6183553338050842
623,124649,0.8159700632095337,0.8159700632095337,,,,,,,
623,124699,0.8071441650390625,0.8071441650390625,,,,,,,
623,124749,0.8491301536560059,0.8491301536560059,,,,,,,
623,124799,0.743005096912384,0.743005096912384,,,,,,,
623,124799,,,0.48310738801956177,0.7970520853996277,0.7970520853996277,0.6342072486877441,0.9864257574081421,0.7372428178787231,0.6224448084831238
624,124849,0.815950334072113,0.815950334072113,,,,,,,
624,124899,0.7797881960868835,0.7797881960868835,,,,,,,
624,124949,0.840303897857666,0.840303897857666,,,,,,,
624,124999,0.8011921048164368,0.8011921048164368,,,,,,,
624,124999,,,0.4774456024169922,0.793738067150116,0.793738067150116,0.6346006393432617,1.004496693611145,0.7367410659790039,0.6023251414299011
625,125049,0.730198323726654,0.730198323726654,,,,,,,
625,125099,0.7831002473831177,0.7831002473831177,,,,,,,
625,125149,0.7318902015686035,0.7318902015686035,,,,,,,
625,125199,0.7497753500938416,0.7497753500938416,,,,,,,
625,125199,,,0.48083484172821045,0.7953296899795532,0.7953296899795532,0.6335898041725159,1.0042903423309326,0.7384100556373596,0.6121991276741028
626,125249,0.7172946333885193,0.7172946333885193,,,,,,,
626,125299,0.7755624055862427,0.7755624055862427,,,,,,,
626,125349,0.7794544100761414,0.7794544100761414,,,,,,,
626,125399,0.8834014534950256,0.8834014534950256,,,,,,,
626,125399,,,0.48282015323638916,0.7975643277168274,0.7975643277168274,0.6328826546669006,1.0020687580108643,0.7372655272483826,0.613431990146637
627,125449,0.8593883514404297,0.8593883514404297,,,,,,,
627,125499,0.7483879923820496,0.7483879923820496,,,,,,,
627,125549,0.8135871291160583,0.8135871291160583,,,,,,,
627,125599,0.8512933850288391,0.8512933850288391,,,,,,,
627,125599,,,0.4792231619358063,0.7976971864700317,0.7976971864700317,0.6428468227386475,1.0048768520355225,0.7384082674980164,0.6122998595237732
628,125649,0.9409748911857605,0.9409748911857605,,,,,,,
628,125699,0.7039549350738525,0.7039549350738525,,,,,,,
628,125749,0.7937102913856506,0.7937102913856506,,,,,,,
628,125799,0.7670780420303345,0.7670780420303345,,,,,,,
628,125799,,,0.47576579451560974,0.7968081831932068,0.7968081831932068,0.6372836232185364,1.0169118642807007,0.7388327717781067,0.5999828577041626
629,125849,0.888764500617981,0.888764500617981,,,,,,,
629,125899,0.8174058198928833,0.8174058198928833,,,,,,,
629,125949,0.8350459337234497,0.8350459337234497,,,,,,,
629,125999,0.7965984344482422,0.7965984344482422,,,,,,,
629,125999,,,0.47560763359069824,0.7971181273460388,0.7971181273460388,0.6373536586761475,1.000417709350586,0.7399717569351196,0.6168020367622375
630,126049,0.6844114661216736,0.6844114661216736,,,,,,,
630,126099,0.7306889295578003,0.7306889295578003,,,,,,,
630,126149,0.7324534058570862,0.7324534058570862,,,,,,,
630,126199,0.8410961031913757,0.8410961031913757,,,,,,,
630,126199,,,0.48720023036003113,0.808967649936676,0.808967649936676,0.6485732793807983,0.9930091500282288,0.7413025498390198,0.6298828721046448
631,126249,0.7655810117721558,0.7655810117721558,,,,,,,
631,126299,0.7729418277740479,0.7729418277740479,,,,,,,
631,126349,0.8761427998542786,0.8761427998542786,,,,,,,
631,126399,0.7842324376106262,0.7842324376106262,,,,,,,
631,126399,,,0.47823047637939453,0.798213005065918,0.798213005065918,0.6362228393554688,1.0065791606903076,0.7425364255905151,0.6101130247116089
632,126449,0.8961262106895447,0.8961262106895447,,,,,,,
632,126499,0.850204348564148,0.850204348564148,,,,,,,
632,126549,0.7610254883766174,0.7610254883766174,,,,,,,
632,126599,0.8388228416442871,0.8388228416442871,,,,,,,
632,126599,,,0.4803995192050934,0.7981989979743958,0.7981989979743958,0.643001914024353,1.004978060722351,0.7377923130989075,0.6095527410507202
633,126649,0.7493521571159363,0.7493521571159363,,,,,,,
633,126699,0.8469809293746948,0.8469809293746948,,,,,,,
633,126749,0.8813175559043884,0.8813175559043884,,,,,,,
633,126799,0.7958041429519653,0.7958041429519653,,,,,,,
633,126799,,,0.4792849123477936,0.7971382141113281,0.7971382141113281,0.635702908039093,1.0062439441680908,0.7363852262496948,0.6134220361709595
634,126849,0.8216578364372253,0.8216578364372253,,,,,,,
634,126899,0.853496253490448,0.853496253490448,,,,,,,
634,126949,0.8310654163360596,0.8310654163360596,,,,,,,
634,126999,0.7788942456245422,0.7788942456245422,,,,,,,
634,126999,,,0.4755878150463104,0.7927705645561218,0.7927705645561218,0.6303176879882812,0.9952690005302429,0.7398980855941772,0.6160856485366821
635,127049,0.8274441361427307,0.8274441361427307,,,,,,,
635,127099,0.8338592648506165,0.8338592648506165,,,,,,,
635,127149,0.839623749256134,0.839623749256134,,,,,,,
635,127199,0.8289848566055298,0.8289848566055298,,,,,,,
635,127199,,,0.4774598479270935,0.7968661189079285,0.7968661189079285,0.6403382420539856,1.0060840845108032,0.7413022518157959,0.6103493571281433
636,127249,0.7157617807388306,0.7157617807388306,,,,,,,
636,127299,0.7472275495529175,0.7472275495529175,,,,,,,
636,127349,0.766077995300293,0.766077995300293,,,,,,,
636,127399,0.8136848211288452,0.8136848211288452,,,,,,,
636,127399,,,0.477682501077652,0.798561155796051,0.798561155796051,0.6344860792160034,0.9982607364654541,0.7396240234375,0.6115611791610718
637,127449,0.7550965547561646,0.7550965547561646,,,,,,,
637,127499,0.7395740151405334,0.7395740151405334,,,,,,,
637,127549,0.8398597240447998,0.8398597240447998,,,,,,,
637,127599,0.7268785834312439,0.7268785834312439,,,,,,,
637,127599,,,0.4799744486808777,0.7983128428459167,0.7983128428459167,0.638536810874939,0.9980248212814331,0.7372448444366455,0.6107712388038635
638,127649,0.8514439463615417,0.8514439463615417,,,,,,,
638,127699,0.8175467252731323,0.8175467252731323,,,,,,,
638,127749,0.7741197943687439,0.7741197943687439,,,,,,,
638,127799,0.7680151462554932,0.7680151462554932,,,,,,,
638,127799,,,0.48088139295578003,0.7976338267326355,0.7976338267326355,0.6337761878967285,0.9924729466438293,0.7343713641166687,0.6180438995361328
639,127849,0.7576315402984619,0.7576315402984619,,,,,,,
639,127899,0.9132869839668274,0.9132869839668274,,,,,,,
639,127949,0.7330560088157654,0.7330560088157654,,,,,,,
639,127999,0.7475789189338684,0.7475789189338684,,,,,,,
639,127999,,,0.4776062071323395,0.7926527261734009,0.7926527261734009,0.635571300983429,0.9954422116279602,0.736111581325531,0.6176795959472656
640,128049,0.7925594449043274,0.7925594449043274,,,,,,,
640,128099,0.7183097004890442,0.7183097004890442,,,,,,,
640,128149,0.7225023508071899,0.7225023508071899,,,,,,,
640,128199,0.8363956809043884,0.8363956809043884,,,,,,,
640,128199,,,0.4782731831073761,0.7978883385658264,0.7978883385658264,0.6359087824821472,1.0045890808105469,0.7373974919319153,0.6135150194168091
641,128249,0.8104134798049927,0.8104134798049927,,,,,,,
641,128299,0.7531458139419556,0.7531458139419556,,,,,,,
641,128349,0.7025594115257263,0.7025594115257263,,,,,,,
641,128399,0.7361854910850525,0.7361854910850525,,,,,,,
641,128399,,,0.4786219894886017,0.7959749102592468,0.7959749102592468,0.6431549787521362,1.0202624797821045,0.739849865436554,0.5955331921577454
642,128449,0.8525928854942322,0.8525928854942322,,,,,,,
642,128499,0.7530273795127869,0.7530273795127869,,,,,,,
642,128549,0.8030683994293213,0.8030683994293213,,,,,,,
642,128599,0.8466341495513916,0.8466341495513916,,,,,,,
642,128599,,,0.47893643379211426,0.800939679145813,0.800939679145813,0.6382986903190613,1.0079243183135986,0.7391360402107239,0.6019694209098816
643,128649,0.7586466073989868,0.7586466073989868,,,,,,,
643,128699,0.7847181558609009,0.7847181558609009,,,,,,,
643,128749,0.7586506009101868,0.7586506009101868,,,,,,,
643,128799,0.8503481149673462,0.8503481149673462,,,,,,,
643,128799,,,0.4803611934185028,0.7927652597427368,0.7927652597427368,0.6384469866752625,1.003394365310669,0.7378171682357788,0.6141980290412903
644,128849,0.8341501355171204,0.8341501355171204,,,,,,,
644,128899,0.9400072693824768,0.9400072693824768,,,,,,,
644,128949,0.7738451361656189,0.7738451361656189,,,,,,,
644,128999,0.7872283458709717,0.7872283458709717,,,,,,,
644,128999,,,0.47775760293006897,0.7972562313079834,0.7972562313079834,0.637759804725647,1.0172699689865112,0.7352741956710815,0.6040875315666199
645,129049,0.8313084840774536,0.8313084840774536,,,,,,,
645,129099,0.8201643824577332,0.8201643824577332,,,,,,,
645,129149,0.7925242781639099,0.7925242781639099,,,,,,,
645,129199,0.770440399646759,0.770440399646759,,,,,,,
645,129199,,,0.4751250147819519,0.7897246479988098,0.7897246479988098,0.6327952742576599,1.0117720365524292,0.7364633679389954,0.6004454493522644
646,129249,0.8186739087104797,0.8186739087104797,,,,,,,
646,129299,0.7589002847671509,0.7589002847671509,,,,,,,
646,129349,0.7783024907112122,0.7783024907112122,,,,,,,
646,129399,0.8072429299354553,0.8072429299354553,,,,,,,
646,129399,,,0.4810863137245178,0.7890770435333252,0.7890770435333252,0.633428692817688,1.0023059844970703,0.7388039827346802,0.6083295941352844
647,129449,0.8672344088554382,0.8672344088554382,,,,,,,
647,129499,0.7809658646583557,0.7809658646583557,,,,,,,
647,129549,0.9246077537536621,0.9246077537536621,,,,,,,
647,129599,0.8800389170646667,0.8800389170646667,,,,,,,
647,129599,,,0.4788239300251007,0.7970888018608093,0.7970888018608093,0.6395996809005737,1.0286084413528442,0.7393783330917358,0.5931552648544312
648,129649,0.7760939598083496,0.7760939598083496,,,,,,,
648,129699,0.9015278220176697,0.9015278220176697,,,,,,,
648,129749,0.7791016101837158,0.7791016101837158,,,,,,,
648,129799,0.7841309309005737,0.7841309309005737,,,,,,,
648,129799,,,0.47714725136756897,0.7955942749977112,0.7955942749977112,0.6337525844573975,1.0125242471694946,0.7411597371101379,0.6023165583610535
649,129849,0.7596704959869385,0.7596704959869385,,,,,,,
649,129899,0.7256861329078674,0.7256861329078674,,,,,,,
649,129949,0.8861063718795776,0.8861063718795776,,,,,,,
649,129999,0.750045657157898,0.750045657157898,,,,,,,
649,129999,,,0.47165873646736145,0.7896348834037781,0.7896348834037781,0.6319634318351746,1.0114045143127441,0.7383700013160706,0.6009644269943237
650,130049,0.8787542581558228,0.8787542581558228,,,,,,,
650,130099,0.7967492341995239,0.7967492341995239,,,,,,,
650,130149,0.7864518165588379,0.7864518165588379,,,,,,,
650,130199,0.8594001531600952,0.8594001531600952,,,,,,,
650,130199,,,0.47780194878578186,0.7902423143386841,0.7902423143386841,0.6334555745124817,0.9982399940490723,0.7396197319030762,0.614669919013977
651,130249,0.7593188285827637,0.7593188285827637,,,,,,,
651,130299,0.8350180387496948,0.8350180387496948,,,,,,,
651,130349,0.7210730910301208,0.7210730910301208,,,,,,,
651,130399,0.8183701038360596,0.8183701038360596,,,,,,,
651,130399,,,0.4808012545108795,0.7895034551620483,0.7895034551620483,0.6336609125137329,0.9998958110809326,0.7383696436882019,0.612201988697052
652,130449,0.7592580914497375,0.7592580914497375,,,,,,,
652,130499,0.7609291076660156,0.7609291076660156,,,,,,,
652,130549,0.7398937940597534,0.7398937940597534,,,,,,,
652,130599,0.7751035690307617,0.7751035690307617,,,,,,,
652,130599,,,0.46960848569869995,0.7866964340209961,0.7866964340209961,0.6386433839797974,1.0189733505249023,0.7371061444282532,0.597135066986084
653,130649,0.8436248302459717,0.8436248302459717,,,,,,,
653,130699,0.8311116099357605,0.8311116099357605,,,,,,,
653,130749,0.7517061829566956,0.7517061829566956,,,,,,,
653,130799,0.8176388740539551,0.8176388740539551,,,,,,,
653,130799,,,0.47877174615859985,0.7942990064620972,0.7942990064620972,0.6354325413703918,1.003702163696289,0.7364141941070557,0.6052061915397644
654,130849,0.7962332367897034,0.7962332367897034,,,,,,,
654,130899,0.7679823637008667,0.7679823637008667,,,,,,,
654,130949,0.7477275729179382,0.7477275729179382,,,,,,,
654,130999,0.7307249307632446,0.7307249307632446,,,,,,,
654,130999,,,0.4768248498439789,0.7875780463218689,0.7875780463218689,0.6346660256385803,1.0101747512817383,0.7377373576164246,0.6036874651908875
655,131049,0.8057184815406799,0.8057184815406799,,,,,,,
655,131099,0.7773387432098389,0.7773387432098389,,,,,,,
655,131149,0.7452548146247864,0.7452548146247864,,,,,,,
655,131199,0.8741271495819092,0.8741271495819092,,,,,,,
655,131199,,,0.4780561625957489,0.7870538234710693,0.7870538234710693,0.6319531202316284,0.9901410937309265,0.7335628867149353,0.6217593550682068
656,131249,0.8296145796775818,0.8296145796775818,,,,,,,
656,131299,0.8200153708457947,0.8200153708457947,,,,,,,
656,131349,0.6663016080856323,0.6663016080856323,,,,,,,
656,131399,0.8129687905311584,0.8129687905311584,,,,,,,
656,131399,,,0.47778573632240295,0.7921026945114136,0.7921026945114136,0.6307244300842285,1.0013993978500366,0.7374122738838196,0.6083223819732666
657,131449,0.6878345012664795,0.6878345012664795,,,,,,,
657,131499,0.7027876973152161,0.7027876973152161,,,,,,,
657,131549,0.7852678298950195,0.7852678298950195,,,,,,,
657,131599,0.8255284428596497,0.8255284428596497,,,,,,,
657,131599,,,0.4760379493236542,0.7953557372093201,0.7953557372093201,0.632327675819397,0.9982594847679138,0.7378222346305847,0.6123311519622803
658,131649,0.7626422643661499,0.7626422643661499,,,,,,,
658,131699,0.7897761464118958,0.7897761464118958,,,,,,,
658,131749,0.7484441995620728,0.7484441995620728,,,,,,,
658,131799,0.752152144908905,0.752152144908905,,,,,,,
658,131799,,,0.47115379571914673,0.7881102561950684,0.7881102561950684,0.6334476470947266,1.0124651193618774,0.7326820492744446,0.5980338454246521
659,131849,0.7936820983886719,0.7936820983886719,,,,,,,
659,131899,0.7283217906951904,0.7283217906951904,,,,,,,
659,131949,0.8959423899650574,0.8959423899650574,,,,,,,
659,131999,0.6591531038284302,0.6591531038284302,,,,,,,
659,131999,,,0.48106178641319275,0.797041118144989,0.797041118144989,0.6329003572463989,0.9971158504486084,0.7376353740692139,0.6177843809127808
660,132049,0.8031059503555298,0.8031059503555298,,,,,,,
660,132099,0.7684057950973511,0.7684057950973511,,,,,,,
660,132149,0.7388902902603149,0.7388902902603149,,,,,,,
660,132199,0.7334586381912231,0.7334586381912231,,,,,,,
660,132199,,,0.4735168218612671,0.7899183630943298,0.7899183630943298,0.6337838172912598,1.0061595439910889,0.7349956631660461,0.606086015701294
661,132249,0.8794922828674316,0.8794922828674316,,,,,,,
661,132299,0.760563313961029,0.760563313961029,,,,,,,
661,132349,0.7817317843437195,0.7817317843437195,,,,,,,
661,132399,0.8350704312324524,0.8350704312324524,,,,,,,
661,132399,,,0.4734381437301636,0.7902427315711975,0.7902427315711975,0.6285079717636108,1.0100041627883911,0.7350975275039673,0.6018571853637695
662,132449,0.7836994528770447,0.7836994528770447,,,,,,,
662,132499,0.7657528519630432,0.7657528519630432,,,,,,,
662,132549,0.8476225137710571,0.8476225137710571,,,,,,,
662,132599,0.8535876870155334,0.8535876870155334,,,,,,,
662,132599,,,0.47618263959884644,0.7917623519897461,0.7917623519897461,0.632190465927124,0.9985495805740356,0.7376372218132019,0.605412483215332
663,132649,0.863205075263977,0.863205075263977,,,,,,,
663,132699,0.7257166504859924,0.7257166504859924,,,,,,,
663,132749,0.8020899295806885,0.8020899295806885,,,,,,,
663,132799,0.7917689681053162,0.7917689681053162,,,,,,,
663,132799,,,0.4727559983730316,0.7930148839950562,0.7930148839950562,0.6372728943824768,1.0036333799362183,0.736130952835083,0.6124632358551025
664,132849,0.6779829859733582,0.6779829859733582,,,,,,,
664,132899,0.8655420541763306,0.8655420541763306,,,,,,,
664,132949,0.8289567232131958,0.8289567232131958,,,,,,,
664,132999,0.8204946517944336,0.8204946517944336,,,,,,,
664,132999,,,0.4782324731349945,0.7854717373847961,0.7854717373847961,0.6330145001411438,1.0017341375350952,0.7358129024505615,0.6102946400642395
665,133049,0.7821134924888611,0.7821134924888611,,,,,,,
665,133099,0.8794379830360413,0.8794379830360413,,,,,,,
665,133149,0.8370193839073181,0.8370193839073181,,,,,,,
665,133199,0.7788772583007812,0.7788772583007812,,,,,,,
665,133199,,,0.4734729528427124,0.7885155081748962,0.7885155081748962,0.6366894841194153,1.0047942399978638,0.7369515299797058,0.6101789474487305
666,133249,0.7604472041130066,0.7604472041130066,,,,,,,
666,133299,0.8487324118614197,0.8487324118614197,,,,,,,
666,133349,0.832141101360321,0.832141101360321,,,,,,,
666,133399,0.8181774020195007,0.8181774020195007,,,,,,,
666,133399,,,0.47201162576675415,0.7873530387878418,0.7873530387878418,0.6316022872924805,0.9962010383605957,0.7332243323326111,0.6103085875511169
667,133449,0.8102646470069885,0.8102646470069885,,,,,,,
667,133499,0.6716410517692566,0.6716410517692566,,,,,,,
667,133549,0.9305629134178162,0.9305629134178162,,,,,,,
667,133599,0.6866297125816345,0.6866297125816345,,,,,,,
667,133599,,,0.47685858607292175,0.7930489182472229,0.7930489182472229,0.6371321082115173,0.9990506172180176,0.7379378080368042,0.6130066514015198
668,133649,0.7567291259765625,0.7567291259765625,,,,,,,
668,133699,0.7808625102043152,0.7808625102043152,,,,,,,
668,133749,0.7733108997344971,0.7733108997344971,,,,,,,
668,133799,0.8848116993904114,0.8848116993904114,,,,,,,
668,133799,,,0.4695286452770233,0.7859019041061401,0.7859019041061401,0.6310024261474609,1.0044010877609253,0.732530415058136,0.5998588800430298
669,133849,0.8997395634651184,0.8997395634651184,,,,,,,
669,133899,0.6766976118087769,0.6766976118087769,,,,,,,
669,133949,0.8535611033439636,0.8535611033439636,,,,,,,
669,133999,0.7733989357948303,0.7733989357948303,,,,,,,
669,133999,,,0.47192370891571045,0.7880746722221375,0.7880746722221375,0.6276477575302124,1.0221061706542969,0.7397072315216064,0.5985206365585327
670,134049,0.8064818382263184,0.8064818382263184,,,,,,,
670,134099,0.7983709573745728,0.7983709573745728,,,,,,,
670,134149,0.7966610193252563,0.7966610193252563,,,,,,,
670,134199,0.796352207660675,0.796352207660675,,,,,,,
670,134199,,,0.4800364375114441,0.7897944450378418,0.7897944450378418,0.6343992948532104,1.0048822164535522,0.740582287311554,0.6076226830482483
671,134249,0.767521321773529,0.767521321773529,,,,,,,
671,134299,0.87652587890625,0.87652587890625,,,,,,,
671,134349,0.8344149589538574,0.8344149589538574,,,,,,,
671,134399,0.819135308265686,0.819135308265686,,,,,,,
671,134399,,,0.47806864976882935,0.7960392832756042,0.7960392832756042,0.6319980621337891,0.9959189891815186,0.7358489036560059,0.6107186079025269
672,134449,0.7228251099586487,0.7228251099586487,,,,,,,
672,134499,0.8616340160369873,0.8616340160369873,,,,,,,
672,134549,0.764096736907959,0.764096736907959,,,,,,,
672,134599,0.8139238357543945,0.8139238357543945,,,,,,,
672,134599,,,0.47217419743537903,0.7831212878227234,0.7831212878227234,0.6300327777862549,0.9958881139755249,0.7331343293190002,0.6096334457397461
673,134649,0.7254338264465332,0.7254338264465332,,,,,,,
673,134699,0.8111670613288879,0.8111670613288879,,,,,,,
673,134749,0.7393336892127991,0.7393336892127991,,,,,,,
673,134799,0.8070849776268005,0.8070849776268005,,,,,,,
673,134799,,,0.4810071289539337,0.7930477261543274,0.7930477261543274,0.6338871717453003,1.004780650138855,0.7391767501831055,0.6157004833221436
674,134849,0.8523402214050293,0.8523402214050293,,,,,,,
674,134899,0.797415554523468,0.797415554523468,,,,,,,
674,134949,0.7523552179336548,0.7523552179336548,,,,,,,
674,134999,0.7835144400596619,0.7835144400596619,,,,,,,
674,134999,,,0.47666430473327637,0.786534309387207,0.786534309387207,0.6307969689369202,0.9992534518241882,0.7353203892707825,0.6113057136535645
675,135049,0.6968444585800171,0.6968444585800171,,,,,,,
675,135099,0.8571889996528625,0.8571889996528625,,,,,,,
675,135149,0.7961902022361755,0.7961902022361755,,,,,,,
675,135199,0.7363585233688354,0.7363585233688354,,,,,,,
675,135199,,,0.47234901785850525,0.7861891388893127,0.7861891388893127,0.6327516436576843,1.015230417251587,0.7363365888595581,0.5983164310455322
676,135249,0.7740910649299622,0.7740910649299622,,,,,,,
676,135299,0.8303448557853699,0.8303448557853699,,,,,,,
676,135349,0.7473199963569641,0.7473199963569641,,,,,,,
676,135399,0.7453709244728088,0.7453709244728088,,,,,,,
676,135399,,,0.4786355197429657,0.7906133532524109,0.7906133532524109,0.6284628510475159,1.005310297012329,0.7383750081062317,0.6137363314628601
677,135449,0.8205426335334778,0.8205426335334778,,,,,,,
677,135499,0.8168090581893921,0.8168090581893921,,,,,,,
677,135549,0.7540164589881897,0.7540164589881897,,,,,,,
677,135599,0.7927734851837158,0.7927734851837158,,,,,,,
677,135599,,,0.46522992849349976,0.7863922119140625,0.7863922119140625,0.6277635097503662,1.0230166912078857,0.7335013151168823,0.5926545262336731
678,135649,0.7056921720504761,0.7056921720504761,,,,,,,
678,135699,0.7298154234886169,0.7298154234886169,,,,,,,
678,135749,0.759638786315918,0.759638786315918,,,,,,,
678,135799,0.8495386242866516,0.8495386242866516,,,,,,,
678,135799,,,0.4713314473628998,0.7873424291610718,0.7873424291610718,0.6303325891494751,1.0218462944030762,0.7355794906616211,0.5963624715805054
679,135849,0.6540920734405518,0.6540920734405518,,,,,,,
679,135899,0.7454044818878174,0.7454044818878174,,,,,,,
679,135949,0.7735769748687744,0.7735769748687744,,,,,,,
679,135999,0.7726948857307434,0.7726948857307434,,,,,,,
679,135999,,,0.4756509065628052,0.7836593389511108,0.7836593389511108,0.632972240447998,0.9969292283058167,0.733669638633728,0.6109129190444946
680,136049,0.649889349937439,0.649889349937439,,,,,,,
680,136099,0.7355819940567017,0.7355819940567017,,,,,,,
680,136149,0.7222462296485901,0.7222462296485901,,,,,,,
680,136199,0.7515783309936523,0.7515783309936523,,,,,,,
680,136199,,,0.4732958674430847,0.7867236733436584,0.7867236733436584,0.6270357370376587,1.0063621997833252,0.7406843900680542,0.6042981147766113
681,136249,0.8755894303321838,0.8755894303321838,,,,,,,
681,136299,0.7212504744529724,0.7212504744529724,,,,,,,
681,136349,0.7746155261993408,0.7746155261993408,,,,,,,
681,136399,0.7707053422927856,0.7707053422927856,,,,,,,
681,136399,,,0.4760441482067108,0.787769615650177,0.787769615650177,0.6295974254608154,1.0017942190170288,0.737072229385376,0.6112121939659119
682,136449,0.7335449457168579,0.7335449457168579,,,,,,,
682,136499,0.7267740368843079,0.7267740368843079,,,,,,,
682,136549,0.7611402869224548,0.7611402869224548,,,,,,,
682,136599,0.7583593726158142,0.7583593726158142,,,,,,,
682,136599,,,0.47111976146698,0.7859411239624023,0.7859411239624023,0.6314110159873962,1.0016103982925415,0.7375068664550781,0.6105698943138123
683,136649,0.7123638987541199,0.7123638987541199,,,,,,,
683,136699,0.8512398600578308,0.8512398600578308,,,,,,,
683,136749,0.8146004676818848,0.8146004676818848,,,,,,,
683,136799,0.7905699610710144,0.7905699610710144,,,,,,,
683,136799,,,0.4686327576637268,0.7861423492431641,0.7861423492431641,0.632236897945404,1.0212136507034302,0.7364296913146973,0.6007320284843445
684,136849,0.8851795792579651,0.8851795792579651,,,,,,,
684,136899,0.749932587146759,0.749932587146759,,,,,,,
684,136949,0.7206076383590698,0.7206076383590698,,,,,,,
684,136999,0.854106605052948,0.854106605052948,,,,,,,
684,136999,,,0.47215136885643005,0.789186418056488,0.789186418056488,0.6328187584877014,1.0137639045715332,0.7375055551528931,0.6027621030807495
685,137049,0.7846418619155884,0.7846418619155884,,,,,,,
685,137099,0.7294474244117737,0.7294474244117737,,,,,,,
685,137149,0.7935898900032043,0.7935898900032043,,,,,,,
685,137199,0.7683635950088501,0.7683635950088501,,,,,,,
685,137199,,,0.470425009727478,0.7830531597137451,0.7830531597137451,0.6303479075431824,1.0109771490097046,0.7353870868682861,0.6041483283042908
686,137249,0.8200644254684448,0.8200644254684448,,,,,,,
686,137299,0.795012354850769,0.795012354850769,,,,,,,
686,137349,0.8161476850509644,0.8161476850509644,,,,,,,
686,137399,0.9064658284187317,0.9064658284187317,,,,,,,
686,137399,,,0.47472426295280457,0.7840189933776855,0.7840189933776855,0.634624183177948,1.0086835622787476,0.7365003228187561,0.6058601140975952
687,137449,0.7554232478141785,0.7554232478141785,,,,,,,
687,137499,0.768183171749115,0.768183171749115,,,,,,,
687,137549,0.7318979501724243,0.7318979501724243,,,,,,,
687,137599,0.7574047446250916,0.7574047446250916,,,,,,,
687,137599,,,0.47500619292259216,0.7845943570137024,0.7845943570137024,0.6271891593933105,1.0091066360473633,0.7349541187286377,0.6023002862930298
688,137649,0.8349493741989136,0.8349493741989136,,,,,,,
688,137699,0.7505747675895691,0.7505747675895691,,,,,,,
688,137749,0.840345025062561,0.840345025062561,,,,,,,
688,137799,0.9026862382888794,0.9026862382888794,,,,,,,
688,137799,,,0.46704304218292236,0.7842913866043091,0.7842913866043091,0.6335985064506531,1.0158390998840332,0.7376455664634705,0.597689688205719
689,137849,0.8384926319122314,0.8384926319122314,,,,,,,
689,137899,0.7725862860679626,0.7725862860679626,,,,,,,
689,137949,0.7306721210479736,0.7306721210479736,,,,,,,
689,137999,0.8386737704277039,0.8386737704277039,,,,,,,
689,137999,,,0.47637343406677246,0.7844904065132141,0.7844904065132141,0.6279749870300293,0.9911158680915833,0.7326771020889282,0.6154283285140991
690,138049,0.7079689502716064,0.7079689502716064,,,,,,,
690,138099,0.7938188910484314,0.7938188910484314,,,,,,,
690,138149,0.8002010583877563,0.8002010583877563,,,,,,,
690,138199,0.783534049987793,0.783534049987793,,,,,,,
690,138199,,,0.4729281961917877,0.787204384803772,0.787204384803772,0.6354191899299622,0.9966571927070618,0.736880898475647,0.6117534637451172
691,138249,0.8602787852287292,0.8602787852287292,,,,,,,
691,138299,0.7202476263046265,0.7202476263046265,,,,,,,
691,138349,0.8391242027282715,0.8391242027282715,,,,,,,
691,138399,0.7013015747070312,0.7013015747070312,,,,,,,
691,138399,,,0.46906331181526184,0.7835352420806885,0.7835352420806885,0.6334936022758484,1.0131161212921143,0.7365796566009521,0.5959059000015259
692,138449,0.7749903798103333,0.7749903798103333,,,,,,,
692,138499,0.7061476707458496,0.7061476707458496,,,,,,,
692,138549,0.80916428565979,0.80916428565979,,,,,,,
692,138599,0.6989808082580566,0.6989808082580566,,,,,,,
692,138599,,,0.47234466671943665,0.7823605537414551,0.7823605537414551,0.6326571106910706,1.0102611780166626,0.7378979921340942,0.6019548773765564
693,138649,0.7124317288398743,0.7124317288398743,,,,,,,
693,138699,0.7296278476715088,0.7296278476715088,,,,,,,
693,138749,0.7266727089881897,0.7266727089881897,,,,,,,
693,138799,0.7036234140396118,0.7036234140396118,,,,,,,
693,138799,,,0.467271625995636,0.7822182178497314,0.7822182178497314,0.6258086562156677,1.0111840963363647,0.7333332896232605,0.5949922204017639
694,138849,0.723264753818512,0.723264753818512,,,,,,,
694,138899,0.7139464616775513,0.7139464616775513,,,,,,,
694,138949,0.7586902976036072,0.7586902976036072,,,,,,,
694,138999,0.7789531946182251,0.7789531946182251,,,,,,,
694,138999,,,0.4716288149356842,0.777667224407196,0.777667224407196,0.6286174058914185,0.9931155443191528,0.7327049374580383,0.6090196967124939
695,139049,0.7876355051994324,0.7876355051994324,,,,,,,
695,139099,0.7705070972442627,0.7705070972442627,,,,,,,
695,139149,0.7710872292518616,0.7710872292518616,,,,,,,
695,139199,0.8282710909843445,0.8282710909843445,,,,,,,
695,139199,,,0.4666457176208496,0.7837342023849487,0.7837342023849487,0.6297115683555603,1.0089010000228882,0.7385529279708862,0.6019908785820007
696,139249,0.8430117964744568,0.8430117964744568,,,,,,,
696,139299,0.8088175654411316,0.8088175654411316,,,,,,,
696,139349,0.727755069732666,0.727755069732666,,,,,,,
696,139399,0.7360870838165283,0.7360870838165283,,,,,,,
696,139399,,,0.4689694941043854,0.7781834006309509,0.7781834006309509,0.6336320042610168,1.0032721757888794,0.7397015690803528,0.6096920967102051
697,139449,0.7026095986366272,0.7026095986366272,,,,,,,
697,139499,0.8268722295761108,0.8268722295761108,,,,,,,
697,139549,0.6947101950645447,0.6947101950645447,,,,,,,
697,139599,0.7383531928062439,0.7383531928062439,,,,,,,
697,139599,,,0.46592578291893005,0.7790963053703308,0.7790963053703308,0.6314529180526733,1.0034390687942505,0.7333261370658875,0.5990879535675049
698,139649,0.7446197271347046,0.7446197271347046,,,,,,,
698,139699,0.7922045588493347,0.7922045588493347,,,,,,,
698,139749,0.7230375409126282,0.7230375409126282,,,,,,,
698,139799,0.7896711826324463,0.7896711826324463,,,,,,,
698,139799,,,0.4670926630496979,0.7802208662033081,0.7802208662033081,0.6241863965988159,1.0014322996139526,0.734790027141571,0.6033213138580322
699,139849,0.7727683186531067,0.7727683186531067,,,,,,,
699,139899,0.7781364917755127,0.7781364917755127,,,,,,,
699,139949,0.827819287776947,0.827819287776947,,,,,,,
699,139999,0.8103731274604797,0.8103731274604797,,,,,,,
699,139999,,,0.4671708047389984,0.7823355197906494,0.7823355197906494,0.6350663900375366,1.0185943841934204,0.7381781935691833,0.595722496509552
700,140049,0.8181853294372559,0.8181853294372559,,,,,,,
700,140099,0.79730224609375,0.79730224609375,,,,,,,
700,140149,0.7355164885520935,0.7355164885520935,,,,,,,
700,140199,0.7819356918334961,0.7819356918334961,,,,,,,
700,140199,,,0.47313231229782104,0.7816399335861206,0.7816399335861206,0.6338685750961304,1.0068182945251465,0.7373001575469971,0.5986990928649902
701,140249,0.7441784143447876,0.7441784143447876,,,,,,,
701,140299,0.7965117692947388,0.7965117692947388,,,,,,,
701,140349,0.7324264049530029,0.7324264049530029,,,,,,,
701,140399,0.7988807559013367,0.7988807559013367,,,,,,,
701,140399,,,0.46497681736946106,0.7792944312095642,0.7792944312095642,0.6297101974487305,1.0180082321166992,0.737349808216095,0.5922817587852478
702,140449,0.7392526865005493,0.7392526865005493,,,,,,,
702,140499,0.7548778057098389,0.7548778057098389,,,,,,,
702,140549,0.8305143713951111,0.8305143713951111,,,,,,,
702,140599,0.8059044480323792,0.8059044480323792,,,,,,,
702,140599,,,0.470183789730072,0.7789627909660339,0.7789627909660339,0.6243494153022766,1.0067806243896484,0.7355934381484985,0.6074529886245728
703,140649,0.6903437972068787,0.6903437972068787,,,,,,,
703,140699,0.7122867703437805,0.7122867703437805,,,,,,,
703,140749,0.8784732818603516,0.8784732818603516,,,,,,,
703,140799,0.7463211417198181,0.7463211417198181,,,,,,,
703,140799,,,0.47168177366256714,0.7851341366767883,0.7851341366767883,0.6319000720977783,1.006492257118225,0.7367997765541077,0.6085377335548401
704,140849,0.7834438681602478,0.7834438681602478,,,,,,,
704,140899,0.8695048689842224,0.8695048689842224,,,,,,,
704,140949,0.7678737044334412,0.7678737044334412,,,,,,,
704,140999,0.7322360873222351,0.7322360873222351,,,,,,,
704,140999,,,0.4700389504432678,0.776806116104126,0.776806116104126,0.6279951333999634,1.0067442655563354,0.7322836518287659,0.6031652688980103
705,141049,0.7460601925849915,0.7460601925849915,,,,,,,
705,141099,0.7873940467834473,0.7873940467834473,,,,,,,
705,141149,0.840522825717926,0.840522825717926,,,,,,,
705,141199,0.7581281661987305,0.7581281661987305,,,,,,,
705,141199,,,0.4731137752532959,0.7798790335655212,0.7798790335655212,0.6276918053627014,1.0031777620315552,0.7342488765716553,0.607917845249176
706,141249,0.7705749869346619,0.7705749869346619,,,,,,,
706,141299,0.7627183198928833,0.7627183198928833,,,,,,,
706,141349,0.7503370642662048,0.7503370642662048,,,,,,,
706,141399,0.8476894497871399,0.8476894497871399,,,,,,,
706,141399,,,0.47259101271629333,0.7790822982788086,0.7790822982788086,0.6303566694259644,0.9944899678230286,0.7352990508079529,0.6091880202293396
707,141449,0.743471086025238,0.743471086025238,,,,,,,
707,141499,0.8644106984138489,0.8644106984138489,,,,,,,
707,141549,0.792349100112915,0.792349100112915,,,,,,,
707,141599,0.67383873462677,0.67383873462677,,,,,,,
707,141599,,,0.4693222939968109,0.7785001397132874,0.7785001397132874,0.6289365887641907,0.9988186955451965,0.734890341758728,0.6084907054901123
708,141649,0.847881019115448,0.847881019115448,,,,,,,
708,141699,0.8593239784240723,0.8593239784240723,,,,,,,
708,141749,0.8218194246292114,0.8218194246292114,,,,,,,
708,141799,0.8129809498786926,0.8129809498786926,,,,,,,
708,141799,,,0.46793118119239807,0.7759448885917664,0.7759448885917664,0.6239187717437744,0.9898955225944519,0.7329459190368652,0.6138057708740234
709,141849,0.7252182960510254,0.7252182960510254,,,,,,,
709,141899,0.7645174264907837,0.7645174264907837,,,,,,,
709,141949,0.6594304442405701,0.6594304442405701,,,,,,,
709,141999,0.820787787437439,0.820787787437439,,,,,,,
709,141999,,,0.46844974160194397,0.7772793769836426,0.7772793769836426,0.6331596374511719,1.0028783082962036,0.7359522581100464,0.6014123558998108
710,142049,0.7614867687225342,0.7614867687225342,,,,,,,
710,142099,0.8147464990615845,0.8147464990615845,,,,,,,
710,142149,0.7663177847862244,0.7663177847862244,,,,,,,
710,142199,0.7773450016975403,0.7773450016975403,,,,,,,
710,142199,,,0.46813249588012695,0.7765564918518066,0.7765564918518066,0.6277745962142944,1.0014472007751465,0.7326828837394714,0.60425865650177
711,142249,0.8141764998435974,0.8141764998435974,,,,,,,
711,142299,0.7533226013183594,0.7533226013183594,,,,,,,
711,142349,0.790861964225769,0.790861964225769,,,,,,,
711,142399,0.7576465606689453,0.7576465606689453,,,,,,,
711,142399,,,0.47104212641716003,0.778759241104126,0.778759241104126,0.6270710825920105,1.0028629302978516,0.7370513677597046,0.6039726138114929
712,142449,0.7960585951805115,0.7960585951805115,,,,,,,
712,142499,0.7812331318855286,0.7812331318855286,,,,,,,
712,142549,0.7558985948562622,0.7558985948562622,,,,,,,
712,142599,0.7905446290969849,0.7905446290969849,,,,,,,
712,142599,,,0.47037726640701294,0.7781354188919067,0.7781354188919067,0.6296973824501038,0.9980121850967407,0.7360854148864746,0.609261691570282
713,142649,0.7501198053359985,0.7501198053359985,,,,,,,
713,142699,0.7989779114723206,0.7989779114723206,,,,,,,
713,142749,0.7599696516990662,0.7599696516990662,,,,,,,
713,142799,0.7186095118522644,0.7186095118522644,,,,,,,
713,142799,,,0.46613234281539917,0.7757648825645447,0.7757648825645447,0.6299952268600464,1.014674186706543,0.7380581498146057,0.5968683958053589
714,142849,0.8260700106620789,0.8260700106620789,,,,,,,
714,142899,0.690197765827179,0.690197765827179,,,,,,,
714,142949,0.8700035810470581,0.8700035810470581,,,,,,,
714,142999,0.7175819873809814,0.7175819873809814,,,,,,,
714,142999,,,0.47050046920776367,0.7766008973121643,0.7766008973121643,0.6250384449958801,0.9889553189277649,0.7336723208427429,0.6155576109886169
715,143049,0.8426752686500549,0.8426752686500549,,,,,,,
715,143099,0.7463008761405945,0.7463008761405945,,,,,,,
715,143149,0.7658509016036987,0.7658509016036987,,,,,,,
715,143199,0.6939725279808044,0.6939725279808044,,,,,,,
715,143199,,,0.47062793374061584,0.7803331613540649,0.7803331613540649,0.6315310001373291,0.9939733743667603,0.7355610728263855,0.6134126782417297
716,143249,0.8099673390388489,0.8099673390388489,,,,,,,
716,143299,0.8328862190246582,0.8328862190246582,,,,,,,
716,143349,0.7302711009979248,0.7302711009979248,,,,,,,
716,143399,0.708766758441925,0.708766758441925,,,,,,,
716,143399,,,0.46566909551620483,0.7730053663253784,0.7730053663253784,0.6262394785881042,0.9994431138038635,0.7328672409057617,0.6036201119422913
717,143449,0.7344554662704468,0.7344554662704468,,,,,,,
717,143499,0.7142212390899658,0.7142212390899658,,,,,,,
717,143549,0.7988512516021729,0.7988512516021729,,,,,,,
717,143599,0.7716376781463623,0.7716376781463623,,,,,,,
717,143599,,,0.4707099497318268,0.7814269065856934,0.7814269065856934,0.6293795704841614,1.0106120109558105,0.7369834780693054,0.5996986627578735
718,143649,0.8116664290428162,0.8116664290428162,,,,,,,
718,143699,0.7788106203079224,0.7788106203079224,,,,,,,
718,143749,0.7456895112991333,0.7456895112991333,,,,,,,
718,143799,0.8672135472297668,0.8672135472297668,,,,,,,
718,143799,,,0.46238571405410767,0.7720927000045776,0.7720927000045776,0.6223962306976318,1.0094971656799316,0.7347453236579895,0.5988350510597229
719,143849,0.7631563544273376,0.7631563544273376,,,,,,,
719,143899,0.8044991493225098,0.8044991493225098,,,,,,,
719,143949,0.7199736833572388,0.7199736833572388,,,,,,,
719,143999,0.7826238870620728,0.7826238870620728,,,,,,,
719,143999,,,0.4691445529460907,0.7742282152175903,0.7742282152175903,0.6298213005065918,0.9990330934524536,0.7377781271934509,0.6113640666007996
720,144049,0.8235158920288086,0.8235158920288086,,,,,,,
720,144099,0.801716148853302,0.801716148853302,,,,,,,
720,144149,0.7266603708267212,0.7266603708267212,,,,,,,
720,144199,0.7481780052185059,0.7481780052185059,,,,,,,
720,144199,,,0.4635929763317108,0.7787380218505859,0.7787380218505859,0.6292010545730591,1.0092175006866455,0.734576404094696,0.5984041094779968
721,144249,0.7640299201011658,0.7640299201011658,,,,,,,
721,144299,0.7720980644226074,0.7720980644226074,,,,,,,
721,144349,0.757563591003418,0.757563591003418,,,,,,,
721,144399,0.8353517651557922,0.8353517651557922,,,,,,,
721,144399,,,0.4682351052761078,0.773300290107727,0.773300290107727,0.6320499777793884,1.0035611391067505,0.7322051525115967,0.604197084903717
722,144449,0.7814947962760925,0.7814947962760925,,,,,,,
722,144499,0.7891574501991272,0.7891574501991272,,,,,,,
722,144549,0.7291931509971619,0.7291931509971619,,,,,,,
722,144599,0.8199280500411987,0.8199280500411987,,,,,,,
722,144599,,,0.4664798080921173,0.7733017206192017,0.7733017206192017,0.6252806782722473,1.0134440660476685,0.7337253093719482,0.6005412936210632
723,144649,0.7986308336257935,0.7986308336257935,,,,,,,
723,144699,0.7444398999214172,0.7444398999214172,,,,,,,
723,144749,0.8382062911987305,0.8382062911987305,,,,,,,
723,144799,0.7338593006134033,0.7338593006134033,,,,,,,
723,144799,,,0.46661290526390076,0.7737581729888916,0.7737581729888916,0.6249501705169678,0.9977920651435852,0.734662652015686,0.610693633556366
724,144849,0.7488847970962524,0.7488847970962524,,,,,,,
724,144899,0.782326877117157,0.782326877117157,,,,,,,
724,144949,0.7764081954956055,0.7764081954956055,,,,,,,
724,144999,0.7591940760612488,0.7591940760612488,,,,,,,
724,144999,,,0.4669051170349121,0.7726730108261108,0.7726730108261108,0.6266942024230957,1.0078459978103638,0.7350139617919922,0.5985516309738159
725,145049,0.7510199546813965,0.7510199546813965,,,,,,,
725,145099,0.7340309619903564,0.7340309619903564,,,,,,,
725,145149,0.7759749889373779,0.7759749889373779,,,,,,,
725,145199,0.789533257484436,0.789533257484436,,,,,,,
725,145199,,,0.46109268069267273,0.7767034769058228,0.7767034769058228,0.6288843750953674,1.0149307250976562,0.7348510026931763,0.595640242099762
726,145249,0.7682070136070251,0.7682070136070251,,,,,,,
726,145299,0.7368988990783691,0.7368988990783691,,,,,,,
726,145349,0.7364535331726074,0.7364535331726074,,,,,,,
726,145399,0.8433500528335571,0.8433500528335571,,,,,,,
726,145399,,,0.46572425961494446,0.7741009593009949,0.7741009593009949,0.6318410038948059,1.0050718784332275,0.7358717322349548,0.6023942232131958
727,145449,0.868283748626709,0.868283748626709,,,,,,,
727,145499,0.7148235440254211,0.7148235440254211,,,,,,,
727,145549,0.7565304636955261,0.7565304636955261,,,,,,,
727,145599,0.761851966381073,0.761851966381073,,,,,,,
727,145599,,,0.4712401032447815,0.7761330604553223,0.7761330604553223,0.6287364959716797,1.0066642761230469,0.7325205206871033,0.6039137840270996
728,145649,0.7537558674812317,0.7537558674812317,,,,,,,
728,145699,0.6795940399169922,0.6795940399169922,,,,,,,
728,145749,0.7628424763679504,0.7628424763679504,,,,,,,
728,145799,0.8269092440605164,0.8269092440605164,,,,,,,
728,145799,,,0.4638787508010864,0.7757949233055115,0.7757949233055115,0.6276910305023193,1.020409345626831,0.7358999252319336,0.5945086479187012
729,145849,0.7374861836433411,0.7374861836433411,,,,,,,
729,145899,0.8221365213394165,0.8221365213394165,,,,,,,
729,145949,0.7746036052703857,0.7746036052703857,,,,,,,
729,145999,0.8823954463005066,0.8823954463005066,,,,,,,
729,145999,,,0.4624263346195221,0.7751666903495789,0.7751666903495789,0.6292575597763062,1.0165061950683594,0.7336267232894897,0.5939902663230896
730,146049,0.8316743969917297,0.8316743969917297,,,,,,,
730,146099,0.7590696811676025,0.7590696811676025,,,,,,,
730,146149,0.7460013628005981,0.7460013628005981,,,,,,,
730,146199,0.8126717805862427,0.8126717805862427,,,,,,,
730,146199,,,0.46640872955322266,0.7741008400917053,0.7741008400917053,0.6222345232963562,1.0014855861663818,0.7355856895446777,0.6066635847091675
731,146249,0.8058412671089172,0.8058412671089172,,,,,,,
731,146299,0.790273904800415,0.790273904800415,,,,,,,
731,146349,0.8514288663864136,0.8514288663864136,,,,,,,
731,146399,0.7312461733818054,0.7312461733818054,,,,,,,
731,146399,,,0.46738457679748535,0.7769137620925903,0.7769137620925903,0.6287461519241333,1.0032880306243896,0.7366527318954468,0.6032699942588806
732,146449,0.7895594239234924,0.7895594239234924,,,,,,,
732,146499,0.746917188167572,0.746917188167572,,,,,,,
732,146549,0.734268307685852,0.734268307685852,,,,,,,
732,146599,0.7950125932693481,0.7950125932693481,,,,,,,
732,146599,,,0.4658947288990021,0.776850700378418,0.776850700378418,0.6236972808837891,0.9971925616264343,0.7349979281425476,0.6083053350448608
733,146649,0.7521811723709106,0.7521811723709106,,,,,,,
733,146699,0.8612174391746521,0.8612174391746521,,,,,,,
733,146749,0.7177861332893372,0.7177861332893372,,,,,,,
733,146799,0.6876731514930725,0.6876731514930725,,,,,,,
733,146799,,,0.46326395869255066,0.7731359004974365,0.7731359004974365,0.6266433000564575,0.9976430535316467,0.7326237559318542,0.6109221577644348
734,146849,0.8607601523399353,0.8607601523399353,,,,,,,
734,146899,0.8175632357597351,0.8175632357597351,,,,,,,
734,146949,0.7237799167633057,0.7237799167633057,,,,,,,
734,146999,0.7931092381477356,0.7931092381477356,,,,,,,
734,146999,,,0.46762919425964355,0.7742165923118591,0.7742165923118591,0.6220006942749023,1.009030818939209,0.7325509786605835,0.6014991402626038
735,147049,0.7884556651115417,0.7884556651115417,,,,,,,
735,147099,0.7698161602020264,0.7698161602020264,,,,,,,
735,147149,0.7957671880722046,0.7957671880722046,,,,,,,
735,147199,0.8441340327262878,0.8441340327262878,,,,,,,
735,147199,,,0.4667617082595825,0.778307318687439,0.778307318687439,0.6279024481773376,0.9903658628463745,0.7319095134735107,0.6150222420692444
736,147249,0.7763382196426392,0.7763382196426392,,,,,,,
736,147299,0.7303807139396667,0.7303807139396667,,,,,,,
736,147349,0.8593730330467224,0.8593730330467224,,,,,,,
736,147399,0.771351158618927,0.771351158618927,,,,,,,
736,147399,,,0.4634544849395752,0.7744157910346985,0.7744157910346985,0.6287206411361694,1.0154000520706177,0.7323615550994873,0.5926783680915833
737,147449,0.7321401834487915,0.7321401834487915,,,,,,,
737,147499,0.8198421597480774,0.8198421597480774,,,,,,,
737,147549,0.6838858127593994,0.6838858127593994,,,,,,,
737,147599,0.7728739380836487,0.7728739380836487,,,,,,,
737,147599,,,0.4676744043827057,0.7764614224433899,0.7764614224433899,0.6254017949104309,1.0068014860153198,0.7343066334724426,0.6023908257484436
738,147649,0.6914184093475342,0.6914184093475342,,,,,,,
738,147699,0.7517793774604797,0.7517793774604797,,,,,,,
738,147749,0.7493349313735962,0.7493349313735962,,,,,,,
738,147799,0.7578178644180298,0.7578178644180298,,,,,,,
738,147799,,,0.4666794240474701,0.7759512662887573,0.7759512662887573,0.6294912099838257,0.9945032000541687,0.732112467288971,0.6137731075286865
739,147849,0.7441732883453369,0.7441732883453369,,,,,,,
739,147899,0.8427807092666626,0.8427807092666626,,,,,,,
739,147949,0.7432040572166443,0.7432040572166443,,,,,,,
739,147999,0.8092649579048157,0.8092649579048157,,,,,,,
739,147999,,,0.4674706757068634,0.7719955444335938,0.7719955444335938,0.6251407861709595,0.9983912110328674,0.7328676581382751,0.6048855185508728
740,148049,0.7133346796035767,0.7133346796035767,,,,,,,
740,148099,0.8037344217300415,0.8037344217300415,,,,,,,
740,148149,0.8079966902732849,0.8079966902732849,,,,,,,
740,148199,0.7499752640724182,0.7499752640724182,,,,,,,
740,148199,,,0.4634423851966858,0.7733372449874878,0.7733372449874878,0.627502977848053,1.0016499757766724,0.7348384261131287,0.6037771701812744
741,148249,0.8111186623573303,0.8111186623573303,,,,,,,
741,148299,0.6897312998771667,0.6897312998771667,,,,,,,
741,148349,0.8330832719802856,0.8330832719802856,,,,,,,
741,148399,0.8069034218788147,0.8069034218788147,,,,,,,
741,148399,,,0.46466946601867676,0.7733226418495178,0.7733226418495178,0.6251846551895142,1.0022921562194824,0.7374832630157471,0.6023759841918945
742,148449,0.8255510926246643,0.8255510926246643,,,,,,,
742,148499,0.8293613791465759,0.8293613791465759,,,,,,,
742,148549,0.7428594827651978,0.7428594827651978,,,,,,,
742,148599,0.7891030311584473,0.7891030311584473,,,,,,,
742,148599,,,0.4640963673591614,0.7697585225105286,0.7697585225105286,0.6247786283493042,0.9994461536407471,0.732734203338623,0.6017857193946838
743,148649,0.7649365067481995,0.7649365067481995,,,,,,,
743,148699,0.7491958141326904,0.7491958141326904,,,,,,,
743,148749,0.7583065032958984,0.7583065032958984,,,,,,,
743,148799,0.8334968090057373,0.8334968090057373,,,,,,,
743,148799,,,0.4624953866004944,0.7714117765426636,0.7714117765426636,0.6267022490501404,1.007643461227417,0.731686532497406,0.5979856252670288
744,148849,0.8173750042915344,0.8173750042915344,,,,,,,
744,148899,0.7534793019294739,0.7534793019294739,,,,,,,
744,148949,0.7370691895484924,0.7370691895484924,,,,,,,
744,148999,0.7886340022087097,0.7886340022087097,,,,,,,
744,148999,,,0.46305763721466064,0.7718465328216553,0.7718465328216553,0.6268654465675354,0.9985554218292236,0.7305413484573364,0.6038627624511719
745,149049,0.7706397771835327,0.7706397771835327,,,,,,,
745,149099,0.7042009830474854,0.7042009830474854,,,,,,,
745,149149,0.7286759614944458,0.7286759614944458,,,,,,,
745,149199,0.8790732622146606,0.8790732622146606,,,,,,,
745,149199,,,0.4626868963241577,0.7712032794952393,0.7712032794952393,0.6249563694000244,0.9984376430511475,0.7320677638053894,0.5989331007003784
746,149249,0.7672668695449829,0.7672668695449829,,,,,,,
746,149299,0.7454115152359009,0.7454115152359009,,,,,,,
746,149349,0.7603155970573425,0.7603155970573425,,,,,,,
746,149399,0.7774319052696228,0.7774319052696228,,,,,,,
746,149399,,,0.46447867155075073,0.773568868637085,0.773568868637085,0.6231843829154968,0.9985660910606384,0.7311511039733887,0.6047171950340271
747,149449,0.8205167055130005,0.8205167055130005,,,,,,,
747,149499,0.789557933807373,0.789557933807373,,,,,,,
747,149549,0.8434133529663086,0.8434133529663086,,,,,,,
747,149599,0.7336692214012146,0.7336692214012146,,,,,,,
747,149599,,,0.46457427740097046,0.7709239721298218,0.7709239721298218,0.6255297064781189,1.0082391500473022,0.7322213649749756,0.5982275009155273
748,149649,0.7709445953369141,0.7709445953369141,,,,,,,
748,149699,0.7739917635917664,0.7739917635917664,,,,,,,
748,149749,0.6461098790168762,0.6461098790168762,,,,,,,
748,149799,0.7558158040046692,0.7558158040046692,,,,,,,
748,149799,,,0.46184396743774414,0.7721551060676575,0.7721551060676575,0.6242846250534058,1.0202510356903076,0.7329933643341064,0.5943039059638977
749,149849,0.8148199915885925,0.8148199915885925,,,,,,,
749,149899,0.8039916753768921,0.8039916753768921,,,,,,,
749,149949,0.7688121199607849,0.7688121199607849,,,,,,,
749,149999,0.7979903221130371,0.7979903221130371,,,,,,,
749,149999,,,0.46110254526138306,0.7693911790847778,0.7693911790847778,0.6222296953201294,0.996508777141571,0.7292131185531616,0.604780375957489
750,150049,0.7508671879768372,0.7508671879768372,,,,,,,
750,150099,0.8107161521911621,0.8107161521911621,,,,,,,
750,150149,0.8195182681083679,0.8195182681083679,,,,,,,
750,150199,0.6726852059364319,0.6726852059364319,,,,,,,
750,150199,,,0.46519431471824646,0.7713159322738647,0.7713159322738647,0.6287104487419128,1.0086121559143066,0.7347472310066223,0.6036613583564758
751,150249,0.7615219354629517,0.7615219354629517,,,,,,,
751,150299,0.8114323616027832,0.8114323616027832,,,,,,,
751,150349,0.7609084248542786,0.7609084248542786,,,,,,,
751,150399,0.8018933534622192,0.8018933534622192,,,,,,,
751,150399,,,0.4625609815120697,0.7695290446281433,0.7695290446281433,0.6268760561943054,1.0025628805160522,0.7339233160018921,0.6048095226287842
752,150449,0.7434431910514832,0.7434431910514832,,,,,,,
752,150499,0.798285186290741,0.798285186290741,,,,,,,
752,150549,0.7706633806228638,0.7706633806228638,,,,,,,
752,150599,0.7097504138946533,0.7097504138946533,,,,,,,
752,150599,,,0.46528053283691406,0.7698830962181091,0.7698830962181091,0.6261407136917114,1.0125945806503296,0.7342380881309509,0.5959067940711975
753,150649,0.7767115235328674,0.7767115235328674,,,,,,,
753,150699,0.7464082837104797,0.7464082837104797,,,,,,,
753,150749,0.7576569318771362,0.7576569318771362,,,,,,,
753,150799,0.7648011445999146,0.7648011445999146,,,,,,,
753,150799,,,0.46440067887306213,0.77109295129776,0.77109295129776,0.6246434450149536,1.0057440996170044,0.7313730120658875,0.6014565229415894
754,150849,0.8009265065193176,0.8009265065193176,,,,,,,
754,150899,0.769601047039032,0.769601047039032,,,,,,,
754,150949,0.7680296897888184,0.7680296897888184,,,,,,,
754,150999,0.7343345880508423,0.7343345880508423,,,,,,,
754,150999,,,0.4690719544887543,0.7689536809921265,0.7689536809921265,0.626228392124176,1.0026732683181763,0.7325261235237122,0.6028193831443787
755,151049,0.7844207286834717,0.7844207286834717,,,,,,,
755,151099,0.8108181357383728,0.8108181357383728,,,,,,,
755,151149,0.8447352051734924,0.8447352051734924,,,,,,,
755,151199,0.7055681347846985,0.7055681347846985,,,,,,,
755,151199,,,0.4620892107486725,0.7679129838943481,0.7679129838943481,0.6248283982276917,1.0130122900009155,0.7323662638664246,0.5957376956939697
756,151249,0.7013882398605347,0.7013882398605347,,,,,,,
756,151299,0.7512401342391968,0.7512401342391968,,,,,,,
756,151349,0.8604922890663147,0.8604922890663147,,,,,,,
756,151399,0.7231859564781189,0.7231859564781189,,,,,,,
756,151399,,,0.4658743441104889,0.769396960735321,0.769396960735321,0.6234156489372253,0.9984852075576782,0.7343801856040955,0.6053363084793091
757,151449,0.736143171787262,0.736143171787262,,,,,,,
757,151499,0.7856497764587402,0.7856497764587402,,,,,,,
757,151549,0.7692192792892456,0.7692192792892456,,,,,,,
757,151599,0.699329674243927,0.699329674243927,,,,,,,
757,151599,,,0.46059495210647583,0.7667654156684875,0.7667654156684875,0.6219256520271301,1.001979947090149,0.7318944334983826,0.5986332893371582
758,151649,0.913689374923706,0.913689374923706,,,,,,,
758,151699,0.685830295085907,0.685830295085907,,,,,,,
758,151749,0.7141543030738831,0.7141543030738831,,,,,,,
758,151799,0.7652300000190735,0.7652300000190735,,,,,,,
758,151799,,,0.46348243951797485,0.7681647539138794,0.7681647539138794,0.6222338676452637,0.9962548613548279,0.7310680747032166,0.606809675693512
759,151849,0.7308117747306824,0.7308117747306824,,,,,,,
759,151899,0.7259825468063354,0.7259825468063354,,,,,,,
759,151949,0.7162088751792908,0.7162088751792908,,,,,,,
759,151999,0.764729380607605,0.764729380607605,,,,,,,
759,151999,,,0.46458670496940613,0.7698650360107422,0.7698650360107422,0.625546932220459,1.0066124200820923,0.732894778251648,0.5972923040390015
760,152049,0.8074286580085754,0.8074286580085754,,,,,,,
760,152099,0.8902403712272644,0.8902403712272644,,,,,,,
760,152149,0.6940650939941406,0.6940650939941406,,,,,,,
760,152199,0.7866863012313843,0.7866863012313843,,,,,,,
760,152199,,,0.4607628881931305,0.7683770060539246,0.7683770060539246,0.6258727312088013,0.9966230392456055,0.7303138971328735,0.6040869355201721
761,152249,0.8271291851997375,0.8271291851997375,,,,,,,
761,152299,0.7758705615997314,0.7758705615997314,,,,,,,
761,152349,0.7475023865699768,0.7475023865699768,,,,,,,
761,152399,0.6756816506385803,0.6756816506385803,,,,,,,
761,152399,,,0.4594061076641083,0.7703251242637634,0.7703251242637634,0.6266494989395142,0.9972660541534424,0.7339308261871338,0.6046479940414429
762,152449,0.7239966988563538,0.7239966988563538,,,,,,,
762,152499,0.6964730620384216,0.6964730620384216,,,,,,,
762,152549,0.7431017756462097,0.7431017756462097,,,,,,,
762,152599,0.8069069981575012,0.8069069981575012,,,,,,,
762,152599,,,0.46199294924736023,0.7678763270378113,0.7678763270378113,0.6240342855453491,1.008678674697876,0.7325576543807983,0.5988682508468628
763,152649,0.8184189200401306,0.8184189200401306,,,,,,,
763,152699,0.7953577637672424,0.7953577637672424,,,,,,,
763,152749,0.7215183973312378,0.7215183973312378,,,,,,,
763,152799,0.737124502658844,0.737124502658844,,,,,,,
763,152799,,,0.45903274416923523,0.7683919072151184,0.7683919072151184,0.6257855296134949,1.0121923685073853,0.7323877811431885,0.5970235466957092
764,152849,0.7825566530227661,0.7825566530227661,,,,,,,
764,152899,0.8475552797317505,0.8475552797317505,,,,,,,
764,152949,0.6626473665237427,0.6626473665237427,,,,,,,
764,152999,0.7307746410369873,0.7307746410369873,,,,,,,
764,152999,,,0.466594934463501,0.7676265239715576,0.7676265239715576,0.6235362887382507,0.9991618394851685,0.7284541130065918,0.6058764457702637
765,153049,0.8440144658088684,0.8440144658088684,,,,,,,
765,153099,0.6853663325309753,0.6853663325309753,,,,,,,
765,153149,0.672603964805603,0.672603964805603,,,,,,,
765,153199,0.7796908020973206,0.7796908020973206,,,,,,,
765,153199,,,0.4626011848449707,0.7643673419952393,0.7643673419952393,0.6242469549179077,0.9967171549797058,0.7332282662391663,0.6029613018035889
766,153249,0.7195627689361572,0.7195627689361572,,,,,,,
766,153299,0.8418818712234497,0.8418818712234497,,,,,,,
766,153349,0.8213497996330261,0.8213497996330261,,,,,,,
766,153399,0.781315267086029,0.781315267086029,,,,,,,
766,153399,,,0.4617536664009094,0.76274174451828,0.76274174451828,0.6199111938476562,1.00140380859375,0.7317087054252625,0.6001409888267517
767,153449,0.8051105737686157,0.8051105737686157,,,,,,,
767,153499,0.6743549704551697,0.6743549704551697,,,,,,,
767,153549,0.6860050559043884,0.6860050559043884,,,,,,,
767,153599,0.709496259689331,0.709496259689331,,,,,,,
767,153599,,,0.46062347292900085,0.7681865096092224,0.7681865096092224,0.6225517392158508,0.9983245730400085,0.7307412624359131,0.601900577545166
768,153649,0.7429378032684326,0.7429378032684326,,,,,,,
768,153699,0.704980731010437,0.704980731010437,,,,,,,
768,153749,0.794171929359436,0.794171929359436,,,,,,,
768,153799,0.7191100120544434,0.7191100120544434,,,,,,,
768,153799,,,0.46479398012161255,0.7637625336647034,0.7637625336647034,0.6228615641593933,0.9929894804954529,0.7325617671012878,0.6029455661773682
769,153849,0.742645263671875,0.742645263671875,,,,,,,
769,153899,0.7585999369621277,0.7585999369621277,,,,,,,
769,153949,0.6900337338447571,0.6900337338447571,,,,,,,
769,153999,0.6935169100761414,0.6935169100761414,,,,,,,
769,153999,,,0.46116557717323303,0.7650971412658691,0.7650971412658691,0.6224967241287231,1.00508451461792,0.7317883372306824,0.5995019674301147
770,154049,0.7405053377151489,0.7405053377151489,,,,,,,
770,154099,0.7496726512908936,0.7496726512908936,,,,,,,
770,154149,0.8201637864112854,0.8201637864112854,,,,,,,
770,154199,0.7328984141349792,0.7328984141349792,,,,,,,
770,154199,,,0.4634804129600525,0.7657132744789124,0.7657132744789124,0.6219542622566223,1.011616587638855,0.7298848032951355,0.5941247344017029
771,154249,0.713646650314331,0.713646650314331,,,,,,,
771,154299,0.7391868829727173,0.7391868829727173,,,,,,,
771,154349,0.8348239064216614,0.8348239064216614,,,,,,,
771,154399,0.8235270380973816,0.8235270380973816,,,,,,,
771,154399,,,0.46196672320365906,0.7659602165222168,0.7659602165222168,0.6207879781723022,1.004409670829773,0.7320831418037415,0.5981633067131042
772,154449,0.8448650240898132,0.8448650240898132,,,,,,,
772,154499,0.6951523423194885,0.6951523423194885,,,,,,,
772,154549,0.6685196757316589,0.6685196757316589,,,,,,,
772,154599,0.6660333871841431,0.6660333871841431,,,,,,,
772,154599,,,0.46357402205467224,0.7670775651931763,0.7670775651931763,0.6226123571395874,1.0017292499542236,0.7325978875160217,0.6019858121871948
773,154649,0.6426151394844055,0.6426151394844055,,,,,,,
773,154699,0.7318163514137268,0.7318163514137268,,,,,,,
773,154749,0.7860252857208252,0.7860252857208252,,,,,,,
773,154799,0.7550441026687622,0.7550441026687622,,,,,,,
773,154799,,,0.4631429612636566,0.766960859298706,0.766960859298706,0.6207566261291504,1.0072036981582642,0.7357248663902283,0.6001438498497009
774,154849,0.7340819835662842,0.7340819835662842,,,,,,,
774,154899,0.6964396834373474,0.6964396834373474,,,,,,,
774,154949,0.8027024269104004,0.8027024269104004,,,,,,,
774,154999,0.8684935569763184,0.8684935569763184,,,,,,,
774,154999,,,0.46044832468032837,0.765507161617279,0.765507161617279,0.6236886382102966,1.006436824798584,0.7306092977523804,0.595527708530426
775,155049,0.7756391763687134,0.7756391763687134,,,,,,,
775,155099,0.7417545914649963,0.7417545914649963,,,,,,,
775,155149,0.8130189180374146,0.8130189180374146,,,,,,,
775,155199,0.7488371133804321,0.7488371133804321,,,,,,,
775,155199,,,0.4612162113189697,0.7648379802703857,0.7648379802703857,0.6206367611885071,0.9985392093658447,0.7308278679847717,0.6026406288146973
776,155249,0.7662670612335205,0.7662670612335205,,,,,,,
776,155299,0.774272084236145,0.774272084236145,,,,,,,
776,155349,0.728197455406189,0.728197455406189,,,,,,,
776,155399,0.8289526700973511,0.8289526700973511,,,,,,,
776,155399,,,0.46008387207984924,0.7692328095436096,0.7692328095436096,0.6255035996437073,1.0015679597854614,0.7323330044746399,0.5987173914909363
777,155449,0.7330599427223206,0.7330599427223206,,,,,,,
777,155499,0.7386888861656189,0.7386888861656189,,,,,,,
777,155549,0.6614086031913757,0.6614086031913757,,,,,,,
777,155599,0.8190107345581055,0.8190107345581055,,,,,,,
777,155599,,,0.46216443181037903,0.7644430994987488,0.7644430994987488,0.6207719445228577,1.0048513412475586,0.7285599112510681,0.5961493253707886
778,155649,0.8184215426445007,0.8184215426445007,,,,,,,
778,155699,0.7317762970924377,0.7317762970924377,,,,,,,
778,155749,0.7271125912666321,0.7271125912666321,,,,,,,
778,155799,0.7152218222618103,0.7152218222618103,,,,,,,
778,155799,,,0.4571220874786377,0.7654661536216736,0.7654661536216736,0.6187353134155273,1.0103033781051636,0.7298883199691772,0.5925047397613525
779,155849,0.810707688331604,0.810707688331604,,,,,,,
779,155899,0.6501880288124084,0.6501880288124084,,,,,,,
779,155949,0.758784294128418,0.758784294128418,,,,,,,
779,155999,0.754205584526062,0.754205584526062,,,,,,,
779,155999,,,0.4605989456176758,0.7669671177864075,0.7669671177864075,0.6207399368286133,1.0056507587432861,0.7316862344741821,0.5985995531082153
780,156049,0.733805775642395,0.733805775642395,,,,,,,
780,156099,0.7768672704696655,0.7768672704696655,,,,,,,
780,156149,0.7708195447921753,0.7708195447921753,,,,,,,
780,156199,0.7562716603279114,0.7562716603279114,,,,,,,
780,156199,,,0.4610811173915863,0.7707515358924866,0.7707515358924866,0.6240848898887634,0.9917085766792297,0.7308469414710999,0.6079617738723755
781,156249,0.8475979566574097,0.8475979566574097,,,,,,,
781,156299,0.7133456468582153,0.7133456468582153,,,,,,,
781,156349,0.7750181555747986,0.7750181555747986,,,,,,,
781,156399,0.7744981050491333,0.7744981050491333,,,,,,,
781,156399,,,0.4575009047985077,0.768444836139679,0.768444836139679,0.62712162733078,1.0151867866516113,0.7324078679084778,0.5986518263816833
782,156449,0.7107683420181274,0.7107683420181274,,,,,,,
782,156499,0.7156761884689331,0.7156761884689331,,,,,,,
782,156549,0.7554630637168884,0.7554630637168884,,,,,,,
782,156599,0.8156366944313049,0.8156366944313049,,,,,,,
782,156599,,,0.45698681473731995,0.7660531401634216,0.7660531401634216,0.6215002536773682,1.0094114542007446,0.732033908367157,0.5964583158493042
783,156649,0.7490576505661011,0.7490576505661011,,,,,,,
783,156699,0.8395065069198608,0.8395065069198608,,,,,,,
783,156749,0.754519522190094,0.754519522190094,,,,,,,
783,156799,0.8199089765548706,0.8199089765548706,,,,,,,
783,156799,,,0.4600086212158203,0.7664828300476074,0.7664828300476074,0.6183000802993774,1.0080738067626953,0.731348991394043,0.6011227369308472
784,156849,0.677511990070343,0.677511990070343,,,,,,,
784,156899,0.6928461194038391,0.6928461194038391,,,,,,,
784,156949,0.8087799549102783,0.8087799549102783,,,,,,,
784,156999,0.7909325361251831,0.7909325361251831,,,,,,,
784,156999,,,0.45840954780578613,0.7654978632926941,0.7654978632926941,0.6221764087677002,1.0007531642913818,0.7311849594116211,0.600374698638916
785,157049,0.7733943462371826,0.7733943462371826,,,,,,,
785,157099,0.7948581576347351,0.7948581576347351,,,,,,,
785,157149,0.7156882286071777,0.7156882286071777,,,,,,,
785,157199,0.8402068614959717,0.8402068614959717,,,,,,,
785,157199,,,0.45690402388572693,0.7649969458580017,0.7649969458580017,0.6254205107688904,1.0037071704864502,0.7315378189086914,0.6009591817855835
786,157249,0.7007490396499634,0.7007490396499634,,,,,,,
786,157299,0.8057104349136353,0.8057104349136353,,,,,,,
786,157349,0.7146916389465332,0.7146916389465332,,,,,,,
786,157399,0.8254919052124023,0.8254919052124023,,,,,,,
786,157399,,,0.45789003372192383,0.7651758193969727,0.7651758193969727,0.6213871240615845,1.004734754562378,0.7313828468322754,0.5989362001419067
787,157449,0.7638770341873169,0.7638770341873169,,,,,,,
787,157499,0.7309806942939758,0.7309806942939758,,,,,,,
787,157549,0.7566989660263062,0.7566989660263062,,,,,,,
787,157599,0.7770899534225464,0.7770899534225464,,,,,,,
787,157599,,,0.4582679867744446,0.7665591835975647,0.7665591835975647,0.6210941672325134,0.9993252754211426,0.7323923707008362,0.6017587184906006
788,157649,0.7582797408103943,0.7582797408103943,,,,,,,
788,157699,0.9092308878898621,0.9092308878898621,,,,,,,
788,157749,0.7201920747756958,0.7201920747756958,,,,,,,
788,157799,0.7831435203552246,0.7831435203552246,,,,,,,
788,157799,,,0.45944100618362427,0.7636377811431885,0.7636377811431885,0.6275726556777954,1.0152201652526855,0.7324571013450623,0.5905123353004456
789,157849,0.76966392993927,0.76966392993927,,,,,,,
789,157899,0.6488345265388489,0.6488345265388489,,,,,,,
789,157949,0.7653946876525879,0.7653946876525879,,,,,,,
789,157999,0.765400767326355,0.765400767326355,,,,,,,
789,157999,,,0.4600479304790497,0.763340950012207,0.763340950012207,0.6213917136192322,1.008558750152588,0.7311121225357056,0.5982144474983215
790,158049,0.7287627458572388,0.7287627458572388,,,,,,,
790,158099,0.6827311515808105,0.6827311515808105,,,,,,,
790,158149,0.6638959050178528,0.6638959050178528,,,,,,,
790,158199,0.6959944367408752,0.6959944367408752,,,,,,,
790,158199,,,0.4571338891983032,0.7668158411979675,0.7668158411979675,0.6188486218452454,1.0005501508712769,0.7315019369125366,0.601797878742218
791,158249,0.7324949502944946,0.7324949502944946,,,,,,,
791,158299,0.7629696726799011,0.7629696726799011,,,,,,,
791,158349,0.7334651350975037,0.7334651350975037,,,,,,,
791,158399,0.7598114013671875,0.7598114013671875,,,,,,,
791,158399,,,0.4609071910381317,0.7637472748756409,0.7637472748756409,0.6229482889175415,0.999627411365509,0.728314220905304,0.6021650433540344
792,158449,0.7913703322410583,0.7913703322410583,,,,,,,
792,158499,0.7341083884239197,0.7341083884239197,,,,,,,
792,158549,0.7041465640068054,0.7041465640068054,,,,,,,
792,158599,0.8333748579025269,0.8333748579025269,,,,,,,
792,158599,,,0.4597151577472687,0.76344895362854,0.76344895362854,0.6207708716392517,1.0082825422286987,0.7320082783699036,0.5957311987876892
793,158649,0.7602334022521973,0.7602334022521973,,,,,,,
793,158699,0.7437429428100586,0.7437429428100586,,,,,,,
793,158749,0.7158946394920349,0.7158946394920349,,,,,,,
793,158799,0.7044487595558167,0.7044487595558167,,,,,,,
793,158799,,,0.4589611291885376,0.7627969980239868,0.7627969980239868,0.6207464933395386,1.0032600164413452,0.7331842184066772,0.596281886100769
794,158849,0.7705668807029724,0.7705668807029724,,,,,,,
794,158899,0.7900592684745789,0.7900592684745789,,,,,,,
794,158949,0.7840240597724915,0.7840240597724915,,,,,,,
794,158999,0.6630755066871643,0.6630755066871643,,,,,,,
794,158999,,,0.4629172086715698,0.765733003616333,0.765733003616333,0.6228150725364685,1.0016847848892212,0.7318640351295471,0.6013608574867249
795,159049,0.79891037940979,0.79891037940979,,,,,,,
795,159099,0.7812694907188416,0.7812694907188416,,,,,,,
795,159149,0.8077200651168823,0.8077200651168823,,,,,,,
795,159199,0.757781445980072,0.757781445980072,,,,,,,
795,159199,,,0.4555864632129669,0.7645630836486816,0.7645630836486816,0.6207594871520996,1.0198066234588623,0.7321544885635376,0.5860119462013245
796,159249,0.7826862931251526,0.7826862931251526,,,,,,,
796,159299,0.7482898831367493,0.7482898831367493,,,,,,,
796,159349,0.89039146900177,0.89039146900177,,,,,,,
796,159399,0.8086088299751282,0.8086088299751282,,,,,,,
796,159399,,,0.4589080810546875,0.7625812888145447,0.7625812888145447,0.6229904890060425,1.0121980905532837,0.7318495512008667,0.595988392829895
797,159449,0.7391932010650635,0.7391932010650635,,,,,,,
797,159499,0.6788513660430908,0.6788513660430908,,,,,,,
797,159549,0.805054783821106,0.805054783821106,,,,,,,
797,159599,0.7573623657226562,0.7573623657226562,,,,,,,
797,159599,,,0.4587515592575073,0.7644934058189392,0.7644934058189392,0.6242491602897644,1.0114080905914307,0.7303500771522522,0.594214677810669
798,159649,0.7403116822242737,0.7403116822242737,,,,,,,
798,159699,0.7699026465415955,0.7699026465415955,,,,,,,
798,159749,0.8225658535957336,0.8225658535957336,,,,,,,
798,159799,0.7236265540122986,0.7236265540122986,,,,,,,
798,159799,,,0.45831960439682007,0.7617496848106384,0.7617496848106384,0.617381751537323,1.0056898593902588,0.7313240170478821,0.5958395004272461
799,159849,0.7974192500114441,0.7974192500114441,,,,,,,
799,159899,0.6271767616271973,0.6271767616271973,,,,,,,
799,159949,0.7031953930854797,0.7031953930854797,,,,,,,
799,159999,0.789659321308136,0.789659321308136,,,,,,,
799,159999,,,0.4564281404018402,0.761879026889801,0.761879026889801,0.6183488368988037,1.0094258785247803,0.7295461893081665,0.5945940017700195
800,160049,0.813968300819397,0.813968300819397,,,,,,,
800,160099,0.6577597856521606,0.6577597856521606,,,,,,,
800,160149,0.7582396864891052,0.7582396864891052,,,,,,,
800,160199,0.7143580317497253,0.7143580317497253,,,,,,,
800,160199,,,0.459160178899765,0.7617776393890381,0.7617776393890381,0.6209618449211121,1.0048351287841797,0.7299337387084961,0.5989563465118408
801,160249,0.7053692936897278,0.7053692936897278,,,,,,,
801,160299,0.8123363852500916,0.8123363852500916,,,,,,,
801,160349,0.7869055867195129,0.7869055867195129,,,,,,,
801,160399,0.7723566889762878,0.7723566889762878,,,,,,,
801,160399,,,0.4615391492843628,0.7623814940452576,0.7623814940452576,0.6218054294586182,0.9979862570762634,0.7304955720901489,0.599358081817627
802,160449,0.7132115364074707,0.7132115364074707,,,,,,,
802,160499,0.7960485816001892,0.7960485816001892,,,,,,,
802,160549,0.7438129782676697,0.7438129782676697,,,,,,,
802,160599,0.7238821983337402,0.7238821983337402,,,,,,,
802,160599,,,0.45652225613594055,0.7623677849769592,0.7623677849769592,0.6214696168899536,0.9946027994155884,0.7302820682525635,0.605183482170105
803,160649,0.6671169400215149,0.6671169400215149,,,,,,,
803,160699,0.7310668230056763,0.7310668230056763,,,,,,,
803,160749,0.7807358503341675,0.7807358503341675,,,,,,,
803,160799,0.6725451350212097,0.6725451350212097,,,,,,,
803,160799,,,0.45609018206596375,0.7628955245018005,0.7628955245018005,0.6196338534355164,0.998505711555481,0.7292031645774841,0.6020185351371765
804,160849,0.758660078048706,0.758660078048706,,,,,,,
804,160899,0.8126583695411682,0.8126583695411682,,,,,,,
804,160949,0.8667324185371399,0.8667324185371399,,,,,,,
804,160999,0.8184633851051331,0.8184633851051331,,,,,,,
804,160999,,,0.4567378759384155,0.761002242565155,0.761002242565155,0.6247155070304871,1.01731538772583,0.7303711771965027,0.5883855819702148
805,161049,0.8298366665840149,0.8298366665840149,,,,,,,
805,161099,0.8241453766822815,0.8241453766822815,,,,,,,
805,161149,0.7002638578414917,0.7002638578414917,,,,,,,
805,161199,0.788529098033905,0.788529098033905,,,,,,,
805,161199,,,0.4576992392539978,0.7619438767433167,0.7619438767433167,0.6227983236312866,0.9933106899261475,0.7324835062026978,0.6041632294654846
806,161249,0.7909277081489563,0.7909277081489563,,,,,,,
806,161299,0.8750773072242737,0.8750773072242737,,,,,,,
806,161349,0.6868149638175964,0.6868149638175964,,,,,,,
806,161399,0.7083439230918884,0.7083439230918884,,,,,,,
806,161399,,,0.4563640058040619,0.7606866955757141,0.7606866955757141,0.6240806579589844,1.0080980062484741,0.7292783856391907,0.5929654240608215
807,161449,0.7867805361747742,0.7867805361747742,,,,,,,
807,161499,0.6281185746192932,0.6281185746192932,,,,,,,
807,161549,0.7093991637229919,0.7093991637229919,,,,,,,
807,161599,0.756081759929657,0.756081759929657,,,,,,,
807,161599,,,0.4607909917831421,0.7624554634094238,0.7624554634094238,0.6198864579200745,1.000342607498169,0.7301610708236694,0.5999731421470642
808,161649,0.7373732328414917,0.7373732328414917,,,,,,,
808,161699,0.8045897483825684,0.8045897483825684,,,,,,,
808,161749,0.6422339677810669,0.6422339677810669,,,,,,,
808,161799,0.7417547702789307,0.7417547702789307,,,,,,,
808,161799,,,0.4564169645309448,0.7613822817802429,0.7613822817802429,0.6236871480941772,1.008192777633667,0.73115473985672,0.5973113179206848
809,161849,0.750746488571167,0.750746488571167,,,,,,,
809,161899,0.9169028401374817,0.9169028401374817,,,,,,,
809,161949,0.7898432016372681,0.7898432016372681,,,,,,,
809,161999,0.8275566697120667,0.8275566697120667,,,,,,,
809,161999,,,0.45898470282554626,0.7613896727561951,0.7613896727561951,0.6208682060241699,0.9999409317970276,0.7317799925804138,0.5996469259262085
810,162049,0.773949384689331,0.773949384689331,,,,,,,
810,162099,0.7870161533355713,0.7870161533355713,,,,,,,
810,162149,0.7879409790039062,0.7879409790039062,,,,,,,
810,162199,0.7089243531227112,0.7089243531227112,,,,,,,
810,162199,,,0.4572758674621582,0.7610707879066467,0.7610707879066467,0.617618203163147,1.0062798261642456,0.7313849925994873,0.5986855030059814
811,162249,0.7473064661026001,0.7473064661026001,,,,,,,
811,162299,0.7262570261955261,0.7262570261955261,,,,,,,
811,162349,0.6782015562057495,0.6782015562057495,,,,,,,
811,162399,0.7570875287055969,0.7570875287055969,,,,,,,
811,162399,,,0.4581541121006012,0.7619228959083557,0.7619228959083557,0.6200982928276062,0.9989549517631531,0.7286670207977295,0.6001960039138794
812,162449,0.7987936735153198,0.7987936735153198,,,,,,,
812,162499,0.7156384587287903,0.7156384587287903,,,,,,,
812,162549,0.7731642127037048,0.7731642127037048,,,,,,,
812,162599,0.7569842338562012,0.7569842338562012,,,,,,,
812,162599,,,0.45491576194763184,0.7601415514945984,0.7601415514945984,0.6180880069732666,1.0107892751693726,0.7323395609855652,0.5937002897262573
813,162649,0.7410030364990234,0.7410030364990234,,,,,,,
813,162699,0.7998939752578735,0.7998939752578735,,,,,,,
813,162749,0.7477613687515259,0.7477613687515259,,,,,,,
813,162799,0.7709699869155884,0.7709699869155884,,,,,,,
813,162799,,,0.45691195130348206,0.7611554861068726,0.7611554861068726,0.6189416646957397,0.9975003600120544,0.7297279834747314,0.6012609004974365
814,162849,0.7097926735877991,0.7097926735877991,,,,,,,
814,162899,0.7248902320861816,0.7248902320861816,,,,,,,
814,162949,0.7278190851211548,0.7278190851211548,,,,,,,
814,162999,0.7279399633407593,0.7279399633407593,,,,,,,
814,162999,,,0.4553562104701996,0.7607689499855042,0.7607689499855042,0.6164394617080688,1.0056334733963013,0.7280440926551819,0.5941259264945984
815,163049,0.6946391463279724,0.6946391463279724,,,,,,,
815,163099,0.748198926448822,0.748198926448822,,,,,,,
815,163149,0.7661377787590027,0.7661377787590027,,,,,,,
815,163199,0.7244778275489807,0.7244778275489807,,,,,,,
815,163199,,,0.46051937341690063,0.76295006275177,0.76295006275177,0.621992290019989,0.9999377131462097,0.7301235795021057,0.6012954711914062
816,163249,0.827815055847168,0.827815055847168,,,,,,,
816,163299,0.7234718799591064,0.7234718799591064,,,,,,,
816,163349,0.7251190543174744,0.7251190543174744,,,,,,,
816,163399,0.7444661259651184,0.7444661259651184,,,,,,,
816,163399,,,0.4583336114883423,0.7624832391738892,0.7624832391738892,0.6224179267883301,1.0086251497268677,0.7296664714813232,0.5953936576843262
817,163449,0.7386687994003296,0.7386687994003296,,,,,,,
817,163499,0.7592037320137024,0.7592037320137024,,,,,,,
817,163549,0.749943196773529,0.749943196773529,,,,,,,
817,163599,0.7012139558792114,0.7012139558792114,,,,,,,
817,163599,,,0.4571930468082428,0.7598700523376465,0.7598700523376465,0.6183493733406067,1.0004475116729736,0.731436014175415,0.5973232984542847
818,163649,0.9014856815338135,0.9014856815338135,,,,,,,
818,163699,0.7671489119529724,0.7671489119529724,,,,,,,
818,163749,0.6288913488388062,0.6288913488388062,,,,,,,
818,163799,0.8076943159103394,0.8076943159103394,,,,,,,
818,163799,,,0.45407161116600037,0.7612574696540833,0.7612574696540833,0.6217725276947021,1.0172516107559204,0.7293747067451477,0.5858977437019348
819,163849,0.6575361490249634,0.6575361490249634,,,,,,,
819,163899,0.7713932991027832,0.7713932991027832,,,,,,,
819,163949,0.6968529224395752,0.6968529224395752,,,,,,,
819,163999,0.6909590363502502,0.6909590363502502,,,,,,,
819,163999,,,0.4562554657459259,0.7612931728363037,0.7612931728363037,0.6181055307388306,1.0067493915557861,0.7293804883956909,0.5984187126159668
820,164049,0.7751573920249939,0.7751573920249939,,,,,,,
820,164099,0.7952030301094055,0.7952030301094055,,,,,,,
820,164149,0.7547167539596558,0.7547167539596558,,,,,,,
820,164199,0.6752434968948364,0.6752434968948364,,,,,,,
820,164199,,,0.4567713141441345,0.7605773210525513,0.7605773210525513,0.6217427849769592,1.0035696029663086,0.7335622906684875,0.5976500511169434
821,164249,0.6825973987579346,0.6825973987579346,,,,,,,
821,164299,0.5925883650779724,0.5925883650779724,,,,,,,
821,164349,0.8313393592834473,0.8313393592834473,,,,,,,
821,164399,0.7396243214607239,0.7396243214607239,,,,,,,
821,164399,,,0.45711496472358704,0.7595885396003723,0.7595885396003723,0.6206590533256531,1.0046250820159912,0.7292864918708801,0.5955799221992493
822,164449,0.7040807008743286,0.7040807008743286,,,,,,,
822,164499,0.708629310131073,0.708629310131073,,,,,,,
822,164549,0.744178295135498,0.744178295135498,,,,,,,
822,164599,0.699870765209198,0.699870765209198,,,,,,,
822,164599,,,0.4575068950653076,0.761606752872467,0.761606752872467,0.6229337453842163,1.0075725317001343,0.7314922213554382,0.5919511318206787
823,164649,0.6965575218200684,0.6965575218200684,,,,,,,
823,164699,0.7094932198524475,0.7094932198524475,,,,,,,
823,164749,0.7555079460144043,0.7555079460144043,,,,,,,
823,164799,0.7288001179695129,0.7288001179695129,,,,,,,
823,164799,,,0.45764070749282837,0.7580460906028748,0.7580460906028748,0.6226395964622498,1.0103503465652466,0.7304702401161194,0.5921409726142883
824,164849,0.6740687489509583,0.6740687489509583,,,,,,,
824,164899,0.7626487612724304,0.7626487612724304,,,,,,,
824,164949,0.8510246276855469,0.8510246276855469,,,,,,,
824,164999,0.7958602905273438,0.7958602905273438,,,,,,,
824,164999,,,0.45497214794158936,0.7588773369789124,0.7588773369789124,0.6191621422767639,1.0067692995071411,0.7274373769760132,0.5953684449195862
825,165049,0.7514721155166626,0.7514721155166626,,,,,,,
825,165099,0.7986985445022583,0.7986985445022583,,,,,,,
825,165149,0.7532709836959839,0.7532709836959839,,,,,,,
825,165199,0.7575197815895081,0.7575197815895081,,,,,,,
825,165199,,,0.4584943950176239,0.7607446908950806,0.7607446908950806,0.6198663115501404,1.0053294897079468,0.7291141152381897,0.5958895683288574
826,165249,0.8203734159469604,0.8203734159469604,,,,,,,
826,165299,0.7972778081893921,0.7972778081893921,,,,,,,
826,165349,0.8077885508537292,0.8077885508537292,,,,,,,
826,165399,0.7347207069396973,0.7347207069396973,,,,,,,
826,165399,,,0.4550122618675232,0.7587295770645142,0.7587295770645142,0.6179934740066528,0.9988167881965637,0.7292879819869995,0.5989659428596497
827,165449,0.6554957628250122,0.6554957628250122,,,,,,,
827,165499,0.7533218860626221,0.7533218860626221,,,,,,,
827,165549,0.7713463306427002,0.7713463306427002,,,,,,,
827,165599,0.8059558272361755,0.8059558272361755,,,,,,,
827,165599,,,0.456282377243042,0.7574098110198975,0.7574098110198975,0.6238145232200623,1.0025110244750977,0.7304922938346863,0.5962159037590027
828,165649,0.6825657486915588,0.6825657486915588,,,,,,,
828,165699,0.7436956763267517,0.7436956763267517,,,,,,,
828,165749,0.760083019733429,0.760083019733429,,,,,,,
828,165799,0.832097589969635,0.832097589969635,,,,,,,
828,165799,,,0.4546063244342804,0.7610673308372498,0.7610673308372498,0.6211654543876648,1.0089362859725952,0.7333670854568481,0.5952120423316956
829,165849,0.698876142501831,0.698876142501831,,,,,,,
829,165899,0.8080253601074219,0.8080253601074219,,,,,,,
829,165949,0.8281798362731934,0.8281798362731934,,,,,,,
829,165999,0.7475638389587402,0.7475638389587402,,,,,,,
829,165999,,,0.45850545167922974,0.760930597782135,0.760930597782135,0.6178084015846252,1.000424861907959,0.7272577285766602,0.598694384098053
830,166049,0.704212486743927,0.704212486743927,,,,,,,
830,166099,0.8007839322090149,0.8007839322090149,,,,,,,
830,166149,0.7973905801773071,0.7973905801773071,,,,,,,
830,166199,0.8242807388305664,0.8242807388305664,,,,,,,
830,166199,,,0.45589330792427063,0.7602633237838745,0.7602633237838745,0.6205148696899414,1.0081672668457031,0.7296645045280457,0.5955878496170044
831,166249,0.77617347240448,0.77617347240448,,,,,,,
831,166299,0.7582103610038757,0.7582103610038757,,,,,,,
831,166349,0.6988884806632996,0.6988884806632996,,,,,,,
831,166399,0.7568222284317017,0.7568222284317017,,,,,,,
831,166399,,,0.45714715123176575,0.7583742141723633,0.7583742141723633,0.6190022826194763,1.0021578073501587,0.7294190526008606,0.5996723175048828
832,166449,0.6960083246231079,0.6960083246231079,,,,,,,
832,166499,0.841914713382721,0.841914713382721,,,,,,,
832,166549,0.7711201906204224,0.7711201906204224,,,,,,,
832,166599,0.7285611033439636,0.7285611033439636,,,,,,,
832,166599,,,0.45416465401649475,0.7595344185829163,0.7595344185829163,0.6190803647041321,1.0094343423843384,0.7324950695037842,0.592393696308136
833,166649,0.8337134718894958,0.8337134718894958,,,,,,,
833,166699,0.765786349773407,0.765786349773407,,,,,,,
833,166749,0.7906879782676697,0.7906879782676697,,,,,,,
833,166799,0.6986174583435059,0.6986174583435059,,,,,,,
833,166799,,,0.45231908559799194,0.7599895596504211,0.7599895596504211,0.619879961013794,1.0083577632904053,0.7278494834899902,0.5939608812332153
834,166849,0.7237041592597961,0.7237041592597961,,,,,,,
834,166899,0.8723090291023254,0.8723090291023254,,,,,,,
834,166949,0.7493541836738586,0.7493541836738586,,,,,,,
834,166999,0.8533177375793457,0.8533177375793457,,,,,,,
834,166999,,,0.45194751024246216,0.7577852010726929,0.7577852010726929,0.6229104399681091,0.9998118877410889,0.7278732657432556,0.5976123213768005
835,167049,0.7464914917945862,0.7464914917945862,,,,,,,
835,167099,0.7801767587661743,0.7801767587661743,,,,,,,
835,167149,0.6587567329406738,0.6587567329406738,,,,,,,
835,167199,0.7274582386016846,0.7274582386016846,,,,,,,
835,167199,,,0.4540950357913971,0.7565087080001831,0.7565087080001831,0.6189247965812683,1.0043625831604004,0.7281022071838379,0.594258725643158
836,167249,0.7096344232559204,0.7096344232559204,,,,,,,
836,167299,0.8126152157783508,0.8126152157783508,,,,,,,
836,167349,0.9114481806755066,0.9114481806755066,,,,,,,
836,167399,0.8538204431533813,0.8538204431533813,,,,,,,
836,167399,,,0.45781785249710083,0.7565662264823914,0.7565662264823914,0.6200875043869019,1.0051677227020264,0.7298796772956848,0.5945900678634644
837,167449,0.804724395275116,0.804724395275116,,,,,,,
837,167499,0.7169052362442017,0.7169052362442017,,,,,,,
837,167549,0.7870211601257324,0.7870211601257324,,,,,,,
837,167599,0.7489949464797974,0.7489949464797974,,,,,,,
837,167599,,,0.4568187892436981,0.7563343644142151,0.7563343644142151,0.6243441104888916,1.0021981000900269,0.7326745390892029,0.598096489906311
838,167649,0.7746834754943848,0.7746834754943848,,,,,,,
838,167699,0.7941170334815979,0.7941170334815979,,,,,,,
838,167749,0.7949177622795105,0.7949177622795105,,,,,,,
838,167799,0.6960868239402771,0.6960868239402771,,,,,,,
838,167799,,,0.4548949599266052,0.7575637698173523,0.7575637698173523,0.6224381327629089,1.0131715536117554,0.7313829660415649,0.5899465680122375
839,167849,0.7579180598258972,0.7579180598258972,,,,,,,
839,167899,0.762235701084137,0.762235701084137,,,,,,,
839,167949,0.8611475825309753,0.8611475825309753,,,,,,,
839,167999,0.7214218378067017,0.7214218378067017,,,,,,,
839,167999,,,0.4553515315055847,0.7549418807029724,0.7549418807029724,0.617856502532959,1.0088914632797241,0.729791522026062,0.5949486494064331
840,168049,0.6611227989196777,0.6611227989196777,,,,,,,
840,168099,0.7911601066589355,0.7911601066589355,,,,,,,
840,168149,0.8152769207954407,0.8152769207954407,,,,,,,
840,168199,0.765853762626648,0.765853762626648,,,,,,,
840,168199,,,0.4611695110797882,0.7583896517753601,0.7583896517753601,0.6217166185379028,1.002179741859436,0.7290077805519104,0.6023379564285278
841,168249,0.7630172967910767,0.7630172967910767,,,,,,,
841,168299,0.7729892730712891,0.7729892730712891,,,,,,,
841,168349,0.7440165877342224,0.7440165877342224,,,,,,,
841,168399,0.6747413873672485,0.6747413873672485,,,,,,,
841,168399,,,0.4553244113922119,0.7567821145057678,0.7567821145057678,0.6184278726577759,1.0044540166854858,0.7342634797096252,0.5975900292396545
842,168449,0.7425071001052856,0.7425071001052856,,,,,,,
842,168499,0.667120635509491,0.667120635509491,,,,,,,
842,168549,0.6889053583145142,0.6889053583145142,,,,,,,
842,168599,0.7471707463264465,0.7471707463264465,,,,,,,
842,168599,,,0.457518994808197,0.7572126984596252,0.7572126984596252,0.6149441003799438,1.0001614093780518,0.7298862338066101,0.5985993146896362
843,168649,0.696293294429779,0.696293294429779,,,,,,,
843,168699,0.791979968547821,0.791979968547821,,,,,,,
843,168749,0.7646958231925964,0.7646958231925964,,,,,,,
843,168799,0.809664249420166,0.809664249420166,,,,,,,
843,168799,,,0.45803889632225037,0.7573027610778809,0.7573027610778809,0.6180618405342102,0.9989649653434753,0.730059802532196,0.6016957759857178
844,168849,0.8145506381988525,0.8145506381988525,,,,,,,
844,168899,0.7735345959663391,0.7735345959663391,,,,,,,
844,168949,0.7371192574501038,0.7371192574501038,,,,,,,
844,168999,0.768462598323822,0.768462598323822,,,,,,,
844,168999,,,0.45629966259002686,0.7577396035194397,0.7577396035194397,0.6178856492042542,1.0084086656570435,0.7303621768951416,0.5926113724708557
845,169049,0.7452398538589478,0.7452398538589478,,,,,,,
845,169099,0.7138611078262329,0.7138611078262329,,,,,,,
845,169149,0.717397153377533,0.717397153377533,,,,,,,
845,169199,0.8395920395851135,0.8395920395851135,,,,,,,
845,169199,,,0.45605209469795227,0.756761908531189,0.756761908531189,0.6172813177108765,1.0039615631103516,0.7287411093711853,0.5958508849143982
846,169249,0.7741479873657227,0.7741479873657227,,,,,,,
846,169299,0.6886976957321167,0.6886976957321167,,,,,,,
846,169349,0.7110376954078674,0.7110376954078674,,,,,,,
846,169399,0.7227177023887634,0.7227177023887634,,,,,,,
846,169399,,,0.4564887583255768,0.756746768951416,0.756746768951416,0.6174794435501099,1.0030858516693115,0.7310715317726135,0.596319854259491
847,169449,0.749474823474884,0.749474823474884,,,,,,,
847,169499,0.8511602878570557,0.8511602878570557,,,,,,,
847,169549,0.6646069884300232,0.6646069884300232,,,,,,,
847,169599,0.7707489728927612,0.7707489728927612,,,,,,,
847,169599,,,0.4543202519416809,0.7561614513397217,0.7561614513397217,0.6146532893180847,1.0036019086837769,0.7274599075317383,0.5978580713272095
848,169649,0.6569414734840393,0.6569414734840393,,,,,,,
848,169699,0.7402461171150208,0.7402461171150208,,,,,,,
848,169749,0.8187758326530457,0.8187758326530457,,,,,,,
848,169799,0.8527915477752686,0.8527915477752686,,,,,,,
848,169799,,,0.4573897421360016,0.7561371326446533,0.7561371326446533,0.6174042820930481,1.0002079010009766,0.7307528853416443,0.598361611366272
849,169849,0.6772041320800781,0.6772041320800781,,,,,,,
849,169899,0.7724517583847046,0.7724517583847046,,,,,,,
849,169949,0.7919308543205261,0.7919308543205261,,,,,,,
849,169999,0.7506203651428223,0.7506203651428223,,,,,,,
849,169999,,,0.4507789611816406,0.7557700276374817,0.7557700276374817,0.6173393726348877,0.999616265296936,0.7295640707015991,0.5968574285507202
850,170049,0.7227711081504822,0.7227711081504822,,,,,,,
850,170099,0.751885712146759,0.751885712146759,,,,,,,
850,170149,0.777790367603302,0.777790367603302,,,,,,,
850,170199,0.7964351177215576,0.7964351177215576,,,,,,,
850,170199,,,0.4563106298446655,0.7564312815666199,0.7564312815666199,0.6196256875991821,1.0043495893478394,0.7295222282409668,0.5969133973121643
851,170249,0.669348418712616,0.669348418712616,,,,,,,
851,170299,0.6310403943061829,0.6310403943061829,,,,,,,
851,170349,0.6692898869514465,0.6692898869514465,,,,,,,
851,170399,0.7569893598556519,0.7569893598556519,,,,,,,
851,170399,,,0.45050209760665894,0.7566582560539246,0.7566582560539246,0.618424654006958,1.0020959377288818,0.7284003496170044,0.5964046716690063
852,170449,0.7698571085929871,0.7698571085929871,,,,,,,
852,170499,0.7027400135993958,0.7027400135993958,,,,,,,
852,170549,0.8054103255271912,0.8054103255271912,,,,,,,
852,170599,0.7651459574699402,0.7651459574699402,,,,,,,
852,170599,,,0.4543651342391968,0.7570362687110901,0.7570362687110901,0.6234404444694519,1.0052083730697632,0.728713870048523,0.5939053893089294
853,170649,0.7780677080154419,0.7780677080154419,,,,,,,
853,170699,0.7837532758712769,0.7837532758712769,,,,,,,
853,170749,0.7181073427200317,0.7181073427200317,,,,,,,
853,170799,0.7557404041290283,0.7557404041290283,,,,,,,
853,170799,,,0.45169809460639954,0.7558618187904358,0.7558618187904358,0.6206182837486267,1.0037373304367065,0.7284342050552368,0.5942835211753845
854,170849,0.7636466026306152,0.7636466026306152,,,,,,,
854,170899,0.6745558977127075,0.6745558977127075,,,,,,,
854,170949,0.8296966552734375,0.8296966552734375,,,,,,,
854,170999,0.758773684501648,0.758773684501648,,,,,,,
854,170999,,,0.45035040378570557,0.7550841569900513,0.7550841569900513,0.6160448789596558,1.0042450428009033,0.7279293537139893,0.5947731137275696
855,171049,0.7500553727149963,0.7500553727149963,,,,,,,
855,171099,0.7602037787437439,0.7602037787437439,,,,,,,
855,171149,0.7328497171401978,0.7328497171401978,,,,,,,
855,171199,0.673219621181488,0.673219621181488,,,,,,,
855,171199,,,0.45459023118019104,0.7567441463470459,0.7567441463470459,0.6184950470924377,1.0015636682510376,0.7322657704353333,0.601153552532196
856,171249,0.7142000794410706,0.7142000794410706,,,,,,,
856,171299,0.6637618541717529,0.6637618541717529,,,,,,,
856,171349,0.7852522134780884,0.7852522134780884,,,,,,,
856,171399,0.7153855562210083,0.7153855562210083,,,,,,,
856,171399,,,0.4536318778991699,0.75441575050354,0.75441575050354,0.6168402433395386,1.000131607055664,0.7251814007759094,0.5988033413887024
857,171449,0.7915627360343933,0.7915627360343933,,,,,,,
857,171499,0.7435665726661682,0.7435665726661682,,,,,,,
857,171549,0.7511507272720337,0.7511507272720337,,,,,,,
857,171599,0.7913735508918762,0.7913735508918762,,,,,,,
857,171599,,,0.45954540371894836,0.7565733790397644,0.7565733790397644,0.6193551421165466,1.0048084259033203,0.7327266931533813,0.5979315638542175
858,171649,0.8276858925819397,0.8276858925819397,,,,,,,
858,171699,0.7534925937652588,0.7534925937652588,,,,,,,
858,171749,0.6566239595413208,0.6566239595413208,,,,,,,
858,171799,0.8313837647438049,0.8313837647438049,,,,,,,
858,171799,,,0.45628201961517334,0.7561317086219788,0.7561317086219788,0.6196123361587524,1.0031720399856567,0.7320560216903687,0.596307635307312
859,171849,0.6784518361091614,0.6784518361091614,,,,,,,
859,171899,0.7707899212837219,0.7707899212837219,,,,,,,
859,171949,0.7971370816230774,0.7971370816230774,,,,,,,
859,171999,0.7633731365203857,0.7633731365203857,,,,,,,
859,171999,,,0.45455241203308105,0.7551732063293457,0.7551732063293457,0.6175812482833862,1.008714199066162,0.7313476800918579,0.5951743125915527
860,172049,0.6845211386680603,0.6845211386680603,,,,,,,
860,172099,0.6912901401519775,0.6912901401519775,,,,,,,
860,172149,0.7884605526924133,0.7884605526924133,,,,,,,
860,172199,0.8334948420524597,0.8334948420524597,,,,,,,
860,172199,,,0.4550988972187042,0.755595326423645,0.755595326423645,0.6222277283668518,0.9973095655441284,0.7288897633552551,0.6010657548904419
861,172249,0.7238553166389465,0.7238553166389465,,,,,,,
861,172299,0.7215748429298401,0.7215748429298401,,,,,,,
861,172349,0.7390856146812439,0.7390856146812439,,,,,,,
861,172399,0.723736047744751,0.723736047744751,,,,,,,
861,172399,,,0.4552329182624817,0.7547010183334351,0.7547010183334351,0.6166556477546692,1.0054302215576172,0.7307227253913879,0.5971568822860718
862,172449,0.8837534785270691,0.8837534785270691,,,,,,,
862,172499,0.7418753504753113,0.7418753504753113,,,,,,,
862,172549,0.7696442604064941,0.7696442604064941,,,,,,,
862,172599,0.7129005193710327,0.7129005193710327,,,,,,,
862,172599,,,0.4549435079097748,0.7552154660224915,0.7552154660224915,0.6181870102882385,0.995927631855011,0.7285879850387573,0.5998260974884033
863,172649,0.7524920105934143,0.7524920105934143,,,,,,,
863,172699,0.7165627479553223,0.7165627479553223,,,,,,,
863,172749,0.7152334451675415,0.7152334451675415,,,,,,,
863,172799,0.763409435749054,0.763409435749054,,,,,,,
863,172799,,,0.45275789499282837,0.7555800080299377,0.7555800080299377,0.619392991065979,1.0040171146392822,0.7275881767272949,0.5958731174468994
864,172849,0.7241865396499634,0.7241865396499634,,,,,,,
864,172899,0.8178045749664307,0.8178045749664307,,,,,,,
864,172949,0.7970305681228638,0.7970305681228638,,,,,,,
864,172999,0.6792175769805908,0.6792175769805908,,,,,,,
864,172999,,,0.45315679907798767,0.7547167539596558,0.7547167539596558,0.6211302280426025,1.0012626647949219,0.7318352460861206,0.5981292724609375
865,173049,0.766427218914032,0.766427218914032,,,,,,,
865,173099,0.6428846716880798,0.6428846716880798,,,,,,,
865,173149,0.8023406863212585,0.8023406863212585,,,,,,,
865,173199,0.7331729531288147,0.7331729531288147,,,,,,,
865,173199,,,0.45245984196662903,0.7531453967094421,0.7531453967094421,0.6138924956321716,1.0039198398590088,0.7275219559669495,0.5944316387176514
866,173249,0.8109516501426697,0.8109516501426697,,,,,,,
866,173299,0.7028811573982239,0.7028811573982239,,,,,,,
866,173349,0.8169318437576294,0.8169318437576294,,,,,,,
866,173399,0.7084090113639832,0.7084090113639832,,,,,,,
866,173399,,,0.4509565830230713,0.7543795704841614,0.7543795704841614,0.6211654543876648,1.0028753280639648,0.7290390133857727,0.5965726971626282
867,173449,0.785162627696991,0.785162627696991,,,,,,,
867,173499,0.8049129843711853,0.8049129843711853,,,,,,,
867,173549,0.727687656879425,0.727687656879425,,,,,,,
867,173599,0.7076987028121948,0.7076987028121948,,,,,,,
867,173599,,,0.45495542883872986,0.7543917894363403,0.7543917894363403,0.619628369808197,1.0006167888641357,0.7295055985450745,0.597875714302063
868,173649,0.7329761385917664,0.7329761385917664,,,,,,,
868,173699,0.7890148162841797,0.7890148162841797,,,,,,,
868,173749,0.7611194252967834,0.7611194252967834,,,,,,,
868,173799,0.7915264368057251,0.7915264368057251,,,,,,,
868,173799,,,0.4524579346179962,0.7535090446472168,0.7535090446472168,0.6188044548034668,1.0046695470809937,0.7277812361717224,0.5947257876396179
869,173849,0.7711763978004456,0.7711763978004456,,,,,,,
869,173899,0.7323554754257202,0.7323554754257202,,,,,,,
869,173949,0.7516510486602783,0.7516510486602783,,,,,,,
869,173999,0.7531843185424805,0.7531843185424805,,,,,,,
869,173999,,,0.4529849588871002,0.7514798045158386,0.7514798045158386,0.6150333285331726,0.996056854724884,0.7234269380569458,0.6002205610275269
870,174049,0.8188581466674805,0.8188581466674805,,,,,,,
870,174099,0.7738924622535706,0.7738924622535706,,,,,,,
870,174149,0.7354298233985901,0.7354298233985901,,,,,,,
870,174199,0.8860104084014893,0.8860104084014893,,,,,,,
870,174199,,,0.45119261741638184,0.7531314492225647,0.7531314492225647,0.6173929572105408,1.0086032152175903,0.7293686866760254,0.5915836095809937
871,174249,0.6509937047958374,0.6509937047958374,,,,,,,
871,174299,0.8244316577911377,0.8244316577911377,,,,,,,
871,174349,0.6875438094139099,0.6875438094139099,,,,,,,
871,174399,0.7588188648223877,0.7588188648223877,,,,,,,
871,174399,,,0.4530048966407776,0.7533543109893799,0.7533543109893799,0.6192270517349243,1.0055919885635376,0.728745698928833,0.596123218536377
872,174449,0.7595213651657104,0.7595213651657104,,,,,,,
872,174499,0.7027420997619629,0.7027420997619629,,,,,,,
872,174549,0.8245121836662292,0.8245121836662292,,,,,,,
872,174599,0.7691168785095215,0.7691168785095215,,,,,,,
872,174599,,,0.4534798264503479,0.7551867365837097,0.7551867365837097,0.6192246675491333,1.0016074180603027,0.7279078364372253,0.5999150276184082
873,174649,0.8139028549194336,0.8139028549194336,,,,,,,
873,174699,0.7721179127693176,0.7721179127693176,,,,,,,
873,174749,0.801884114742279,0.801884114742279,,,,,,,
873,174799,0.8121878504753113,0.8121878504753113,,,,,,,
873,174799,,,0.4543318748474121,0.753871500492096,0.753871500492096,0.6172322034835815,1.0060856342315674,0.7321175336837769,0.5956790447235107
874,174849,0.8389514088630676,0.8389514088630676,,,,,,,
874,174899,0.846199631690979,0.846199631690979,,,,,,,
874,174949,0.7650149464607239,0.7650149464607239,,,,,,,
874,174999,0.8057964444160461,0.8057964444160461,,,,,,,
874,174999,,,0.4502183198928833,0.7532775402069092,0.7532775402069092,0.616062343120575,1.0017579793930054,0.7297828793525696,0.5963718891143799
875,175049,0.6589669585227966,0.6589669585227966,,,,,,,
875,175099,0.6096933484077454,0.6096933484077454,,,,,,,
875,175149,0.7895399332046509,0.7895399332046509,,,,,,,
875,175199,0.7536386847496033,0.7536386847496033,,,,,,,
875,175199,,,0.4546874463558197,0.7527469396591187,0.7527469396591187,0.6195394396781921,1.0032554864883423,0.7305677533149719,0.5966524481773376
876,175249,0.7166211009025574,0.7166211009025574,,,,,,,
876,175299,0.7877029180526733,0.7877029180526733,,,,,,,
876,175349,0.8006184697151184,0.8006184697151184,,,,,,,
876,175399,0.6914191246032715,0.6914191246032715,,,,,,,
876,175399,,,0.4531688690185547,0.7520421147346497,0.7520421147346497,0.619885265827179,1.0078562498092651,0.7308433055877686,0.5954480767250061
877,175449,0.7188486456871033,0.7188486456871033,,,,,,,
877,175499,0.8010706901550293,0.8010706901550293,,,,,,,
877,175549,0.7855473756790161,0.7855473756790161,,,,,,,
877,175599,0.8108944892883301,0.8108944892883301,,,,,,,
877,175599,,,0.4507298767566681,0.7535995841026306,0.7535995841026306,0.6196334362030029,1.0135923624038696,0.7315647602081299,0.5893676280975342
878,175649,0.7041872143745422,0.7041872143745422,,,,,,,
878,175699,0.7932020425796509,0.7932020425796509,,,,,,,
878,175749,0.7732300758361816,0.7732300758361816,,,,,,,
878,175799,0.7174828052520752,0.7174828052520752,,,,,,,
878,175799,,,0.45176634192466736,0.7529717683792114,0.7529717683792114,0.6194999814033508,1.004894495010376,0.7280938029289246,0.5944410562515259
879,175849,0.8107415437698364,0.8107415437698364,,,,,,,
879,175899,0.8956936597824097,0.8956936597824097,,,,,,,
879,175949,0.7516345977783203,0.7516345977783203,,,,,,,
879,175999,0.751499593257904,0.751499593257904,,,,,,,
879,175999,,,0.4512588083744049,0.7529054880142212,0.7529054880142212,0.6178700923919678,1.005551815032959,0.7311200499534607,0.5956829786300659
880,176049,0.6713154911994934,0.6713154911994934,,,,,,,
880,176099,0.8270573019981384,0.8270573019981384,,,,,,,
880,176149,0.6840713024139404,0.6840713024139404,,,,,,,
880,176199,0.786625325679779,0.786625325679779,,,,,,,
880,176199,,,0.45111459493637085,0.7523554563522339,0.7523554563522339,0.6186093688011169,1.0013136863708496,0.7266985774040222,0.5970668196678162
881,176249,0.863972008228302,0.863972008228302,,,,,,,
881,176299,0.7993929982185364,0.7993929982185364,,,,,,,
881,176349,0.7737951278686523,0.7737951278686523,,,,,,,
881,176399,0.7160739898681641,0.7160739898681641,,,,,,,
881,176399,,,0.4539932906627655,0.7535048723220825,0.7535048723220825,0.6196775436401367,1.003576397895813,0.7296943664550781,0.5966909527778625
882,176449,0.72847580909729,0.72847580909729,,,,,,,
882,176499,0.7300474643707275,0.7300474643707275,,,,,,,
882,176549,0.7391733527183533,0.7391733527183533,,,,,,,
882,176599,0.6859923005104065,0.6859923005104065,,,,,,,
882,176599,,,0.4532816708087921,0.7519861459732056,0.7519861459732056,0.6168647408485413,0.9979361891746521,0.7311837673187256,0.5982736945152283
883,176649,0.7433910965919495,0.7433910965919495,,,,,,,
883,176699,0.7862081527709961,0.7862081527709961,,,,,,,
883,176749,0.8433718085289001,0.8433718085289001,,,,,,,
883,176799,0.7418727278709412,0.7418727278709412,,,,,,,
883,176799,,,0.4549257159233093,0.7535093426704407,0.7535093426704407,0.618867814540863,1.0041717290878296,0.7278866767883301,0.5953079462051392
884,176849,0.7131813764572144,0.7131813764572144,,,,,,,
884,176899,0.7219911813735962,0.7219911813735962,,,,,,,
884,176949,0.7508285641670227,0.7508285641670227,,,,,,,
884,176999,0.8044937252998352,0.8044937252998352,,,,,,,
884,176999,,,0.45504841208457947,0.752564013004303,0.752564013004303,0.6167209148406982,1.0066583156585693,0.727134644985199,0.59498131275177
885,177049,0.7766281962394714,0.7766281962394714,,,,,,,
885,177099,0.7025848627090454,0.7025848627090454,,,,,,,
885,177149,0.75739586353302,0.75739586353302,,,,,,,
885,177199,0.7071913480758667,0.7071913480758667,,,,,,,
885,177199,,,0.4526388347148895,0.7525566220283508,0.7525566220283508,0.6160087585449219,1.0069940090179443,0.7291836142539978,0.5925011038780212
886,177249,0.7481638789176941,0.7481638789176941,,,,,,,
886,177299,0.8218307495117188,0.8218307495117188,,,,,,,
886,177349,0.7228598594665527,0.7228598594665527,,,,,,,
886,177399,0.7700275778770447,0.7700275778770447,,,,,,,
886,177399,,,0.45209458470344543,0.7529792785644531,0.7529792785644531,0.6178300380706787,1.0036002397537231,0.7262788414955139,0.5937774181365967
887,177449,0.7878121137619019,0.7878121137619019,,,,,,,
887,177499,0.7928470969200134,0.7928470969200134,,,,,,,
887,177549,0.7444363236427307,0.7444363236427307,,,,,,,
887,177599,0.6979122757911682,0.6979122757911682,,,,,,,
887,177599,,,0.4533960521221161,0.7529328465461731,0.7529328465461731,0.6168293952941895,1.0046976804733276,0.731338620185852,0.5937074422836304
888,177649,0.8324508666992188,0.8324508666992188,,,,,,,
888,177699,0.7106930613517761,0.7106930613517761,,,,,,,
888,177749,0.8266227841377258,0.8266227841377258,,,,,,,
888,177799,0.725339949131012,0.725339949131012,,,,,,,
888,177799,,,0.4487694799900055,0.7530151009559631,0.7530151009559631,0.6134833693504333,1.0036379098892212,0.7276284694671631,0.5941919684410095
889,177849,0.7799983620643616,0.7799983620643616,,,,,,,
889,177899,0.725304365158081,0.725304365158081,,,,,,,
889,177949,0.7633751034736633,0.7633751034736633,,,,,,,
889,177999,0.7604634165763855,0.7604634165763855,,,,,,,
889,177999,,,0.45050477981567383,0.7519681453704834,0.7519681453704834,0.617576539516449,1.005661964416504,0.7292776703834534,0.5946330428123474
890,178049,0.7617453336715698,0.7617453336715698,,,,,,,
890,178099,0.7797027230262756,0.7797027230262756,,,,,,,
890,178149,0.8596218228340149,0.8596218228340149,,,,,,,
890,178199,0.7784076929092407,0.7784076929092407,,,,,,,
890,178199,,,0.45248082280158997,0.7521004676818848,0.7521004676818848,0.6181515455245972,1.0050957202911377,0.7265529036521912,0.5930863618850708
891,178249,0.7814938426017761,0.7814938426017761,,,,,,,
891,178299,0.8323031067848206,0.8323031067848206,,,,,,,
891,178349,0.783619225025177,0.783619225025177,,,,,,,
891,178399,0.7749994397163391,0.7749994397163391,,,,,,,
891,178399,,,0.45351672172546387,0.7522485256195068,0.7522485256195068,0.6195955276489258,1.0098371505737305,0.7304007411003113,0.5929181575775146
892,178449,0.7863612174987793,0.7863612174987793,,,,,,,
892,178499,0.7755634784698486,0.7755634784698486,,,,,,,
892,178549,0.763091504573822,0.763091504573822,,,,,,,
892,178599,0.8044716119766235,0.8044716119766235,,,,,,,
892,178599,,,0.4520450532436371,0.7503913044929504,0.7503913044929504,0.6163984537124634,0.9946185350418091,0.7246994972229004,0.5985620617866516
893,178649,0.7679206132888794,0.7679206132888794,,,,,,,
893,178699,0.6764712929725647,0.6764712929725647,,,,,,,
893,178749,0.818086564540863,0.818086564540863,,,,,,,
893,178799,0.7515032291412354,0.7515032291412354,,,,,,,
893,178799,,,0.4520794451236725,0.751379668712616,0.751379668712616,0.6180366277694702,1.0024430751800537,0.7277274131774902,0.5929239988327026
894,178849,0.7075424790382385,0.7075424790382385,,,,,,,
894,178899,0.8341837525367737,0.8341837525367737,,,,,,,
894,178949,0.7056022882461548,0.7056022882461548,,,,,,,
894,178999,0.8015183210372925,0.8015183210372925,,,,,,,
894,178999,,,0.45240700244903564,0.7502354979515076,0.7502354979515076,0.616305947303772,1.0028680562973022,0.7281766533851624,0.5953394174575806
895,179049,0.8089962005615234,0.8089962005615234,,,,,,,
895,179099,0.703123152256012,0.703123152256012,,,,,,,
895,179149,0.7268353700637817,0.7268353700637817,,,,,,,
895,179199,0.825641930103302,0.825641930103302,,,,,,,
895,179199,,,0.45010116696357727,0.7506356239318848,0.7506356239318848,0.619337797164917,1.0075393915176392,0.7287303805351257,0.5903382301330566
896,179249,0.6253242492675781,0.6253242492675781,,,,,,,
896,179299,0.677261471748352,0.677261471748352,,,,,,,
896,179349,0.8507236838340759,0.8507236838340759,,,,,,,
896,179399,0.744165301322937,0.744165301322937,,,,,,,
896,179399,,,0.45079949498176575,0.7501702904701233,0.7501702904701233,0.6167015433311462,1.0005943775177002,0.7280052900314331,0.5951747298240662
897,179449,0.8190910816192627,0.8190910816192627,,,,,,,
897,179499,0.7383774518966675,0.7383774518966675,,,,,,,
897,179549,0.7152027487754822,0.7152027487754822,,,,,,,
897,179599,0.6955529451370239,0.6955529451370239,,,,,,,
897,179599,,,0.4521387815475464,0.7503828406333923,0.7503828406333923,0.6193405389785767,1.0012646913528442,0.72679603099823,0.5956111550331116
898,179649,0.7242693901062012,0.7242693901062012,,,,,,,
898,179699,0.7783061861991882,0.7783061861991882,,,,,,,
898,179749,0.6786227822303772,0.6786227822303772,,,,,,,
898,179799,0.7443801760673523,0.7443801760673523,,,,,,,
898,179799,,,0.4530124366283417,0.7518099546432495,0.7518099546432495,0.6190484762191772,0.9999385476112366,0.7288209795951843,0.5991345047950745
899,179849,0.7032375335693359,0.7032375335693359,,,,,,,
899,179899,0.6937229633331299,0.6937229633331299,,,,,,,
899,179949,0.6460455656051636,0.6460455656051636,,,,,,,
899,179999,0.7939592599868774,0.7939592599868774,,,,,,,
899,179999,,,0.4520275294780731,0.7512069344520569,0.7512069344520569,0.6155862808227539,1.0047467947006226,0.7300017476081848,0.595134437084198
900,180049,0.6824404001235962,0.6824404001235962,,,,,,,
900,180099,0.8426348567008972,0.8426348567008972,,,,,,,
900,180149,0.7117695212364197,0.7117695212364197,,,,,,,
900,180199,0.7269018292427063,0.7269018292427063,,,,,,,
900,180199,,,0.4512755870819092,0.7517368793487549,0.7517368793487549,0.6189295053482056,1.0025955438613892,0.7285360097885132,0.5937691926956177
901,180249,0.7705509066581726,0.7705509066581726,,,,,,,
901,180299,0.8766227960586548,0.8766227960586548,,,,,,,
901,180349,0.7585245966911316,0.7585245966911316,,,,,,,
901,180399,0.8488165140151978,0.8488165140151978,,,,,,,
901,180399,,,0.455594927072525,0.7501862049102783,0.7501862049102783,0.6147308349609375,1.0002697706222534,0.7285222411155701,0.5952104926109314
902,180449,0.7017492651939392,0.7017492651939392,,,,,,,
902,180499,0.6652942895889282,0.6652942895889282,,,,,,,
902,180549,0.7725032567977905,0.7725032567977905,,,,,,,
902,180599,0.7091339826583862,0.7091339826583862,,,,,,,
902,180599,,,0.45175275206565857,0.7495064735412598,0.7495064735412598,0.615749716758728,1.0039262771606445,0.7270071506500244,0.5935136079788208
903,180649,0.7961186170578003,0.7961186170578003,,,,,,,
903,180699,0.6454699039459229,0.6454699039459229,,,,,,,
903,180749,0.7892056107521057,0.7892056107521057,,,,,,,
903,180799,0.6619070768356323,0.6619070768356323,,,,,,,
903,180799,,,0.4513731300830841,0.7499165534973145,0.7499165534973145,0.6158780455589294,1.006778597831726,0.7292301654815674,0.593171238899231
904,180849,0.8261024951934814,0.8261024951934814,,,,,,,
904,180899,0.6422558426856995,0.6422558426856995,,,,,,,
904,180949,0.7421307563781738,0.7421307563781738,,,,,,,
904,180999,0.7261946201324463,0.7261946201324463,,,,,,,
904,180999,,,0.4495580196380615,0.7502346634864807,0.7502346634864807,0.6145970821380615,1.0046957731246948,0.7256917357444763,0.5938988924026489
905,181049,0.7647675275802612,0.7647675275802612,,,,,,,
905,181099,0.7632172107696533,0.7632172107696533,,,,,,,
905,181149,0.8102070689201355,0.8102070689201355,,,,,,,
905,181199,0.6992565989494324,0.6992565989494324,,,,,,,
905,181199,,,0.44957607984542847,0.7500478625297546,0.7500478625297546,0.6133683323860168,1.0077552795410156,0.725713312625885,0.5898860096931458
906,181249,0.6935893297195435,0.6935893297195435,,,,,,,
906,181299,0.751335859298706,0.751335859298706,,,,,,,
906,181349,0.7406485676765442,0.7406485676765442,,,,,,,
906,181399,0.7653045654296875,0.7653045654296875,,,,,,,
906,181399,,,0.45056331157684326,0.7503554821014404,0.7503554821014404,0.6162691116333008,1.0009328126907349,0.7277133464813232,0.5955587029457092
907,181449,0.7409278154373169,0.7409278154373169,,,,,,,
907,181499,0.6346695423126221,0.6346695423126221,,,,,,,
907,181549,0.757299542427063,0.757299542427063,,,,,,,
907,181599,0.782682478427887,0.782682478427887,,,,,,,
907,181599,,,0.45318371057510376,0.751243531703949,0.751243531703949,0.6181901097297668,1.005182147026062,0.7269028425216675,0.5948106646537781
908,181649,0.7465441823005676,0.7465441823005676,,,,,,,
908,181699,0.8294928073883057,0.8294928073883057,,,,,,,
908,181749,0.7621021866798401,0.7621021866798401,,,,,,,
908,181799,0.7270011305809021,0.7270011305809021,,,,,,,
908,181799,,,0.44868025183677673,0.7507225275039673,0.7507225275039673,0.6155725121498108,1.0038509368896484,0.7306338548660278,0.5943782925605774
909,181849,0.7562484741210938,0.7562484741210938,,,,,,,
909,181899,0.8085327744483948,0.8085327744483948,,,,,,,
909,181949,0.7485709190368652,0.7485709190368652,,,,,,,
909,181999,0.8173489570617676,0.8173489570617676,,,,,,,
909,181999,,,0.4500654339790344,0.7507207989692688,0.7507207989692688,0.6131885051727295,0.9990189075469971,0.7242436408996582,0.5969956517219543
910,182049,0.6835166215896606,0.6835166215896606,,,,,,,
910,182099,0.6707156300544739,0.6707156300544739,,,,,,,
910,182149,0.821188747882843,0.821188747882843,,,,,,,
910,182199,0.723211407661438,0.723211407661438,,,,,,,
910,182199,,,0.4485962390899658,0.749661922454834,0.749661922454834,0.6149933934211731,1.0087289810180664,0.728776216506958,0.5906301736831665
911,182249,0.7769070267677307,0.7769070267677307,,,,,,,
911,182299,0.7940146327018738,0.7940146327018738,,,,,,,
911,182349,0.7302053570747375,0.7302053570747375,,,,,,,
911,182399,0.859915554523468,0.859915554523468,,,,,,,
911,182399,,,0.451587051153183,0.749579906463623,0.749579906463623,0.6154694557189941,1.0032672882080078,0.7295215725898743,0.5929936766624451
912,182449,0.774504542350769,0.774504542350769,,,,,,,
912,182499,0.7604942321777344,0.7604942321777344,,,,,,,
912,182549,0.7313534617424011,0.7313534617424011,,,,,,,
912,182599,0.7180413007736206,0.7180413007736206,,,,,,,
912,182599,,,0.4519675076007843,0.7508701086044312,0.7508701086044312,0.6204571723937988,1.0011652708053589,0.7245287895202637,0.5940364599227905
913,182649,0.6652140021324158,0.6652140021324158,,,,,,,
913,182699,0.7492435574531555,0.7492435574531555,,,,,,,
913,182749,0.6990594267845154,0.6990594267845154,,,,,,,
913,182799,0.756324827671051,0.756324827671051,,,,,,,
913,182799,,,0.44844430685043335,0.7501561045646667,0.7501561045646667,0.6157974600791931,1.0068857669830322,0.7264297008514404,0.5907509922981262
914,182849,0.8519363403320312,0.8519363403320312,,,,,,,
914,182899,0.6353293657302856,0.6353293657302856,,,,,,,
914,182949,0.7480500340461731,0.7480500340461731,,,,,,,
914,182999,0.848261833190918,0.848261833190918,,,,,,,
914,182999,,,0.4514421820640564,0.7495760917663574,0.7495760917663574,0.6169447898864746,1.0072133541107178,0.7288666367530823,0.5900570154190063
915,183049,0.7630723118782043,0.7630723118782043,,,,,,,
915,183099,0.7588026523590088,0.7588026523590088,,,,,,,
915,183149,0.7864230275154114,0.7864230275154114,,,,,,,
915,183199,0.751004695892334,0.751004695892334,,,,,,,
915,183199,,,0.4558278024196625,0.7501857876777649,0.7501857876777649,0.6157999038696289,1.0028072595596313,0.7282904982566833,0.5957234501838684
916,183249,0.7593600153923035,0.7593600153923035,,,,,,,
916,183299,0.6282211542129517,0.6282211542129517,,,,,,,
916,183349,0.8115683794021606,0.8115683794021606,,,,,,,
916,183399,0.8205357789993286,0.8205357789993286,,,,,,,
916,183399,,,0.45310503244400024,0.7500721216201782,0.7500721216201782,0.6190476417541504,1.0004819631576538,0.7275912165641785,0.593801736831665
917,183449,0.7620415687561035,0.7620415687561035,,,,,,,
917,183499,0.8092445135116577,0.8092445135116577,,,,,,,
917,183549,0.7613239288330078,0.7613239288330078,,,,,,,
917,183599,0.7032975554466248,0.7032975554466248,,,,,,,
917,183599,,,0.45209306478500366,0.7503988742828369,0.7503988742828369,0.6172124147415161,1.0054854154586792,0.7284986972808838,0.5917925238609314
918,183649,0.6905741691589355,0.6905741691589355,,,,,,,
918,183699,0.7469794750213623,0.7469794750213623,,,,,,,
918,183749,0.7210716009140015,0.7210716009140015,,,,,,,
918,183799,0.6678993701934814,0.6678993701934814,,,,,,,
918,183799,,,0.4508167505264282,0.7507485747337341,0.7507485747337341,0.6138136982917786,1.0013436079025269,0.7279859185218811,0.595086395740509
919,183849,0.75254887342453,0.75254887342453,,,,,,,
919,183899,0.7445735931396484,0.7445735931396484,,,,,,,
919,183949,0.7926982045173645,0.7926982045173645,,,,,,,
919,183999,0.6896682977676392,0.6896682977676392,,,,,,,
919,183999,,,0.4530704617500305,0.7494198083877563,0.7494198083877563,0.6184133291244507,1.0076391696929932,0.7309613823890686,0.593651294708252
920,184049,0.7756795883178711,0.7756795883178711,,,,,,,
920,184099,0.8320938944816589,0.8320938944816589,,,,,,,
920,184149,0.6976872086524963,0.6976872086524963,,,,,,,
920,184199,0.7607458829879761,0.7607458829879761,,,,,,,
920,184199,,,0.4473954737186432,0.7493168711662292,0.7493168711662292,0.6163560748100281,1.0045692920684814,0.7293482422828674,0.5930069088935852
921,184249,0.7277473211288452,0.7277473211288452,,,,,,,
921,184299,0.730150580406189,0.730150580406189,,,,,,,
921,184349,0.7858920693397522,0.7858920693397522,,,,,,,
921,184399,0.7592734694480896,0.7592734694480896,,,,,,,
921,184399,,,0.4523460865020752,0.7498549818992615,0.7498549818992615,0.6180008053779602,1.0037400722503662,0.7262415885925293,0.5937616229057312
922,184449,0.7635033130645752,0.7635033130645752,,,,,,,
922,184499,0.7952595353126526,0.7952595353126526,,,,,,,
922,184549,0.7092779874801636,0.7092779874801636,,,,,,,
922,184599,0.7808224558830261,0.7808224558830261,,,,,,,
922,184599,,,0.451786071062088,0.7500709295272827,0.7500709295272827,0.616765558719635,1.0044070482254028,0.7272074222564697,0.5960434675216675
923,184649,0.7965042591094971,0.7965042591094971,,,,,,,
923,184699,0.7195663452148438,0.7195663452148438,,,,,,,
923,184749,0.7067290544509888,0.7067290544509888,,,,,,,
923,184799,0.7801883816719055,0.7801883816719055,,,,,,,
923,184799,,,0.4513959288597107,0.7491515278816223,0.7491515278816223,0.6144387125968933,1.0009028911590576,0.7313811779022217,0.596340537071228
924,184849,0.6519038081169128,0.6519038081169128,,,,,,,
924,184899,0.7000452876091003,0.7000452876091003,,,,,,,
924,184949,0.7360539436340332,0.7360539436340332,,,,,,,
924,184999,0.6819568276405334,0.6819568276405334,,,,,,,
924,184999,,,0.4478592872619629,0.7499934434890747,0.7499934434890747,0.6148887872695923,1.000501036643982,0.7263838648796082,0.5953220725059509
925,185049,0.7387135624885559,0.7387135624885559,,,,,,,
925,185099,0.8006442189216614,0.8006442189216614,,,,,,,
925,185149,0.6968138217926025,0.6968138217926025,,,,,,,
925,185199,0.7465419173240662,0.7465419173240662,,,,,,,
925,185199,,,0.45366308093070984,0.75052410364151,0.75052410364151,0.6166993975639343,1.000746488571167,0.7301705479621887,0.5961443185806274
926,185249,0.7913763523101807,0.7913763523101807,,,,,,,
926,185299,0.7719206213951111,0.7719206213951111,,,,,,,
926,185349,0.7722426652908325,0.7722426652908325,,,,,,,
926,185399,0.7382518649101257,0.7382518649101257,,,,,,,
926,185399,,,0.44991931319236755,0.7500770688056946,0.7500770688056946,0.6187520623207092,1.002339243888855,0.7269726395606995,0.5939226150512695
927,185449,0.8372148871421814,0.8372148871421814,,,,,,,
927,185499,0.6858486533164978,0.6858486533164978,,,,,,,
927,185549,0.6820266246795654,0.6820266246795654,,,,,,,
927,185599,0.6382784247398376,0.6382784247398376,,,,,,,
927,185599,,,0.4494837820529938,0.7500118017196655,0.7500118017196655,0.6155370473861694,1.0021826028823853,0.7277319431304932,0.5942755341529846
928,185649,0.756885826587677,0.756885826587677,,,,,,,
928,185699,0.7542110681533813,0.7542110681533813,,,,,,,
928,185749,0.7356597185134888,0.7356597185134888,,,,,,,
928,185799,0.7495713233947754,0.7495713233947754,,,,,,,
928,185799,,,0.45136770606040955,0.7492408156394958,0.7492408156394958,0.6201800107955933,1.0007731914520264,0.7295434474945068,0.5946953296661377
929,185849,0.743948757648468,0.743948757648468,,,,,,,
929,185899,0.7136936783790588,0.7136936783790588,,,,,,,
929,185949,0.7095130681991577,0.7095130681991577,,,,,,,
929,185999,0.8483187556266785,0.8483187556266785,,,,,,,
929,185999,,,0.44985681772232056,0.749381959438324,0.749381959438324,0.6157419681549072,1.0032440423965454,0.7292105555534363,0.5946835279464722
930,186049,0.8516291975975037,0.8516291975975037,,,,,,,
930,186099,0.7367191910743713,0.7367191910743713,,,,,,,
930,186149,0.7916988730430603,0.7916988730430603,,,,,,,
930,186199,0.8030472993850708,0.8030472993850708,,,,,,,
930,186199,,,0.446632444858551,0.7488827109336853,0.7488827109336853,0.6158185005187988,1.0017577409744263,0.72850501537323,0.5945550799369812
931,186249,0.6930956244468689,0.6930956244468689,,,,,,,
931,186299,0.6975536942481995,0.6975536942481995,,,,,,,
931,186349,0.7038887739181519,0.7038887739181519,,,,,,,
931,186399,0.7186843156814575,0.7186843156814575,,,,,,,
931,186399,,,0.45028963685035706,0.7494639754295349,0.7494639754295349,0.6166298985481262,1.0022377967834473,0.7261860966682434,0.5948761105537415
932,186449,0.70502769947052,0.70502769947052,,,,,,,
932,186499,0.7462117075920105,0.7462117075920105,,,,,,,
932,186549,0.8323845863342285,0.8323845863342285,,,,,,,
932,186599,0.6969300508499146,0.6969300508499146,,,,,,,
932,186599,,,0.4506777226924896,0.7496273517608643,0.7496273517608643,0.615095853805542,1.0053538084030151,0.7293410301208496,0.5930459499359131
933,186649,0.710246205329895,0.710246205329895,,,,,,,
933,186699,0.8132075667381287,0.8132075667381287,,,,,,,
933,186749,0.7381665110588074,0.7381665110588074,,,,,,,
933,186799,0.786004364490509,0.786004364490509,,,,,,,
933,186799,,,0.4536532163619995,0.7493162751197815,0.7493162751197815,0.6153898239135742,0.9996329545974731,0.7266064882278442,0.5948716998100281
934,186849,0.8001722693443298,0.8001722693443298,,,,,,,
934,186899,0.7676706910133362,0.7676706910133362,,,,,,,
934,186949,0.8040938377380371,0.8040938377380371,,,,,,,
934,186999,0.8323615789413452,0.8323615789413452,,,,,,,
934,186999,,,0.4490815997123718,0.749252438545227,0.749252438545227,0.6168237328529358,1.0050222873687744,0.7260704040527344,0.5920786261558533
935,187049,0.8755844831466675,0.8755844831466675,,,,,,,
935,187099,0.7289588451385498,0.7289588451385498,,,,,,,
935,187149,0.7557265758514404,0.7557265758514404,,,,,,,
935,187199,0.7990961670875549,0.7990961670875549,,,,,,,
935,187199,,,0.45049726963043213,0.7497351765632629,0.7497351765632629,0.6140957474708557,1.0024616718292236,0.725917637348175,0.5954447984695435
936,187249,0.6878677606582642,0.6878677606582642,,,,,,,
936,187299,0.7688770890235901,0.7688770890235901,,,,,,,
936,187349,0.782311201095581,0.782311201095581,,,,,,,
936,187399,0.7643885612487793,0.7643885612487793,,,,,,,
936,187399,,,0.4477716088294983,0.7492459416389465,0.7492459416389465,0.6122468113899231,1.0004112720489502,0.7252888083457947,0.5945701599121094
937,187449,0.6569865345954895,0.6569865345954895,,,,,,,
937,187499,0.7901285290718079,0.7901285290718079,,,,,,,
937,187549,0.749121367931366,0.749121367931366,,,,,,,
937,187599,0.8279873728752136,0.8279873728752136,,,,,,,
937,187599,,,0.454384982585907,0.7487967610359192,0.7487967610359192,0.6169175505638123,1.0041890144348145,0.7300362586975098,0.5941845774650574
938,187649,0.7553347945213318,0.7553347945213318,,,,,,,
938,187699,0.7223044037818909,0.7223044037818909,,,,,,,
938,187749,0.7961529493331909,0.7961529493331909,,,,,,,
938,187799,0.8159797191619873,0.8159797191619873,,,,,,,
938,187799,,,0.45046737790107727,0.7491918206214905,0.7491918206214905,0.6180176138877869,1.0041905641555786,0.7265751361846924,0.5943066477775574
939,187849,0.779811441898346,0.779811441898346,,,,,,,
939,187899,0.7883097529411316,0.7883097529411316,,,,,,,
939,187949,0.8666918873786926,0.8666918873786926,,,,,,,
939,187999,0.7195868492126465,0.7195868492126465,,,,,,,
939,187999,,,0.4527149498462677,0.7488744854927063,0.7488744854927063,0.6126024127006531,1.0006235837936401,0.7275393605232239,0.5946803092956543
940,188049,0.7552919983863831,0.7552919983863831,,,,,,,
940,188099,0.7438759207725525,0.7438759207725525,,,,,,,
940,188149,0.6878876686096191,0.6878876686096191,,,,,,,
940,188199,0.7347835898399353,0.7347835898399353,,,,,,,
940,188199,,,0.45193538069725037,0.7484434843063354,0.7484434843063354,0.6140339374542236,1.0027294158935547,0.7283523678779602,0.5939149260520935
941,188249,0.787895917892456,0.787895917892456,,,,,,,
941,188299,0.6426318883895874,0.6426318883895874,,,,,,,
941,188349,0.720912516117096,0.720912516117096,,,,,,,
941,188399,0.7659968733787537,0.7659968733787537,,,,,,,
941,188399,,,0.4524962902069092,0.7486035227775574,0.7486035227775574,0.6185539960861206,0.9996170997619629,0.7271771430969238,0.59611576795578
942,188449,0.7379717230796814,0.7379717230796814,,,,,,,
942,188499,0.7287811636924744,0.7287811636924744,,,,,,,
942,188549,0.6817137002944946,0.6817137002944946,,,,,,,
942,188599,0.7569056749343872,0.7569056749343872,,,,,,,
942,188599,,,0.44834762811660767,0.7486081123352051,0.7486081123352051,0.6148838400840759,1.0025185346603394,0.7259059548377991,0.5938869118690491
943,188649,0.8376669883728027,0.8376669883728027,,,,,,,
943,188699,0.6667910814285278,0.6667910814285278,,,,,,,
943,188749,0.8180437684059143,0.8180437684059143,,,,,,,
943,188799,0.7072077393531799,0.7072077393531799,,,,,,,
943,188799,,,0.44544652104377747,0.748449981212616,0.748449981212616,0.6139799952507019,1.0036773681640625,0.7270358800888062,0.5941057205200195
944,188849,0.6748818159103394,0.6748818159103394,,,,,,,
944,188899,0.7490997314453125,0.7490997314453125,,,,,,,
944,188949,0.7091858983039856,0.7091858983039856,,,,,,,
944,188999,0.7208396196365356,0.7208396196365356,,,,,,,
944,188999,,,0.4514569342136383,0.7481145262718201,0.7481145262718201,0.6152915954589844,0.9985466599464417,0.7253559827804565,0.5945031046867371
945,189049,0.6552607417106628,0.6552607417106628,,,,,,,
945,189099,0.7199128270149231,0.7199128270149231,,,,,,,
945,189149,0.7331992983818054,0.7331992983818054,,,,,,,
945,189199,0.826113224029541,0.826113224029541,,,,,,,
945,189199,,,0.45237597823143005,0.7486392855644226,0.7486392855644226,0.6169341802597046,0.9993230700492859,0.7285306453704834,0.5966049432754517
946,189249,0.7462116479873657,0.7462116479873657,,,,,,,
946,189299,0.6179599761962891,0.6179599761962891,,,,,,,
946,189349,0.8013527393341064,0.8013527393341064,,,,,,,
946,189399,0.7795110940933228,0.7795110940933228,,,,,,,
946,189399,,,0.4492240250110626,0.7486427426338196,0.7486427426338196,0.6156435608863831,0.9998889565467834,0.72696852684021,0.5939603447914124
947,189449,0.7247563004493713,0.7247563004493713,,,,,,,
947,189499,0.7484493851661682,0.7484493851661682,,,,,,,
947,189549,0.7352132201194763,0.7352132201194763,,,,,,,
947,189599,0.6946788430213928,0.6946788430213928,,,,,,,
947,189599,,,0.45062926411628723,0.748569667339325,0.748569667339325,0.6179327368736267,0.997556746006012,0.7250929474830627,0.5962562561035156
948,189649,0.7697528600692749,0.7697528600692749,,,,,,,
948,189699,0.6707047820091248,0.6707047820091248,,,,,,,
948,189749,0.7734589576721191,0.7734589576721191,,,,,,,
948,189799,0.7182235717773438,0.7182235717773438,,,,,,,
948,189799,,,0.44996970891952515,0.7486441731452942,0.7486441731452942,0.6156688332557678,1.0044509172439575,0.729495108127594,0.593165397644043
949,189849,0.7280890345573425,0.7280890345573425,,,,,,,
949,189899,0.8256049156188965,0.8256049156188965,,,,,,,
949,189949,0.8260595798492432,0.8260595798492432,,,,,,,
949,189999,0.8054268956184387,0.8054268956184387,,,,,,,
949,189999,,,0.4477413594722748,0.7487753033638,0.7487753033638,0.6182154417037964,1.0020314455032349,0.7279908657073975,0.5944983959197998
950,190049,0.8471053242683411,0.8471053242683411,,,,,,,
950,190099,0.7034502625465393,0.7034502625465393,,,,,,,
950,190149,0.8202127814292908,0.8202127814292908,,,,,,,
950,190199,0.7535766363143921,0.7535766363143921,,,,,,,
950,190199,,,0.45474448800086975,0.7486713528633118,0.7486713528633118,0.6146664619445801,1.0022574663162231,0.7289729714393616,0.594390332698822
951,190249,0.7303236126899719,0.7303236126899719,,,,,,,
951,190299,0.7609575390815735,0.7609575390815735,,,,,,,
951,190349,0.7347633838653564,0.7347633838653564,,,,,,,
951,190399,0.8181555271148682,0.8181555271148682,,,,,,,
951,190399,,,0.447683721780777,0.7483890652656555,0.7483890652656555,0.6139931082725525,1.002041220664978,0.7237853407859802,0.5932756662368774
952,190449,0.8280413746833801,0.8280413746833801,,,,,,,
952,190499,0.8120246529579163,0.8120246529579163,,,,,,,
952,190549,0.6943499445915222,0.6943499445915222,,,,,,,
952,190599,0.7453069686889648,0.7453069686889648,,,,,,,
952,190599,,,0.4502684473991394,0.748380184173584,0.748380184173584,0.6129139065742493,1.003618836402893,0.7249889969825745,0.5928968191146851
953,190649,0.821309506893158,0.821309506893158,,,,,,,
953,190699,0.7169122099876404,0.7169122099876404,,,,,,,
953,190749,0.751788318157196,0.751788318157196,,,,,,,
953,190799,0.684493899345398,0.684493899345398,,,,,,,
953,190799,,,0.45289313793182373,0.7483659982681274,0.7483659982681274,0.6184242963790894,1.0032364130020142,0.7258593440055847,0.5926743745803833
954,190849,0.8569128513336182,0.8569128513336182,,,,,,,
954,190899,0.7646990418434143,0.7646990418434143,,,,,,,
954,190949,0.7611400485038757,0.7611400485038757,,,,,,,
954,190999,0.6823543310165405,0.6823543310165405,,,,,,,
954,190999,,,0.4530135989189148,0.7483286261558533,0.7483286261558533,0.6123090982437134,1.0005481243133545,0.7245935797691345,0.5943223237991333
955,191049,0.7172015309333801,0.7172015309333801,,,,,,,
955,191099,0.7500866055488586,0.7500866055488586,,,,,,,
955,191149,0.8450274467468262,0.8450274467468262,,,,,,,
955,191199,0.7549804449081421,0.7549804449081421,,,,,,,
955,191199,,,0.44746366143226624,0.748470664024353,0.748470664024353,0.6119272112846375,1.0002423524856567,0.7253457903862,0.5936325788497925
956,191249,0.6928104758262634,0.6928104758262634,,,,,,,
956,191299,0.6287524700164795,0.6287524700164795,,,,,,,
956,191349,0.7608233690261841,0.7608233690261841,,,,,,,
956,191399,0.8124165534973145,0.8124165534973145,,,,,,,
956,191399,,,0.448354035615921,0.7481610178947449,0.7481610178947449,0.6164997220039368,1.0047857761383057,0.7258490324020386,0.5923084020614624
957,191449,0.8004435896873474,0.8004435896873474,,,,,,,
957,191499,0.6767904758453369,0.6767904758453369,,,,,,,
957,191549,0.6913933753967285,0.6913933753967285,,,,,,,
957,191599,0.8383098244667053,0.8383098244667053,,,,,,,
957,191599,,,0.4455137848854065,0.7486995458602905,0.7486995458602905,0.6121359467506409,1.0008901357650757,0.7267155647277832,0.5946583151817322
958,191649,0.6928519010543823,0.6928519010543823,,,,,,,
958,191699,0.7192177772521973,0.7192177772521973,,,,,,,
958,191749,0.7137709856033325,0.7137709856033325,,,,,,,
958,191799,0.8636986017227173,0.8636986017227173,,,,,,,
958,191799,,,0.4491063058376312,0.7485067248344421,0.7485067248344421,0.6169276833534241,1.0039350986480713,0.727817714214325,0.5919728875160217
959,191849,0.7326510548591614,0.7326510548591614,,,,,,,
959,191899,0.6627273559570312,0.6627273559570312,,,,,,,
959,191949,0.6617223024368286,0.6617223024368286,,,,,,,
959,191999,0.671235978603363,0.671235978603363,,,,,,,
959,191999,,,0.4481019973754883,0.748560905456543,0.748560905456543,0.615638017654419,1.0038838386535645,0.7258921265602112,0.5928752422332764
960,192049,0.7480956315994263,0.7480956315994263,,,,,,,
960,192099,0.7484674453735352,0.7484674453735352,,,,,,,
960,192149,0.7477518916130066,0.7477518916130066,,,,,,,
960,192199,0.7276964783668518,0.7276964783668518,,,,,,,
960,192199,,,0.45038148760795593,0.7484734654426575,0.7484734654426575,0.6153647899627686,1.0036125183105469,0.7277827262878418,0.5932485461235046
961,192249,0.7615054249763489,0.7615054249763489,,,,,,,
961,192299,0.8130354881286621,0.8130354881286621,,,,,,,
961,192349,0.7812114953994751,0.7812114953994751,,,,,,,
961,192399,0.8125117421150208,0.8125117421150208,,,,,,,
961,192399,,,0.4490256905555725,0.7484039068222046,0.7484039068222046,0.6201645135879517,1.0008931159973145,0.7271615266799927,0.5950668454170227
962,192449,0.7104469537734985,0.7104469537734985,,,,,,,
962,192499,0.8152115345001221,0.8152115345001221,,,,,,,
962,192549,0.7674582004547119,0.7674582004547119,,,,,,,
962,192599,0.7150273323059082,0.7150273323059082,,,,,,,
962,192599,,,0.44864287972450256,0.7479744553565979,0.7479744553565979,0.6155792474746704,1.0018306970596313,0.7293208241462708,0.5937793254852295
963,192649,0.7102447152137756,0.7102447152137756,,,,,,,
963,192699,0.7658763527870178,0.7658763527870178,,,,,,,
963,192749,0.7100595831871033,0.7100595831871033,,,,,,,
963,192799,0.8049705028533936,0.8049705028533936,,,,,,,
963,192799,,,0.45122992992401123,0.7482842803001404,0.7482842803001404,0.6145207285881042,1.0000652074813843,0.7265458703041077,0.5941275954246521
964,192849,0.723639726638794,0.723639726638794,,,,,,,
964,192899,0.7032918334007263,0.7032918334007263,,,,,,,
964,192949,0.6971500515937805,0.6971500515937805,,,,,,,
964,192999,0.6978676319122314,0.6978676319122314,,,,,,,
964,192999,,,0.45012396574020386,0.7484100461006165,0.7484100461006165,0.6155598163604736,1.0035189390182495,0.7246907949447632,0.5931342244148254
965,193049,0.7182625532150269,0.7182625532150269,,,,,,,
965,193099,0.7649161219596863,0.7649161219596863,,,,,,,
965,193149,0.7465225458145142,0.7465225458145142,,,,,,,
965,193199,0.7707235813140869,0.7707235813140869,,,,,,,
965,193199,,,0.44871968030929565,0.748213529586792,0.748213529586792,0.6159190535545349,1.002475619316101,0.7249326705932617,0.5929645895957947
966,193249,0.7318927645683289,0.7318927645683289,,,,,,,
966,193299,0.7329301238059998,0.7329301238059998,,,,,,,
966,193349,0.7199429273605347,0.7199429273605347,,,,,,,
966,193399,0.7721197605133057,0.7721197605133057,,,,,,,
966,193399,,,0.4475664794445038,0.7482640147209167,0.7482640147209167,0.6133163571357727,1.0022000074386597,0.7269520163536072,0.5943670272827148
967,193449,0.7235466241836548,0.7235466241836548,,,,,,,
967,193499,0.6941848993301392,0.6941848993301392,,,,,,,
967,193549,0.7836045026779175,0.7836045026779175,,,,,,,
967,193599,0.7730295658111572,0.7730295658111572,,,,,,,
967,193599,,,0.4484555721282959,0.7480748891830444,0.7480748891830444,0.6143785119056702,1.0012723207473755,0.7247331142425537,0.5941674709320068
968,193649,0.7178296446800232,0.7178296446800232,,,,,,,
968,193699,0.7602388858795166,0.7602388858795166,,,,,,,
968,193749,0.7243401408195496,0.7243401408195496,,,,,,,
968,193799,0.8287360668182373,0.8287360668182373,,,,,,,
968,193799,,,0.4488986134529114,0.7479391694068909,0.7479391694068909,0.6178003549575806,1.0035977363586426,0.7255513668060303,0.5938830375671387
969,193849,0.7474266290664673,0.7474266290664673,,,,,,,
969,193899,0.7400810122489929,0.7400810122489929,,,,,,,
969,193949,0.7788569331169128,0.7788569331169128,,,,,,,
969,193999,0.81236332654953,0.81236332654953,,,,,,,
969,193999,,,0.4466397762298584,0.7480574250221252,0.7480574250221252,0.6152957677841187,1.0031492710113525,0.7268452644348145,0.5919110178947449
970,194049,0.7479587197303772,0.7479587197303772,,,,,,,
970,194099,0.7412909269332886,0.7412909269332886,,,,,,,
970,194149,0.7615039944648743,0.7615039944648743,,,,,,,
970,194199,0.7618914246559143,0.7618914246559143,,,,,,,
970,194199,,,0.44989582896232605,0.7481819987297058,0.7481819987297058,0.6138153076171875,1.003481149673462,0.7255313992500305,0.5929959416389465
971,194249,0.7149508595466614,0.7149508595466614,,,,,,,
971,194299,0.7933102250099182,0.7933102250099182,,,,,,,
971,194349,0.7503553628921509,0.7503553628921509,,,,,,,
971,194399,0.8002578020095825,0.8002578020095825,,,,,,,
971,194399,,,0.4476805031299591,0.7481792569160461,0.7481792569160461,0.616529107093811,1.0056495666503906,0.7272839546203613,0.5930166244506836
972,194449,0.6790614724159241,0.6790614724159241,,,,,,,
972,194499,0.7728343605995178,0.7728343605995178,,,,,,,
972,194549,0.7951526045799255,0.7951526045799255,,,,,,,
972,194599,0.7594420909881592,0.7594420909881592,,,,,,,
972,194599,,,0.45307865738868713,0.7482202053070068,0.7482202053070068,0.6145862340927124,1.0021562576293945,0.7250604033470154,0.5928208231925964
973,194649,0.8119400143623352,0.8119400143623352,,,,,,,
973,194699,0.7284049987792969,0.7284049987792969,,,,,,,
973,194749,0.7514278292655945,0.7514278292655945,,,,,,,
973,194799,0.780046820640564,0.780046820640564,,,,,,,
973,194799,,,0.45336565375328064,0.7481359839439392,0.7481359839439392,0.617439866065979,1.0022693872451782,0.728779673576355,0.5936419367790222
974,194849,0.7446448802947998,0.7446448802947998,,,,,,,
974,194899,0.7067991495132446,0.7067991495132446,,,,,,,
974,194949,0.7571025490760803,0.7571025490760803,,,,,,,
974,194999,0.7918552756309509,0.7918552756309509,,,,,,,
974,194999,,,0.44949600100517273,0.7480621337890625,0.7480621337890625,0.6152181029319763,1.0015878677368164,0.7272540330886841,0.5937125086784363
975,195049,0.7588127851486206,0.7588127851486206,,,,,,,
975,195099,0.75270676612854,0.75270676612854,,,,,,,
975,195149,0.7267984747886658,0.7267984747886658,,,,,,,
975,195199,0.6935034394264221,0.6935034394264221,,,,,,,
975,195199,,,0.45182302594184875,0.7481235861778259,0.7481235861778259,0.6171613931655884,1.0020666122436523,0.7268854975700378,0.5942016839981079
976,195249,0.7665830850601196,0.7665830850601196,,,,,,,
976,195299,0.6810041666030884,0.6810041666030884,,,,,,,
976,195349,0.7711521983146667,0.7711521983146667,,,,,,,
976,195399,0.8494559526443481,0.8494559526443481,,,,,,,
976,195399,,,0.44738632440567017,0.7480303049087524,0.7480303049087524,0.6167754530906677,1.002793788909912,0.7273606061935425,0.593906819820404
977,195449,0.7105469703674316,0.7105469703674316,,,,,,,
977,195499,0.7532513737678528,0.7532513737678528,,,,,,,
977,195549,0.8135982751846313,0.8135982751846313,,,,,,,
977,195599,0.7722954750061035,0.7722954750061035,,,,,,,
977,195599,,,0.44895699620246887,0.7481058835983276,0.7481058835983276,0.6170031428337097,1.0025852918624878,0.7279926538467407,0.5938125848770142
978,195649,0.8122349977493286,0.8122349977493286,,,,,,,
978,195699,0.7734737992286682,0.7734737992286682,,,,,,,
978,195749,0.7752289772033691,0.7752289772033691,,,,,,,
978,195799,0.747944176197052,0.747944176197052,,,,,,,
978,195799,,,0.44876858592033386,0.7480679154396057,0.7480679154396057,0.6183960437774658,1.0036044120788574,0.7267491817474365,0.59339839220047
979,195849,0.6952015161514282,0.6952015161514282,,,,,,,
979,195899,0.7644228339195251,0.7644228339195251,,,,,,,
979,195949,0.6990775465965271,0.6990775465965271,,,,,,,
979,195999,0.7170917987823486,0.7170917987823486,,,,,,,
979,195999,,,0.44835585355758667,0.7481225728988647,0.7481225728988647,0.6186977624893188,1.0015932321548462,0.7250315546989441,0.5942104458808899
980,196049,0.7514969110488892,0.7514969110488892,,,,,,,
980,196099,0.6740168333053589,0.6740168333053589,,,,,,,
980,196149,0.7882347106933594,0.7882347106933594,,,,,,,
980,196199,0.7187572717666626,0.7187572717666626,,,,,,,
980,196199,,,0.44879281520843506,0.7481435537338257,0.7481435537338257,0.6144160032272339,1.001632571220398,0.7294825315475464,0.5928900837898254
981,196249,0.8387675881385803,0.8387675881385803,,,,,,,
981,196299,0.7525675892829895,0.7525675892829895,,,,,,,
981,196349,0.6449770331382751,0.6449770331382751,,,,,,,
981,196399,0.7263328433036804,0.7263328433036804,,,,,,,
981,196399,,,0.4514111876487732,0.7479960918426514,0.7479960918426514,0.6155763864517212,1.0044645071029663,0.7285831570625305,0.5922365784645081
982,196449,0.7384753823280334,0.7384753823280334,,,,,,,
982,196499,0.7057728171348572,0.7057728171348572,,,,,,,
982,196549,0.744110107421875,0.744110107421875,,,,,,,
982,196599,0.8168163895606995,0.8168163895606995,,,,,,,
982,196599,,,0.4506678581237793,0.7482186555862427,0.7482186555862427,0.6158457398414612,1.003390908241272,0.724456250667572,0.5925282835960388
983,196649,0.6909308433532715,0.6909308433532715,,,,,,,
983,196699,0.7190431952476501,0.7190431952476501,,,,,,,
983,196749,0.7778945565223694,0.7778945565223694,,,,,,,
983,196799,0.7346161603927612,0.7346161603927612,,,,,,,
983,196799,,,0.44862648844718933,0.7482240796089172,0.7482240796089172,0.6110950708389282,1.0032976865768433,0.7273705005645752,0.5934934616088867
984,196849,0.7795764803886414,0.7795764803886414,,,,,,,
984,196899,0.7686020135879517,0.7686020135879517,,,,,,,
984,196949,0.758806049823761,0.758806049823761,,,,,,,
984,196999,0.803002655506134,0.803002655506134,,,,,,,
984,196999,,,0.447013795375824,0.7481335401535034,0.7481335401535034,0.6187779307365417,1.0041141510009766,0.7307997345924377,0.5927498936653137
985,197049,0.7283141016960144,0.7283141016960144,,,,,,,
985,197099,0.8367598652839661,0.8367598652839661,,,,,,,
985,197149,0.6117708683013916,0.6117708683013916,,,,,,,
985,197199,0.7569930553436279,0.7569930553436279,,,,,,,
985,197199,,,0.4472990930080414,0.74813312292099,0.74813312292099,0.6157345771789551,1.003877878189087,0.7264660000801086,0.5931113362312317
986,197249,0.6688690185546875,0.6688690185546875,,,,,,,
986,197299,0.7966040968894958,0.7966040968894958,,,,,,,
986,197349,0.7775395512580872,0.7775395512580872,,,,,,,
986,197399,0.7378317713737488,0.7378317713737488,,,,,,,
986,197399,,,0.4487645626068115,0.748140275478363,0.748140275478363,0.6145764589309692,1.0026445388793945,0.724416971206665,0.5929507613182068
987,197449,0.8627384901046753,0.8627384901046753,,,,,,,
987,197499,0.7354010939598083,0.7354010939598083,,,,,,,
987,197549,0.8072786927223206,0.8072786927223206,,,,,,,
987,197599,0.6730667352676392,0.6730667352676392,,,,,,,
987,197599,,,0.450494647026062,0.7481033205986023,0.7481033205986023,0.6152068376541138,1.003499984741211,0.7268601059913635,0.5920027494430542
988,197649,0.7332039475440979,0.7332039475440979,,,,,,,
988,197699,0.8342968821525574,0.8342968821525574,,,,,,,
988,197749,0.7560962438583374,0.7560962438583374,,,,,,,
988,197799,0.7807739973068237,0.7807739973068237,,,,,,,
988,197799,,,0.44736385345458984,0.7480921745300293,0.7480921745300293,0.6133377552032471,1.0030146837234497,0.7257300019264221,0.593574583530426
989,197849,0.8509624004364014,0.8509624004364014,,,,,,,
989,197899,0.7321062684059143,0.7321062684059143,,,,,,,
989,197949,0.7213703989982605,0.7213703989982605,,,,,,,
989,197999,0.7247219681739807,0.7247219681739807,,,,,,,
989,197999,,,0.4487200379371643,0.7481116056442261,0.7481116056442261,0.616888701915741,1.0044647455215454,0.7304450273513794,0.5927373170852661
990,198049,0.6800742745399475,0.6800742745399475,,,,,,,
990,198099,0.7304539084434509,0.7304539084434509,,,,,,,
990,198149,0.7195701003074646,0.7195701003074646,,,,,,,
990,198199,0.6545291543006897,0.6545291543006897,,,,,,,
990,198199,,,0.44857943058013916,0.748094916343689,0.748094916343689,0.6146537661552429,1.0034708976745605,0.7277164459228516,0.5928530097007751
991,198249,0.7215026021003723,0.7215026021003723,,,,,,,
991,198299,0.7854098677635193,0.7854098677635193,,,,,,,
991,198349,0.7275962829589844,0.7275962829589844,,,,,,,
991,198399,0.7459114789962769,0.7459114789962769,,,,,,,
991,198399,,,0.4491755962371826,0.7481017708778381,0.7481017708778381,0.613325834274292,1.0033085346221924,0.7269192934036255,0.59273761510849
992,198449,0.8235747814178467,0.8235747814178467,,,,,,,
992,198499,0.8810991644859314,0.8810991644859314,,,,,,,
992,198549,0.7216579914093018,0.7216579914093018,,,,,,,
992,198599,0.802751898765564,0.802751898765564,,,,,,,
992,198599,,,0.44965848326683044,0.748112678527832,0.748112678527832,0.6189208030700684,1.003346562385559,0.7282209992408752,0.5931748747825623
993,198649,0.7787702679634094,0.7787702679634094,,,,,,,
993,198699,0.6596366167068481,0.6596366167068481,,,,,,,
993,198749,0.747597336769104,0.747597336769104,,,,,,,
993,198799,0.8116044998168945,0.8116044998168945,,,,,,,
993,198799,,,0.4484831988811493,0.7481321692466736,0.7481321692466736,0.6130065321922302,1.0007195472717285,0.728009819984436,0.5938121676445007
994,198849,0.6739378571510315,0.6739378571510315,,,,,,,
994,198899,0.6848605275154114,0.6848605275154114,,,,,,,
994,198949,0.816423237323761,0.816423237323761,,,,,,,
994,198999,0.8238334059715271,0.8238334059715271,,,,,,,
994,198999,,,0.4508713483810425,0.7481118440628052,0.7481118440628052,0.6182170510292053,1.003177523612976,0.7284411191940308,0.5937223434448242
995,199049,0.6785526275634766,0.6785526275634766,,,,,,,
995,199099,0.8253139853477478,0.8253139853477478,,,,,,,
995,199149,0.7476080656051636,0.7476080656051636,,,,,,,
995,199199,0.8332821726799011,0.8332821726799011,,,,,,,
995,199199,,,0.44989222288131714,0.748115599155426,0.748115599155426,0.6120192408561707,1.0026161670684814,0.7274308800697327,0.5931267738342285
996,199249,0.748678982257843,0.748678982257843,,,,,,,
996,199299,0.7913523316383362,0.7913523316383362,,,,,,,
996,199349,0.6638767123222351,0.6638767123222351,,,,,,,
996,199399,0.7805842757225037,0.7805842757225037,,,,,,,
996,199399,,,0.44823309779167175,0.7481122612953186,0.7481122612953186,0.6165599822998047,1.0031838417053223,0.7258478999137878,0.5930510759353638
997,199449,0.7681805491447449,0.7681805491447449,,,,,,,
997,199499,0.7144205570220947,0.7144205570220947,,,,,,,
997,199549,0.6862196922302246,0.6862196922302246,,,,,,,
997,199599,0.878275990486145,0.878275990486145,,,,,,,
997,199599,,,0.45245903730392456,0.7481101751327515,0.7481101751327515,0.6129800081253052,1.0044080018997192,0.7290357351303101,0.5927477478981018
998,199649,0.7167887091636658,0.7167887091636658,,,,,,,
998,199699,0.8227958679199219,0.8227958679199219,,,,,,,
998,199749,0.7917614579200745,0.7917614579200745,,,,,,,
998,199799,0.7781891822814941,0.7781891822814941,,,,,,,
998,199799,,,0.4517172574996948,0.7481107711791992,0.7481107711791992,0.6158865094184875,1.0040655136108398,0.7290682792663574,0.5927928686141968
999,199849,0.7134417295455933,0.7134417295455933,,,,,,,
999,199899,0.7565245628356934,0.7565245628356934,,,,,,,
999,199949,0.5940272212028503,0.5940272212028503,,,,,,,
999,199999,0.7230651378631592,0.7230651378631592,,,,,,,
999,199999,,,0.4493083655834198,0.748110830783844,0.748110830783844,0.6115525960922241,1.0021957159042358,0.7248960137367249,0.5925050377845764
