epoch,step,train/loss,train/mu_mse,train/sigma_nll,train/weight_entropy,val/best_component_rmse,val/dominant_component_allocation,val/dominant_component_rmse,val/loss,val/mu_mse,val/sigma_nll,val/weight_entropy
0,99,2.135092258453369,1.026045322418213,1.4555872678756714,0.6930809020996094,,,,,,,
0,199,2.010591983795166,0.9357330799102783,1.4214248657226562,0.6931320428848267,,,,,,,
0,199,,,,,0.9881039261817932,0.5014405250549316,1.013779640197754,2.111233711242676,1.005865216255188,1.4519404172897339,0.6931431889533997
1,299,2.1670093536376953,1.0513019561767578,1.4622457027435303,0.6930768489837646,,,,,,,
1,399,2.1152994632720947,1.0072691440582275,1.454592227935791,0.6931238174438477,,,,,,,
1,399,,,,,0.9901872873306274,0.5065787434577942,1.003098726272583,2.097982168197632,1.000378131866455,1.444133996963501,0.693060576915741
2,499,2.129486560821533,1.0268793106079102,1.4491397142410278,0.6930649280548096,,,,,,,
2,599,2.031388759613037,0.9720799326896667,1.4058783054351807,0.6931393146514893,,,,,,,
2,599,,,,,0.9901723861694336,0.5051901340484619,1.00361168384552,2.0918426513671875,0.9996610879898071,1.4387282133102417,0.6930930614471436
3,699,2.0770673751831055,0.9924911856651306,1.431104063987732,0.6930556297302246,,,,,,,
3,799,2.0958712100982666,1.0094836950302124,1.4329452514648438,0.6931155920028687,,,,,,,
3,799,,,,,0.9894365072250366,0.5040348172187805,1.003221035003662,2.087054491043091,0.9970310926437378,1.4365806579589844,0.693114697933197
4,899,2.0614335536956787,0.9916818141937256,1.4163165092468262,0.6931296586990356,,,,,,,
4,999,2.0840792655944824,1.0042654275894165,1.4262807369232178,0.6929339170455933,,,,,,,
4,999,,,,,0.9897188544273376,0.5093234777450562,1.0022732019424438,2.0798184871673584,0.996857762336731,1.4294474124908447,0.6929734349250793
5,1099,2.0592169761657715,0.9751224517822266,1.430653691291809,0.6931182146072388,,,,,,,
5,1199,2.0412216186523438,0.9659876227378845,1.4217742681503296,0.6930806636810303,,,,,,,
5,1199,,,,,0.9915201663970947,0.5084856748580933,1.0017716884613037,2.0884532928466797,1.0024007558822632,1.432553768157959,0.6930030584335327
6,1299,2.132565498352051,1.0341849327087402,1.4449353218078613,0.6931096315383911,,,,,,,
6,1399,2.0507683753967285,0.9862065315246582,1.4110952615737915,0.6930664777755737,,,,,,,
6,1399,,,,,0.9924303889274597,0.5049416422843933,0.9999590516090393,2.0763463973999023,0.996393084526062,1.4265025854110718,0.6930981874465942
7,1499,2.095475673675537,1.0010415315628052,1.4409953355789185,0.693122386932373,,,,,,,
7,1599,2.0942142009735107,1.0151079893112183,1.4256259202957153,0.6930395364761353,,,,,,,
7,1599,,,,,0.9914095401763916,0.5053226947784424,0.9991152882575989,2.0756375789642334,0.9956170320510864,1.426566243171692,0.6930904984474182
8,1699,2.0478129386901855,0.9718191623687744,1.422563910484314,0.6931400299072266,,,,,,,
8,1799,2.2707929611206055,1.1254045963287354,1.4919525384902954,0.6931283473968506,,,,,,,
8,1799,,,,,0.991686999797821,0.5049204230308533,1.0002195835113525,2.0762391090393066,0.9959845542907715,1.4268040657043457,0.693098783493042
9,1899,2.167691946029663,1.059946894645691,1.4542827606201172,0.6930757761001587,,,,,,,
9,1999,2.0816500186920166,1.003494143486023,1.4247066974639893,0.6931014060974121,,,,,,,
9,1999,,,,,0.9907304048538208,0.5047557950019836,0.9982696175575256,2.066704750061035,0.9940676093101501,1.4191880226135254,0.6931017637252808
10,2099,2.0336575508117676,0.9730522036552429,1.4071393013000488,0.6930680274963379,,,,,,,
10,2199,2.0554511547088623,0.9833167791366577,1.418671727180481,0.6930745244026184,,,,,,,
10,2199,,,,,0.9650227427482605,0.5054511427879333,0.9830226898193359,2.007432699203491,0.9524234533309937,1.4015434980392456,0.6930683255195618
11,2299,1.8957798480987549,0.8985699415206909,1.3437368869781494,0.6930538415908813,,,,,,,
11,2399,1.9565093517303467,0.9327380657196045,1.3702776432037354,0.6930127143859863,,,,,,,
11,2399,,,,,0.9411491751670837,0.5060932636260986,0.9640408158302307,1.9381743669509888,0.9095565676689148,1.375140905380249,0.6930463314056396
12,2499,2.028455972671509,0.9920576214790344,1.3828753232955933,0.6929540038108826,,,,,,,
12,2599,1.7882810831069946,0.8195465207099915,1.3152254819869995,0.6929819583892822,,,,,,,
12,2599,,,,,0.9089912176132202,0.5117232799530029,0.9269329309463501,1.8119018077850342,0.8450767397880554,1.3132297992706299,0.6928098201751709
13,2699,1.903115153312683,0.9018064737319946,1.3476946353912354,0.6927720904350281,,,,,,,
13,2799,1.6070083379745483,0.7295528650283813,1.2239433526992798,0.6929758191108704,,,,,,,
13,2799,,,,,0.8860651254653931,0.5060663819313049,0.9028856158256531,1.7368781566619873,0.804787814617157,1.278610110282898,0.6930391192436218
14,2899,1.7891058921813965,0.811152458190918,1.3244225978851318,0.6929384469985962,,,,,,,
14,2999,1.7154027223587036,0.7967121601104736,1.2652146816253662,0.6930481791496277,,,,,,,
14,2999,,,,,0.8651657104492188,0.5052874684333801,0.8855570554733276,1.6717488765716553,0.769823431968689,1.2484560012817383,0.6930606961250305
15,3099,1.7238701581954956,0.809124231338501,1.2612826824188232,0.693073570728302,,,,,,,
15,3199,1.6398347616195679,0.7467545866966248,1.2396149635314941,0.6930696964263916,,,,,,,
15,3199,,,,,0.854478657245636,0.5084168910980225,0.8721147775650024,1.6320630311965942,0.7493633031845093,1.2291793823242188,0.6929590702056885
16,3299,1.511136531829834,0.6932438015937805,1.1643974781036377,0.6930094957351685,,,,,,,
16,3399,1.6358058452606201,0.7601625919342041,1.2221918106079102,0.6930971145629883,,,,,,,
16,3399,,,,,0.8460851311683655,0.5074321627616882,0.8656650185585022,1.6037225723266602,0.7325311303138733,1.2176944017410278,0.6930059194564819
17,3499,1.6695570945739746,0.7771227359771729,1.2389463186264038,0.693023681640625,,,,,,,
17,3599,1.6065893173217773,0.7333407402038574,1.2197210788726807,0.6929450035095215,,,,,,,
17,3599,,,,,0.8421832323074341,0.5071195960044861,0.8529687523841858,1.5835676193237305,0.7239957451820374,1.2060723304748535,0.6930007934570312
18,3699,1.5971275568008423,0.7241586446762085,1.219449758529663,0.6929616332054138,,,,,,,
18,3799,1.5372612476348877,0.7193017601966858,1.1644327640533447,0.6929463148117065,,,,,,,
18,3799,,,,,0.8381569981575012,0.5078004598617554,0.8513246178627014,1.5658771991729736,0.7183292508125305,1.1940269470214844,0.6929576396942139
19,3899,1.6513376235961914,0.7886888384819031,1.2091739177703857,0.6930502653121948,,,,,,,
19,3999,1.616245150566101,0.7402631044387817,1.2222955226898193,0.6926268935203552,,,,,,,
19,3999,,,,,0.8362279534339905,0.5152137279510498,0.8475974798202515,1.5676145553588867,0.7136852741241455,1.2002075910568237,0.6925563812255859
20,4099,1.6170072555541992,0.7535866498947144,1.209944248199463,0.6930473446846008,,,,,,,
20,4199,1.4628143310546875,0.6583929061889648,1.1509616374969482,0.6930804252624512,,,,,,,
20,4199,,,,,0.8319492340087891,0.5039977431297302,0.8430833220481873,1.5456571578979492,0.707362711429596,1.1848437786102295,0.6930987238883972
21,4299,1.4698503017425537,0.6550698280334473,1.16121244430542,0.6928640604019165,,,,,,,
21,4399,1.5294091701507568,0.7134648561477661,1.162414789199829,0.6929409503936768,,,,,,,
21,4399,,,,,0.8330549001693726,0.5066032409667969,0.8430455327033997,1.535807728767395,0.7076108455657959,1.1747080087661743,0.6930219531059265
22,4499,1.503251314163208,0.6867554187774658,1.1630386114120483,0.6930853724479675,,,,,,,
22,4599,1.457474946975708,0.6485998630523682,1.1552261114120483,0.6927021145820618,,,,,,,
22,4599,,,,,0.8312509655952454,0.5118486881256104,0.8442949056625366,1.5370590686798096,0.7072708010673523,1.1762090921401978,0.6928419470787048
23,4699,1.5953307151794434,0.7424838542938232,1.199263095855713,0.6928324699401855,,,,,,,
23,4799,1.596842885017395,0.7471983432769775,1.1961750984191895,0.693061113357544,,,,,,,
23,4799,,,,,0.8346262574195862,0.5033826231956482,0.8472639322280884,1.5557212829589844,0.7143736481666565,1.1879029273986816,0.6931109428405762
24,4899,1.601267695426941,0.7448780536651611,1.202901005744934,0.6930227875709534,,,,,,,
24,4999,1.5636008977890015,0.6991631984710693,1.2109647989273071,0.6930541396141052,,,,,,,
24,4999,,,,,0.828504741191864,0.5047502517700195,0.8418508172035217,1.5305309295654297,0.702339768409729,1.1747310161590576,0.6930790543556213
25,5099,1.5407543182373047,0.6967722773551941,1.1905323266983032,0.6931003332138062,,,,,,,
25,5199,1.5565253496170044,0.7301197052001953,1.172965407371521,0.6931195259094238,,,,,,,
25,5199,,,,,0.8288118839263916,0.5035640597343445,0.8443446755409241,1.5445433855056763,0.7074671983718872,1.183629035949707,0.6931060552597046
26,5299,1.4927358627319336,0.6895333528518677,1.1497405767440796,0.6930761337280273,,,,,,,
26,5399,1.4821109771728516,0.6892269849777222,1.1394071578979492,0.6930462121963501,,,,,,,
26,5399,,,,,0.8282814025878906,0.5046249628067017,0.8404478430747986,1.5288124084472656,0.7021167874336243,1.1732356548309326,0.6930798292160034
27,5499,1.5346360206604004,0.7264158725738525,1.154760718345642,0.6930810213088989,,,,,,,
27,5599,1.580517053604126,0.732568621635437,1.1944562196731567,0.6930155754089355,,,,,,,
27,5599,,,,,0.8323777318000793,0.503721296787262,0.8426456451416016,1.5346145629882812,0.705184817314148,1.1759817600250244,0.6931039690971375
28,5699,1.5660123825073242,0.7064681649208069,1.2060415744781494,0.6929945945739746,,,,,,,
28,5799,1.4789421558380127,0.6469255685806274,1.1784493923187256,0.6928655505180359,,,,,,,
28,5799,,,,,0.8311017751693726,0.5076329708099365,0.8418095111846924,1.5432847738265991,0.7064332962036133,1.1833457946777344,0.6929882168769836
29,5899,1.5356590747833252,0.6952025294303894,1.1868250370025635,0.6927371621131897,,,,,,,
29,5999,1.4659643173217773,0.6693474650382996,1.1431293487548828,0.6930250525474548,,,,,,,
29,5999,,,,,0.8312557339668274,0.5068609118461609,0.8431507349014282,1.5316572189331055,0.7042732238769531,1.1738897562026978,0.6930115222930908
30,6099,1.505812406539917,0.6999287605285645,1.1524325609207153,0.6930977702140808,,,,,,,
30,6199,1.388031244277954,0.6338947415351868,1.1006782054901123,0.6930834054946899,,,,,,,
30,6199,,,,,0.8302798271179199,0.5040411353111267,0.8409968018531799,1.5348130464553833,0.7027748227119446,1.178585171699524,0.6930941939353943
31,6299,1.5265690088272095,0.709887683391571,1.1632269620895386,0.6930911540985107,,,,,,,
31,6399,1.515854835510254,0.7095412015914917,1.152796745300293,0.692966103553772,,,,,,,
31,6399,,,,,0.8246002197265625,0.5061124563217163,0.8391901254653931,1.5115782022476196,0.698479413986206,1.1596143245697021,0.693030834197998
32,6499,1.5636863708496094,0.7453719973564148,1.1648201942443848,0.6930118799209595,,,,,,,
32,6599,1.4410648345947266,0.670037031173706,1.1175501346588135,0.6930445432662964,,,,,,,
32,6599,,,,,0.8334619402885437,0.5068172812461853,0.8425461053848267,1.5260446071624756,0.7066643834114075,1.1658893823623657,0.6930183172225952
33,6699,1.412757158279419,0.6345733404159546,1.1246541738510132,0.6929407119750977,,,,,,,
33,6799,1.47337007522583,0.6865320205688477,1.133335828781128,0.692995548248291,,,,,,,
33,6799,,,,,0.8291018605232239,0.5055175423622131,0.837614119052887,1.5085216760635376,0.7002013921737671,1.15484619140625,0.6930524110794067
34,6899,1.5763574838638306,0.7417720556259155,1.181146264076233,0.6931216716766357,,,,,,,
34,6999,1.5323247909545898,0.7061276435852051,1.1727317571640015,0.6930692195892334,,,,,,,
34,6999,,,,,0.8236222863197327,0.5043607354164124,0.838340699672699,1.5098892450332642,0.6982668042182922,1.1581661701202393,0.6930873990058899
35,7099,1.5303325653076172,0.7108884453773499,1.1659704446792603,0.6930527091026306,,,,,,,
35,7199,1.547232747077942,0.7193953990936279,1.1742608547210693,0.6928470134735107,,,,,,,
35,7199,,,,,0.8232783079147339,0.5069258213043213,0.8356662392616272,1.4936683177947998,0.6951749324798584,1.144999623298645,0.693011999130249
36,7299,1.41632878780365,0.6501626968383789,1.112692952156067,0.6930537223815918,,,,,,,
36,7399,1.5203489065170288,0.7085585594177246,1.1580452919006348,0.6925098896026611,,,,,,,
36,7399,,,,,0.8216522336006165,0.518079936504364,0.8366665840148926,1.4881911277770996,0.694293200969696,1.140122890472412,0.6924499273300171
37,7499,1.4236340522766113,0.639336109161377,1.1308214664459229,0.6930469870567322,,,,,,,
37,7599,1.3597843647003174,0.6136727929115295,1.0926543474197388,0.6930855512619019,,,,,,,
37,7599,,,,,0.818558931350708,0.5060333013534546,0.8345509767532349,1.4787973165512085,0.6915337443351746,1.1337848901748657,0.6930432319641113
38,7699,1.507059097290039,0.7005290389060974,1.1529942750930786,0.6929284334182739,,,,,,,
38,7799,1.4792649745941162,0.6984054446220398,1.127292513847351,0.6928658485412598,,,,,,,
38,7799,,,,,0.823241651058197,0.512601375579834,0.8351069688796997,1.4855320453643799,0.693042516708374,1.1388895511627197,0.6928001642227173
39,7899,1.4777109622955322,0.7057541012763977,1.1184991598129272,0.693084716796875,,,,,,,
39,7999,1.4891676902770996,0.6945241689682007,1.141092300415039,0.6928976774215698,,,,,,,
39,7999,,,,,0.8160274624824524,0.5079956650733948,0.8370763659477234,1.4864956140518188,0.6947371363639832,1.1382498741149902,0.6929831504821777
40,8099,1.5042779445648193,0.6889662742614746,1.1618393659591675,0.693055272102356,,,,,,,
40,8199,1.4490629434585571,0.6948267817497253,1.1006520986557007,0.692831814289093,,,,,,,
40,8199,,,,,0.8232812285423279,0.5086604356765747,0.8419396877288818,1.4749531745910645,0.6959716081619263,1.125458836555481,0.6929541826248169
41,8299,1.5374183654785156,0.7273814678192139,1.1565485000610352,0.6930233240127563,,,,,,,
41,8399,1.4954208135604858,0.6929647922515869,1.1489983797073364,0.6930847764015198,,,,,,,
41,8399,,,,,0.8187243342399597,0.5040972828865051,0.8383212089538574,1.4819155931472778,0.6944371461868286,1.134026050567627,0.693095326423645
42,8499,1.3485091924667358,0.6247217059135437,1.0702753067016602,0.6929757595062256,,,,,,,
42,8599,1.4347189664840698,0.641565203666687,1.1396429538726807,0.6929783225059509,,,,,,,
42,8599,,,,,0.8184275031089783,0.5101682543754578,0.8373308181762695,1.4780040979385376,0.6930933594703674,1.1313512325286865,0.6928814053535461
43,8699,1.5740025043487549,0.7471991777420044,1.1732369661331177,0.6928672790527344,,,,,,,
43,8799,1.3782382011413574,0.6492489576339722,1.075526237487793,0.6930738687515259,,,,,,,
43,8799,,,,,0.8176696300506592,0.512492299079895,0.8381787538528442,1.4773420095443726,0.694108784198761,1.129617691040039,0.6927688121795654
44,8899,1.4637033939361572,0.685297966003418,1.1249533891677856,0.6930958032608032,,,,,,,
44,8999,1.4832051992416382,0.7058819532394409,1.1238585710525513,0.693070650100708,,,,,,,
44,8999,,,,,0.81498122215271,0.5058304667472839,0.8377172350883484,1.4621552228927612,0.6929627656936646,1.115716814994812,0.6930491328239441
45,9099,1.4160749912261963,0.6610469818115234,1.1015681028366089,0.6930803060531616,,,,,,,
45,9199,1.4863773584365845,0.7136420011520386,1.1192599534988403,0.6930491924285889,,,,,,,
45,9199,,,,,0.8104068040847778,0.5053364634513855,0.837810754776001,1.4601142406463623,0.6883543133735657,1.118290901184082,0.6930615305900574
46,9299,1.5060621500015259,0.7294795513153076,1.1231319904327393,0.693098783493042,,,,,,,
46,9399,1.4460704326629639,0.6739596128463745,1.118610143661499,0.6929987668991089,,,,,,,
46,9399,,,,,0.8025267720222473,0.5056656002998352,0.8441628217697144,1.4428791999816895,0.6832259893417358,1.1061749458312988,0.6930431127548218
47,9499,1.5320110321044922,0.734287440776825,1.1442784070968628,0.6931095123291016,,,,,,,
47,9599,1.4495935440063477,0.6836283206939697,1.112512230873108,0.6930940747261047,,,,,,,
47,9599,,,,,0.8063995242118835,0.5055598616600037,0.8402981162071228,1.466793179512024,0.6916685104370117,1.1216504573822021,0.6930515170097351
48,9699,1.3745968341827393,0.6485215425491333,1.0722625255584717,0.6923744678497314,,,,,,,
48,9799,1.4653791189193726,0.716299831867218,1.0956233739852905,0.6930882930755615,,,,,,,
48,9799,,,,,0.8074950575828552,0.5045312643051147,0.8386582732200623,1.4363839626312256,0.6869521737098694,1.095973253250122,0.6930829286575317
49,9899,1.4768602848052979,0.7202249765396118,1.1030466556549072,0.6928228139877319,,,,,,,
49,9999,1.3308861255645752,0.6451165080070496,1.0321238040924072,0.6927083730697632,,,,,,,
49,9999,,,,,0.8073919415473938,0.5087619423866272,0.8354737162590027,1.438793420791626,0.6909284591674805,1.0943416357040405,0.6929529309272766
50,10099,1.4769026041030884,0.6928878426551819,1.1305629014968872,0.6930964589118958,,,,,,,
50,10199,1.3741565942764282,0.6442285776138306,1.0762993097305298,0.692742645740509,,,,,,,
50,10199,,,,,0.8082432150840759,0.5132113695144653,0.8350533246994019,1.4477508068084717,0.6900120973587036,1.1041074991226196,0.6927378177642822
51,10299,1.5283852815628052,0.7509393692016602,1.1238816976547241,0.6928715705871582,,,,,,,
51,10399,1.3816471099853516,0.668118953704834,1.059950828552246,0.6928452849388123,,,,,,,
51,10399,,,,,0.8000485897064209,0.5080432295799255,0.8331156969070435,1.4180749654769897,0.6801947951316833,1.0843716859817505,0.6929834485054016
52,10499,1.4436964988708496,0.6821188926696777,1.108130931854248,0.6931067705154419,,,,,,,
52,10599,1.3686543703079224,0.6414930820465088,1.0736994743347168,0.6930763721466064,,,,,,,
52,10599,,,,,0.8036984205245972,0.5053777098655701,0.8378599882125854,1.4346109628677368,0.6860619187355042,1.095078706741333,0.6930591464042664
53,10699,1.5018315315246582,0.7270931005477905,1.1212868690490723,0.6930968761444092,,,,,,,
53,10799,1.4169883728027344,0.6660014986991882,1.097538709640503,0.6931036710739136,,,,,,,
53,10799,,,,,0.7902261018753052,0.5071918368339539,0.8355954885482788,1.4071393013000488,0.6772487163543701,1.0763949155807495,0.6930079460144043
54,10899,1.404375672340393,0.6691941618919373,1.0817341804504395,0.6931053996086121,,,,,,,
54,10999,1.4383491277694702,0.7063061594963074,1.078481674194336,0.6928775906562805,,,,,,,
54,10999,,,,,0.7924699187278748,0.5094373822212219,0.8342627882957458,1.409545660018921,0.6783438324928284,1.077662467956543,0.6929211616516113
55,11099,1.4510607719421387,0.7075396776199341,1.089837908744812,0.6926335096359253,,,,,,,
55,11199,1.3617037534713745,0.654404878616333,1.0538461208343506,0.6930945515632629,,,,,,,
55,11199,,,,,0.7895134687423706,0.5041961073875427,0.8402503728866577,1.397236943244934,0.6735227108001709,1.070261001586914,0.6930931806564331
56,11299,1.430882453918457,0.6883831024169922,1.0890592336654663,0.6931198835372925,,,,,,,
56,11399,1.464654564857483,0.73880934715271,1.0717732906341553,0.6918561458587646,,,,,,,
56,11399,,,,,0.7831473350524902,0.522335946559906,0.8368780016899109,1.3975739479064941,0.6683515906333923,1.0752674341201782,0.6920897960662842
57,11499,1.4531068801879883,0.7215979099273682,1.0780630111694336,0.693108081817627,,,,,,,
57,11599,1.5507553815841675,0.79179447889328,1.1054790019989014,0.6930363178253174,,,,,,,
57,11599,,,,,0.7841104865074158,0.5094554424285889,0.8382618427276611,1.3974900245666504,0.6786141991615295,1.0653414726257324,0.6929306983947754
58,11699,1.4382691383361816,0.7040524482727051,1.080494999885559,0.6925565004348755,,,,,,,
58,11799,1.481398344039917,0.7241920232772827,1.103750467300415,0.6930884122848511,,,,,,,
58,11799,,,,,0.7796355485916138,0.50349360704422,0.8412500023841858,1.378814935684204,0.6609464883804321,1.0644230842590332,0.6931100487709045
59,11899,1.4365019798278809,0.714103639125824,1.0688995122909546,0.6930022835731506,,,,,,,
59,11999,1.4078097343444824,0.6821495294570923,1.0721033811569214,0.6928863525390625,,,,,,,
59,11999,,,,,0.7794466018676758,0.5117403268814087,0.8382694125175476,1.3911675214767456,0.6792303323745728,1.058350920677185,0.6928277015686035
60,12099,1.3644320964813232,0.6604678630828857,1.0504825115203857,0.6930365562438965,,,,,,,
60,12199,1.477977991104126,0.7400379776954651,1.0844647884368896,0.6930495500564575,,,,,,,
60,12199,,,,,0.7787318825721741,0.50547856092453,0.8398104906082153,1.3851091861724854,0.6691707968711853,1.0624643564224243,0.6930525302886963
61,12299,1.3362550735473633,0.6547509431838989,1.0278979539871216,0.6927877068519592,,,,,,,
61,12399,1.4146685600280762,0.6745099425315857,1.0866211652755737,0.6929250359535217,,,,,,,
61,12399,,,,,0.7860711812973022,0.5051787495613098,0.8371119499206543,1.400325894355774,0.6773642301559448,1.0694942474365234,0.6930655241012573
62,12499,1.3695151805877686,0.6462384462356567,1.0693590641021729,0.6921646595001221,,,,,,,
62,12599,1.4198737144470215,0.7070625424385071,1.0591546297073364,0.6926871538162231,,,,,,,
62,12599,,,,,0.7777750492095947,0.5172075033187866,0.836436927318573,1.3886388540267944,0.6747180223464966,1.060179352760315,0.6925173997879028
63,12699,1.5876045227050781,0.7602819204330444,1.1738697290420532,0.6930943727493286,,,,,,,
63,12799,1.3235743045806885,0.6473404765129089,1.0227807760238647,0.6930937767028809,,,,,,,
63,12799,,,,,0.7771968841552734,0.5066672563552856,0.8411250114440918,1.3672583103179932,0.6626737117767334,1.051098346710205,0.6930269002914429
64,12899,1.3832931518554688,0.6521122455596924,1.0777381658554077,0.6931145191192627,,,,,,,
64,12999,1.4529807567596436,0.702530562877655,1.0970145463943481,0.6931286454200745,,,,,,,
64,12999,,,,,0.7766095995903015,0.5030645728111267,0.8439118266105652,1.3850575685501099,0.6741622090339661,1.0574538707733154,0.6931171417236328
65,13099,1.2477071285247803,0.6053136587142944,0.9889324903488159,0.6930781602859497,,,,,,,
65,13199,1.3372423648834229,0.6511702537536621,1.0324950218200684,0.69284588098526,,,,,,,
65,13199,,,,,0.7746478319168091,0.5115886330604553,0.8372766375541687,1.3625895977020264,0.6628555059432983,1.0461474657058716,0.6928267478942871
66,13299,1.3790709972381592,0.6603752374649048,1.0651264190673828,0.6928613185882568,,,,,,,
66,13399,1.2974106073379517,0.6160316467285156,1.0279120206832886,0.6930660605430603,,,,,,,
66,13399,,,,,0.7668445706367493,0.5041875243186951,0.8422660231590271,1.3534153699874878,0.6596219539642334,1.040339708328247,0.693092942237854
67,13499,1.3915410041809082,0.6647560596466064,1.0733236074447632,0.6930772066116333,,,,,,,
67,13599,1.5191508531570435,0.7490978837013245,1.1164652109146118,0.6928245425224304,,,,,,,
67,13599,,,,,0.7613282203674316,0.5090839862823486,0.8401778936386108,1.3457111120224,0.6505818963050842,1.0416001081466675,0.6929417252540588
68,13699,1.3622702360153198,0.6278619170188904,1.0808395147323608,0.6928622722625732,,,,,,,
68,13799,1.398970603942871,0.6626635789871216,1.0828355550765991,0.6930571794509888,,,,,,,
68,13799,,,,,0.7563357353210449,0.5041633248329163,0.8586115837097168,1.3405933380126953,0.64341801404953,1.0437217950820923,0.6930925846099854
69,13899,1.3237415552139282,0.6376685500144958,1.0326290130615234,0.6931120753288269,,,,,,,
69,13999,1.398394227027893,0.6808937191963196,1.0640149116516113,0.6930287480354309,,,,,,,
69,13999,,,,,0.7773751020431519,0.5086469650268555,0.8478308916091919,1.3779946565628052,0.6653755903244019,1.0591038465499878,0.6929695010185242
70,14099,1.238862156867981,0.601440966129303,0.9839581251144409,0.6930739283561707,,,,,,,
70,14199,1.2584640979766846,0.5959432125091553,1.0087246894836426,0.692407488822937,,,,,,,
70,14199,,,,,0.7590168118476868,0.5183852910995483,0.8373011946678162,1.3328700065612793,0.6506615281105042,1.0284241437911987,0.6924313306808472
71,14299,1.4112186431884766,0.7152897715568542,1.0424891710281372,0.6931203603744507,,,,,,,
71,14399,1.3158918619155884,0.6248649954795837,1.0375701189041138,0.6930863261222839,,,,,,,
71,14399,,,,,0.7563836574554443,0.5048180818557739,0.8435316681861877,1.3408414125442505,0.6522250175476074,1.0351548194885254,0.6930768489837646
72,14499,1.276944875717163,0.6178734302520752,1.0056277513504028,0.6931126713752747,,,,,,,
72,14599,1.3690197467803955,0.6891880035400391,1.0263657569885254,0.6930680274963379,,,,,,,
72,14599,,,,,0.7577100992202759,0.5055088400840759,0.8398723602294922,1.334487795829773,0.6541706323623657,1.0268501043319702,0.6930662393569946
73,14699,1.441630244255066,0.7151294946670532,1.0730262994766235,0.6930510997772217,,,,,,,
73,14799,1.467700481414795,0.7482424974441528,1.066003680229187,0.6930912733078003,,,,,,,
73,14799,,,,,0.7503283619880676,0.5048354268074036,0.8621137738227844,1.3164379596710205,0.6371790170669556,1.0257970094680786,0.6930760145187378
74,14899,1.2727227210998535,0.6224175095558167,0.9968574047088623,0.6931043863296509,,,,,,,
74,14999,1.287963628768921,0.6405372619628906,0.9939414858818054,0.6930304765701294,,,,,,,
74,14999,,,,,0.754314124584198,0.5058518648147583,0.8446180820465088,1.3438175916671753,0.6535257697105408,1.0368146896362305,0.6930455565452576
75,15099,1.291283369064331,0.6295267343521118,1.0082625150680542,0.6930116415023804,,,,,,,
75,15199,1.325250506401062,0.639779806137085,1.0312604904174805,0.6915795207023621,,,,,,,
75,15199,,,,,0.7501006722450256,0.522932767868042,0.8396399021148682,1.356368899345398,0.6502671241760254,1.0521050691604614,0.6920062899589539
76,15299,1.2907482385635376,0.6432168483734131,0.9937875866889954,0.6925122141838074,,,,,,,
76,15399,1.353510856628418,0.6514354348182678,1.0481817722320557,0.692212700843811,,,,,,,
76,15399,,,,,0.7567003965377808,0.5212105512619019,0.8467255234718323,1.3946667909622192,0.6750357151031494,1.065727710723877,0.692192792892456
77,15499,1.3241596221923828,0.6629543304443359,1.0077375173568726,0.6930643320083618,,,,,,,
77,15599,1.4093294143676758,0.7053861021995544,1.0504947900772095,0.6931027770042419,,,,,,,
77,15599,,,,,0.7691023349761963,0.5038827657699585,0.8433260321617126,1.3601338863372803,0.6700145602226257,1.036670207977295,0.6931012272834778
78,15699,1.337446689605713,0.6602983474731445,1.0236918926239014,0.693087100982666,,,,,,,
78,15799,1.3433220386505127,0.6576254367828369,1.0321571826934814,0.6929211616516113,,,,,,,
78,15799,,,,,0.7525864839553833,0.5062916278839111,0.841948390007019,1.3249084949493408,0.6491519808769226,1.0222777128219604,0.6930414438247681
79,15899,1.3483721017837524,0.6636460423469543,1.0312517881393433,0.6930516362190247,,,,,,,
79,15999,1.1859877109527588,0.5452892780303955,0.9872041344642639,0.6930112838745117,,,,,,,
79,15999,,,,,0.7498849034309387,0.5050631761550903,0.8420069217681885,1.323641300201416,0.6485848426818848,1.0215905904769897,0.6930683851242065
80,16099,1.336869239807129,0.6379645466804504,1.045377492904663,0.6929454803466797,,,,,,,
80,16199,1.196125864982605,0.5488919019699097,0.9936518669128418,0.692835807800293,,,,,,,
80,16199,,,,,0.7520642876625061,0.5090100765228271,0.843045711517334,1.3344285488128662,0.6505213379859924,1.0303691625595093,0.6929242610931396
81,16299,1.3249132633209229,0.6586874723434448,1.012787103652954,0.6931226849555969,,,,,,,
81,16399,1.3367433547973633,0.6638919711112976,1.0192936658859253,0.6928843259811401,,,,,,,
81,16399,,,,,0.7456145286560059,0.5076993107795715,0.8429433703422546,1.3175686597824097,0.6457483172416687,1.0183124542236328,0.6929841637611389
82,16499,1.306610107421875,0.6280540227890015,1.0250424146652222,0.6929726600646973,,,,,,,
82,16599,1.2653762102127075,0.5878012180328369,1.0240190029144287,0.692888081073761,,,,,,,
82,16599,,,,,0.7499561309814453,0.5109006762504578,0.8447126150131226,1.3263869285583496,0.6412929892539978,1.0315279960632324,0.6928680539131165
83,16699,1.376964807510376,0.6760833263397217,1.0474215745925903,0.6930801868438721,,,,,,,
83,16799,1.328174352645874,0.6354191303253174,1.03927743434906,0.6930444836616516,,,,,,,
83,16799,,,,,0.7576224207878113,0.5030834674835205,0.8600196242332458,1.3268933296203613,0.6507818698883057,1.0226707458496094,0.6931180953979492
84,16899,1.393423080444336,0.672303318977356,1.0676666498184204,0.6930937767028809,,,,,,,
84,16999,1.444505214691162,0.714375913143158,1.0761327743530273,0.6920070648193359,,,,,,,
84,16999,,,,,0.7379637956619263,0.51924067735672,0.8507201075553894,1.339303970336914,0.6528446078300476,1.0326257944107056,0.6923327445983887
85,17099,1.412055253982544,0.6809525489807129,1.0776432752609253,0.693081259727478,,,,,,,
85,17199,1.173600673675537,0.5594815611839294,0.9606187343597412,0.6929994821548462,,,,,,,
85,17199,,,,,0.7482501864433289,0.5128612518310547,0.8404480814933777,1.3032351732254028,0.6383275389671326,1.0112860202789307,0.6927568912506104
86,17299,1.3093675374984741,0.6231135725975037,1.0325959920883179,0.6926839351654053,,,,,,,
86,17399,1.3151565790176392,0.6376985907554626,1.023958683013916,0.6930015683174133,,,,,,,
86,17399,,,,,0.7454065084457397,0.5079296827316284,0.8398704528808594,1.3036837577819824,0.6409859657287598,1.0091933012008667,0.6929912567138672
87,17499,1.4167752265930176,0.7006590366363525,1.0626548528671265,0.6930774450302124,,,,,,,
87,17599,1.225832462310791,0.6003292202949524,0.9719157814979553,0.6928250193595886,,,,,,,
87,17599,,,,,0.74966961145401,0.5150240063667297,0.8390164971351624,1.3140190839767456,0.6538882255554199,1.0064606666564941,0.6926593780517578
88,17699,1.3117396831512451,0.6292030215263367,1.029064416885376,0.6930555105209351,,,,,,,
88,17799,1.393944263458252,0.692249596118927,1.0481524467468262,0.6929153203964233,,,,,,,
88,17799,,,,,0.7402363419532776,0.5059736967086792,0.8422077298164368,1.320095419883728,0.6518513560295105,1.0147674083709717,0.6930469870567322
89,17899,1.2688968181610107,0.6205950975418091,0.9948183298110962,0.6930332183837891,,,,,,,
89,17999,1.2596356868743896,0.6053369045257568,1.0008269548416138,0.6930562257766724,,,,,,,
89,17999,,,,,0.7495819330215454,0.5066257119178772,0.844184398651123,1.329559326171875,0.653265655040741,1.0228068828582764,0.6930260062217712
90,18099,1.2641185522079468,0.618939995765686,0.9916782975196838,0.6929996013641357,,,,,,,
90,18199,1.3801419734954834,0.6809046268463135,1.0456799268722534,0.6928850412368774,,,,,,,
90,18199,,,,,0.7486647367477417,0.5080282092094421,0.8393351435661316,1.3058699369430542,0.6378253102302551,1.0145320892333984,0.6929746866226196
91,18299,1.4113807678222656,0.7240045070648193,1.0339080095291138,0.6930633783340454,,,,,,,
91,18399,1.3739023208618164,0.6944791674613953,1.0259284973144531,0.6930108666419983,,,,,,,
91,18399,,,,,0.7418324947357178,0.5067471861839294,0.8447431921958923,1.3076738119125366,0.6437314748764038,1.010452151298523,0.6930199265480042
92,18499,1.293344497680664,0.6474191546440125,0.9924677610397339,0.6930848360061646,,,,,,,
92,18599,1.2142280340194702,0.5886201858520508,0.9721195101737976,0.6930234432220459,,,,,,,
92,18599,,,,,0.735971987247467,0.5068618655204773,0.8497104048728943,1.3017137050628662,0.6480129361152649,1.000203251838684,0.6930050849914551
93,18699,1.2902181148529053,0.6284445524215698,1.0083303451538086,0.6931135058403015,,,,,,,
93,18799,1.3309406042099,0.6144990921020508,1.0629534721374512,0.6930239200592041,,,,,,,
93,18799,,,,,0.7471962571144104,0.5063733458518982,0.8595032691955566,1.3678405284881592,0.6473714709281921,1.066985011100769,0.6930320858955383
94,18899,1.1813546419143677,0.5674830675125122,0.9604235887527466,0.6931039690971375,,,,,,,
94,18999,1.2941341400146484,0.5797746181488037,1.0606416463851929,0.6925641298294067,,,,,,,
94,18999,,,,,0.7386964559555054,0.5122181177139282,0.8672826886177063,1.313307285308838,0.6273194551467896,1.0323681831359863,0.6927608847618103
95,19099,1.4045264720916748,0.6855162382125854,1.065476655960083,0.6929329633712769,,,,,,,
95,19199,1.1874654293060303,0.567797064781189,0.9662100672721863,0.6930832266807556,,,,,,,
95,19199,,,,,0.7351817488670349,0.5078418254852295,0.8436641693115234,1.27802312374115,0.6315882802009583,0.9929301738739014,0.6929911375045776
96,19299,1.370091438293457,0.7079669237136841,1.0085924863815308,0.6929358243942261,,,,,,,
96,19399,1.2560882568359375,0.5899088382720947,1.0127207040786743,0.6930825114250183,,,,,,,
96,19399,,,,,0.7446399927139282,0.5087701678276062,0.8614083528518677,1.3169087171554565,0.6569799184799194,1.006409764289856,0.6929622292518616
97,19499,1.334013819694519,0.6576228141784668,1.0229532718658447,0.693124532699585,,,,,,,
97,19599,1.2855288982391357,0.6117403507232666,1.02034330368042,0.6931096315383911,,,,,,,
97,19599,,,,,0.738491952419281,0.5030954480171204,0.8573572635650635,1.296011209487915,0.6411529779434204,1.0014160871505737,0.6931158900260925
98,19699,1.2319629192352295,0.569073498249054,1.0094401836395264,0.6931012868881226,,,,,,,
98,19799,1.2581591606140137,0.6193166375160217,0.9853739738464355,0.6930627226829529,,,,,,,
98,19799,,,,,0.7417875528335571,0.505700945854187,0.8441876769065857,1.2805448770523071,0.6367818713188171,0.9902887940406799,0.6930516958236694
99,19899,1.339475154876709,0.6888774633407593,0.9971151351928711,0.693034827709198,,,,,,,
99,19999,1.3279082775115967,0.6377066373825073,1.036745548248291,0.6930878758430481,,,,,,,
99,19999,,,,,0.7342714071273804,0.503791093826294,0.8663437962532043,1.2968957424163818,0.6294412612915039,1.0140061378479004,0.6931034922599792
100,20099,1.3527939319610596,0.679540753364563,1.0197968482971191,0.6930874586105347,,,,,,,
100,20199,1.233017921447754,0.6112892031669617,0.9682738780975342,0.693090558052063,,,,,,,
100,20199,,,,,0.7404977083206177,0.5029767155647278,0.8561007380485535,1.3151030540466309,0.6529985070228577,1.0086619853973389,0.6931150555610657
101,20299,1.3075532913208008,0.630050778388977,1.0239200592041016,0.6928350925445557,,,,,,,
101,20399,1.244464635848999,0.6182167530059814,0.9727656245231628,0.6930356025695801,,,,,,,
101,20399,,,,,0.7418236136436462,0.5111510157585144,0.8456977605819702,1.2998979091644287,0.650126039981842,0.9962114095687866,0.6928790211677551
102,20499,1.3852224349975586,0.7056425213813782,1.026104211807251,0.6930484771728516,,,,,,,
102,20599,1.3239845037460327,0.6663121581077576,1.0041896104812622,0.6930344104766846,,,,,,,
102,20599,,,,,0.746926486492157,0.5048940777778625,0.8418257236480713,1.318343162536621,0.6552556753158569,1.0096261501312256,0.6930778622627258
103,20699,1.2632160186767578,0.6089271306991577,1.000503659248352,0.6924294233322144,,,,,,,
103,20799,1.2705841064453125,0.598659098148346,1.0184186697006226,0.6929875612258911,,,,,,,
103,20799,,,,,0.7412626147270203,0.5060546398162842,0.8398637175559998,1.296472191810608,0.6421927809715271,1.0008034706115723,0.6930479407310486
104,20899,1.2924835681915283,0.6241276264190674,1.014915108680725,0.6931184530258179,,,,,,,
104,20999,1.2499693632125854,0.6140502691268921,0.9824639558792114,0.6930896639823914,,,,,,,
104,20999,,,,,0.7441321015357971,0.5043631196022034,0.8531572222709656,1.3166829347610474,0.6489633321762085,1.0142649412155151,0.6930904388427734
105,21099,1.3370099067687988,0.6859362721443176,0.9976159334182739,0.693084716796875,,,,,,,
105,21199,1.201139211654663,0.5741932392120361,0.9734501242637634,0.6930083632469177,,,,,,,
105,21199,,,,,0.7356871962547302,0.5064603090286255,0.8647109866142273,1.2861169576644897,0.6361450552940369,0.9964926838874817,0.6930413246154785
106,21299,1.2790443897247314,0.6354668140411377,0.9900583624839783,0.6929618120193481,,,,,,,
106,21399,1.286384105682373,0.6470901966094971,0.9857957363128662,0.6930035352706909,,,,,,,
106,21399,,,,,0.7408453226089478,0.5067323446273804,0.8450922966003418,1.2950040102005005,0.6459116339683533,0.9956061244010925,0.6930275559425354
107,21499,1.2922018766403198,0.6488291025161743,0.989914059638977,0.6930826306343079,,,,,,,
107,21599,1.357353925704956,0.6856920719146729,1.0182181596755981,0.6931127309799194,,,,,,,
107,21599,,,,,0.741014838218689,0.5038763284683228,0.8531604409217834,1.2868320941925049,0.6371853947639465,0.9961971640586853,0.6931006908416748
108,21699,1.398838758468628,0.7152124643325806,1.030171513557434,0.6930903196334839,,,,,,,
108,21799,1.4486312866210938,0.7313351631164551,1.0638446807861328,0.6930971145629883,,,,,,,
108,21799,,,,,0.7409512400627136,0.5026662349700928,0.8481011390686035,1.2886064052581787,0.6489073038101196,0.9862613081932068,0.6931247711181641
109,21899,1.3896558284759521,0.7353038787841797,1.000775933265686,0.6928479671478271,,,,,,,
109,21999,1.1261857748031616,0.5455619692802429,0.9271734356880188,0.693099319934845,,,,,,,
109,21999,,,,,0.7402759790420532,0.5041927099227905,0.8596606254577637,1.2899389266967773,0.6488010287284851,0.9876838326454163,0.6930918097496033
110,22099,1.2487651109695435,0.608515739440918,0.9868011474609375,0.6931034922599792,,,,,,,
110,22199,1.3340637683868408,0.6751013994216919,1.005525827407837,0.6931267976760864,,,,,,,
110,22199,,,,,0.7388856410980225,0.5051172971725464,0.8433476090431213,1.3002656698226929,0.6450029611587524,1.001800537109375,0.6930757164955139
111,22299,1.276860237121582,0.6421419978141785,0.9810696840286255,0.6927026510238647,,,,,,,
111,22399,1.3671176433563232,0.7386486530303955,0.9750193357467651,0.6931005716323853,,,,,,,
111,22399,,,,,0.741904616355896,0.503676176071167,0.8471766114234924,1.2761331796646118,0.643221914768219,0.9794634580612183,0.6931045055389404
112,22499,1.270362138748169,0.6277527213096619,0.9891683459281921,0.6931179165840149,,,,,,,
112,22599,1.2298113107681274,0.6235231161117554,0.9528315663337708,0.6930868625640869,,,,,,,
112,22599,,,,,0.7454108595848083,0.5038744211196899,0.8610758185386658,1.3087425231933594,0.6474066972732544,1.007887363433838,0.6931019425392151
113,22699,1.1821589469909668,0.5898783206939697,0.9388300180435181,0.6930989027023315,,,,,,,
113,22799,1.3443390130996704,0.6640056371688843,1.026846170425415,0.6930255889892578,,,,,,,
113,22799,,,,,0.7432278990745544,0.5071520805358887,0.8398271203041077,1.2939977645874023,0.6481554508209229,0.9923534393310547,0.6930224895477295
114,22899,1.4094791412353516,0.6926798820495605,1.0633583068847656,0.6931180357933044,,,,,,,
114,22999,1.2949273586273193,0.6579527854919434,0.9835183620452881,0.6930874586105347,,,,,,,
114,22999,,,,,0.7400238513946533,0.5034698247909546,0.8531837463378906,1.3022773265838623,0.6424185037612915,1.0064064264297485,0.6930951476097107
115,23099,1.200263500213623,0.5841964483261108,0.9625892639160156,0.6930444836616516,,,,,,,
115,23199,1.2787381410598755,0.6470193266868591,0.978255569934845,0.6930735111236572,,,,,,,
115,23199,,,,,0.7385058403015137,0.5049303770065308,0.8625099658966064,1.3015872240066528,0.6570923924446106,0.9910331964492798,0.6930766105651855
116,23299,1.2279915809631348,0.6072127819061279,0.9673416018486023,0.6931257247924805,,,,,,,
116,23399,1.2822911739349365,0.6252484321594238,1.0035449266433716,0.6930044293403625,,,,,,,
116,23399,,,,,0.7534525394439697,0.505208432674408,0.8558065295219421,1.3286311626434326,0.663992166519165,1.011175274848938,0.6930725574493408
117,23499,1.3034532070159912,0.680962085723877,0.9688177108764648,0.6926531791687012,,,,,,,
117,23599,1.1924943923950195,0.6162062883377075,0.922816276550293,0.6930563449859619,,,,,,,
117,23599,,,,,0.7428750395774841,0.5043204426765442,0.8452320098876953,1.280943512916565,0.6391574144363403,0.9883309602737427,0.6930897235870361
118,23699,1.3048759698867798,0.6659864187240601,0.9854365587234497,0.69309401512146,,,,,,,
118,23799,1.2703708410263062,0.6117799878120422,1.0051249265670776,0.6930682063102722,,,,,,,
118,23799,,,,,0.7476196885108948,0.5043179392814636,0.8505944013595581,1.2862533330917358,0.6420226693153381,0.9907767176628113,0.6930925846099854
119,23899,1.4243403673171997,0.741487979888916,1.0294179916381836,0.6931312084197998,,,,,,,
119,23999,1.2964155673980713,0.6436012387275696,0.9993600249290466,0.6930913925170898,,,,,,,
119,23999,,,,,0.7403759360313416,0.5036583542823792,0.8480705618858337,1.2921379804611206,0.6456227898597717,0.9930672645568848,0.6931042671203613
120,24099,1.1535159349441528,0.5568788051605225,0.9430738687515259,0.6928734183311462,,,,,,,
120,24199,1.2270756959915161,0.6003165245056152,0.9733173251152039,0.6931164860725403,,,,,,,
120,24199,,,,,0.7447936534881592,0.5029149055480957,0.8499723672866821,1.4386858940124512,0.6476163864135742,1.1376292705535889,0.6931197047233582
121,24299,1.3062928915023804,0.648870587348938,1.0038944482803345,0.692944347858429,,,,,,,
121,24399,1.3384968042373657,0.6797577738761902,1.0052319765090942,0.6929857134819031,,,,,,,
121,24399,,,,,0.7411203384399414,0.5107730031013489,0.8604877591133118,1.2801165580749512,0.6455773115158081,0.9809871315956116,0.692895770072937
122,24499,1.338318109512329,0.6892386674880981,0.9956214427947998,0.6930841207504272,,,,,,,
122,24599,1.241361141204834,0.6022742986679077,0.9856259226799011,0.6930781602859497,,,,,,,
122,24599,,,,,0.7379271388053894,0.5033150315284729,0.8506110906600952,1.2848498821258545,0.6360082030296326,0.9953978657722473,0.6931124925613403
123,24699,1.3312556743621826,0.6510649919509888,1.0267349481582642,0.6930886507034302,,,,,,,
123,24799,1.3121756315231323,0.6527619957923889,1.0059775114059448,0.6931278705596924,,,,,,,
123,24799,,,,,0.740654706954956,0.5047348737716675,0.8634243011474609,1.274620771408081,0.6294528841972351,0.9917100667953491,0.6930847764015198
124,24899,1.3122905492782593,0.6586242318153381,1.0002354383468628,0.6931383609771729,,,,,,,
124,24999,1.3713877201080322,0.6896854639053345,1.0282273292541504,0.69305020570755,,,,,,,
124,24999,,,,,0.7440833449363708,0.5034154057502747,0.84687739610672,1.2782204151153564,0.6352108120918274,0.9895647168159485,0.6931104063987732
125,25099,1.2696269750595093,0.5957048535346985,1.0204546451568604,0.6930649280548096,,,,,,,
125,25199,1.4281527996063232,0.7441709041595459,1.030428409576416,0.6928931474685669,,,,,,,
125,25199,,,,,0.7459725737571716,0.5110692977905273,0.8422142267227173,1.3162181377410889,0.6540855169296265,1.0085599422454834,0.6928547620773315
126,25299,1.3566757440567017,0.6837098598480225,1.0193800926208496,0.6928284764289856,,,,,,,
126,25399,1.4332025051116943,0.7326869964599609,1.0470763444900513,0.6931215524673462,,,,,,,
126,25399,,,,,0.7487502694129944,0.5047711133956909,0.8543074131011963,1.300371766090393,0.6510254740715027,0.9958866238594055,0.6930809020996094
127,25499,1.2661774158477783,0.642052412033081,0.9706916809082031,0.6931334733963013,,,,,,,
127,25599,1.3830418586730957,0.7024760246276855,1.0271183252334595,0.6931048631668091,,,,,,,
127,25599,,,,,0.7474159598350525,0.5032344460487366,0.837034285068512,1.2850126028060913,0.6470240354537964,0.9845446944236755,0.6931120157241821
128,25699,1.2613320350646973,0.626349925994873,0.9815252423286438,0.6930862069129944,,,,,,,
128,25799,1.302833080291748,0.6547034978866577,0.9946812391281128,0.6931034326553345,,,,,,,
128,25799,,,,,0.7461051344871521,0.5031425952911377,0.84446120262146,1.2944179773330688,0.648266613483429,0.9927077293395996,0.6931126713752747
129,25899,1.4432201385498047,0.7278116345405579,1.0618280172348022,0.6928392648696899,,,,,,,
129,25999,1.420821189880371,0.7218058109283447,1.0455621480941772,0.6930936574935913,,,,,,,
129,25999,,,,,0.7439632415771484,0.5025660395622253,0.8470748662948608,1.2858225107192993,0.6511075496673584,0.9812775254249573,0.6931249499320984
130,26099,1.270372748374939,0.624514639377594,0.9923948645591736,0.693073570728302,,,,,,,
130,26199,1.3337582349777222,0.7045775055885315,0.9756609797477722,0.6929605007171631,,,,,,,
130,26199,,,,,0.7422379851341248,0.5133956670761108,0.8416860103607178,1.2903214693069458,0.6533246636390686,0.983381450176239,0.692769467830658
131,26299,1.2649043798446655,0.6398387551307678,0.9716283679008484,0.6931254267692566,,,,,,,
131,26399,1.240683674812317,0.6095093488693237,0.9777053594589233,0.6930620074272156,,,,,,,
131,26399,,,,,0.7490224838256836,0.5042564272880554,0.8559372425079346,1.2719374895095825,0.6412101984024048,0.977275013923645,0.6930956244468689
132,26499,1.2600903511047363,0.6322213411331177,0.9744116067886353,0.6930851936340332,,,,,,,
132,26599,1.2133866548538208,0.5936880707740784,0.9662119746208191,0.6930267810821533,,,,,,,
132,26599,,,,,0.7430763244628906,0.5089498162269592,0.8402094841003418,1.2770663499832153,0.6385380029678345,0.9850056171417236,0.6929547786712646
133,26699,1.3415307998657227,0.6853207945823669,1.0027700662612915,0.6931198835372925,,,,,,,
133,26799,1.2389271259307861,0.5895629525184631,0.9958106875419617,0.6928931474685669,,,,,,,
133,26799,,,,,0.7453963756561279,0.5087305307388306,0.8367506265640259,1.28505539894104,0.6415004134178162,0.9900373220443726,0.6929648518562317
134,26899,1.333903431892395,0.6792715787887573,1.0010861158370972,0.692908525466919,,,,,,,
134,26999,1.3079838752746582,0.6467165946960449,1.0077993869781494,0.6930640935897827,,,,,,,
134,26999,,,,,0.7484450340270996,0.5040223002433777,0.859179675579071,1.3064199686050415,0.6409202814102173,1.0120487213134766,0.6930979490280151
135,27099,1.2928991317749023,0.6442887187004089,0.9951467514038086,0.6930727958679199,,,,,,,
135,27199,1.3275120258331299,0.6279363632202148,1.0461046695709229,0.6930580139160156,,,,,,,
135,27199,,,,,0.7593832612037659,0.5096848607063293,0.8378989100456238,1.3122320175170898,0.6491935849189758,1.009508728981018,0.692940354347229
136,27299,1.3872414827346802,0.6902161836624146,1.0434736013412476,0.6928965449333191,,,,,,,
136,27399,1.3049958944320679,0.6346856355667114,1.0162177085876465,0.6918148398399353,,,,,,,
136,27399,,,,,0.747389554977417,0.5243268013000488,0.8491604924201965,1.3102258443832397,0.6426926851272583,1.0134577751159668,0.6918496489524841
137,27499,1.3121397495269775,0.6166528463363647,1.0409440994262695,0.6909142732620239,,,,,,,
137,27599,1.3976161479949951,0.6824874877929688,1.0611473321914673,0.6920373439788818,,,,,,,
137,27599,,,,,0.7644796371459961,0.5247558355331421,0.8373520374298096,1.376837968826294,0.669994592666626,1.0527712106704712,0.6918556690216064
138,27699,1.3468828201293945,0.6453914642333984,1.0471242666244507,0.6912658214569092,,,,,,,
138,27799,1.3922308683395386,0.7168681621551514,1.0205579996109009,0.6903905868530273,,,,,,,
138,27799,,,,,0.7539629340171814,0.5331671833992004,0.8407382965087891,1.3254464864730835,0.6497835516929626,1.0210883617401123,0.6908501982688904
139,27899,1.449074625968933,0.7210726141929626,1.0736253261566162,0.6912468075752258,,,,,,,
139,27999,1.404212474822998,0.6739164590835571,1.075804591178894,0.6910172700881958,,,,,,,
139,27999,,,,,0.7492151260375977,0.5294739007949829,0.8404707312583923,1.2912333011627197,0.6226377487182617,1.0142347812652588,0.6912787556648254
140,28099,1.4005180597305298,0.7008517980575562,1.0453870296478271,0.6914414763450623,,,,,,,
140,28199,1.2587273120880127,0.5753630995750427,1.0292750597000122,0.6918214559555054,,,,,,,
140,28199,,,,,0.7380521297454834,0.5266934633255005,0.8440012335777283,1.2980570793151855,0.6338414549827576,1.0100140571594238,0.6915966868400574
141,28299,1.4125263690948486,0.7098405361175537,1.0483489036560059,0.6913260221481323,,,,,,,
141,28399,1.2390750646591187,0.6310347318649292,0.9539441466331482,0.6918075084686279,,,,,,,
141,28399,,,,,0.7413857579231262,0.5293114185333252,0.8419052958488464,1.2984076738357544,0.6388037800788879,1.0052778720855713,0.691348135471344
142,28499,1.4770581722259521,0.749192476272583,1.073752522468567,0.691773533821106,,,,,,,
142,28599,1.3517918586730957,0.6443527340888977,1.0531333684921265,0.691388726234436,,,,,,,
142,28599,,,,,0.7368688583374023,0.5267735123634338,0.8410055041313171,1.270923137664795,0.6183879375457764,0.9983354210853577,0.6916007995605469
143,28699,1.2973459959030151,0.6591566801071167,0.9843949675559998,0.6924111843109131,,,,,,,
143,28799,1.1799806356430054,0.5750759840011597,0.9511956572532654,0.692581832408905,,,,,,,
143,28799,,,,,0.7253754734992981,0.5183208584785461,0.8492658138275146,1.248307466506958,0.6102045178413391,0.9843167662620544,0.6924274563789368
144,28899,1.443942904472351,0.7063171863555908,1.083430290222168,0.6916092038154602,,,,,,,
144,28999,1.1238607168197632,0.5055553913116455,0.9647926092147827,0.6929745078086853,,,,,,,
144,28999,,,,,0.7177926301956177,0.5093790292739868,0.8639393448829651,1.2568498849868774,0.6147810220718384,0.9885364174842834,0.6929356455802917
145,29099,1.1625783443450928,0.5466070771217346,0.9620305895805359,0.6921185255050659,,,,,,,
145,29199,1.2814220190048218,0.6279247999191284,0.9994665384292603,0.6919386386871338,,,,,,,
145,29199,,,,,0.720989465713501,0.5202029943466187,0.850421667098999,1.2396303415298462,0.5948511362075806,0.990929126739502,0.6922997236251831
146,29299,1.3747190237045288,0.6958423256874084,1.025342583656311,0.6929318308830261,,,,,,,
146,29399,1.0872865915298462,0.5249271988868713,0.9087588787078857,0.6927988529205322,,,,,,,
146,29399,,,,,0.7197473645210266,0.51158607006073,0.8524345755577087,1.2286381721496582,0.5887844562530518,0.9862763285636902,0.6928449273109436
147,29499,1.2678747177124023,0.6240811944007874,0.9903011918067932,0.6930152177810669,,,,,,,
147,29599,1.2568418979644775,0.5865942239761353,1.016258716583252,0.6920222043991089,,,,,,,
147,29599,,,,,0.7159938216209412,0.5220772624015808,0.8514717221260071,1.2306710481643677,0.6000437140464783,0.9767038226127625,0.69215327501297
148,29699,1.2969231605529785,0.6343713998794556,1.0087424516677856,0.6923815011978149,,,,,,,
148,29799,1.216214895248413,0.5921825170516968,0.9704539179801941,0.6928430795669556,,,,,,,
148,29799,,,,,0.7102938890457153,0.5083481073379517,0.8614121675491333,1.2073581218719482,0.57435142993927,0.9794988632202148,0.6929839253425598
149,29899,1.2828136682510376,0.5743120908737183,1.0550408363342285,0.6930785775184631,,,,,,,
149,29999,1.1369694471359253,0.5449739694595337,0.9382785558700562,0.6925660967826843,,,,,,,
149,29999,,,,,0.7155458927154541,0.5199100971221924,0.8573904633522034,1.2439708709716797,0.6141117811203003,0.9760245680809021,0.6923307776451111
150,30099,1.2694628238677979,0.6006246209144592,1.015163540840149,0.6926507949829102,,,,,,,
150,30199,1.117733359336853,0.5309277772903442,0.9331941604614258,0.692777156829834,,,,,,,
150,30199,,,,,0.7079458832740784,0.508020281791687,0.8662256598472595,1.2088584899902344,0.5744956135749817,0.9808555841445923,0.6929855942726135
151,30299,1.3297092914581299,0.6281632781028748,1.0481069087982178,0.6931217908859253,,,,,,,
151,30399,1.1096229553222656,0.5121977925300598,0.9438580274581909,0.6928658485412598,,,,,,,
151,30399,,,,,0.7127137184143066,0.516065239906311,0.855805516242981,1.2009567022323608,0.5788702368736267,0.9683877229690552,0.6926026344299316
152,30499,1.2615928649902344,0.606587827205658,1.0015475749969482,0.6930851340293884,,,,,,,
152,30599,1.2047102451324463,0.557792067527771,0.9934287667274475,0.6930211782455444,,,,,,,
152,30599,,,,,0.70770263671875,0.5056106448173523,0.9093142747879028,1.1711686849594116,0.548588752746582,0.9691058397293091,0.6930518746376038
153,30699,1.2546429634094238,0.6118984818458557,0.9891471862792969,0.692805290222168,,,,,,,
153,30799,1.0840342044830322,0.47270768880844116,0.9577346444129944,0.6928162574768066,,,,,,,
153,30799,,,,,0.7053835391998291,0.5155801773071289,0.8757945895195007,1.1892889738082886,0.5563294291496277,0.9792554974555969,0.692591667175293
154,30899,1.202561855316162,0.5598684549331665,0.9889287948608398,0.692470908164978,,,,,,,
154,30999,1.288684606552124,0.614089846611023,1.0209791660308838,0.6927687525749207,,,,,,,
154,30999,,,,,0.7051806449890137,0.5154960751533508,0.8711735606193542,1.2015070915222168,0.5770058035850525,0.9708222150802612,0.6926425099372864
155,31099,1.34385085105896,0.6712388396263123,1.019127368927002,0.6930307149887085,,,,,,,
155,31199,1.2105945348739624,0.5767401456832886,0.9803973436355591,0.6930859684944153,,,,,,,
155,31199,,,,,0.7081646919250488,0.5039819478988647,0.8742707967758179,1.2033535242080688,0.5746263265609741,0.9752784967422485,0.6931027770042419
156,31299,1.1363496780395508,0.53102046251297,0.9517302513122559,0.692801833152771,,,,,,,
156,31399,1.2984344959259033,0.6397053003311157,1.0051935911178589,0.692928671836853,,,,,,,
156,31399,,,,,0.7034124732017517,0.5067074298858643,0.8675001859664917,1.1776049137115479,0.5590738654136658,0.9650455117225647,0.6930291652679443
157,31499,1.1123847961425781,0.49169832468032837,0.9671832323074341,0.6929936408996582,,,,,,,
157,31599,1.292360782623291,0.61739581823349,1.0214521884918213,0.6929745674133301,,,,,,,
157,31599,,,,,0.7029407024383545,0.5124567747116089,0.8865217566490173,1.1934373378753662,0.5699440240859985,0.9699002504348755,0.6928139328956604
158,31699,1.189941644668579,0.5681123733520508,0.9681901335716248,0.6927217245101929,,,,,,,
158,31799,1.0949015617370605,0.5094329118728638,0.9318861365318298,0.6928348541259766,,,,,,,
158,31799,,,,,0.6977287530899048,0.513312578201294,0.8778175115585327,1.1467725038528442,0.5489767789840698,0.9441738128662109,0.6927562952041626
159,31899,1.1837538480758667,0.5570939183235168,0.9732081890106201,0.693096399307251,,,,,,,
159,31999,0.9891601800918579,0.44845664501190186,0.8872643709182739,0.693121612071991,,,,,,,
159,31999,,,,,0.6981239914894104,0.503966748714447,0.8869982361793518,1.1495944261550903,0.5355747938156128,0.960570752620697,0.6931024789810181
160,32099,1.2052829265594482,0.5932127833366394,0.9583145976066589,0.6924890279769897,,,,,,,
160,32199,1.269439697265625,0.615121603012085,1.0007776021957397,0.6929190158843994,,,,,,,
160,32199,,,,,0.703454315662384,0.512667179107666,0.8764658570289612,1.1672896146774292,0.5482897162437439,0.9653930068016052,0.6927861571311951
161,32299,1.055310606956482,0.4701467454433441,0.9311935901641846,0.6920594573020935,,,,,,,
161,32399,1.0836316347122192,0.47720837593078613,0.9529687166213989,0.6930908560752869,,,,,,,
161,32399,,,,,0.691788375377655,0.5036596059799194,0.9092643857002258,1.098807692527771,0.4916393756866455,0.953721284866333,0.6931056380271912
162,32499,1.159225583076477,0.5258700847625732,0.9799116849899292,0.6931124329566956,,,,,,,
162,32599,0.95662522315979,0.4079340100288391,0.8948651552200317,0.6923480033874512,,,,,,,
162,32599,,,,,0.69248366355896,0.5196165442466736,0.9357261061668396,1.1067094802856445,0.48822712898254395,0.9646512269973755,0.6923375725746155
163,32699,1.234891653060913,0.5590947866439819,1.022330641746521,0.6930674314498901,,,,,,,
163,32799,1.1203980445861816,0.5287175178527832,0.9382237195968628,0.6930862665176392,,,,,,,
163,32799,,,,,0.6903718709945679,0.5056959986686707,0.9328689575195312,1.091241478919983,0.49071004986763,0.9470559358596802,0.693048894405365
164,32899,1.1115726232528687,0.5146321058273315,0.9434753060340881,0.6930696368217468,,,,,,,
164,32999,1.0826399326324463,0.4726393520832062,0.9565610885620117,0.6931209564208984,,,,,,,
164,32999,,,,,0.688383162021637,0.5038653612136841,0.9233795404434204,1.0881571769714355,0.48173579573631287,0.9529717564582825,0.6931008696556091
165,33099,0.9735136032104492,0.4426438808441162,0.8774341940879822,0.6931291222572327,,,,,,,
165,33199,1.1338953971862793,0.5162307620048523,0.9641962051391602,0.6930632591247559,,,,,,,
165,33199,,,,,0.6901096105575562,0.5038329362869263,0.9228191375732422,1.078481674194336,0.48368823528289795,0.9413431882858276,0.6930997967720032
166,33299,1.1819493770599365,0.5165766477584839,1.0119004249572754,0.6930553913116455,,,,,,,
166,33399,1.1068445444107056,0.5016416311264038,0.951740026473999,0.6930742859840393,,,,,,,
166,33399,,,,,0.6860880851745605,0.5037660002708435,0.9310036301612854,1.0833383798599243,0.48079803586006165,0.9490922093391418,0.6931042671203613
167,33499,1.0772132873535156,0.4621811509132385,0.9615748524665833,0.6930854320526123,,,,,,,
167,33599,1.171797752380371,0.5259162783622742,0.992439866065979,0.6931166648864746,,,,,,,
167,33599,,,,,0.6937513947486877,0.5030640959739685,0.923151969909668,1.1033481359481812,0.4906056225299835,0.9593010544776917,0.693117618560791
168,33699,1.1069668531417847,0.4911295771598816,0.9623996019363403,0.693124532699585,,,,,,,
168,33799,1.1747610569000244,0.5431717038154602,0.9781301617622375,0.6930817365646362,,,,,,,
168,33799,,,,,0.6886826753616333,0.504259467124939,0.9298709034919739,1.0764482021331787,0.47989946603775024,0.9430951476097107,0.6930923461914062
169,33899,1.1586191654205322,0.512226939201355,0.9929290413856506,0.6930736303329468,,,,,,,
169,33999,1.1656479835510254,0.5357207655906677,0.9764689207077026,0.6930833458900452,,,,,,,
169,33999,,,,,0.6885370016098022,0.5071402788162231,0.9438591599464417,1.0701532363891602,0.47972846031188965,0.9369320273399353,0.6930145621299744
170,34099,1.0130008459091187,0.4481220841407776,0.9112834930419922,0.6928092837333679,,,,,,,
170,34199,1.1198155879974365,0.5169491767883301,0.9493897557258606,0.693046510219574,,,,,,,
170,34199,,,,,0.6879814863204956,0.5064882636070251,0.922561526298523,1.0584255456924438,0.47824880480766296,0.9266974329948425,0.6930413246154785
171,34299,1.0354492664337158,0.4569888114929199,0.9250155687332153,0.6931101083755493,,,,,,,
171,34399,1.1621571779251099,0.5434082746505737,0.9653039574623108,0.6931102275848389,,,,,,,
171,34399,,,,,0.6858848333358765,0.503512442111969,0.9177809357643127,1.0578513145446777,0.47581958770751953,0.9285874962806702,0.6931110620498657
172,34499,1.0030592679977417,0.4523478150367737,0.8971884250640869,0.692953884601593,,,,,,,
172,34599,0.9663837552070618,0.41323548555374146,0.8996670842170715,0.6930376291275024,,,,,,,
172,34599,,,,,0.6881238222122192,0.503727376461029,0.9247488379478455,1.0617585182189941,0.4777415692806244,0.9305682182312012,0.6931023001670837
173,34699,1.0508389472961426,0.4889511466026306,0.908427357673645,0.6930789351463318,,,,,,,
173,34799,1.0888961553573608,0.4975318908691406,0.9378839135169983,0.6930391788482666,,,,,,,
173,34799,,,,,0.6840173602104187,0.505665123462677,0.9203107357025146,1.0509388446807861,0.4727018475532532,0.9247674942016602,0.6930607557296753
174,34899,0.9969484806060791,0.4476756453514099,0.895828366279602,0.693111002445221,,,,,,,
174,34999,1.0169744491577148,0.44243699312210083,0.9210909008979797,0.6931067705154419,,,,,,,
174,34999,,,,,0.6861392855644226,0.5033087730407715,0.9374383091926575,1.0578017234802246,0.4753077030181885,0.9290516972541809,0.6931152939796448
175,35099,0.9664163589477539,0.42911410331726074,0.8838302493095398,0.6930561661720276,,,,,,,
175,35199,1.055290699005127,0.47663643956184387,0.9251920580863953,0.6930756568908691,,,,,,,
175,35199,,,,,0.6840036511421204,0.5040594339370728,0.9348456263542175,1.043186902999878,0.4724075496196747,0.9173283576965332,0.6930977702140808
176,35299,1.1037240028381348,0.5189199447631836,0.9313464164733887,0.6930845975875854,,,,,,,
176,35399,1.0649157762527466,0.49944430589675903,0.912032961845398,0.6931230425834656,,,,,,,
176,35399,,,,,0.6853139400482178,0.5049429535865784,0.9463040828704834,1.042588472366333,0.47348102927207947,0.9156475067138672,0.6930801868438721
177,35499,1.1592516899108887,0.5432088375091553,0.9625912308692932,0.6930967569351196,,,,,,,
177,35599,1.0816433429718018,0.494072288274765,0.9341257810592651,0.6931095123291016,,,,,,,
177,35599,,,,,0.6844484806060791,0.5051867961883545,0.9398888349533081,1.0319621562957764,0.4716532528400421,0.9068454504013062,0.6930729746818542
178,35699,1.2541263103485107,0.5667251944541931,1.033951759338379,0.6931013464927673,,,,,,,
178,35799,1.0365508794784546,0.47302013635635376,0.910085141658783,0.6931087970733643,,,,,,,
178,35799,,,,,0.6865508556365967,0.5032743215560913,0.9271891713142395,1.055835247039795,0.4753318727016449,0.9270599484443665,0.6931130886077881
179,35899,0.9468749761581421,0.4110242426395416,0.8824032545089722,0.6931049823760986,,,,,,,
179,35999,0.986423909664154,0.45794135332107544,0.875038743019104,0.6931124925613403,,,,,,,
179,35999,,,,,0.6828360557556152,0.5049822926521301,0.9348475337028503,1.0303494930267334,0.4700639843940735,0.9068223237991333,0.6930736303329468
180,36099,1.0572495460510254,0.48607197403907776,0.9177183508872986,0.6930814981460571,,,,,,,
180,36199,1.0038917064666748,0.4502856135368347,0.9000996947288513,0.6929871439933777,,,,,,,
180,36199,,,,,0.6846221089363098,0.5057561993598938,0.9504029154777527,1.0288760662078857,0.4730290174484253,0.9023808240890503,0.6930673122406006
181,36299,1.1344839334487915,0.5422837138175964,0.9387592673301697,0.6931180953979492,,,,,,,
181,36399,1.006822943687439,0.429094135761261,0.9242657423019409,0.6930739879608154,,,,,,,
181,36399,,,,,0.6831752061843872,0.5031201243400574,0.9557772278785706,1.0304088592529297,0.4705791175365448,0.906388521194458,0.6931179761886597
182,36499,1.1110341548919678,0.5090407133102417,0.9485602974891663,0.6931338906288147,,,,,,,
182,36599,1.1676151752471924,0.5198801159858704,0.9942651391029358,0.693060040473938,,,,,,,
182,36599,,,,,0.6858070492744446,0.5057702660560608,0.9291818141937256,1.0323251485824585,0.4740273058414459,0.9048287868499756,0.6930617094039917
183,36699,0.9613948464393616,0.4354621171951294,0.872341513633728,0.6928175687789917,,,,,,,
183,36799,1.1014537811279297,0.5286746025085449,0.919326901435852,0.693095326423645,,,,,,,
183,36799,,,,,0.6849172711372375,0.5038242340087891,0.9381097555160522,1.022240161895752,0.47304338216781616,0.8957481980323792,0.6931027173995972
184,36899,1.1285946369171143,0.5394341349601746,0.9356948137283325,0.6930685043334961,,,,,,,
184,36999,1.0577304363250732,0.4993056058883667,0.9049568176269531,0.6930640935897827,,,,,,,
184,36999,,,,,0.6824705004692078,0.5065230131149292,0.9326505064964294,1.0143756866455078,0.4690919816493988,0.8917992115020752,0.693030595779419
185,37099,1.0615205764770508,0.49160730838775635,0.9164692759513855,0.6931120157241821,,,,,,,
185,37199,1.0988295078277588,0.5209556818008423,0.9243165254592896,0.6928852796554565,,,,,,,
185,37199,,,,,0.6836256980895996,0.5093901753425598,0.926193356513977,1.0173065662384033,0.4710678160190582,0.8927110433578491,0.6929447054862976
186,37299,1.079716682434082,0.496861070394516,0.9293951988220215,0.6930793523788452,,,,,,,
186,37399,1.0159893035888672,0.4809046983718872,0.8816400170326233,0.6931108236312866,,,,,,,
186,37399,,,,,0.6837486624717712,0.5028194785118103,0.944433331489563,1.0182912349700928,0.47066009044647217,0.8941916823387146,0.6931208968162537
187,37499,1.0940461158752441,0.4992258846759796,0.9413434267044067,0.6930462718009949,,,,,,,
187,37599,1.0272400379180908,0.47723913192749023,0.8965691924095154,0.6931368112564087,,,,,,,
187,37599,,,,,0.6836223006248474,0.502284049987793,0.936404287815094,1.0200448036193848,0.47063273191452026,0.8959775567054749,0.6931307911872864
188,37699,0.9925472140312195,0.4657566547393799,0.8733569979667664,0.6931329965591431,,,,,,,
188,37799,1.0819149017333984,0.5072603225708008,0.9211890697479248,0.6930691003799438,,,,,,,
188,37799,,,,,0.6836087107658386,0.5074295997619629,0.9492549300193787,1.020788311958313,0.47108110785484314,0.8962206244468689,0.6930263042449951
189,37899,1.02047860622406,0.4802035391330719,0.8868343830108643,0.6931185722351074,,,,,,,
189,37999,0.9242631196975708,0.4236782193183899,0.8470169901847839,0.6928641200065613,,,,,,,
189,37999,,,,,0.6847088932991028,0.5117302536964417,0.9294070601463318,1.0226423740386963,0.47230130434036255,0.8967584371566772,0.6928347945213318
190,38099,0.9755090475082397,0.43128955364227295,0.8907375335693359,0.6930360794067383,,,,,,,
190,38199,0.9519714117050171,0.42489156126976013,0.8735445737838745,0.6929295659065247,,,,,,,
190,38199,,,,,0.683748722076416,0.505796492099762,0.9478017687797546,1.0252765417099,0.471049040555954,0.900755763053894,0.6930566430091858
191,38299,1.1345055103302002,0.5164571404457092,0.9644198417663574,0.6927427053451538,,,,,,,
191,38399,1.0498158931732178,0.45016735792160034,0.946140706539154,0.6929844617843628,,,,,,,
191,38399,,,,,0.6848508715629578,0.5064852833747864,0.958620011806488,1.046525001525879,0.4725782871246338,0.9204685091972351,0.6930436491966248
192,38499,0.9952236413955688,0.44974809885025024,0.8920411467552185,0.6931312084197998,,,,,,,
192,38599,1.0444937944412231,0.48628443479537964,0.9047576785087585,0.6930966377258301,,,,,,,
192,38599,,,,,0.6860791444778442,0.5084170699119568,0.9242932796478271,1.0178934335708618,0.4737340807914734,0.8906527757644653,0.6929861307144165
193,38699,1.0281651020050049,0.462606281042099,0.9119192957878113,0.692720890045166,,,,,,,
193,38799,1.044429063796997,0.4735231399536133,0.9174737334251404,0.6931357383728027,,,,,,,
193,38799,,,,,0.6832146048545837,0.5036589503288269,0.9328836798667908,1.0169340372085571,0.4695451557636261,0.8939425349235535,0.693107545375824
194,38899,1.02012300491333,0.45478934049606323,0.9118903875350952,0.6931132078170776,,,,,,,
194,38999,1.1171441078186035,0.5251436829566956,0.9385348558425903,0.6930689811706543,,,,,,,
194,38999,,,,,0.6832031607627869,0.5095458030700684,0.9519913196563721,1.0092017650604248,0.47000962495803833,0.8856666684150696,0.6929494142532349
195,39099,1.0886733531951904,0.5135958790779114,0.921638011932373,0.6931209564208984,,,,,,,
195,39199,0.8980259299278259,0.401704341173172,0.8425015211105347,0.6923598051071167,,,,,,,
195,39199,,,,,0.6820935010910034,0.5195233821868896,0.951113760471344,1.006067156791687,0.46833473443984985,0.8839083909988403,0.6923524141311646
196,39299,0.9678775072097778,0.429248183965683,0.8851763606071472,0.69309401512146,,,,,,,
196,39399,1.042482852935791,0.49768465757369995,0.8913192749023438,0.6930421590805054,,,,,,,
196,39399,,,,,0.6828984022140503,0.5049977898597717,0.9561322331428528,1.009166955947876,0.46980413794517517,0.8859044909477234,0.6930830478668213
197,39499,0.9986077547073364,0.44889113306999207,0.8961917161941528,0.6929501891136169,,,,,,,
197,39599,1.0702409744262695,0.5040575265884399,0.9127386212348938,0.693110466003418,,,,,,,
197,39599,,,,,0.6836882829666138,0.5042731761932373,0.933571457862854,1.0131663084030151,0.470405638217926,0.8893062472343445,0.6930909156799316
198,39699,1.0865912437438965,0.49381938576698303,0.9393365979194641,0.6931294202804565,,,,,,,
198,39799,0.9719563722610474,0.4636501669883728,0.854852557182312,0.6930925846099854,,,,,,,
198,39799,,,,,0.6822249293327332,0.5043597221374512,0.9279007911682129,1.0113575458526611,0.46927428245544434,0.8886287212371826,0.6930909156799316
199,39899,1.1368640661239624,0.5112781524658203,0.97214674949646,0.6931216716766357,,,,,,,
199,39999,0.9362279176712036,0.44647547602653503,0.8362983465194702,0.6930919289588928,,,,,,,
199,39999,,,,,0.6853801608085632,0.5060098171234131,0.9489478468894958,1.0203211307525635,0.47345155477523804,0.8933959603309631,0.693053126335144
200,40099,1.0586168766021729,0.5349274277687073,0.8701737523078918,0.6929687261581421,,,,,,,
200,40199,1.1014045476913452,0.5320936441421509,0.9158377647399902,0.6930537223815918,,,,,,,
200,40199,,,,,0.68271803855896,0.5026912093162537,0.9466813802719116,1.0159945487976074,0.46925729513168335,0.8932992219924927,0.6931238770484924
201,40299,0.9938086867332458,0.4677858352661133,0.8725824356079102,0.6931191682815552,,,,,,,
201,40399,1.0891194343566895,0.4912826120853424,0.9443681240081787,0.6930624842643738,,,,,,,
201,40399,,,,,0.684225857257843,0.5057521462440491,0.9435901641845703,1.0192358493804932,0.4717363715171814,0.8940287232398987,0.6930587291717529
202,40499,0.998673677444458,0.4647196829319,0.8805198669433594,0.6931316256523132,,,,,,,
202,40599,0.9092482328414917,0.4174671173095703,0.838151752948761,0.6927411556243896,,,,,,,
202,40599,,,,,0.683108925819397,0.5099171996116638,0.9291760921478271,1.0116558074951172,0.47025102376937866,0.8878684639930725,0.6929272413253784
203,40699,0.9965047836303711,0.45702844858169556,0.8859913945198059,0.693030059337616,,,,,,,
203,40799,0.9512936472892761,0.4437631368637085,0.854055643081665,0.6930502653121948,,,,,,,
203,40799,,,,,0.6829747557640076,0.5063073635101318,0.95118647813797,0.9999461770057678,0.4694526791572571,0.8770194053649902,0.6930515766143799
204,40899,0.9615825414657593,0.4424787163734436,0.8655366897583008,0.6928656101226807,,,,,,,
204,40999,1.00700044631958,0.4622400403022766,0.8913185000419617,0.6931160688400269,,,,,,,
204,40999,,,,,0.6830743551254272,0.5043387413024902,0.9318593144416809,1.0093090534210205,0.47009336948394775,0.8857623934745789,0.6930937170982361
205,41099,1.1060457229614258,0.48741552233695984,0.9651822447776794,0.6931041479110718,,,,,,,
205,41199,0.962392270565033,0.4404202103614807,0.8684573173522949,0.6929703950881958,,,,,,,
205,41199,,,,,0.6836493015289307,0.50509113073349,0.9272583723068237,1.007057547569275,0.47038230299949646,0.8832157254219055,0.6930810213088989
206,41299,0.9992318153381348,0.44806963205337524,0.8977195620536804,0.6931147575378418,,,,,,,
206,41399,1.0132275819778442,0.46855273842811584,0.8912380933761597,0.6931264400482178,,,,,,,
206,41399,,,,,0.6824296712875366,0.50360506772995,0.9201557040214539,1.0069900751113892,0.4689415991306305,0.8846021890640259,0.693107008934021
207,41499,1.0905505418777466,0.520867645740509,0.9162389039993286,0.6931120753288269,,,,,,,
207,41599,0.919948935508728,0.4187391996383667,0.8477184176445007,0.6930172443389893,,,,,,,
207,41599,,,,,0.6849529147148132,0.5025568604469299,0.9562910795211792,1.016282081604004,0.47269144654273987,0.8901537656784058,0.6931262612342834
208,41699,0.9770400524139404,0.46080532670021057,0.8627859354019165,0.6931023001670837,,,,,,,
208,41799,1.0373018980026245,0.457881361246109,0.9259730577468872,0.6931050419807434,,,,,,,
208,41799,,,,,0.6815988421440125,0.5037444233894348,0.9234128594398499,0.9972362518310547,0.46771034598350525,0.87607741355896,0.6931028962135315
209,41899,0.9144174456596375,0.41789793968200684,0.8430651426315308,0.6930912733078003,,,,,,,
209,41999,1.0529494285583496,0.48040828108787537,0.9190987348556519,0.6931151151657104,,,,,,,
209,41999,,,,,0.6874699592590332,0.5056620836257935,0.9249470233917236,1.0226936340332031,0.4760192930698395,0.8932074904441833,0.6930661201477051
210,42099,1.1375808715820312,0.5303473472595215,0.9537824988365173,0.6930981874465942,,,,,,,
210,42199,1.060250163078308,0.48781365156173706,0.9189881682395935,0.6931033730506897,,,,,,,
210,42199,,,,,0.6842399835586548,0.503892183303833,0.9472931027412415,1.0202534198760986,0.472085177898407,0.8947188258171082,0.6931010484695435
211,42299,0.9648669958114624,0.4283987283706665,0.8830252885818481,0.6931140422821045,,,,,,,
211,42399,1.101836919784546,0.5023850202560425,0.9460107088088989,0.6931175589561462,,,,,,,
211,42399,,,,,0.683046817779541,0.5029888153076172,0.9486907720565796,1.0050852298736572,0.47011980414390564,0.8815246820449829,0.6931186318397522
212,42499,1.0382405519485474,0.47020336985588074,0.9145983457565308,0.6931223273277283,,,,,,,
212,42599,0.9584233164787292,0.4256303608417511,0.87930828332901,0.6930307149887085,,,,,,,
212,42599,,,,,0.6847102046012878,0.506173849105835,0.9310664534568787,1.0239206552505493,0.47248145937919617,0.8979638814926147,0.6930496692657471
213,42699,0.9769975543022156,0.44864994287490845,0.8747493028640747,0.6928035020828247,,,,,,,
213,42799,1.0451124906539917,0.49267345666885376,0.8988574147224426,0.6928367018699646,,,,,,,
213,42799,,,,,0.6846420764923096,0.5097081661224365,0.9213269948959351,1.0068527460098267,0.47214475274086,0.8811735510826111,0.6929311752319336
214,42899,0.9929778575897217,0.4522291123867035,0.8872837424278259,0.6930699348449707,,,,,,,
214,42999,1.0285757780075073,0.4940362572669983,0.8811089992523193,0.6931388974189758,,,,,,,
214,42999,,,,,0.6825603246688843,0.5031685829162598,0.9287569522857666,1.006894826889038,0.4690054655075073,0.8844473361968994,0.6931158304214478
215,43099,0.9399480223655701,0.42748886346817017,0.8589659929275513,0.6930137872695923,,,,,,,
215,43199,1.0697890520095825,0.5190072059631348,0.8973261713981628,0.6930887699127197,,,,,,,
215,43199,,,,,0.6824691295623779,0.5031365752220154,0.9349130988121033,1.0031307935714722,0.46909913420677185,0.880588948726654,0.6931148767471313
216,43299,1.038984775543213,0.49618959426879883,0.889352560043335,0.6931147575378418,,,,,,,
216,43399,1.0219372510910034,0.46719610691070557,0.9009566903114319,0.6924312114715576,,,,,,,
216,43399,,,,,0.6822039484977722,0.5170354247093201,0.949629545211792,1.0143005847930908,0.4679538905620575,0.8926187753677368,0.6925446391105652
217,43499,1.0141363143920898,0.4840296506881714,0.8766340613365173,0.6930547952651978,,,,,,,
217,43599,0.9308010339736938,0.415608286857605,0.8616326451301575,0.6928799152374268,,,,,,,
217,43599,,,,,0.6822517514228821,0.5121710300445557,0.9527208209037781,1.008015751838684,0.46842315793037415,0.8859993815422058,0.6928137540817261
218,43699,1.1604512929916382,0.5566964149475098,0.9502723217010498,0.6930348873138428,,,,,,,
218,43799,0.9722961187362671,0.4427906274795532,0.876034140586853,0.6930572986602783,,,,,,,
218,43799,,,,,0.6830098628997803,0.5027822852134705,0.9537718296051025,1.0026822090148926,0.4695485532283783,0.8796952962875366,0.6931234002113342
219,43899,0.9824739098548889,0.44334250688552856,0.8856956362724304,0.6931284666061401,,,,,,,
219,43999,0.951107382774353,0.4448670744895935,0.852758526802063,0.6930362582206726,,,,,,,
219,43999,,,,,0.6830273866653442,0.5028664469718933,0.9495246410369873,0.9994109272956848,0.46926718950271606,0.8767048716545105,0.6931225061416626
220,44099,0.93743896484375,0.4401891827583313,0.843784749507904,0.6930698752403259,,,,,,,
220,44199,0.9868908524513245,0.4610182046890259,0.872340738773346,0.6929363012313843,,,,,,,
220,44199,,,,,0.6820669770240784,0.5083050727844238,0.9271300435066223,0.9998031854629517,0.46821317076683044,0.8780837655067444,0.6929870843887329
221,44299,0.9835898280143738,0.46417391300201416,0.8658612370491028,0.6928907632827759,,,,,,,
221,44399,1.0399432182312012,0.4971582591533661,0.8893030285835266,0.6930360198020935,,,,,,,
221,44399,,,,,0.6807173490524292,0.5067925453186035,0.9227421879768372,0.9944703578948975,0.46634650230407715,0.8746399283409119,0.6930317282676697
222,44499,1.0374021530151367,0.4801684319972992,0.9037703275680542,0.6930733323097229,,,,,,,
222,44599,1.1505473852157593,0.5392224192619324,0.9578526020050049,0.6930553913116455,,,,,,,
222,44599,,,,,0.6839319467544556,0.5068323612213135,0.9469907283782959,1.011199712753296,0.47112590074539185,0.8865828514099121,0.6930180788040161
223,44699,1.1000523567199707,0.4983605742454529,0.9481928944587708,0.6930023431777954,,,,,,,
223,44799,1.1117534637451172,0.5260074138641357,0.9323031902313232,0.6931142807006836,,,,,,,
223,44799,,,,,0.6840037107467651,0.505271852016449,0.9504194259643555,1.020389437675476,0.4708932340145111,0.8960334658622742,0.6930744051933289
224,44899,1.0869731903076172,0.5267203450202942,0.906815230846405,0.6931246519088745,,,,,,,
224,44999,0.9970979690551758,0.45620882511138916,0.8874457478523254,0.6931132674217224,,,,,,,
224,44999,,,,,0.6846650242805481,0.5029144287109375,0.9178256988525391,1.0118879079818726,0.47229456901550293,0.8861532211303711,0.6931199431419373
225,45099,1.0318033695220947,0.4777316451072693,0.9006181359291077,0.6930928230285645,,,,,,,
225,45199,1.0205692052841187,0.48255813121795654,0.8844696879386902,0.6929171085357666,,,,,,,
225,45199,,,,,0.6810092926025391,0.5140235424041748,0.9283380508422852,1.0034955739974976,0.46669119596481323,0.8831687569618225,0.6927289366722107
226,45299,0.9681766629219055,0.4560060501098633,0.8586519956588745,0.6929627656936646,,,,,,,
226,45399,1.08022141456604,0.5071821212768555,0.9195977449417114,0.6931170225143433,,,,,,,
226,45399,,,,,0.6815162301063538,0.5020066499710083,0.9189780950546265,0.9882508516311646,0.46796560287475586,0.8668525815010071,0.693134605884552
227,45499,1.0952322483062744,0.5185589790344238,0.9232361912727356,0.6931256055831909,,,,,,,
227,45599,0.9249943494796753,0.40406864881515503,0.8673943877220154,0.692937433719635,,,,,,,
227,45599,,,,,0.6829143762588501,0.5073316097259521,0.930569589138031,0.9936941266059875,0.46982142329216003,0.8703840970993042,0.6930225491523743
228,45699,1.0155775547027588,0.48509496450424194,0.8770267367362976,0.6930883526802063,,,,,,,
228,45799,0.9449542760848999,0.4287852644920349,0.8627129793167114,0.6930878162384033,,,,,,,
228,45799,,,,,0.6822230815887451,0.5046708583831787,0.9263789057731628,1.0071150064468384,0.468348890542984,0.8853064179420471,0.6930806636810303
229,45899,1.0579149723052979,0.48607948422431946,0.9183336496353149,0.6929963827133179,,,,,,,
229,45999,1.0898419618606567,0.4757692217826843,0.9606351852416992,0.6931250095367432,,,,,,,
229,45999,,,,,0.6819124221801758,0.5038332343101501,0.9485883712768555,0.9966976046562195,0.4681292176246643,0.875120222568512,0.6931034922599792
230,46099,1.1210758686065674,0.527889609336853,0.9397200345993042,0.6930676698684692,,,,,,,
230,46199,1.174876093864441,0.5609301328659058,0.9604999423027039,0.6931078433990479,,,,,,,
230,46199,,,,,0.6818995475769043,0.5047768354415894,0.9525756239891052,1.005737066268921,0.4682236909866333,0.8840513825416565,0.6930761933326721
231,46299,0.9687555432319641,0.4368508458137512,0.8783497214317322,0.6928900480270386,,,,,,,
231,46399,0.9963195323944092,0.45444369316101074,0.8884321451187134,0.6931125521659851,,,,,,,
231,46399,,,,,0.6838995218276978,0.5056516528129578,0.9501649737358093,1.0146597623825073,0.4707302153110504,0.8904585838317871,0.69305819272995
232,46499,0.9777025580406189,0.4717823565006256,0.8523567914962769,0.6928731203079224,,,,,,,
232,46599,0.9871733784675598,0.4610549807548523,0.8726789951324463,0.6931213140487671,,,,,,,
232,46599,,,,,0.6804734468460083,0.5057066082954407,0.9477987289428711,1.0005152225494385,0.46669772267341614,0.8803474307060242,0.6930603384971619
233,46699,0.9980117678642273,0.47763049602508545,0.8668036460876465,0.6928447484970093,,,,,,,
233,46799,1.1108629703521729,0.5203584432601929,0.9370678663253784,0.6931265592575073,,,,,,,
233,46799,,,,,0.682904839515686,0.5049849152565002,0.9493499994277954,1.0069571733474731,0.46943822503089905,0.88405841588974,0.6930792927742004
234,46899,1.0339303016662598,0.4781356155872345,0.9022643566131592,0.6929394006729126,,,,,,,
234,46999,0.9790829420089722,0.4455685615539551,0.880074143409729,0.693119466304779,,,,,,,
234,46999,,,,,0.6820167303085327,0.5029666423797607,0.9382144808769226,1.0060443878173828,0.46909481287002563,0.8835095167160034,0.693120002746582
235,47099,0.9525572061538696,0.4459154009819031,0.8531890511512756,0.6930945515632629,,,,,,,
235,47199,0.9978147149085999,0.4766387343406677,0.8675757646560669,0.69279944896698,,,,,,,
235,47199,,,,,0.682039737701416,0.5146975517272949,0.9285534024238586,0.9974451065063477,0.4683414399623871,0.875449538230896,0.6926918625831604
236,47299,1.0567042827606201,0.501691460609436,0.9013519287109375,0.6926781535148621,,,,,,,
236,47399,0.9695912003517151,0.44631367921829224,0.8697742223739624,0.6929935216903687,,,,,,,
236,47399,,,,,0.6806915402412415,0.5057991147041321,0.9263798594474792,0.9955449104309082,0.4665895402431488,0.8754850625991821,0.6930596232414246
237,47499,0.9912469387054443,0.46992433071136475,0.8678572177886963,0.6930692195892334,,,,,,,
237,47599,1.0272927284240723,0.4998948276042938,0.8739563822746277,0.6931168437004089,,,,,,,
237,47599,,,,,0.6796984672546387,0.503931999206543,0.9520978331565857,0.9902942180633545,0.46501779556274414,0.8718258142471313,0.6930989027023315
238,47699,1.0453944206237793,0.4784739911556244,0.9133973717689514,0.6929537057876587,,,,,,,
238,47799,0.9582852125167847,0.4527106285095215,0.8520483374595642,0.6929476261138916,,,,,,,
238,47799,,,,,0.6829797625541687,0.5117350220680237,0.951533854007721,1.0018376111984253,0.46956461668014526,0.8786939382553101,0.6928419470787048
239,47899,0.899734377861023,0.422708660364151,0.8233014345169067,0.69255131483078,,,,,,,
239,47999,1.0082995891571045,0.48529836535453796,0.869411826133728,0.6928213834762573,,,,,,,
239,47999,,,,,0.6810427308082581,0.5110632181167603,0.9517317414283752,0.9966245293617249,0.4666987657546997,0.8763641715049744,0.6928766965866089
240,48099,0.9446529746055603,0.44002753496170044,0.8511852622032166,0.6931196451187134,,,,,,,
240,48199,1.0027399063110352,0.44975629448890686,0.899498701095581,0.693030059337616,,,,,,,
240,48199,,,,,0.6833798885345459,0.508345901966095,0.9498791098594666,1.0029453039169312,0.4703238308429718,0.8791133761405945,0.6929839849472046
241,48299,1.132108449935913,0.5253723859786987,0.9532893300056458,0.6931066513061523,,,,,,,
241,48399,1.1569600105285645,0.49887827038764954,1.0046004056930542,0.6930372714996338,,,,,,,
241,48399,,,,,0.6808081865310669,0.5087062120437622,0.9177176356315613,0.9886727929115295,0.46628937125205994,0.8688676953315735,0.6929685473442078
242,48499,1.0494933128356934,0.5034039616584778,0.8924834728240967,0.6927880644798279,,,,,,,
242,48599,1.0046147108078003,0.47376710176467896,0.8774128556251526,0.6931304931640625,,,,,,,
242,48599,,,,,0.6803000569343567,0.5031912326812744,0.9364445209503174,0.9976627230644226,0.4660401940345764,0.8781808614730835,0.6931168437004089
243,48699,0.9926223754882812,0.4663766622543335,0.8728039264678955,0.6931164264678955,,,,,,,
243,48799,0.9365501403808594,0.4339958429336548,0.8491111397743225,0.6931138038635254,,,,,,,
243,48799,,,,,0.6797255873680115,0.5025517344474792,0.9305011630058289,0.9800490140914917,0.46495115756988525,0.8616610765457153,0.6931263208389282
244,48899,1.1067612171173096,0.5203524231910706,0.9329125881195068,0.6930073499679565,,,,,,,
244,48999,0.9939808249473572,0.4714059829711914,0.8691074848175049,0.6930652856826782,,,,,,,
244,48999,,,,,0.6800779700279236,0.5026858448982239,0.9535683989524841,0.9871323108673096,0.4657055735588074,0.8679889440536499,0.6931242942810059
245,49099,1.0309860706329346,0.478515625,0.8990191221237183,0.6930973529815674,,,,,,,
245,49199,1.082947850227356,0.4957050085067749,0.9336738586425781,0.6928620338439941,,,,,,,
245,49199,,,,,0.681101381778717,0.5138405561447144,0.9222272038459778,0.9979515671730042,0.4665048122406006,0.8778162598609924,0.6927390694618225
246,49299,1.08486008644104,0.5144976377487183,0.9169223308563232,0.6931198239326477,,,,,,,
246,49399,0.8904463052749634,0.41437894105911255,0.8225915431976318,0.6930482387542725,,,,,,,
246,49399,,,,,0.6816554069519043,0.507930338382721,0.9249523282051086,0.9990066289901733,0.4677385687828064,0.8777691125869751,0.693001925945282
247,49499,0.9988725781440735,0.4738980531692505,0.8714993000030518,0.6930495500564575,,,,,,,
247,49599,0.8770828247070312,0.40457168221473694,0.8190646171569824,0.6931069493293762,,,,,,,
247,49599,,,,,0.6809048652648926,0.5033084750175476,0.951299786567688,0.9948725700378418,0.46664807200431824,0.8747807145118713,0.693112313747406
248,49699,1.0538464784622192,0.4917421340942383,0.9086588025093079,0.6931087374687195,,,,,,,
248,49799,0.9640611410140991,0.4467847943305969,0.8638387322425842,0.6931248307228088,,,,,,,
248,49799,,,,,0.6814034581184387,0.5033383369445801,0.9334297776222229,0.9928200244903564,0.46769028902053833,0.8716867566108704,0.6931143403053284
249,49899,0.9508860111236572,0.4336865544319153,0.8637480139732361,0.6930971741676331,,,,,,,
249,49999,0.9741220474243164,0.4624544680118561,0.8581953048706055,0.6930553317070007,,,,,,,
249,49999,,,,,0.6817611455917358,0.5049762725830078,0.9508498907089233,0.9875014424324036,0.46781376004219055,0.8662252426147461,0.6930750012397766
250,50099,1.0107157230377197,0.4650280475616455,0.8922209143638611,0.6930664777755737,,,,,,,
250,50199,0.9511926174163818,0.4325054883956909,0.8652503490447998,0.6931264400482178,,,,,,,
250,50199,,,,,0.6808834075927734,0.5031577348709106,0.9401291608810425,0.9849523901939392,0.46674713492393494,0.864764928817749,0.6931195855140686
251,50299,1.0377039909362793,0.49572762846946716,0.8885310888290405,0.6931095719337463,,,,,,,
251,50399,0.92345130443573,0.4301982522010803,0.8398054242134094,0.6931047439575195,,,,,,,
251,50399,,,,,0.682799756526947,0.5065470337867737,0.952195405960083,0.9976534247398376,0.46913614869117737,0.8750369548797607,0.6930395364761353
252,50499,1.0453214645385742,0.4890996515750885,0.902775228023529,0.693107008934021,,,,,,,
252,50599,1.084733009338379,0.5072835683822632,0.923974871635437,0.6930509805679321,,,,,,,
252,50599,,,,,0.6811584234237671,0.5061349272727966,0.928107738494873,0.9910194873809814,0.4668538570404053,0.8706889152526855,0.693047046661377
253,50699,0.9976397752761841,0.45458269119262695,0.8895381093025208,0.6929619312286377,,,,,,,
253,50799,0.9588919878005981,0.44389766454696655,0.8615358471870422,0.6930830478668213,,,,,,,
253,50799,,,,,0.6814857125282288,0.5056218504905701,0.9517433643341064,0.9920215010643005,0.46715137362480164,0.8714001178741455,0.6930601596832275
254,50899,1.0047706365585327,0.4485616683959961,0.9027331471443176,0.6930481791496277,,,,,,,
254,50999,0.9845360517501831,0.4599345028400421,0.8711610436439514,0.6931190490722656,,,,,,,
254,50999,,,,,0.6811005473136902,0.5043022632598877,0.938206136226654,0.9910398125648499,0.46791234612464905,0.8696752190589905,0.6930953860282898
255,51099,0.9371961355209351,0.41836094856262207,0.8654014468193054,0.6931326389312744,,,,,,,
255,51199,1.0679738521575928,0.5099809765815735,0.9045280814170837,0.6930702924728394,,,,,,,
255,51199,,,,,0.6803293824195862,0.5080702304840088,0.9351488351821899,0.994046151638031,0.46630915999412537,0.8742333054542542,0.6929925680160522
256,51299,0.9904611110687256,0.46764111518859863,0.8691441416740417,0.6926483511924744,,,,,,,
256,51399,0.9905526041984558,0.46549057960510254,0.8716146945953369,0.6931053400039673,,,,,,,
256,51399,,,,,0.6811256408691406,0.5060302019119263,0.9291836023330688,0.9915265440940857,0.46726471185684204,0.8707883954048157,0.6930529475212097
257,51499,1.131941318511963,0.5479954481124878,0.9305065870285034,0.6931214332580566,,,,,,,
257,51599,0.9385212063789368,0.4330982267856598,0.8519769310951233,0.6931079626083374,,,,,,,
257,51599,,,,,0.6802294254302979,0.5032942891120911,0.9421623349189758,0.987573504447937,0.46537134051322937,0.8687596321105957,0.6931147575378418
258,51699,0.8684943914413452,0.40833747386932373,0.8067222237586975,0.6931307911872864,,,,,,,
258,51799,0.996278703212738,0.48095816373825073,0.8618823885917664,0.6931236982345581,,,,,,,
258,51799,,,,,0.6804181933403015,0.5032904148101807,0.9575390219688416,0.9895767569541931,0.46555355191230774,0.8705792427062988,0.6931121945381165
259,51899,0.9021750688552856,0.4077039659023285,0.840904951095581,0.6928677558898926,,,,,,,
259,51999,1.0730664730072021,0.4889456331729889,0.9306758642196655,0.6931101083755493,,,,,,,
259,51999,,,,,0.6806812286376953,0.5034622550010681,0.934730589389801,0.9865440726280212,0.46606069803237915,0.8670397400856018,0.6931125521659851
260,52099,1.0553536415100098,0.4765518307685852,0.9253568649291992,0.6931099891662598,,,,,,,
260,52199,1.0621414184570312,0.5147784948348999,0.8939179182052612,0.693109929561615,,,,,,,
260,52199,,,,,0.681605339050293,0.5022693872451782,0.9267673492431641,1.0012251138687134,0.4676201641559601,0.8801705241203308,0.6931312680244446
261,52299,0.9524626731872559,0.4619983732700348,0.83701491355896,0.6931011080741882,,,,,,,
261,52399,0.9490646719932556,0.44594672322273254,0.8496787548065186,0.6931215524673462,,,,,,,
261,52399,,,,,0.6813173890113831,0.5042999386787415,0.9230011105537415,1.0002022981643677,0.4670439660549164,0.8797034621238708,0.693090558052063
262,52499,0.9802297353744507,0.47842100262641907,0.8483224511146545,0.6930274963378906,,,,,,,
262,52599,1.0140351057052612,0.49525609612464905,0.8653267621994019,0.6930954456329346,,,,,,,
262,52599,,,,,0.6824221611022949,0.5036271810531616,0.9500589370727539,0.9920288920402527,0.46854153275489807,0.8700435757637024,0.6931126117706299
263,52699,1.102762222290039,0.537543535232544,0.9117343425750732,0.6930312514305115,,,,,,,
263,52799,0.980493426322937,0.4568551778793335,0.8702008724212646,0.6931252479553223,,,,,,,
263,52799,,,,,0.6824744939804077,0.5029112696647644,0.9412655830383301,1.0115329027175903,0.469109445810318,0.8889836072921753,0.6931204795837402
264,52899,0.9776594638824463,0.47079843282699585,0.8533737063407898,0.6930253505706787,,,,,,,
264,52999,1.1306970119476318,0.5235870480537415,0.9536716341972351,0.6931233406066895,,,,,,,
264,52999,,,,,0.6801154017448425,0.5053982734680176,0.9271267652511597,0.9852868318557739,0.4657154083251953,0.8661057353019714,0.6930684447288513
265,53099,1.0262736082077026,0.48374566435813904,0.8890727162361145,0.6930894255638123,,,,,,,
265,53199,1.0352303981781006,0.4980650842189789,0.8836013078689575,0.692872166633606,,,,,,,
265,53199,,,,,0.6794558167457581,0.5085595846176147,0.926965057849884,0.9736301302909851,0.46464988589286804,0.8554728627204895,0.6929850578308105
266,53299,1.0695561170578003,0.5018703937530518,0.9142446517944336,0.6931178569793701,,,,,,,
266,53399,1.057182788848877,0.4915892779827118,0.9120094180107117,0.6928316354751587,,,,,,,
266,53399,,,,,0.6818501949310303,0.5091273188591003,0.9269946813583374,0.988025963306427,0.46759650111198425,0.8669096231460571,0.6929603219032288
267,53499,0.9679734110832214,0.4498406648635864,0.8646650314331055,0.6930645704269409,,,,,,,
267,53599,1.0548419952392578,0.5209745168685913,0.8803273439407349,0.6929196119308472,,,,,,,
267,53599,,,,,0.6804748177528381,0.5072267055511475,0.950157642364502,0.9800359010696411,0.46677836775779724,0.85976642370224,0.6930179595947266
268,53699,1.037200927734375,0.512029767036438,0.8715859055519104,0.6928294897079468,,,,,,,
268,53799,0.9306923747062683,0.42677628993988037,0.8504675626754761,0.6931029558181763,,,,,,,
268,53799,,,,,0.6800398826599121,0.5063215494155884,0.9480724334716797,0.9890149235725403,0.46523261070251465,0.87030428647995,0.6930434107780457
269,53899,1.0386390686035156,0.4939817786216736,0.8912010192871094,0.693087637424469,,,,,,,
269,53999,1.011466383934021,0.4804638624191284,0.8775248527526855,0.6930446624755859,,,,,,,
269,53999,,,,,0.6803763508796692,0.5047044157981873,0.9453088045120239,0.9847847819328308,0.46558764576911926,0.8657404780387878,0.6930865049362183
270,54099,1.095903754234314,0.5203827619552612,0.9220792055130005,0.6931164860725403,,,,,,,
270,54199,1.001373052597046,0.4698255956172943,0.8781115412712097,0.6931280493736267,,,,,,,
270,54199,,,,,0.6818848848342896,0.5035150647163391,0.9495453238487244,0.994966983795166,0.46794649958610535,0.8735742568969727,0.6931074857711792
271,54299,1.001366138458252,0.4941710829734802,0.8537518978118896,0.6931138038635254,,,,,,,
271,54399,0.9468721151351929,0.4467267096042633,0.8466930389404297,0.6930952072143555,,,,,,,
271,54399,,,,,0.6795284152030945,0.5034379363059998,0.9375821352005005,0.9729903340339661,0.46484291553497314,0.8547028303146362,0.6931110620498657
272,54499,0.9923727512359619,0.4869714379310608,0.8519489765167236,0.6930952072143555,,,,,,,
272,54599,1.048167109489441,0.502654492855072,0.892048180103302,0.6930711269378662,,,,,,,
272,54599,,,,,0.6808198690414429,0.5054301619529724,0.925958514213562,0.9837750792503357,0.4663851261138916,0.8639264702796936,0.6930731534957886
273,54699,1.1255227327346802,0.5606422424316406,0.9113866686820984,0.693012535572052,,,,,,,
273,54799,0.8758059740066528,0.404335081577301,0.8180346488952637,0.6931273937225342,,,,,,,
273,54799,,,,,0.6793899536132812,0.5021703243255615,0.9332842826843262,0.977909505367279,0.4645001292228699,0.8599756956100464,0.6931325197219849
274,54899,1.0051250457763672,0.4779485762119293,0.873668372631073,0.692983865737915,,,,,,,
274,54999,0.9531963467597961,0.4496880769729614,0.8500759601593018,0.6931353807449341,,,,,,,
274,54999,,,,,0.679394543170929,0.5025566816329956,0.9439093470573425,0.9802339673042297,0.464730829000473,0.8620665669441223,0.6931266188621521
275,55099,0.940130352973938,0.46039333939552307,0.8262467980384827,0.6930195689201355,,,,,,,
275,55199,0.8811557292938232,0.41392576694488525,0.8137948513031006,0.6931297779083252,,,,,,,
275,55199,,,,,0.6800289750099182,0.5023702383041382,0.9484811425209045,0.9856745004653931,0.4654864966869354,0.8667526245117188,0.6931291222572327
276,55299,1.0408381223678589,0.48711830377578735,0.9002863764762878,0.6931330561637878,,,,,,,
276,55399,1.0204074382781982,0.4703976511955261,0.8965715765953064,0.693123459815979,,,,,,,
276,55399,,,,,0.6824085712432861,0.5029011368751526,0.9419813752174377,0.9979667663574219,0.4691331684589386,0.8753945231437683,0.693121612071991
277,55499,0.9959016442298889,0.47350531816482544,0.8689518570899963,0.6931110620498657,,,,,,,
277,55599,1.0096491575241089,0.46002835035324097,0.8961809873580933,0.6931202411651611,,,,,,,
277,55599,,,,,0.6852847337722778,0.5033090710639954,0.9539057612419128,1.0170742273330688,0.47281894087791443,0.8908119201660156,0.6931129693984985
278,55699,1.0031243562698364,0.4839046001434326,0.8657770156860352,0.6931145191192627,,,,,,,
278,55799,1.0029479265213013,0.4590498208999634,0.8904603123664856,0.693124532699585,,,,,,,
278,55799,,,,,0.6795361638069153,0.5054428577423096,0.9221993684768677,0.9850000739097595,0.46504804491996765,0.8664906024932861,0.6930772662162781
279,55899,1.004384160041809,0.4897463917732239,0.8611981272697449,0.6931206583976746,,,,,,,
279,55999,1.0280165672302246,0.4851677417755127,0.8894063234329224,0.6931151151657104,,,,,,,
279,55999,,,,,0.6791223883628845,0.5026541352272034,0.9416807889938354,0.9772104620933533,0.4643334746360779,0.8594395518302917,0.6931248307228088
280,56099,0.9858928918838501,0.48955196142196655,0.8429020643234253,0.693122148513794,,,,,,,
280,56199,1.049961805343628,0.5098133683204651,0.8867101073265076,0.6931232213973999,,,,,,,
280,56199,,,,,0.6802331805229187,0.5024402141571045,0.9497394561767578,0.9759485125541687,0.4654526710510254,0.857059895992279,0.693128228187561
281,56299,0.9719385504722595,0.44287681579589844,0.8755738735198975,0.6930242776870728,,,,,,,
281,56399,0.8776575326919556,0.39970511198043823,0.8245201706886292,0.6931354999542236,,,,,,,
281,56399,,,,,0.6810937523841858,0.5021784901618958,0.9532634615898132,1.002022385597229,0.4668439030647278,0.8817444443702698,0.6931318044662476
282,56499,1.0504612922668457,0.49256011843681335,0.9044381380081177,0.6930739879608154,,,,,,,
282,56599,0.9603449106216431,0.4601740837097168,0.8467337489128113,0.6931259036064148,,,,,,,
282,56599,,,,,0.6796184182167053,0.502704918384552,0.9355745911598206,0.9764823913574219,0.4648573696613312,0.8581874966621399,0.6931248903274536
283,56699,0.9785197973251343,0.4657154679298401,0.8593685626983643,0.6931282877922058,,,,,,,
283,56799,0.9675490260124207,0.44779592752456665,0.8663177490234375,0.6931291818618774,,,,,,,
283,56799,,,,,0.6791560649871826,0.5028120279312134,0.9270163178443909,0.9766333699226379,0.46417781710624695,0.8590168356895447,0.6931226849555969
284,56899,0.9183577299118042,0.41145581007003784,0.8534629344940186,0.6931222081184387,,,,,,,
284,56999,1.103947401046753,0.5442416071891785,0.9062307476997375,0.6930500268936157,,,,,,,
284,56999,,,,,0.6798442602157593,0.504216194152832,0.9364668726921082,0.9787670373916626,0.46510210633277893,0.8602131605148315,0.6930966377258301
285,57099,1.0458364486694336,0.5044775009155273,0.8878695368766785,0.693021297454834,,,,,,,
285,57199,1.0231366157531738,0.49095574021339417,0.8787199258804321,0.6930779218673706,,,,,,,
285,57199,,,,,0.6800338625907898,0.5054877996444702,0.9459593296051025,0.9862255454063416,0.46577486395835876,0.8669825196266174,0.6930635571479797
286,57299,1.0349067449569702,0.4751647114753723,0.9062901139259338,0.6930961012840271,,,,,,,
286,57399,0.911823570728302,0.4137827157974243,0.8445148468017578,0.6929479837417603,,,,,,,
286,57399,,,,,0.6807239651679993,0.5115829706192017,0.9274025559425354,0.9895690083503723,0.4662736654281616,0.8697255253791809,0.69286048412323
287,57499,1.052126407623291,0.5114176273345947,0.8872068524360657,0.6929961442947388,,,,,,,
287,57599,0.8597845435142517,0.41181161999702454,0.7943834662437439,0.6928211450576782,,,,,,,
287,57599,,,,,0.6787787675857544,0.5120120048522949,0.9327332377433777,0.9779407382011414,0.46477749943733215,0.8595730662345886,0.692819356918335
288,57699,1.0012531280517578,0.46827295422554016,0.879544198513031,0.6931279897689819,,,,,,,
288,57799,1.0409891605377197,0.48537153005599976,0.9021627902984619,0.6930904984474182,,,,,,,
288,57799,,,,,0.6793801188468933,0.5044179558753967,0.9585698843002319,0.9819643497467041,0.4649922251701355,0.8635174036026001,0.6930907964706421
289,57899,0.9441983103752136,0.4513295292854309,0.8392769694328308,0.6928163766860962,,,,,,,
289,57999,0.9942187666893005,0.48714926838874817,0.853472888469696,0.6928068399429321,,,,,,,
289,57999,,,,,0.6820652484893799,0.5136256814002991,0.925500214099884,0.9958319067955017,0.46834996342658997,0.8738573789596558,0.692750871181488
290,58099,1.0393420457839966,0.49653664231300354,0.8893711566925049,0.6931313872337341,,,,,,,
290,58199,0.9284815788269043,0.4441632032394409,0.8308569192886353,0.6930770874023438,,,,,,,
290,58199,,,,,0.6789751648902893,0.5072607398033142,0.9300720691680908,0.9762498140335083,0.46395260095596313,0.8588030338287354,0.6930121183395386
291,58299,1.0850675106048584,0.5194230079650879,0.9122055768966675,0.693122148513794,,,,,,,
291,58399,1.0453580617904663,0.49673202633857727,0.8951338529586792,0.6930155754089355,,,,,,,
291,58399,,,,,0.6782196164131165,0.5072925686836243,0.9232889413833618,0.9746610522270203,0.46293309330940247,0.8582330942153931,0.6930100917816162
292,58499,1.0212552547454834,0.4990803599357605,0.8686834573745728,0.6930169463157654,,,,,,,
292,58599,1.0054481029510498,0.4848153293132782,0.8671989440917969,0.6931324601173401,,,,,,,
292,58599,,,,,0.6799499988555908,0.5038946866989136,0.9459158182144165,0.972967803478241,0.4649476408958435,0.8545712828636169,0.6931024789810181
293,58699,0.9662643671035767,0.4563753306865692,0.8564465045928955,0.6931149959564209,,,,,,,
293,58799,0.9442517757415771,0.45543164014816284,0.8353786468505859,0.6931171417236328,,,,,,,
293,58799,,,,,0.6791810393333435,0.5046414732933044,0.9349021315574646,0.9900164008140564,0.4638265371322632,0.8727320432662964,0.693084716796875
294,58899,1.079602599143982,0.5258679389953613,0.9002626538276672,0.6930558681488037,,,,,,,
294,58999,1.046792984008789,0.5098564624786377,0.8834289312362671,0.6929847002029419,,,,,,,
294,58999,,,,,0.6797000765800476,0.5087971091270447,0.9510008096694946,0.9720527529716492,0.464773952960968,0.8537561297416687,0.6929544806480408
295,59099,0.9819703102111816,0.46213024854660034,0.8664014935493469,0.6931228637695312,,,,,,,
295,59199,0.912334680557251,0.43965885043144226,0.819187581539154,0.6930235028266907,,,,,,,
295,59199,,,,,0.6794727444648743,0.5028982162475586,0.9326105117797852,0.9710371494293213,0.46458694338798523,0.8530113101005554,0.6931222677230835
296,59299,0.9644283056259155,0.4711796045303345,0.8398032188415527,0.6931090354919434,,,,,,,
296,59399,1.01036536693573,0.46072208881378174,0.8962048292160034,0.6931231021881104,,,,,,,
296,59399,,,,,0.679962158203125,0.50252765417099,0.9362131953239441,0.9872584939002991,0.4649205207824707,0.8689014315605164,0.6931269764900208
297,59499,0.964314877986908,0.47016575932502747,0.8407106399536133,0.6931229829788208,,,,,,,
297,59599,1.0826748609542847,0.5345232486724854,0.8946102857589722,0.6929173469543457,,,,,,,
297,59599,,,,,0.679559051990509,0.5092791318893433,0.9294005632400513,0.9711064696311951,0.46455952525138855,0.8530215620994568,0.692949116230011
298,59699,1.1100444793701172,0.5278476476669312,0.9285707473754883,0.6927477121353149,,,,,,,
298,59799,1.0027496814727783,0.4702606797218323,0.87904292345047,0.6931079030036926,,,,,,,
298,59799,,,,,0.6809287071228027,0.5049017071723938,0.9435572624206543,0.9793380498886108,0.4663953483104706,0.8594833016395569,0.6930811405181885
299,59899,1.0150185823440552,0.46557629108428955,0.8960015177726746,0.6931183934211731,,,,,,,
299,59999,0.976067066192627,0.46107369661331177,0.8615521788597107,0.693117618560791,,,,,,,
299,59999,,,,,0.6796660423278809,0.5029829144477844,0.9554121494293213,0.9711506366729736,0.4651453495025635,0.8525649905204773,0.6931192874908447
300,60099,0.9450101852416992,0.4446389377117157,0.8469317555427551,0.6931208968162537,,,,,,,
300,60199,1.029050588607788,0.4873293936252594,0.8882037997245789,0.6929652690887451,,,,,,,
300,60199,,,,,0.6810162663459778,0.5095864534378052,0.9492334127426147,0.9936707615852356,0.4669915437698364,0.8731516599655151,0.6929450631141663
301,60299,0.920573890209198,0.4261365830898285,0.8409945368766785,0.6931143999099731,,,,,,,
301,60399,0.861849308013916,0.39938342571258545,0.809018611907959,0.6931054592132568,,,,,,,
301,60399,,,,,0.6783684492111206,0.5053489208221436,0.9375754594802856,0.9802119731903076,0.4634820818901062,0.863262951374054,0.6930657029151917
302,60499,0.9103021025657654,0.43720394372940063,0.8196637630462646,0.6931310892105103,,,,,,,
302,60599,1.05789053440094,0.48733311891555786,0.9170806407928467,0.6930463314056396,,,,,,,
302,60599,,,,,0.6816330552101135,0.5049038529396057,0.9545074105262756,0.9914962649345398,0.4679110050201416,0.8701262474060059,0.6930819153785706
303,60699,0.8702963590621948,0.40932050347328186,0.8075262308120728,0.69310063123703,,,,,,,
303,60799,0.8981465101242065,0.42354393005371094,0.8211458921432495,0.693086564540863,,,,,,,
303,60799,,,,,0.6790059804916382,0.5048059821128845,0.9475522041320801,0.9894901514053345,0.46411803364753723,0.8719157576560974,0.6930871605873108
304,60899,1.0466859340667725,0.5065529346466064,0.8866293430328369,0.6929925680160522,,,,,,,
304,60999,0.9410715103149414,0.4352109432220459,0.8524168133735657,0.6931123733520508,,,,,,,
304,60999,,,,,0.6784630417823792,0.5024484395980835,0.9425175189971924,0.9682835340499878,0.46329694986343384,0.8515506386756897,0.6931281089782715
305,61099,0.981395423412323,0.47490572929382324,0.8530488610267639,0.6931182146072388,,,,,,,
305,61199,0.9736191034317017,0.4730059504508972,0.8470426797866821,0.692858874797821,,,,,,,
305,61199,,,,,0.6796066761016846,0.5136820077896118,0.9515935182571411,0.9740546941757202,0.46521255373954773,0.8552078008651733,0.6927314400672913
306,61299,0.9877169728279114,0.48735710978507996,0.8468539118766785,0.6929880380630493,,,,,,,
306,61399,0.9551729559898376,0.43658971786499023,0.8651396632194519,0.6931129693984985,,,,,,,
306,61399,,,,,0.6807105541229248,0.5025360584259033,0.9456296563148499,0.9815331697463989,0.46643903851509094,0.8616577982902527,0.6931271553039551
307,61499,0.9635406136512756,0.4551895558834076,0.8548718094825745,0.6930414438247681,,,,,,,
307,61599,0.9716443419456482,0.4440012574195862,0.8742058873176575,0.6931256055831909,,,,,,,
307,61599,,,,,0.6783977746963501,0.5049037933349609,0.9333027005195618,0.9722382426261902,0.4631962180137634,0.855581521987915,0.6930792331695557
308,61699,0.8566845655441284,0.38739219307899475,0.8158237934112549,0.6930628418922424,,,,,,,
308,61799,0.9106496572494507,0.4395962357521057,0.8174983263015747,0.692889928817749,,,,,,,
308,61799,,,,,0.6781505942344666,0.5074867606163025,0.9280557036399841,0.9649659991264343,0.46288132667541504,0.8485930562019348,0.6930168867111206
309,61899,1.0784111022949219,0.5364820957183838,0.8884788155555725,0.6930995583534241,,,,,,,
309,61999,0.9271605014801025,0.4556310176849365,0.8180789947509766,0.6930990219116211,,,,,,,
309,61999,,,,,0.6781822443008423,0.5028427243232727,0.934125542640686,0.9624087810516357,0.4632667899131775,0.8457026481628418,0.6931207180023193
310,62099,1.0276079177856445,0.5063029527664185,0.8678683042526245,0.6931266784667969,,,,,,,
310,62199,0.8905998468399048,0.4122331738471985,0.8249132633209229,0.6930930614471436,,,,,,,
310,62199,,,,,0.6783527135848999,0.5042765736579895,0.9330989122390747,0.963424026966095,0.46332189440727234,0.8466505408287048,0.6930971145629883
311,62299,0.9984843730926514,0.507343053817749,0.8377062678337097,0.6931300759315491,,,,,,,
311,62399,0.9745762348175049,0.4701225757598877,0.851019561290741,0.6931319832801819,,,,,,,
311,62399,,,,,0.6781708598136902,0.502888023853302,0.9400631785392761,0.9703600406646729,0.46315744519233704,0.8537626266479492,0.6931200623512268
312,62499,0.912743091583252,0.4284704923629761,0.8308163285255432,0.693087637424469,,,,,,,
312,62599,0.8959745764732361,0.4236367344856262,0.8189027309417725,0.6931296586990356,,,,,,,
312,62599,,,,,0.6794666051864624,0.5021661520004272,0.9418913125991821,0.9785972237586975,0.4644889533519745,0.8606741428375244,0.6931320428848267
313,62699,0.9087684750556946,0.42654791474342346,0.8287225365638733,0.6930040121078491,,,,,,,
313,62799,0.9603530168533325,0.45958346128463745,0.8473296761512756,0.6931201815605164,,,,,,,
313,62799,,,,,0.6765416860580444,0.5031334161758423,0.935673177242279,0.9580045342445374,0.46109604835510254,0.8434673547744751,0.6931177973747253
314,62899,0.986141562461853,0.4690376818180084,0.8636288046836853,0.6930498480796814,,,,,,,
314,62999,1.0140973329544067,0.5028413534164429,0.8578225374221802,0.6931331157684326,,,,,,,
314,62999,,,,,0.6786898374557495,0.5024659633636475,0.9406709671020508,0.9746320247650146,0.4640045762062073,0.8571919202804565,0.6931293606758118
315,63099,0.9056346416473389,0.428771048784256,0.8234177827835083,0.693108320236206,,,,,,,
315,63199,0.960523247718811,0.44432568550109863,0.8627353310585022,0.6930753588676453,,,,,,,
315,63199,,,,,0.6787184476852417,0.5030379891395569,0.9359855055809021,0.9680098295211792,0.4638267755508423,0.8507429361343384,0.6931196451187134
316,63299,1.0600687265396118,0.5119090676307678,0.894711434841156,0.693103551864624,,,,,,,
316,63399,0.9225120544433594,0.4516640603542328,0.8173524141311646,0.6930089592933655,,,,,,,
316,63399,,,,,0.67926025390625,0.5048677325248718,0.959942638874054,0.9688986539840698,0.4645267128944397,0.8509148955345154,0.6930859684944153
317,63499,0.9996428489685059,0.4710708558559418,0.8751261234283447,0.693108320236206,,,,,,,
317,63599,0.9191852807998657,0.442294716835022,0.8234147429466248,0.6930482387542725,,,,,,,
317,63599,,,,,0.6786016225814819,0.5026087760925293,0.9662072658538818,0.9748280048370361,0.46360182762145996,0.8577886819839478,0.6931252479553223
318,63699,0.9426561594009399,0.4710068702697754,0.8182154893875122,0.6931323409080505,,,,,,,
318,63799,1.0433602333068848,0.5006868243217468,0.8892378211021423,0.6931287050247192,,,,,,,
318,63799,,,,,0.6780142188072205,0.5026606321334839,0.9443527460098267,0.9740750789642334,0.46268683671951294,0.8579504489898682,0.6931244134902954
319,63899,0.9662961363792419,0.4715622663497925,0.8412761688232422,0.6930845975875854,,,,,,,
319,63999,0.9845499992370605,0.48458966612815857,0.8465144038200378,0.693108081817627,,,,,,,
319,63999,,,,,0.6779637932777405,0.5050315260887146,0.9349978566169739,0.9699390530586243,0.46249645948410034,0.8539814949035645,0.6930773258209229
320,64099,0.9942563772201538,0.47296005487442017,0.8678292036056519,0.693065881729126,,,,,,,
320,64199,1.0352143049240112,0.5121833086013794,0.8695884346961975,0.6931149959564209,,,,,,,
320,64199,,,,,0.6789531707763672,0.5033263564109802,0.9489589929580688,0.9686535596847534,0.4639888107776642,0.8512228727340698,0.6931162476539612
321,64299,0.9288234114646912,0.45876264572143555,0.8166259527206421,0.693130373954773,,,,,,,
321,64399,1.0013617277145386,0.49439841508865356,0.8533838987350464,0.6928412914276123,,,,,,,
321,64399,,,,,0.6773345470428467,0.5055985450744629,0.9515961408615112,0.9593749046325684,0.46193110942840576,0.8439748883247375,0.6930626630783081
322,64499,1.0791412591934204,0.5127712488174438,0.9127838611602783,0.6928277015686035,,,,,,,
322,64599,0.8489680290222168,0.4064781367778778,0.7890509366989136,0.6931220889091492,,,,,,,
322,64599,,,,,0.6786612868309021,0.5029729604721069,0.9618527293205261,0.962215006351471,0.4634787440299988,0.8452964425086975,0.6931203603744507
323,64699,1.0962343215942383,0.5125110745429993,0.9302828907966614,0.6931192874908447,,,,,,,
323,64799,1.0823657512664795,0.5352950096130371,0.8935943245887756,0.6930469274520874,,,,,,,
323,64799,,,,,0.6774249076843262,0.504203200340271,0.9400612115859985,0.9629414677619934,0.46219196915626526,0.8472984433174133,0.6930978298187256
324,64899,0.9462059140205383,0.4360119700431824,0.8567461371421814,0.6931043863296509,,,,,,,
324,64999,1.0281789302825928,0.48579907417297363,0.8889171481132507,0.6930747628211975,,,,,,,
324,64999,,,,,0.6780971884727478,0.5032516717910767,0.934280514717102,0.9643484354019165,0.4627704918384552,0.8481366634368896,0.6931172013282776
325,65099,0.8020519018173218,0.3741862177848816,0.7743557691574097,0.6929800510406494,,,,,,,
325,65199,0.9893550276756287,0.45705726742744446,0.8788045048713684,0.6930135488510132,,,,,,,
325,65199,,,,,0.6791943311691284,0.5097969174385071,0.9518807530403137,0.9873267412185669,0.4643506705760956,0.8694294095039368,0.6929070949554443
326,65299,1.0551469326019287,0.5162336826324463,0.8854741454124451,0.6931218504905701,,,,,,,
326,65399,0.9144458174705505,0.44182196259498596,0.8191272020339966,0.6930066347122192,,,,,,,
326,65399,,,,,0.6763865351676941,0.5076233744621277,0.9301458597183228,0.9613321423530579,0.4606161415576935,0.8472180962562561,0.693004310131073
327,65499,0.9637851119041443,0.45540446043014526,0.8549256920814514,0.6930900812149048,,,,,,,
327,65599,0.9793671369552612,0.4666077792644501,0.8591678142547607,0.692816972732544,,,,,,,
327,65599,,,,,0.6786670088768005,0.508781373500824,0.951923131942749,0.968852162361145,0.4636700451374054,0.8516679406166077,0.6929713487625122
328,65699,1.0588442087173462,0.5012636184692383,0.9041410088539124,0.6931206583976746,,,,,,,
328,65799,0.9962092041969299,0.491352915763855,0.8513966798782349,0.6930807828903198,,,,,,,
328,65799,,,,,0.6789900660514832,0.5046208500862122,0.9371821284294128,0.9701948165893555,0.4642571806907654,0.852480411529541,0.6930853128433228
329,65899,0.9068710803985596,0.40631866455078125,0.8471091985702515,0.6931135654449463,,,,,,,
329,65999,0.9539635181427002,0.4704476594924927,0.830007791519165,0.692983865737915,,,,,,,
329,65999,,,,,0.6794928312301636,0.5072298049926758,0.9330138564109802,0.9627254009246826,0.464304655790329,0.8449336290359497,0.6930257081985474
330,66099,0.9609022736549377,0.45872634649276733,0.8487280011177063,0.6931041479110718,,,,,,,
330,66199,0.9892479181289673,0.46744614839553833,0.8682812452316284,0.6929590106010437,,,,,,,
330,66199,,,,,0.6825588941574097,0.5066071152687073,0.9573401808738708,0.985673725605011,0.4691983163356781,0.862998366355896,0.6930463314056396
331,66299,0.8807178735733032,0.41800135374069214,0.8092774748802185,0.6931219696998596,,,,,,,
331,66399,0.8740294575691223,0.4300233721733093,0.7905646562576294,0.6931170225143433,,,,,,,
331,66399,,,,,0.6782668232917786,0.5034003257751465,0.9447891712188721,0.9684366583824158,0.4631759524345398,0.8518176674842834,0.6931135058403015
332,66499,0.9593062996864319,0.4531581997871399,0.852669358253479,0.6930426359176636,,,,,,,
332,66599,1.0749521255493164,0.5166519284248352,0.9048593044281006,0.6931180953979492,,,,,,,
332,66599,,,,,0.6792805194854736,0.5027035474777222,0.9476311802864075,0.9656580090522766,0.4643760025501251,0.8478438258171082,0.693123459815979
333,66699,1.0671641826629639,0.5052545070648193,0.9084745645523071,0.69312983751297,,,,,,,
333,66799,1.0464112758636475,0.5135525465011597,0.8794049024581909,0.6930922865867615,,,,,,,
333,66799,,,,,0.6791345477104187,0.507798969745636,0.929061233997345,0.9704371094703674,0.46480709314346313,0.8521279692649841,0.6929960250854492
334,66899,1.0420098304748535,0.4851565957069397,0.9033991694450378,0.6930918097496033,,,,,,,
334,66999,0.9644290804862976,0.46839606761932373,0.8425407409667969,0.693015456199646,,,,,,,
334,66999,,,,,0.6769737005233765,0.5099667906761169,0.949874758720398,0.9660300016403198,0.46137022972106934,0.8511260747909546,0.6929326057434082
335,67099,1.0183684825897217,0.47598856687545776,0.8886910676956177,0.6926223039627075,,,,,,,
335,67199,0.9394946694374084,0.4670972526073456,0.8189520239830017,0.6931091547012329,,,,,,,
335,67199,,,,,0.6765835881233215,0.5017362236976624,0.9426819682121277,0.9744910001754761,0.46081510186195374,0.8602442741394043,0.6931372284889221
336,67299,0.9935717582702637,0.49902379512786865,0.8411100506782532,0.6931243538856506,,,,,,,
336,67399,0.8066322803497314,0.3681492805480957,0.7850484848022461,0.6931309700012207,,,,,,,
336,67399,,,,,0.6788771748542786,0.5049756169319153,0.957825243473053,0.9724932909011841,0.46348366141319275,0.8555507063865662,0.6930820345878601
337,67499,1.0502066612243652,0.5055636763572693,0.8911736607551575,0.6930614709854126,,,,,,,
337,67599,1.0516825914382935,0.5020103454589844,0.8962329030036926,0.6931212544441223,,,,,,,
337,67599,,,,,0.6769636869430542,0.502761721611023,0.9524702429771423,0.9701314568519592,0.4615960717201233,0.855097234249115,0.6931239366531372
338,67699,1.0330138206481934,0.496624231338501,0.8829554319381714,0.693131685256958,,,,,,,
338,67799,0.968786358833313,0.4643661379814148,0.850916862487793,0.6929934024810791,,,,,,,
338,67799,,,,,0.6792600154876709,0.5032724142074585,0.9448864459991455,0.9739359617233276,0.4644642472267151,0.8560295104980469,0.6931155323982239
339,67899,0.9806630611419678,0.4677450656890869,0.859423041343689,0.693010151386261,,,,,,,
339,67999,1.101582646369934,0.5557798743247986,0.8923536539077759,0.6931016445159912,,,,,,,
339,67999,,,,,0.6785165667533875,0.5056103467941284,0.9544675946235657,0.9682633280754089,0.46338528394699097,0.8514137864112854,0.6930714249610901
340,68099,1.028545618057251,0.49871259927749634,0.8763619661331177,0.6930581331253052,,,,,,,
340,68199,0.9848502278327942,0.46200400590896606,0.8694090247154236,0.6931256055831909,,,,,,,
340,68199,,,,,0.6781715154647827,0.5020776987075806,0.9522651433944702,0.9709523916244507,0.46353378891944885,0.8539851903915405,0.6931332349777222
341,68299,0.9928070306777954,0.4593800902366638,0.8799716234207153,0.6930892467498779,,,,,,,
341,68399,0.8869063854217529,0.4281875491142273,0.8051820993423462,0.6929264068603516,,,,,,,
341,68399,,,,,0.6779966354370117,0.5070220828056335,0.9278040528297424,0.9643453359603882,0.4632680416107178,0.847594678401947,0.6930347084999084
342,68499,0.902704656124115,0.42445534467697144,0.8248031139373779,0.6931077241897583,,,,,,,
342,68599,0.9613870978355408,0.4553329646587372,0.852605402469635,0.6931024789810181,,,,,,,
342,68599,,,,,0.6794838905334473,0.503821611404419,0.9594978094100952,0.9690754413604736,0.46532702445983887,0.8503016233444214,0.6931061148643494
343,68699,1.0740172863006592,0.5005083680152893,0.9200745820999146,0.6931313276290894,,,,,,,
343,68799,0.9129664897918701,0.4298652410507202,0.8296664953231812,0.6931304931640625,,,,,,,
343,68799,,,,,0.677542507648468,0.5022181272506714,0.9511586427688599,0.965499758720398,0.462118536233902,0.8499468564987183,0.6931313276290894
344,68899,1.056110143661499,0.5003654956817627,0.902277946472168,0.6930664777755737,,,,,,,
344,68999,1.0321485996246338,0.5056015253067017,0.8730413913726807,0.6929887533187866,,,,,,,
344,68999,,,,,0.6776168942451477,0.5079516172409058,0.9521418809890747,0.9601826667785645,0.4621398448944092,0.8445417284965515,0.6929977536201477
345,69099,0.8988819718360901,0.4245736598968506,0.8208757042884827,0.6931346654891968,,,,,,,
345,69199,0.9366666674613953,0.43618518114089966,0.8469916582107544,0.6930204629898071,,,,,,,
345,69199,,,,,0.6782882213592529,0.5104113817214966,0.9495519399642944,0.963493824005127,0.46275344491004944,0.8471978306770325,0.6929149031639099
346,69299,0.9791015386581421,0.4809202551841736,0.8445774912834167,0.6927924156188965,,,,,,,
346,69399,0.9939646124839783,0.4784170389175415,0.8620564341545105,0.6930176019668579,,,,,,,
346,69399,,,,,0.6787000894546509,0.5054508447647095,0.9366400241851807,0.9609678387641907,0.46347954869270325,0.8440250158309937,0.6930733919143677
347,69499,0.9119758009910583,0.42572447657585144,0.8328168988227844,0.6931310892105103,,,,,,,
347,69599,0.8922857046127319,0.4253571331501007,0.8134894967079163,0.6931219696998596,,,,,,,
347,69599,,,,,0.6787303686141968,0.5022680163383484,0.9566552639007568,0.9593288898468018,0.4641532003879547,0.8417410850524902,0.6931309103965759
348,69699,1.0239139795303345,0.488063782453537,0.8824084401130676,0.6931164860725403,,,,,,,
348,69799,0.9167983531951904,0.42437806725502014,0.8386866450309753,0.6925327777862549,,,,,,,
348,69799,,,,,0.6766510009765625,0.5160022377967834,0.956020712852478,0.9554458856582642,0.4609461724758148,0.8408037424087524,0.6926079988479614
349,69899,1.0670666694641113,0.5364518165588379,0.8771644234657288,0.6930990219116211,,,,,,,
349,69999,0.9067480564117432,0.4449441134929657,0.8083404898643494,0.693073034286499,,,,,,,
349,69999,,,,,0.6773109436035156,0.5028881430625916,0.9366185665130615,0.9552569389343262,0.46210339665412903,0.8397139310836792,0.6931208968162537
350,70099,1.1264448165893555,0.51115882396698,0.9618479013442993,0.6931237578392029,,,,,,,
350,70199,0.8767199516296387,0.42806339263916016,0.7951990962028503,0.6930851936340332,,,,,,,
350,70199,,,,,0.6784210205078125,0.507228672504425,0.9515553116798401,0.9627377986907959,0.46312880516052246,0.8461248874664307,0.6930320858955383
351,70299,0.8527030944824219,0.407781183719635,0.7914878726005554,0.6931319236755371,,,,,,,
351,70399,1.014969825744629,0.4769713282585144,0.8845016360282898,0.6930062770843506,,,,,,,
351,70399,,,,,0.6781747937202454,0.5043764114379883,0.9367112517356873,0.9596164226531982,0.46309763193130493,0.8430667519569397,0.6930959820747375
352,70499,0.8923609256744385,0.42331504821777344,0.8155542612075806,0.6930168271064758,,,,,,,
352,70599,1.037297010421753,0.5026116371154785,0.8811788558959961,0.6929869651794434,,,,,,,
352,70599,,,,,0.6774066686630249,0.5052697062492371,0.953639566898346,0.9581531286239624,0.46207883954048157,0.8426058292388916,0.6930633783340454
353,70699,0.9645475149154663,0.46236297488212585,0.8487179279327393,0.6930668950080872,,,,,,,
353,70799,0.7980497479438782,0.3870338797569275,0.7575463652610779,0.6930609941482544,,,,,,,
353,70799,,,,,0.6773593425750732,0.5039964914321899,0.9293584823608398,0.9518105983734131,0.46169182658195496,0.8366697430610657,0.6931020021438599
354,70899,0.9851173162460327,0.46432268619537354,0.8673123121261597,0.6930354237556458,,,,,,,
354,70999,0.8855028748512268,0.4263277053833008,0.8057408928871155,0.6931313276290894,,,,,,,
354,70999,,,,,0.677471935749054,0.5036802887916565,0.9505103826522827,0.9556890726089478,0.46213608980178833,0.840107798576355,0.6931096911430359
355,71099,1.1100280284881592,0.5377800464630127,0.9187911152839661,0.6930860280990601,,,,,,,
355,71199,0.8854573965072632,0.4041631817817688,0.827830970287323,0.6930735111236572,,,,,,,
355,71199,,,,,0.6794436573982239,0.502751886844635,0.9385474324226379,0.965984582901001,0.4649542570114136,0.8475916981697083,0.6931229829788208
356,71299,1.010913610458374,0.49586498737335205,0.8615745306015015,0.6930519342422485,,,,,,,
356,71399,0.9827797412872314,0.4890245199203491,0.8402702212333679,0.6930298805236816,,,,,,,
356,71399,,,,,0.6767277121543884,0.5033236145973206,0.9595227837562561,0.9548080563545227,0.46134153008461,0.8400232791900635,0.6931138038635254
357,71499,0.9241939783096313,0.4562152922153473,0.8144593834877014,0.6929614543914795,,,,,,,
357,71599,1.0091328620910645,0.4734008312225342,0.8822706341743469,0.6930770874023438,,,,,,,
357,71599,,,,,0.6799765825271606,0.5029739141464233,0.9587143659591675,0.967812716960907,0.46515119075775146,0.8492204546928406,0.6931177377700806
358,71699,0.8951471447944641,0.4305255115032196,0.8110313415527344,0.6928194761276245,,,,,,,
358,71799,0.9645912647247314,0.4780433773994446,0.8330918550491333,0.6930881142616272,,,,,,,
358,71799,,,,,0.6764213442802429,0.5048495531082153,0.9524351358413696,0.9588901400566101,0.4603864848613739,0.8450448513031006,0.6930824518203735
359,71899,0.9822126626968384,0.47993332147598267,0.8488346934318542,0.6931107640266418,,,,,,,
359,71999,1.0880999565124512,0.5307518839836121,0.9038857817649841,0.6930753588676453,,,,,,,
359,71999,,,,,0.6807524561882019,0.503870964050293,0.9498609900474548,0.9708744287490845,0.46620798110961914,0.851219654083252,0.6931065320968628
360,72099,0.9360983967781067,0.4446817636489868,0.8379808068275452,0.6931284666061401,,,,,,,
360,72199,0.9363821148872375,0.46413129568099976,0.81881183385849,0.6931220293045044,,,,,,,
360,72199,,,,,0.6772493720054626,0.5029463171958923,0.9328584671020508,0.96365886926651,0.46118101477622986,0.8490392565727234,0.693122923374176
361,72299,0.9851431846618652,0.4736817479133606,0.8579394817352295,0.6929560303688049,,,,,,,
361,72399,0.8959298729896545,0.44944700598716736,0.7930492758750916,0.693132758140564,,,,,,,
361,72399,,,,,0.6776995062828064,0.5025519132614136,0.9328491687774658,0.9570784568786621,0.4624827206134796,0.8411587476730347,0.6931260824203491
362,72499,1.0186049938201904,0.49010252952575684,0.8750684261322021,0.6931318044662476,,,,,,,
362,72599,1.0142567157745361,0.4880121350288391,0.8728071451187134,0.6931251287460327,,,,,,,
362,72599,,,,,0.6769319772720337,0.5025131702423096,0.9454349875450134,0.9521203637123108,0.46163082122802734,0.8370533585548401,0.6931277513504028
363,72699,0.9903552532196045,0.4744943678379059,0.8624072074890137,0.6930926442146301,,,,,,,
363,72799,1.0052087306976318,0.47123414278030396,0.8805035948753357,0.6930580139160156,,,,,,,
363,72799,,,,,0.6769447922706604,0.508560061454773,0.9258899688720703,0.9573130011558533,0.46125808358192444,0.8425474762916565,0.6929850578308105
364,72899,0.9417478442192078,0.44980406761169434,0.8384737968444824,0.693060040473938,,,,,,,
364,72999,0.9169406890869141,0.460111528635025,0.8033691048622131,0.6930800080299377,,,,,,,
364,72999,,,,,0.6775933504104614,0.5077378749847412,0.924926221370697,0.9488478302955627,0.4623282253742218,0.8330255150794983,0.6930118799209595
365,73099,0.9664534330368042,0.4541417360305786,0.858873724937439,0.693123996257782,,,,,,,
365,73199,0.9766774773597717,0.4795882999897003,0.843604564666748,0.6930307149887085,,,,,,,
365,73199,,,,,0.6777219176292419,0.5054193139076233,0.953941822052002,0.9651281237602234,0.46294450759887695,0.848720371723175,0.6930738687515259
366,73299,1.0757066011428833,0.5276463031768799,0.8945901393890381,0.6930597424507141,,,,,,,
366,73399,0.901314377784729,0.4414709806442261,0.8063409924507141,0.6929953098297119,,,,,,,
366,73399,,,,,0.6777172684669495,0.5037083625793457,0.941668689250946,0.9574140310287476,0.46247798204421997,0.8414883613586426,0.6931044459342957
367,73499,0.9272554516792297,0.4405841827392578,0.8331877589225769,0.6930330991744995,,,,,,,
367,73599,0.8914623260498047,0.4282141327857971,0.8098158240318298,0.6931352615356445,,,,,,,
367,73599,,,,,0.6778099536895752,0.5020230412483215,0.9308936595916748,0.9535024762153625,0.46257415413856506,0.8374953866004944,0.6931343674659729
368,73699,1.0708808898925781,0.5147216320037842,0.9027029871940613,0.6930874586105347,,,,,,,
368,73799,0.9544792771339417,0.45098012685775757,0.8500486612319946,0.6930989027023315,,,,,,,
368,73799,,,,,0.6764542460441589,0.5054866075515747,0.9272030591964722,0.9548481106758118,0.4609275758266449,0.840457022190094,0.6930727958679199
369,73899,0.9699602127075195,0.46429377794265747,0.8521988987922668,0.6930649280548096,,,,,,,
369,73999,0.9954789876937866,0.5028718709945679,0.8391743302345276,0.6931344866752625,,,,,,,
369,73999,,,,,0.6772569417953491,0.5027631521224976,0.948680579662323,0.9584377408027649,0.46162647008895874,0.8433728218078613,0.6931235194206238
370,74099,0.9608617424964905,0.45033586025238037,0.8570045232772827,0.6929572820663452,,,,,,,
370,74199,1.0149825811386108,0.47763943672180176,0.8839048743247986,0.6931235790252686,,,,,,,
370,74199,,,,,0.6770744919776917,0.502267599105835,0.9297106862068176,0.9535179734230042,0.4617844820022583,0.8382989168167114,0.6931306719779968
371,74299,0.8497214913368225,0.41976723074913025,0.7764853239059448,0.6930621862411499,,,,,,,
371,74399,1.0568560361862183,0.48598670959472656,0.9174282550811768,0.6931177973747253,,,,,,,
371,74399,,,,,0.6784605979919434,0.5030484795570374,0.9298802614212036,0.9705200791358948,0.46338608860969543,0.8536932468414307,0.6931187510490417
372,74499,1.0028977394104004,0.4819349944591522,0.8675235509872437,0.6931217908859253,,,,,,,
372,74599,0.9040197134017944,0.43766459822654724,0.8129082918167114,0.6931064128875732,,,,,,,
372,74599,,,,,0.6785760521888733,0.5044644474983215,0.9280723333358765,0.9601149559020996,0.4631160795688629,0.8435448408126831,0.6930916905403137
373,74699,0.9572388529777527,0.4728047549724579,0.8309882283210754,0.6931082010269165,,,,,,,
373,74799,0.9904520511627197,0.4558432698249817,0.8811303377151489,0.6930432319641113,,,,,,,
373,74799,,,,,0.6773475408554077,0.5069905519485474,0.9296445846557617,0.9645057320594788,0.46179527044296265,0.8492276072502136,0.6930344104766846
374,74899,0.9767712950706482,0.4554592967033386,0.8678730726242065,0.6931220293045044,,,,,,,
374,74999,1.0076578855514526,0.4871276021003723,0.8670420050621033,0.6930234432220459,,,,,,,
374,74999,,,,,0.6766635179519653,0.5043338537216187,0.9362899661064148,0.9615734815597534,0.4612935483455658,0.8468257784843445,0.6930914521217346
375,75099,0.9633456468582153,0.45402538776397705,0.8558142185211182,0.6929879188537598,,,,,,,
375,75199,0.9722861051559448,0.4558217227458954,0.863012969493866,0.6930971145629883,,,,,,,
375,75199,,,,,0.6772051453590393,0.5041259527206421,0.9259384274482727,0.951921820640564,0.46114975214004517,0.8373218178749084,0.6930992603302002
376,75299,0.94819575548172,0.46658581495285034,0.8281649351119995,0.6931098699569702,,,,,,,
376,75399,0.942558765411377,0.4665006399154663,0.8225602507591248,0.6930041313171387,,,,,,,
376,75399,,,,,0.6755409240722656,0.5054613947868347,0.9551374316215515,0.9578641653060913,0.45938819646835327,0.8450090885162354,0.6930662393569946
377,75499,0.9543555378913879,0.45732051134109497,0.8435593247413635,0.6930485963821411,,,,,,,
377,75599,0.8789326548576355,0.4273614287376404,0.7981135249137878,0.6930845975875854,,,,,,,
377,75599,,,,,0.6787170767784119,0.5031549334526062,0.9332309365272522,0.9600237607955933,0.46353796124458313,0.8430442810058594,0.6931166648864746
378,75699,1.0708580017089844,0.5120531320571899,0.9053622484207153,0.6931148767471313,,,,,,,
378,75799,0.9409487247467041,0.4609736204147339,0.8263709545135498,0.692791759967804,,,,,,,
378,75799,,,,,0.6771104335784912,0.514279305934906,0.9529454708099365,0.9482169151306152,0.4614999294281006,0.8330770134925842,0.6927199363708496
379,75899,1.0082132816314697,0.5007641315460205,0.8538917899131775,0.6928853392601013,,,,,,,
379,75999,0.9287389516830444,0.44753754138946533,0.8277575969696045,0.6931123733520508,,,,,,,
379,75999,,,,,0.678403377532959,0.504845380783081,0.9555354118347168,0.9559891819953918,0.46342626214027405,0.8391027450561523,0.6930798292160034
380,76099,0.9244674444198608,0.46303653717041016,0.807931661605835,0.6930015683174133,,,,,,,
380,76199,1.045668601989746,0.5086947679519653,0.883529007434845,0.6931103467941284,,,,,,,
380,76199,,,,,0.6772468090057373,0.5065580010414124,0.9354225993156433,0.9538022875785828,0.46157926321029663,0.8387433886528015,0.6930407881736755
381,76299,1.0860153436660767,0.5255175828933716,0.9069640636444092,0.6929326057434082,,,,,,,
381,76399,0.9358431100845337,0.4513120651245117,0.8310193419456482,0.6929766535758972,,,,,,,
381,76399,,,,,0.6771153211593628,0.5103973746299744,0.9277768731117249,0.9538734555244446,0.4614885747432709,0.8388427495956421,0.6929152011871338
382,76499,1.0592339038848877,0.5251651406288147,0.88059002161026,0.6930423974990845,,,,,,,
382,76599,0.8365053534507751,0.404547780752182,0.7784982323646545,0.693081259727478,,,,,,,
382,76599,,,,,0.6768985986709595,0.5067275762557983,0.9255837798118591,0.9495729207992554,0.4615573585033417,0.8345381617546082,0.6930450201034546
383,76699,0.8596312999725342,0.42666879296302795,0.7795286178588867,0.6931321024894714,,,,,,,
383,76799,0.9609942436218262,0.4551223814487457,0.8523827791213989,0.6930217146873474,,,,,,,
383,76799,,,,,0.6774865388870239,0.508461594581604,0.949173629283905,0.9567539095878601,0.462235689163208,0.8410091400146484,0.6929819583892822
384,76899,1.0134122371673584,0.49773991107940674,0.8622386455535889,0.6931325793266296,,,,,,,
384,76999,0.9716417789459229,0.4689176678657532,0.8492838740348816,0.6931195855140686,,,,,,,
384,76999,,,,,0.6756119728088379,0.5029250979423523,0.9460175633430481,0.9525306820869446,0.4595378041267395,0.8395528793334961,0.6931198239326477
385,77099,0.9685444235801697,0.4758871793746948,0.8392201066017151,0.69312584400177,,,,,,,
385,77199,0.9464031457901001,0.45445799827575684,0.8384907245635986,0.6930912137031555,,,,,,,
385,77199,,,,,0.6773613095283508,0.5072607398033142,0.9295945167541504,0.9549891352653503,0.4617428779602051,0.8397591710090637,0.6930257678031921
386,77299,0.9957486391067505,0.451408714056015,0.8909003734588623,0.6931208968162537,,,,,,,
386,77399,0.9031037092208862,0.43488386273384094,0.814697265625,0.6929547786712646,,,,,,,
386,77399,,,,,0.6755699515342712,0.50782310962677,0.9501959085464478,0.9526436924934387,0.4596247971057892,0.8395211100578308,0.693004310131073
387,77499,0.9146831035614014,0.4356858432292938,0.8255375623703003,0.6930806636810303,,,,,,,
387,77599,0.9622371792793274,0.4770783483982086,0.8317146301269531,0.6931115388870239,,,,,,,
387,77599,,,,,0.6772280335426331,0.5040572285652161,0.9355874061584473,0.9517817497253418,0.4619676172733307,0.8363654613494873,0.6931028366088867
388,77699,1.1379852294921875,0.5122889280319214,0.9722598195075989,0.6931271553039551,,,,,,,
388,77799,0.8547140955924988,0.41219794750213623,0.7890774607658386,0.6931225061416626,,,,,,,
388,77799,,,,,0.6770284175872803,0.5033368468284607,0.9257398843765259,0.9511265754699707,0.4612330198287964,0.836450457572937,0.6931141018867493
389,77899,0.9861950874328613,0.49254170060157776,0.8401685953140259,0.6930303573608398,,,,,,,
389,77999,0.9825875759124756,0.48871326446533203,0.8404114246368408,0.6930742263793945,,,,,,,
389,77999,,,,,0.6769185662269592,0.505679726600647,0.9241689443588257,0.9536896347999573,0.46104133129119873,0.8391855955123901,0.6930747628211975
390,78099,0.9402100443840027,0.4461430013179779,0.8406372666358948,0.6931403875350952,,,,,,,
390,78199,0.9070264101028442,0.43196582794189453,0.8216239809989929,0.693126916885376,,,,,,,
390,78199,,,,,0.6759127974510193,0.5030105710029602,0.9368165135383606,0.9472944736480713,0.4598544239997864,0.8339995741844177,0.6931192278862
391,78299,0.9931920766830444,0.4930375814437866,0.8467041850090027,0.6930992603302002,,,,,,,
391,78399,0.8413668870925903,0.4059125781059265,0.7820172905921936,0.6931259036064148,,,,,,,
391,78399,,,,,0.6763332486152649,0.5026941895484924,0.9584847688674927,0.9547984004020691,0.46048179268836975,0.8408790230751038,0.693124532699585
392,78499,0.9741610288619995,0.49130353331565857,0.8294246196746826,0.6931342482566833,,,,,,,
392,78599,0.9705393314361572,0.4897806644439697,0.8273165225982666,0.6931156516075134,,,,,,,
392,78599,,,,,0.6780090928077698,0.5030606985092163,0.939277172088623,0.9505855441093445,0.462662011384964,0.8344820737838745,0.6931166648864746
393,78699,0.9988411664962769,0.4937477111816406,0.8516181111335754,0.6930491328239441,,,,,,,
393,78799,0.8742624521255493,0.4376097023487091,0.7831653952598572,0.6930252909660339,,,,,,,
393,78799,,,,,0.6751940846443176,0.5071441531181335,0.9256543517112732,0.9427540898323059,0.4589484930038452,0.8303185701370239,0.6930257678031921
394,78899,0.9508629441261292,0.45376694202423096,0.8436077833175659,0.6930235624313354,,,,,,,
394,78999,1.139346718788147,0.5736323595046997,0.9122785925865173,0.6931283473968506,,,,,,,
394,78999,,,,,0.6756460666656494,0.5039414167404175,0.9214750528335571,0.9487288594245911,0.459543377161026,0.835738480091095,0.6931064128875732
395,79099,0.976631224155426,0.4620591998100281,0.8611055016517639,0.6930669546127319,,,,,,,
395,79199,0.7564424276351929,0.3729305863380432,0.73007732629776,0.6931309700012207,,,,,,,
395,79199,,,,,0.6755984425544739,0.5030671954154968,0.9351432919502258,0.9379836320877075,0.45887449383735657,0.8256688117980957,0.6931198239326477
396,79299,0.9626818299293518,0.4485681354999542,0.860677182674408,0.6931270360946655,,,,,,,
396,79399,0.9378043413162231,0.43964940309524536,0.8446261286735535,0.6929423809051514,,,,,,,
396,79399,,,,,0.679688572883606,0.5111268758773804,0.9616457223892212,0.9715446829795837,0.46514835953712463,0.8528337478637695,0.6928744912147522
397,79499,1.1537959575653076,0.567836582660675,0.9325262308120728,0.6931338906288147,,,,,,,
397,79599,0.935718834400177,0.4507291913032532,0.8314040899276733,0.6928290128707886,,,,,,,
397,79599,,,,,0.6767618656158447,0.5123515725135803,0.9531962275505066,0.9514221549034119,0.4605487883090973,0.8372874855995178,0.6928285360336304
398,79699,0.9520838856697083,0.4502098262310028,0.848439633846283,0.6931310892105103,,,,,,,
398,79799,0.8822788596153259,0.435982882976532,0.7927562594413757,0.6929205656051636,,,,,,,
398,79799,,,,,0.6769295930862427,0.5093455910682678,0.9553683400154114,0.9499720931053162,0.4609259366989136,0.835523784160614,0.692954957485199
399,79899,0.9026699066162109,0.4478156864643097,0.8014219403266907,0.6931355595588684,,,,,,,
399,79999,0.8659747242927551,0.42701709270477295,0.7855198383331299,0.6931244134902954,,,,,,,
399,79999,,,,,0.6773136854171753,0.502539336681366,0.9390034675598145,0.9518071413040161,0.4617634415626526,0.8366073966026306,0.693127453327179
400,80099,0.8669317960739136,0.425476610660553,0.7880222797393799,0.693134069442749,,,,,,,
400,80199,0.8742367029190063,0.42389699816703796,0.7968937754631042,0.6931081414222717,,,,,,,
400,80199,,,,,0.6749278903007507,0.5044238567352295,0.9492243528366089,0.9421265721321106,0.4583086371421814,0.8303655385971069,0.6930952072143555
401,80299,1.0902700424194336,0.5402735471725464,0.8965483903884888,0.6931037902832031,,,,,,,
401,80399,0.946516752243042,0.48222967982292175,0.810850977897644,0.6931278109550476,,,,,,,
401,80399,,,,,0.674859344959259,0.5019853711128235,0.9481531977653503,0.936373233795166,0.4585220515727997,0.8244185447692871,0.693134605884552
402,80499,0.9102922677993774,0.4509785771369934,0.805877685546875,0.6931278705596924,,,,,,,
402,80599,0.9204685688018799,0.45829302072525024,0.808741569519043,0.6931319832801819,,,,,,,
402,80599,,,,,0.6765788197517395,0.5028860569000244,0.9474529027938843,0.9455011487007141,0.4601503312587738,0.8319116830825806,0.6931220293045044
403,80699,0.8949661254882812,0.4354708194732666,0.8060475587844849,0.6931045055389404,,,,,,,
403,80799,0.8460243940353394,0.42977333068847656,0.762812614440918,0.6931230425834656,,,,,,,
403,80799,,,,,0.6774184107780457,0.5035032033920288,0.9345226883888245,0.951028048992157,0.46214190125465393,0.8354403972625732,0.6931086778640747
404,80899,0.9091963171958923,0.4201035797595978,0.835643470287323,0.6931015253067017,,,,,,,
404,80999,0.9725175499916077,0.4786909818649292,0.840360701084137,0.6930683851242065,,,,,,,
404,80999,,,,,0.6762557625770569,0.5046705007553101,0.93318772315979,0.9474067687988281,0.46037015318870544,0.8335781693458557,0.6930826902389526
405,81099,1.032658338546753,0.4999678134918213,0.8792136907577515,0.6930462121963501,,,,,,,
405,81199,0.8868024945259094,0.4313564598560333,0.8019976019859314,0.6931031942367554,,,,,,,
405,81199,,,,,0.6779465079307556,0.5043318867683411,0.9398975968360901,0.9518924951553345,0.46238595247268677,0.8360490798950195,0.6930851936340332
406,81299,1.027360439300537,0.5094413757324219,0.8644468784332275,0.6930557489395142,,,,,,,
406,81399,0.9258253574371338,0.4400831460952759,0.8323072791099548,0.6931300163269043,,,,,,,
406,81399,,,,,0.6766030788421631,0.5023138523101807,0.9468716979026794,0.9458415508270264,0.4608401656150818,0.8315670490264893,0.6931314468383789
407,81499,1.0315213203430176,0.511555552482605,0.8664936423301697,0.6930555701255798,,,,,,,
407,81599,0.9573079347610474,0.48198866844177246,0.8218696117401123,0.6931006908416748,,,,,,,
407,81599,,,,,0.6758109927177429,0.5037604570388794,0.9401677250862122,0.946940004825592,0.45999959111213684,0.8334922790527344,0.6931042671203613
408,81699,0.9651415348052979,0.44785845279693604,0.8638321757316589,0.6930981278419495,,,,,,,
408,81799,0.9651699066162109,0.4728435277938843,0.8388457298278809,0.6930387020111084,,,,,,,
408,81799,,,,,0.6758687496185303,0.5045529007911682,0.9456868767738342,0.9399701356887817,0.45970192551612854,0.8268112540245056,0.6930860280990601
409,81899,0.9676710963249207,0.4829583764076233,0.8312605023384094,0.6930955648422241,,,,,,,
409,81999,0.9557992219924927,0.46389245986938477,0.8384568691253662,0.6931002736091614,,,,,,,
409,81999,,,,,0.6760349869728088,0.5024587512016296,0.9368228316307068,0.9415978193283081,0.4601246118545532,0.828037440776825,0.6931283473968506
410,82099,0.9907940030097961,0.5032908916473389,0.8340681791305542,0.6931301355361938,,,,,,,
410,82199,0.935073971748352,0.4452989399433136,0.8363425731658936,0.6931350827217102,,,,,,,
410,82199,,,,,0.6762635707855225,0.5023464560508728,0.9404287934303284,0.9433461427688599,0.4603257179260254,0.8295851349830627,0.6931294798851013
411,82299,1.133924126625061,0.54991614818573,0.9305334091186523,0.6930508017539978,,,,,,,
411,82399,0.9498296976089478,0.4482361078262329,0.848040759563446,0.6928942203521729,,,,,,,
411,82399,,,,,0.6757102608680725,0.5113543272018433,0.925766110420227,0.9483004808425903,0.45936739444732666,0.8353646993637085,0.6928632855415344
412,82499,0.9876261949539185,0.4890148341655731,0.8451231122016907,0.6930235028266907,,,,,,,
412,82599,0.8921039700508118,0.4517790377140045,0.7868296504020691,0.6930094957351685,,,,,,,
412,82599,,,,,0.6753265857696533,0.5099238157272339,0.9504653215408325,0.9339258074760437,0.45873716473579407,0.8216560482978821,0.6929342746734619
413,82699,0.9177961349487305,0.44747215509414673,0.816778838634491,0.6929097771644592,,,,,,,
413,82799,0.9027401804924011,0.4357059597969055,0.8136016130447388,0.6931349039077759,,,,,,,
413,82799,,,,,0.6753436326980591,0.5025917291641235,0.9391652345657349,0.9378666281700134,0.4590843915939331,0.8253452777862549,0.6931259036064148
414,82899,0.9539859294891357,0.4602746069431305,0.8402642011642456,0.6931056380271912,,,,,,,
414,82999,1.0108566284179688,0.5001959800720215,0.8572012782096863,0.6930814981460571,,,,,,,
414,82999,,,,,0.6760370135307312,0.5106378793716431,0.9292097687721252,0.9446738362312317,0.45993226766586304,0.8311890363693237,0.6928950548171997
415,83099,0.8956584930419922,0.44548654556274414,0.7967074513435364,0.6930708885192871,,,,,,,
415,83199,0.8910090327262878,0.4471827447414398,0.7903755903244019,0.6930986642837524,,,,,,,
415,83199,,,,,0.6761296987533569,0.5034588575363159,0.9452131390571594,0.9478429555892944,0.46023017168045044,0.8341681957244873,0.6931109428405762
416,83299,0.9115819931030273,0.4476296901702881,0.8105067014694214,0.6931087374687195,,,,,,,
416,83399,0.986480712890625,0.49142149090766907,0.841623067855835,0.6931276321411133,,,,,,,
416,83399,,,,,0.6762064099311829,0.5024616122245789,0.931108295917511,0.938702404499054,0.4604077935218811,0.8248589038848877,0.6931286454200745
417,83499,0.9281031489372253,0.4564226269721985,0.8182262182235718,0.6930915117263794,,,,,,,
417,83599,0.9583010077476501,0.458089143037796,0.8467699885368347,0.693116307258606,,,,,,,
417,83599,,,,,0.676205039024353,0.5028231143951416,0.9303185343742371,0.9410927891731262,0.4603036344051361,0.8273504376411438,0.6931220889091492
418,83699,0.9027503728866577,0.4208672344684601,0.8284351229667664,0.693104088306427,,,,,,,
418,83799,0.8570931553840637,0.419286847114563,0.7843689322471619,0.6931251287460327,,,,,,,
418,83799,,,,,0.6775973439216614,0.5024245977401733,0.9239869117736816,0.9469527006149292,0.46222954988479614,0.8312870860099792,0.6931276917457581
419,83899,1.0502188205718994,0.5289815664291382,0.8677181005477905,0.6929616928100586,,,,,,,
419,83999,0.9442465305328369,0.46680471301078796,0.8239904642105103,0.6930974125862122,,,,,,,
419,83999,,,,,0.676829993724823,0.5036188960075378,0.9337958097457886,0.9515731930732727,0.46116384863853455,0.8369616866111755,0.69310462474823
420,84099,1.0162343978881836,0.49334603548049927,0.869281530380249,0.6927862167358398,,,,,,,
420,84199,0.8916765451431274,0.4379459619522095,0.8002632856369019,0.6930654644966125,,,,,,,
420,84199,,,,,0.6763867735862732,0.5075547099113464,0.9503238797187805,0.9441753625869751,0.4601809084415436,0.8305029273033142,0.693016767501831
421,84299,0.9814777970314026,0.4806559681892395,0.8473263382911682,0.6930090188980103,,,,,,,
421,84399,1.0090745687484741,0.4560948312282562,0.8995468616485596,0.6931343078613281,,,,,,,
421,84399,,,,,0.6768069267272949,0.502129852771759,0.9491039514541626,0.9636270403862,0.46106961369514465,0.8491238355636597,0.6931328177452087
422,84499,0.8597143292427063,0.4408394992351532,0.7654304504394531,0.6931113004684448,,,,,,,
422,84599,0.9771202206611633,0.44256383180618286,0.881109893321991,0.693107008934021,,,,,,,
422,84599,,,,,0.6765909194946289,0.5028558969497681,0.9440594911575317,0.9444306492805481,0.46080365777015686,0.8301880955696106,0.6931224465370178
423,84699,0.9241628646850586,0.45027244091033936,0.8203199505805969,0.6928591728210449,,,,,,,
423,84799,0.9523050785064697,0.4678291082382202,0.8310307264328003,0.6931095123291016,,,,,,,
423,84799,,,,,0.6770893931388855,0.5034719705581665,0.9526861310005188,0.9532759189605713,0.46138134598731995,0.838452160358429,0.6931150555610657
424,84899,1.0628609657287598,0.5029957294464111,0.9064266085624695,0.6931229829788208,,,,,,,
424,84999,0.9616411924362183,0.45722854137420654,0.8509661555290222,0.6931068897247314,,,,,,,
424,84999,,,,,0.6768554449081421,0.5020840167999268,0.9320371747016907,0.9403106570243835,0.46105313301086426,0.825823962688446,0.6931326389312744
425,85099,0.9400562047958374,0.4577110707759857,0.8288959860801697,0.6931015849113464,,,,,,,
425,85199,0.8770548701286316,0.42213451862335205,0.8014675974845886,0.6930943727493286,,,,,,,
425,85199,,,,,0.6754729151725769,0.5043845772743225,0.9446284770965576,0.9352244138717651,0.4587874412536621,0.8229843378067017,0.6930945515632629
426,85299,0.9089953899383545,0.4336755871772766,0.8218876719474792,0.6931357383728027,,,,,,,
426,85399,1.083329677581787,0.560244083404541,0.8696129322052002,0.6930546760559082,,,,,,,
426,85399,,,,,0.6756684184074402,0.505559504032135,0.9327650666236877,0.9372814893722534,0.4590776860713959,0.8247395753860474,0.6930719017982483
427,85499,0.99821537733078,0.4982084035873413,0.8465734124183655,0.6931329965591431,,,,,,,
427,85599,0.9267537593841553,0.4686969518661499,0.8045899868011475,0.6930663585662842,,,,,,,
427,85599,,,,,0.6760255098342896,0.504658043384552,0.9518771767616272,0.9452877640724182,0.45972827076911926,0.8321019411087036,0.6930847764015198
428,85699,0.9387197494506836,0.4434344172477722,0.8417489528656006,0.692927360534668,,,,,,,
428,85799,0.9313288927078247,0.4644915461540222,0.8133254647254944,0.6929762363433838,,,,,,,
428,85799,,,,,0.6766912937164307,0.5070615410804749,0.9496329426765442,0.9418014287948608,0.46029430627822876,0.8280236124992371,0.6930331587791443
429,85899,0.8911762237548828,0.4463035464286804,0.7914394736289978,0.6931335926055908,,,,,,,
429,85999,0.9020276069641113,0.4458220899105072,0.8027734160423279,0.6931357979774475,,,,,,,
429,85999,,,,,0.6764904260635376,0.5021222829818726,0.9474425911903381,0.9383712410926819,0.4603511393070221,0.8245865702629089,0.6931328177452087
430,86099,0.9054625034332275,0.4390704929828644,0.8129588961601257,0.6931338906288147,,,,,,,
430,86199,0.9643187522888184,0.4760437309741974,0.8348181247711182,0.6930862069129944,,,,,,,
430,86199,,,,,0.6747467517852783,0.5061861276626587,0.9260498285293579,0.9368081092834473,0.45791053771972656,0.8254259824752808,0.6930566430091858
431,86299,1.0279182195663452,0.5050512552261353,0.8694338798522949,0.6931338310241699,,,,,,,
431,86399,0.8273886442184448,0.39440494775772095,0.7795422077178955,0.6931168437004089,,,,,,,
431,86399,,,,,0.6766030192375183,0.502646267414093,0.9383006691932678,0.9492202401161194,0.4610232412815094,0.8347594141960144,0.6931248307228088
432,86499,0.9637547135353088,0.47838401794433594,0.8319013118743896,0.6930612325668335,,,,,,,
432,86599,0.9054409265518188,0.449007123708725,0.8029775023460388,0.6930873394012451,,,,,,,
432,86599,,,,,0.6775136590003967,0.5042582154273987,0.9515781998634338,0.9470553994178772,0.46186012029647827,0.8317429423332214,0.6930955648422241
433,86699,1.0385918617248535,0.5157812237739563,0.8693693280220032,0.6931174993515015,,,,,,,
433,86799,0.9413467645645142,0.4588017165660858,0.8291137218475342,0.6931374669075012,,,,,,,
433,86799,,,,,0.67528235912323,0.5038967728614807,0.952099084854126,0.9352744221687317,0.45909029245376587,0.8227378129959106,0.6931076049804688
434,86899,0.9391090869903564,0.46480584144592285,0.8208634853363037,0.6931204795837402,,,,,,,
434,86999,0.9363930225372314,0.46186137199401855,0.8210907578468323,0.6931180357933044,,,,,,,
434,86999,,,,,0.6761955618858337,0.5029230713844299,0.9377095103263855,0.9388768672943115,0.4599330425262451,0.8255041837692261,0.6931208968162537
435,87099,0.8713905215263367,0.4345093369483948,0.7834041714668274,0.693045973777771,,,,,,,
435,87199,0.9868369102478027,0.4801102578639984,0.8532541990280151,0.6930551528930664,,,,,,,
435,87199,,,,,0.6755445599555969,0.5047770738601685,0.9563756585121155,0.9532688856124878,0.4596116244792938,0.8401952981948853,0.6930758357048035
436,87299,1.1306171417236328,0.5521782040596008,0.9249807000160217,0.6930835247039795,,,,,,,
436,87399,0.8943260908126831,0.44042664766311646,0.800421416759491,0.6930440068244934,,,,,,,
436,87399,,,,,0.6757063865661621,0.507714569568634,0.9304213523864746,0.9467921257019043,0.4595118463039398,0.8337789177894592,0.6929975748062134
437,87499,0.9328954219818115,0.45122385025024414,0.8282294273376465,0.6931156516075134,,,,,,,
437,87599,0.9748619794845581,0.47014716267585754,0.8512829542160034,0.6931362152099609,,,,,,,
437,87599,,,,,0.6749923229217529,0.5021581053733826,0.9523866772651672,0.934761106967926,0.4585610628128052,0.8227670192718506,0.6931338906288147
438,87699,0.8927825093269348,0.43298089504241943,0.8063311576843262,0.6930590867996216,,,,,,,
438,87799,0.8282668590545654,0.4049535393714905,0.7698757648468018,0.6931247115135193,,,,,,,
438,87799,,,,,0.6758582592010498,0.5021507143974304,0.940031111240387,0.9375817179679871,0.4602050483226776,0.8239429593086243,0.693132758140564
439,87899,0.8962754011154175,0.4281260073184967,0.8145878314971924,0.6928768157958984,,,,,,,
439,87999,0.9207935333251953,0.4469110667705536,0.8204487562179565,0.6931325793266296,,,,,,,
439,87999,,,,,0.6771012544631958,0.5024001002311707,0.9286953806877136,0.9388803243637085,0.4610051214694977,0.8244392275810242,0.6931281089782715
440,88099,0.9853943586349487,0.48705512285232544,0.8448565602302551,0.6930346488952637,,,,,,,
440,88199,0.8779782056808472,0.4264901280403137,0.7980383038520813,0.6931005120277405,,,,,,,
440,88199,,,,,0.6754467487335205,0.5025198459625244,0.9517437815666199,0.9355019927024841,0.4589437246322632,0.8231225609779358,0.6931285262107849
441,88299,0.8648648262023926,0.41372039914131165,0.7975740432739258,0.6928591728210449,,,,,,,
441,88399,0.8187646269798279,0.3901406526565552,0.7751920819282532,0.6931363344192505,,,,,,,
441,88399,,,,,0.675091028213501,0.5039839148521423,0.9347351789474487,0.9313411116600037,0.45845067501068115,0.819442093372345,0.6931028366088867
442,88499,0.9419254064559937,0.4610214829444885,0.8274227976799011,0.693037748336792,,,,,,,
442,88599,0.9597311019897461,0.46922698616981506,0.8370549082756042,0.6931016445159912,,,,,,,
442,88599,,,,,0.6751943230628967,0.5037723779678345,0.9511286020278931,0.9366232752799988,0.4586993157863617,0.8244771957397461,0.6931067705154419
443,88699,0.991120457649231,0.4826282262802124,0.8550376892089844,0.6930909752845764,,,,,,,
443,88799,0.9446393847465515,0.4502517580986023,0.8409261703491211,0.6930772066116333,,,,,,,
443,88799,,,,,0.6748906970024109,0.5035688877105713,0.9198331832885742,0.9328922033309937,0.4586085081100464,0.8208402991294861,0.6931132078170776
444,88899,1.1081280708312988,0.5633018016815186,0.8913888335227966,0.6931252479553223,,,,,,,
444,88999,1.049030065536499,0.5153409242630005,0.8802551031112671,0.6931319236755371,,,,,,,
444,88999,,,,,0.6740816235542297,0.5030296444892883,0.9433331489562988,0.9329954385757446,0.4573746621608734,0.8221810460090637,0.6931202411651611
445,89099,0.8935315608978271,0.43339991569519043,0.806698739528656,0.6931342482566833,,,,,,,
445,89199,1.013169288635254,0.4728975296020508,0.8867732286453247,0.6930029392242432,,,,,,,
445,89199,,,,,0.6761333346366882,0.5091022253036499,0.9318153858184814,0.9426518082618713,0.4604701101779938,0.8286622762680054,0.6929613351821899
446,89299,0.9621720314025879,0.4812197685241699,0.8274983167648315,0.6930921673774719,,,,,,,
446,89399,0.918350100517273,0.4339067041873932,0.830991804599762,0.693096935749054,,,,,,,
446,89399,,,,,0.6757439970970154,0.5022681951522827,0.937871515750885,0.9364082217216492,0.45934611558914185,0.8236271739006042,0.6931298971176147
447,89499,0.895466685295105,0.437902569770813,0.8041121959686279,0.6930961012840271,,,,,,,
447,89599,0.8916066288948059,0.4404944181442261,0.7975988388061523,0.692973256111145,,,,,,,
447,89599,,,,,0.6764646172523499,0.508516788482666,0.9278099536895752,0.9371519088745117,0.4601683020591736,0.8234755992889404,0.6929838061332703
448,89699,0.9490439891815186,0.46930935978889465,0.8262956142425537,0.6931219100952148,,,,,,,
448,89799,0.963858425617218,0.47408345341682434,0.8362489938735962,0.6929479837417603,,,,,,,
448,89799,,,,,0.6772016286849976,0.5088508725166321,0.9495114684104919,0.9514686465263367,0.46164679527282715,0.8363105654716492,0.692977249622345
449,89899,1.0501235723495483,0.5098609924316406,0.8868160843849182,0.6931069493293762,,,,,,,
449,89999,0.9793823957443237,0.48520082235336304,0.8407453894615173,0.6931276321411133,,,,,,,
449,89999,,,,,0.6749183535575867,0.503022313117981,0.9330533146858215,0.9364063143730164,0.45829010009765625,0.8246762752532959,0.6931203007698059
450,90099,1.021662950515747,0.5066790580749512,0.8614047169685364,0.6928414106369019,,,,,,,
450,90199,0.9102969169616699,0.4506809115409851,0.8061230182647705,0.6930141448974609,,,,,,,
450,90199,,,,,0.673621416091919,0.5086129903793335,0.9562075734138489,0.9298067688941956,0.4568433165550232,0.8194553256034851,0.6929841041564941
451,90299,0.8996763825416565,0.43234923481941223,0.8138055801391602,0.692956805229187,,,,,,,
451,90399,0.9419913291931152,0.44352877140045166,0.8450193405151367,0.6931135654449463,,,,,,,
451,90399,,,,,0.6759949922561646,0.5023393630981445,0.9248853325843811,0.9365251660346985,0.4598046839237213,0.8232855200767517,0.6931300163269043
452,90499,0.8652849197387695,0.4161360263824463,0.7956892251968384,0.6930806040763855,,,,,,,
452,90599,1.03376042842865,0.5055502653121948,0.8747697472572327,0.6931192278862,,,,,,,
452,90599,,,,,0.6749114990234375,0.5035359263420105,0.9542221426963806,0.9315445423126221,0.4580879211425781,0.8200132846832275,0.6931134462356567
453,90699,1.0181227922439575,0.49957817792892456,0.8650639653205872,0.6930387020111084,,,,,,,
453,90799,0.9919412136077881,0.49544763565063477,0.8430585861206055,0.6931300759315491,,,,,,,
453,90799,,,,,0.6747444868087769,0.5040136575698853,0.9457951784133911,0.9302194714546204,0.4579318165779114,0.8188396096229553,0.6931034326553345
454,90899,0.9223587512969971,0.45268261432647705,0.8162391185760498,0.6931259632110596,,,,,,,
454,90999,0.8555247187614441,0.4274771809577942,0.7746090292930603,0.6931229829788208,,,,,,,
454,90999,,,,,0.6751543879508972,0.5026008486747742,0.9314752817153931,0.9394196271896362,0.458657830953598,0.8273248076438904,0.6931259632110596
455,91099,1.1050503253936768,0.5552283525466919,0.896359384059906,0.6930747032165527,,,,,,,
455,91199,0.8869041800498962,0.4303283095359802,0.803106963634491,0.6930621862411499,,,,,,,
455,91199,,,,,0.6757953763008118,0.5061279535293579,0.9473810195922852,0.9374951720237732,0.4597404897212982,0.8242841958999634,0.6930593252182007
456,91299,0.9987761974334717,0.4744234085083008,0.8708875775337219,0.6930694580078125,,,,,,,
456,91399,0.9131720066070557,0.4503060579299927,0.8094291687011719,0.6931264400482178,,,,,,,
456,91399,,,,,0.6750841736793518,0.5033777356147766,0.9302844405174255,0.9241735935211182,0.4583142399787903,0.8124159574508667,0.6931132674217224
457,91499,1.019447684288025,0.49571937322616577,0.8702985048294067,0.6931402683258057,,,,,,,
457,91599,0.9120779633522034,0.4457187056541443,0.8129087686538696,0.6930989027023315,,,,,,,
457,91599,,,,,0.6749786734580994,0.5053511261940002,0.9245152473449707,0.9343035221099854,0.45791497826576233,0.822928249835968,0.6930791139602661
458,91699,1.0445442199707031,0.5040671825408936,0.8869817852973938,0.6930093169212341,,,,,,,
458,91799,0.9282073378562927,0.46115243434906006,0.8136045932769775,0.6930993795394897,,,,,,,
458,91799,,,,,0.6773419976234436,0.502541184425354,0.9472832083702087,0.9394969344139099,0.46195849776268005,0.8241013884544373,0.6931260228157043
459,91899,0.9502567648887634,0.4551026225090027,0.8417173624038696,0.6931263208389282,,,,,,,
459,91999,0.8324458003044128,0.4038660526275635,0.7751427292823792,0.69312584400177,,,,,,,
459,91999,,,,,0.6745684742927551,0.501809298992157,0.9460086226463318,0.9325323700904846,0.4577724039554596,0.8213281035423279,0.6931361556053162
460,92099,0.8772194385528564,0.43718093633651733,0.7866032123565674,0.6931295394897461,,,,,,,
460,92199,0.9290401339530945,0.46542221307754517,0.810145378112793,0.6930547952651978,,,,,,,
460,92199,,,,,0.6768759489059448,0.5070932507514954,0.9539452791213989,0.9493595361709595,0.4610322117805481,0.8348390460014343,0.6930235624313354
461,92299,0.8807381391525269,0.42487382888793945,0.8024195432662964,0.6931105256080627,,,,,,,
461,92399,0.8950278162956238,0.44150662422180176,0.8000683188438416,0.6930943727493286,,,,,,,
461,92399,,,,,0.6738377213478088,0.5025659203529358,0.9395244717597961,0.9368186593055725,0.4570404887199402,0.8263411521911621,0.69312584400177
462,92499,1.0257246494293213,0.4961727261543274,0.8761191964149475,0.6931344270706177,,,,,,,
462,92599,0.9732710719108582,0.4925852417945862,0.827113687992096,0.692855715751648,,,,,,,
462,92599,,,,,0.6760954856872559,0.5122364163398743,0.9547738432884216,0.9377596378326416,0.45983561873435974,0.8243411183357239,0.6928340196609497
463,92699,0.904764711856842,0.4190995395183563,0.8322044014930725,0.6930783987045288,,,,,,,
463,92799,0.9508578777313232,0.476129412651062,0.8212552666664124,0.693053662776947,,,,,,,
463,92799,,,,,0.6753485798835754,0.5087584257125854,0.9487261176109314,0.9361191987991333,0.4590207636356354,0.8235881924629211,0.6929794549942017
464,92899,0.9050878286361694,0.4167030155658722,0.8349122405052185,0.6930549144744873,,,,,,,
464,92999,0.973854124546051,0.47451087832450867,0.8458273410797119,0.6929682493209839,,,,,,,
464,92999,,,,,0.6750563979148865,0.5076882839202881,0.955229640007019,0.9435327053070068,0.4585569500923157,0.8314836025238037,0.6930155158042908
465,93099,0.9252288341522217,0.4452912211418152,0.8264942765235901,0.6931133270263672,,,,,,,
465,93199,1.0300688743591309,0.5133875012397766,0.863244354724884,0.6931259632110596,,,,,,,
465,93199,,,,,0.6758331060409546,0.5029615759849548,0.9496110677719116,0.9421595335006714,0.45960837602615356,0.8291108012199402,0.6931189894676208
466,93299,1.0291833877563477,0.5088809728622437,0.8668625950813293,0.6931203603744507,,,,,,,
466,93399,0.9323793053627014,0.4695631265640259,0.8093810677528381,0.6931298971176147,,,,,,,
466,93399,,,,,0.6745010614395142,0.5019811391830444,0.9293332099914551,0.9308642148971558,0.4575853943824768,0.8198465704917908,0.6931352019309998
467,93499,0.98137366771698,0.47557583451271057,0.8523672819137573,0.6931387782096863,,,,,,,
467,93599,0.9676519632339478,0.48370617628097534,0.8305070400238037,0.6931226849555969,,,,,,,
467,93599,,,,,0.6756941080093384,0.5025526285171509,0.9322619438171387,0.9308324456214905,0.45948392152786255,0.8179118037223816,0.6931270360946655
468,93699,0.9947273135185242,0.49183690547943115,0.8494594097137451,0.6931380033493042,,,,,,,
468,93799,0.9737914800643921,0.49604350328445435,0.8242905139923096,0.6930849552154541,,,,,,,
468,93799,,,,,0.6746386289596558,0.5049530863761902,0.9454111456871033,0.9287679195404053,0.4579758048057556,0.817333996295929,0.6930835843086243
469,93899,0.894120454788208,0.4434496760368347,0.7972148656845093,0.6930881142616272,,,,,,,
469,93999,0.9054453372955322,0.44286224246025085,0.8091431856155396,0.6931203007698059,,,,,,,
469,93999,,,,,0.6753596663475037,0.5046504735946655,0.9299768805503845,0.92939293384552,0.4591060280799866,0.8168325424194336,0.6930917501449585
470,94099,0.8777532577514648,0.4209950864315033,0.8032935261726379,0.693070650100708,,,,,,,
470,94199,0.8046963810920715,0.38489848375320435,0.7663613557815552,0.6931270360946655,,,,,,,
470,94199,,,,,0.674468994140625,0.5019771456718445,0.9416285157203674,0.9307481646537781,0.45748573541641235,0.8198298215866089,0.693135142326355
471,94299,0.9486864805221558,0.4724070727825165,0.8228272199630737,0.6930957436561584,,,,,,,
471,94399,0.9802327156066895,0.49134159088134766,0.8354291319847107,0.6930761337280273,,,,,,,
471,94399,,,,,0.674802303314209,0.505040168762207,0.9509665369987488,0.9229941368103027,0.4584062993526459,0.8111295700073242,0.693083643913269
472,94499,1.013045310974121,0.5052067637443542,0.8543994426727295,0.6931219100952148,,,,,,,
472,94599,0.9115298390388489,0.4517275393009186,0.8063516020774841,0.6930986642837524,,,,,,,
472,94599,,,,,0.674135684967041,0.5027276277542114,0.9602916240692139,0.9247154593467712,0.4573894739151001,0.8138883113861084,0.6931248903274536
473,94699,0.8013554811477661,0.3956603407859802,0.7521771788597107,0.6929640173912048,,,,,,,
473,94799,0.8867539167404175,0.4295785427093506,0.8037426471710205,0.6931345462799072,,,,,,,
473,94799,,,,,0.6747930645942688,0.5025995969772339,0.9256768226623535,0.9200024604797363,0.4581001102924347,0.8084660768508911,0.6931273341178894
474,94899,0.9151806831359863,0.44828444719314575,0.8134580850601196,0.6931238770484924,,,,,,,
474,94999,0.8638158440589905,0.4201919436454773,0.7901198267936707,0.6929918527603149,,,,,,,
474,94999,,,,,0.6742749214172363,0.5066180229187012,0.9263243079185486,0.9317521452903748,0.4577782154083252,0.8204915523529053,0.6930354237556458
475,95099,0.9016216397285461,0.44484657049179077,0.8033388257026672,0.6931275129318237,,,,,,,
475,95199,0.9718933701515198,0.4881500005722046,0.8303079605102539,0.6931291818618774,,,,,,,
475,95199,,,,,0.674418032169342,0.5026199221611023,0.9484764337539673,0.9262638688087463,0.4581429362297058,0.8146834373474121,0.6931252479553223
476,95299,0.8599697351455688,0.4141838252544403,0.7923519015312195,0.6931318640708923,,,,,,,
476,95399,0.8581880927085876,0.4426097273826599,0.7621471285820007,0.693137526512146,,,,,,,
476,95399,,,,,0.67463219165802,0.501764178276062,0.9587832689285278,0.9312883019447327,0.45803898572921753,0.8198177814483643,0.6931370496749878
477,95499,0.9698958396911621,0.4765929877758026,0.8398527503013611,0.6930996775627136,,,,,,,
477,95599,1.0367313623428345,0.50379478931427,0.8795028328895569,0.6931326985359192,,,,,,,
477,95599,,,,,0.6759320497512817,0.5028027296066284,0.9229365587234497,0.9328253865242004,0.45993122458457947,0.8194559812545776,0.6931239366531372
478,95699,0.9817109107971191,0.49138912558555603,0.836802065372467,0.6929605603218079,,,,,,,
478,95799,0.8272165060043335,0.4072935879230499,0.7664566040039062,0.6930673122406006,,,,,,,
478,95799,,,,,0.6743161678314209,0.5037862062454224,0.9456773996353149,0.921543538570404,0.45785677433013916,0.8102380037307739,0.6931024193763733
479,95899,0.8966382741928101,0.42507922649383545,0.818124532699585,0.6931309103965759,,,,,,,
479,95999,1.0020354986190796,0.4858405888080597,0.8627358675003052,0.6930819153785706,,,,,,,
479,95999,,,,,0.6743035912513733,0.5030652284622192,0.9595888257026672,0.924019455909729,0.457233726978302,0.813345193862915,0.693118691444397
480,96099,0.9729861617088318,0.47211360931396484,0.8474247455596924,0.6931043863296509,,,,,,,
480,96199,0.8932753801345825,0.43142157793045044,0.8083698749542236,0.6930320262908936,,,,,,,
480,96199,,,,,0.6737311482429504,0.505043625831604,0.9220964312553406,0.9285375475883484,0.457046240568161,0.8180351257324219,0.6930878758430481
481,96299,0.9257627129554749,0.467109352350235,0.8052020072937012,0.6930972337722778,,,,,,,
481,96399,0.8465495109558105,0.40548866987228394,0.7876246571540833,0.6931275725364685,,,,,,,
481,96399,,,,,0.6745089292526245,0.5021833777427673,0.9357290267944336,0.9251959919929504,0.4579956531524658,0.8137664198875427,0.6931324005126953
482,96499,0.8538269996643066,0.409612238407135,0.7907845377922058,0.6931395530700684,,,,,,,
482,96599,0.8823766708374023,0.4341265559196472,0.7948070168495178,0.6931137442588806,,,,,,,
482,96599,,,,,0.6735256314277649,0.5023450255393982,0.9433530569076538,0.9186495542526245,0.45646244287490845,0.8087524771690369,0.6931302547454834
483,96699,1.0943893194198608,0.5594305992126465,0.8815276026725769,0.6931378841400146,,,,,,,
483,96799,1.011664628982544,0.5010302066802979,0.8571297526359558,0.6929908990859985,,,,,,,
483,96799,,,,,0.6748139262199402,0.5068007111549377,0.9533538818359375,0.9214543104171753,0.4583756625652313,0.8095963001251221,0.6930353045463562
484,96899,0.9927560687065125,0.4975854754447937,0.8417345881462097,0.6931279897689819,,,,,,,
484,96999,0.9194566011428833,0.45123881101608276,0.8147030472755432,0.6929705142974854,,,,,,,
484,96999,,,,,0.6763368844985962,0.5090652704238892,0.9544118046760559,0.933128297328949,0.46072715520858765,0.8188859820365906,0.6929696202278137
485,97099,0.9505008459091187,0.47620946168899536,0.8208471536636353,0.6931116580963135,,,,,,,
485,97199,0.8675504922866821,0.42628130316734314,0.7877964377403259,0.6930543780326843,,,,,,,
485,97199,,,,,0.6745414137840271,0.5058964490890503,0.9487608075141907,0.9339495897293091,0.45794495940208435,0.822534441947937,0.6930592656135559
486,97299,0.9500952363014221,0.4832678437232971,0.81339430809021,0.6931337118148804,,,,,,,
486,97399,0.7836264371871948,0.38667744398117065,0.7434744238853455,0.6930509209632874,,,,,,,
486,97399,,,,,0.674307107925415,0.5089133381843567,0.9503099918365479,0.9234874844551086,0.457354873418808,0.8126218914985657,0.6929787993431091
487,97499,0.9806705713272095,0.4953504800796509,0.8318811058998108,0.693122148513794,,,,,,,
487,97599,0.9817431569099426,0.4806540906429291,0.8475701808929443,0.6929622888565063,,,,,,,
487,97599,,,,,0.6746078133583069,0.5073131918907166,0.9537177085876465,0.9306531548500061,0.45778223872184753,0.8193835020065308,0.6930252909660339
488,97699,0.9495844841003418,0.4697112441062927,0.8264014720916748,0.693056583404541,,,,,,,
488,97799,0.9656893014907837,0.47104430198669434,0.8412043452262878,0.6931187510490417,,,,,,,
488,97799,,,,,0.6758935451507568,0.5019185543060303,0.9398879408836365,0.927731990814209,0.4597691297531128,0.8145305514335632,0.6931354403495789
489,97899,0.8614755868911743,0.42544320225715637,0.7825832962989807,0.6931018829345703,,,,,,,
489,97999,0.922885000705719,0.45212507247924805,0.8173243403434753,0.6931289434432983,,,,,,,
489,97999,,,,,0.6749716997146606,0.503681480884552,0.9253172278404236,0.9330901503562927,0.4585922360420227,0.8210545182228088,0.6931136250495911
490,98099,0.8389527797698975,0.4229203164577484,0.7626017332077026,0.693138599395752,,,,,,,
490,98199,0.9458491802215576,0.47197476029396057,0.8204367160797119,0.6931244730949402,,,,,,,
490,98199,,,,,0.6736063957214355,0.5028334259986877,0.9403528571128845,0.9190851449966431,0.45681390166282654,0.8088329434394836,0.6931233406066895
491,98299,0.9563854932785034,0.4437066912651062,0.8592402338981628,0.6931228637695312,,,,,,,
491,98399,0.8809148669242859,0.42988860607147217,0.7975401282310486,0.6930276155471802,,,,,,,
491,98399,,,,,0.6748911738395691,0.5049002766609192,0.9260868430137634,0.9299595355987549,0.4584779739379883,0.8180258870124817,0.6930885910987854
492,98499,0.8541140556335449,0.4241098165512085,0.7765156626701355,0.6930227279663086,,,,,,,
492,98599,0.9156692624092102,0.4536598324775696,0.80856853723526,0.6931182146072388,,,,,,,
492,98599,,,,,0.674728274345398,0.5038856267929077,0.9421987533569336,0.9212122559547424,0.4580749571323395,0.8096882700920105,0.6931019425392151
493,98699,0.8480769395828247,0.42452073097229004,0.7701219916343689,0.693131685256958,,,,,,,
493,98799,0.7996859550476074,0.37385475635528564,0.772389829158783,0.6931171417236328,,,,,,,
493,98799,,,,,0.6746377348899841,0.5022884011268616,0.9392009377479553,0.9205507040023804,0.45831534266471863,0.808801531791687,0.6931320428848267
494,98899,0.804373025894165,0.39476022124290466,0.7561781406402588,0.6931307911872864,,,,,,,
494,98999,0.9787836074829102,0.49721425771713257,0.8281180262565613,0.6930973529815674,,,,,,,
494,98999,,,,,0.6737478971481323,0.5038778781890869,0.945294976234436,0.9226776361465454,0.4569071829319,0.8123230338096619,0.6931051015853882
495,99099,0.978729248046875,0.46376633644104004,0.8615292310714722,0.6931326389312744,,,,,,,
495,99199,0.9235531687736511,0.46377357840538025,0.806347131729126,0.693135142326355,,,,,,,
495,99199,,,,,0.6748862266540527,0.5016320943832397,0.9215753674507141,0.9281877279281616,0.4584749937057495,0.8162819147109985,0.6931384205818176
496,99299,0.838715136051178,0.39226073026657104,0.7929399013519287,0.6929711103439331,,,,,,,
496,99399,0.9681981801986694,0.5067734718322754,0.8079922199249268,0.6931350231170654,,,,,,,
496,99399,,,,,0.6737451553344727,0.502508282661438,0.9488503336906433,0.9250656962394714,0.45707184076309204,0.8145579695701599,0.6931284666061401
497,99499,0.9738943576812744,0.47288984060287476,0.8475723266601562,0.6931357383728027,,,,,,,
497,99599,0.9508614540100098,0.4696032404899597,0.8277530670166016,0.6929898262023926,,,,,,,
497,99599,,,,,0.6736270189285278,0.5110781192779541,0.9525204300880432,0.925435483455658,0.4567300081253052,0.8151471614837646,0.692883312702179
498,99699,1.0468074083328247,0.5144369602203369,0.8789314031600952,0.6931219100952148,,,,,,,
498,99799,0.9563961029052734,0.4651225209236145,0.8378222584724426,0.6930973529815674,,,,,,,
498,99799,,,,,0.6740273833274841,0.5039089322090149,0.9549769759178162,0.9278395771980286,0.4575865864753723,0.8168034553527832,0.6931009292602539
499,99899,0.9773443341255188,0.5047032833099365,0.8192024230957031,0.6931227445602417,,,,,,,
499,99999,1.0027700662612915,0.4928249716758728,0.8565027713775635,0.6931155323982239,,,,,,,
499,99999,,,,,0.6745784282684326,0.5037491321563721,0.9322589039802551,0.9220244288444519,0.4577958583831787,0.8107831478118896,0.6931093335151672
500,100099,0.9352113008499146,0.47513696551322937,0.8066419959068298,0.6931352019309998,,,,,,,
500,100199,0.8380951285362244,0.39619314670562744,0.7884698510169983,0.6931358575820923,,,,,,,
500,100199,,,,,0.6732783317565918,0.5020593404769897,0.9285504221916199,0.9214841723442078,0.45610371232032776,0.8119469285011292,0.6931331753730774
501,100299,0.8907883763313293,0.4298122525215149,0.807522714138031,0.6930931806564331,,,,,,,
501,100399,0.8557093143463135,0.4084379971027374,0.7938135862350464,0.6930844783782959,,,,,,,
501,100399,,,,,0.673107385635376,0.5035619139671326,0.9235057830810547,0.9196027517318726,0.45591768622398376,0.8102407455444336,0.6931113004684448
502,100499,0.7853966951370239,0.3763902187347412,0.7555123567581177,0.6930117011070251,,,,,,,
502,100599,0.9414553046226501,0.47365492582321167,0.8143513202667236,0.6931020021438599,,,,,,,
502,100599,,,,,0.6736889481544495,0.5041511058807373,0.941013514995575,0.9250090718269348,0.4567350149154663,0.8148254156112671,0.6931027770042419
503,100699,0.9633923768997192,0.46906670928001404,0.8408933877944946,0.6931354999542236,,,,,,,
503,100799,0.9545292854309082,0.4886293411254883,0.8124679327011108,0.6931359767913818,,,,,,,
503,100799,,,,,0.6742124557495117,0.501893937587738,0.9412685036659241,0.9251676797866821,0.45710813999176025,0.814627468585968,0.6931362748146057
504,100899,1.0147805213928223,0.5064486861228943,0.8548390865325928,0.6930145025253296,,,,,,,
504,100999,0.9073032736778259,0.45702075958251953,0.7968452572822571,0.6931253671646118,,,,,,,
504,100999,,,,,0.6734883785247803,0.502367377281189,0.929812490940094,0.917592465877533,0.4562826156616211,0.8078747987747192,0.6931294202804565
505,101099,1.0395081043243408,0.5014854669570923,0.8844882249832153,0.6929312348365784,,,,,,,
505,101199,0.9752053022384644,0.48699140548706055,0.8347760438919067,0.6931242942810059,,,,,,,
505,101199,,,,,0.674978494644165,0.5023404955863953,0.9448233246803284,0.927392303943634,0.45802101492881775,0.8159360289573669,0.6931295990943909
506,101299,0.956601619720459,0.45865485072135925,0.8445065021514893,0.693119466304779,,,,,,,
506,101399,0.88554847240448,0.43112775683403015,0.8009883165359497,0.6931352615356445,,,,,,,
506,101399,,,,,0.6736500859260559,0.5016801357269287,0.9326615333557129,0.9232933521270752,0.4565173089504242,0.8133451342582703,0.6931383609771729
507,101499,1.0253547430038452,0.4875253736972809,0.8843934535980225,0.6931281089782715,,,,,,,
507,101599,0.8650654554367065,0.42307645082473755,0.7885503768920898,0.6931226253509521,,,,,,,
507,101599,,,,,0.6742751598358154,0.5043913722038269,0.925448477268219,0.921176552772522,0.4572204351425171,0.810505747795105,0.6930994391441345
508,101699,0.9162738919258118,0.4584578275680542,0.8043772578239441,0.6931222677230835,,,,,,,
508,101799,0.9217523336410522,0.47284841537475586,0.7954668998718262,0.6931259036064148,,,,,,,
508,101799,,,,,0.6740474104881287,0.5024923086166382,0.9213058352470398,0.9199625849723816,0.45728665590286255,0.8092401027679443,0.6931287050247192
509,101899,0.944250226020813,0.4743518829345703,0.8164597749710083,0.6931228041648865,,,,,,,
509,101999,0.86589515209198,0.4279157519340515,0.7843478322029114,0.6927369236946106,,,,,,,
509,101999,,,,,0.6729655265808105,0.5135204195976257,0.95067298412323,0.9182908535003662,0.4554957151412964,0.8091755509376526,0.6927610039710999
510,102099,0.8654500246047974,0.4324881434440613,0.7794935703277588,0.6930635571479797,,,,,,,
510,102199,0.9152824878692627,0.45595473051071167,0.8058825731277466,0.6931095719337463,,,,,,,
510,102199,,,,,0.6739012598991394,0.5053334832191467,0.9532696604728699,0.929832935333252,0.45682933926582336,0.819542407989502,0.6930775046348572
511,102299,0.975843071937561,0.4479762315750122,0.8744078874588013,0.6930820941925049,,,,,,,
511,102399,0.8887054324150085,0.4418494701385498,0.7934178113937378,0.6931236982345581,,,,,,,
511,102399,,,,,0.6743181943893433,0.5043079853057861,0.9528940320014954,0.9216049313545227,0.4575081765651703,0.8106464147567749,0.6930997967720032
512,102499,0.896345853805542,0.44308146834373474,0.7998138070106506,0.693098783493042,,,,,,,
512,102599,0.8591609001159668,0.43587374687194824,0.7698504328727722,0.6931266784667969,,,,,,,
512,102599,,,,,0.6737029552459717,0.5024855732917786,0.9508541226387024,0.9312540888786316,0.4570077955722809,0.8208104372024536,0.6931281685829163
513,102699,0.8917244076728821,0.44054943323135376,0.7977309226989746,0.693111777305603,,,,,,,
513,102799,0.8672398328781128,0.42907601594924927,0.7847263813018799,0.6931250095367432,,,,,,,
513,102799,,,,,0.6744343638420105,0.5033148527145386,0.9363377094268799,0.9184197187423706,0.45750290155410767,0.807475209236145,0.6931167244911194
514,102899,0.9873427152633667,0.4993416666984558,0.8345540165901184,0.6931058764457703,,,,,,,
514,102999,1.0196501016616821,0.5184823274612427,0.8476833701133728,0.6930311322212219,,,,,,,
514,102999,,,,,0.6732296943664551,0.5050122737884521,0.9534669518470764,0.9186363816261292,0.45618191361427307,0.8089956045150757,0.6930825710296631
515,103099,1.000812292098999,0.49478578567504883,0.8525904417037964,0.6931279897689819,,,,,,,
515,103199,0.951897382736206,0.4674442410469055,0.8310184478759766,0.6931305527687073,,,,,,,
515,103199,,,,,0.672994077205658,0.5021811723709106,0.9614101052284241,0.9187119007110596,0.4558973014354706,0.8093812465667725,0.6931333541870117
516,103299,0.8136419057846069,0.4148184061050415,0.745389997959137,0.6931331157684326,,,,,,,
516,103399,1.0977351665496826,0.5464754700660706,0.8978257775306702,0.6931322813034058,,,,,,,
516,103399,,,,,0.6733694672584534,0.502312958240509,0.9343968629837036,0.9181917905807495,0.45643991231918335,0.8083177208900452,0.6931315064430237
517,103499,0.9398334622383118,0.47245731949806213,0.8139047622680664,0.6930571794509888,,,,,,,
517,103599,0.7589585781097412,0.3896307945251465,0.7158932089805603,0.6931309103965759,,,,,,,
517,103599,,,,,0.6732736825942993,0.5021054148674011,0.9462400078773499,0.9191739559173584,0.45616844296455383,0.8095717430114746,0.693132758140564
518,103699,0.9580678343772888,0.4664623439311981,0.8381580710411072,0.6931051015853882,,,,,,,
518,103799,0.8998169302940369,0.4670450985431671,0.7792707085609436,0.6929978132247925,,,,,,,
518,103799,,,,,0.6737197637557983,0.508597195148468,0.9282429218292236,0.9225288033485413,0.4568915069103241,0.8121309876441956,0.6929871439933777
519,103899,1.0383599996566772,0.5180464386940002,0.8668829202651978,0.693138837814331,,,,,,,
519,103999,0.9915603995323181,0.4856138527393341,0.8524898886680603,0.6930867433547974,,,,,,,
519,103999,,,,,0.6730654835700989,0.5068102478981018,0.9200053811073303,0.9164161086082458,0.45603495836257935,0.8068983554840088,0.6930343508720398
520,104099,1.0008598566055298,0.501622200012207,0.8456080555915833,0.6927406191825867,,,,,,,
520,104199,0.9343595504760742,0.45703190565109253,0.8237960338592529,0.6929368376731873,,,,,,,
520,104199,,,,,0.6739932894706726,0.509928286075592,0.9260461330413818,0.9140645861625671,0.4567115604877472,0.8038201928138733,0.6929343342781067
521,104299,0.9999374747276306,0.49012303352355957,0.8563606142997742,0.6930924654006958,,,,,,,
521,104399,0.9605419039726257,0.47237032651901245,0.8347378373146057,0.6931325197219849,,,,,,,
521,104399,,,,,0.6740410923957825,0.5021475553512573,0.9371408224105835,0.9213921427726746,0.4572483003139496,0.8107103109359741,0.6931329965591431
522,104499,0.9666730761528015,0.47947266697883606,0.8337409496307373,0.6930810213088989,,,,,,,
522,104599,0.8870154619216919,0.4371512532234192,0.7963816523551941,0.6930348873138428,,,,,,,
522,104599,,,,,0.6729872822761536,0.5058570504188538,0.924595057964325,0.9124476909637451,0.45591530203819275,0.8030645847320557,0.6930645108222961
523,104699,1.0005712509155273,0.5062119960784912,0.8408963084220886,0.6930743455886841,,,,,,,
523,104799,0.900962233543396,0.43684184551239014,0.8106805086135864,0.6931202411651611,,,,,,,
523,104799,,,,,0.6728162169456482,0.5031184554100037,0.9476776123046875,0.9091370701789856,0.4554206132888794,0.8002755641937256,0.6931183934211731
524,104899,0.8923110961914062,0.44453543424606323,0.794326901435852,0.6931023001670837,,,,,,,
524,104999,1.0243544578552246,0.5056133270263672,0.8652951121330261,0.6931080222129822,,,,,,,
524,104999,,,,,0.6742417812347412,0.503317654132843,0.9564929008483887,0.921034038066864,0.4574388265609741,0.8101532459259033,0.6931160688400269
525,105099,0.9083488583564758,0.451919823884964,0.8029823303222656,0.6931065320968628,,,,,,,
525,105199,0.8794980645179749,0.4166729748249054,0.8093906044960022,0.6931310892105103,,,,,,,
525,105199,,,,,0.6733086109161377,0.5022136569023132,0.9462578892707825,0.9156660437583923,0.4559253752231598,0.8063065409660339,0.6931318640708923
526,105299,0.921557605266571,0.44364792108535767,0.8244777321815491,0.6931360960006714,,,,,,,
526,105399,0.9091557264328003,0.44453948736190796,0.8111851215362549,0.6931378841400146,,,,,,,
526,105399,,,,,0.6736829876899719,0.5029506087303162,0.9461676478385925,0.9192619323730469,0.45677849650382996,0.8090446591377258,0.6931222677230835
527,105499,0.8473654389381409,0.4159003794193268,0.7779595255851746,0.6929889917373657,,,,,,,
527,105599,0.8254236578941345,0.4116223454475403,0.7603645324707031,0.6931263208389282,,,,,,,
527,105599,,,,,0.6735073924064636,0.5048791170120239,0.954193115234375,0.9173318147659302,0.4562233090400696,0.8076545000076294,0.6930919885635376
528,105699,0.9343360662460327,0.46740901470184326,0.8134669065475464,0.6930797100067139,,,,,,,
528,105799,0.9365608096122742,0.48299217224121094,0.8001312613487244,0.6931253671646118,,,,,,,
528,105799,,,,,0.673957347869873,0.5020196437835693,0.9381639957427979,0.9233109951019287,0.45706039667129517,0.8128174543380737,0.693134069442749
529,105899,0.9829707145690918,0.48760369420051575,0.8418659567832947,0.6929979920387268,,,,,,,
529,105999,0.8957247138023376,0.45595458149909973,0.7863364219665527,0.6931325197219849,,,,,,,
529,105999,,,,,0.6739541292190552,0.5030032992362976,0.9393929243087769,0.9199501276016235,0.45680028200149536,0.8097109198570251,0.6931223273277283
530,106099,0.9024452567100525,0.44940185546875,0.7996079921722412,0.6931291818618774,,,,,,,
530,106199,0.9249855875968933,0.4438003897666931,0.8277343511581421,0.6930981874465942,,,,,,,
530,106199,,,,,0.6741572022438049,0.5056074261665344,0.955451250076294,0.9220531582832336,0.45725172758102417,0.8113395571708679,0.6930761337280273
531,106299,0.9766050577163696,0.4888453781604767,0.8343235850334167,0.6931278705596924,,,,,,,
531,106399,0.9023143649101257,0.4488759934902191,0.8000041246414185,0.6931315660476685,,,,,,,
531,106399,,,,,0.6729934215545654,0.5019465088844299,0.9358454346656799,0.9224441051483154,0.45579618215560913,0.8132153749465942,0.6931350231170654
532,106499,0.9729797840118408,0.4934980869293213,0.8260486125946045,0.6931338310241699,,,,,,,
532,106599,1.018538236618042,0.5143200159072876,0.8507190346717834,0.6930018663406372,,,,,,,
532,106599,,,,,0.6732937097549438,0.5087928175926208,0.9524713158607483,0.9164764285087585,0.45615825057029724,0.8068065643310547,0.6929767727851868
533,106699,0.8809959292411804,0.438188374042511,0.7893674969673157,0.6931198835372925,,,,,,,
533,106799,0.9210004806518555,0.46487540006637573,0.8026793003082275,0.6931084990501404,,,,,,,
533,106799,,,,,0.6734508872032166,0.501555323600769,0.9271823167800903,0.9128216505050659,0.45641982555389404,0.802971363067627,0.6931390762329102
534,106899,0.8271169066429138,0.408582866191864,0.7650659084320068,0.6930638551712036,,,,,,,
534,106999,0.9515108466148376,0.46520131826400757,0.8328295946121216,0.6930400133132935,,,,,,,
534,106999,,,,,0.6727634072303772,0.5056799054145813,0.9547927975654602,0.9167747497558594,0.4552794396877289,0.808030903339386,0.6930711269378662
535,107099,0.8156379461288452,0.39710575342178345,0.76509028673172,0.6931161880493164,,,,,,,
535,107199,0.812512218952179,0.41052672266960144,0.7485539317131042,0.6931368112564087,,,,,,,
535,107199,,,,,0.6735876202583313,0.5019882917404175,0.9288935661315918,0.9149628281593323,0.455968976020813,0.8055616617202759,0.6931354999542236
536,107299,0.9629772901535034,0.49728620052337646,0.8122615814208984,0.693140983581543,,,,,,,
536,107399,1.0858675241470337,0.5536676049232483,0.8787689208984375,0.6931378245353699,,,,,,,
536,107399,,,,,0.6734884977340698,0.5024793148040771,0.9479031562805176,0.9158538579940796,0.4563249945640564,0.8060943484306335,0.6931312084197998
537,107499,0.9440417289733887,0.4837084412574768,0.8068960309028625,0.6931254863739014,,,,,,,
537,107599,1.0035433769226074,0.4864431917667389,0.8636682033538818,0.6931360960006714,,,,,,,
537,107599,,,,,0.6735914349555969,0.5025213360786438,0.9510674476623535,0.9193674325942993,0.45680180191993713,0.8091303110122681,0.6931293606758118
538,107699,0.9774960279464722,0.4941842257976532,0.8298762440681458,0.693128764629364,,,,,,,
538,107799,1.0546917915344238,0.5207831859588623,0.8803895115852356,0.6929616928100586,,,,,,,
538,107799,,,,,0.6717724204063416,0.5100432634353638,0.9547025561332703,0.910282552242279,0.4542478919029236,0.8025007247924805,0.6929320096969604
539,107899,0.8747300505638123,0.4273204505443573,0.7939712405204773,0.6931232213973999,,,,,,,
539,107999,0.9945203065872192,0.5018767714500427,0.8392091989517212,0.6931312084197998,,,,,,,
539,107999,,,,,0.6730211973190308,0.5021934509277344,0.9377716779708862,0.9120096564292908,0.45568132400512695,0.8028940558433533,0.6931317448616028
540,108099,0.9209822416305542,0.4569149911403656,0.81056147813797,0.692988395690918,,,,,,,
540,108199,0.8082765340805054,0.40463751554489136,0.7502084374427795,0.693138837814331,,,,,,,
540,108199,,,,,0.6721619367599487,0.501963198184967,0.9230212569236755,0.9104070067405701,0.4545396864414215,0.8024345636367798,0.6931346654891968
541,108299,0.9513794183731079,0.4826430082321167,0.815291166305542,0.6931095719337463,,,,,,,
541,108399,0.9578829407691956,0.465216726064682,0.8392260074615479,0.6931196451187134,,,,,,,
541,108399,,,,,0.6723894476890564,0.5025542974472046,0.9364222884178162,0.9136888980865479,0.4545098543167114,0.8057425022125244,0.6931273341178894
542,108499,0.9731915593147278,0.4936968684196472,0.8260087370872498,0.6930280923843384,,,,,,,
542,108599,0.8961649537086487,0.45563721656799316,0.7870875597000122,0.6931196451187134,,,,,,,
542,108599,,,,,0.6739521622657776,0.5031654834747314,0.9320441484451294,0.9102327823638916,0.456655889749527,0.8001357316970825,0.6931178569793701
543,108699,0.9663242697715759,0.4887101650238037,0.8241073489189148,0.6929866075515747,,,,,,,
543,108799,0.959213376045227,0.49292075634002686,0.8128092288970947,0.6930332779884338,,,,,,,
543,108799,,,,,0.6732037663459778,0.504733681678772,0.9270351529121399,0.9186739325523376,0.4559977948665619,0.8092246055603027,0.6930965185165405
544,108899,0.9317929148674011,0.4720074236392975,0.8063338994979858,0.6930967569351196,,,,,,,
544,108999,0.9818325042724609,0.47725728154182434,0.851134181022644,0.6931179165840149,,,,,,,
544,108999,,,,,0.6738947629928589,0.5021420121192932,0.9447255730628967,0.9235432147979736,0.4567640721797943,0.8133454918861389,0.6931328177452087
545,109099,0.8169988393783569,0.4095410704612732,0.7540211081504822,0.6931266784667969,,,,,,,
545,109199,0.9402889013290405,0.4799829125404358,0.8068764805793762,0.693140983581543,,,,,,,
545,109199,,,,,0.673005223274231,0.5018174052238464,0.9424013495445251,0.9139475226402283,0.45598554611206055,0.8045306205749512,0.6931371688842773
546,109299,0.8786118626594543,0.43302518129348755,0.7921549677848816,0.6931365728378296,,,,,,,
546,109399,0.9895226359367371,0.48639577627182007,0.8496952652931213,0.6931368112564087,,,,,,,
546,109399,,,,,0.6738068461418152,0.5018921494483948,0.9377701878547668,0.9136123061180115,0.4569651186466217,0.8032152056694031,0.6931360960006714
547,109499,1.0023525953292847,0.504740834236145,0.8441802859306335,0.6931368708610535,,,,,,,
547,109599,0.8958083391189575,0.4507238268852234,0.7916511297225952,0.6931331753730774,,,,,,,
547,109599,,,,,0.6738101840019226,0.502324104309082,0.9420856237411499,0.9149639010429382,0.4568174481391907,0.8047121167182922,0.6931312680244446
548,109699,1.00735342502594,0.5193080902099609,0.8346098065376282,0.6931288838386536,,,,,,,
548,109799,1.0095255374908447,0.5224266648292542,0.8336220979690552,0.6930466890335083,,,,,,,
548,109799,,,,,0.6725736260414124,0.5067319869995117,0.9297715425491333,0.9209629893302917,0.45539769530296326,0.8120875954627991,0.6930443644523621
549,109899,0.8367096185684204,0.4341736435890198,0.7491025924682617,0.6931331157684326,,,,,,,
549,109999,0.895101010799408,0.428189218044281,0.8134667277336121,0.6931098699569702,,,,,,,
549,109999,,,,,0.6736624240875244,0.5046932101249695,0.9564353227615356,0.916308581829071,0.4569995403289795,0.8058528900146484,0.6930878758430481
550,110099,0.8874032497406006,0.4490604102611542,0.784878671169281,0.6930716037750244,,,,,,,
550,110199,0.946492075920105,0.450450599193573,0.8426072597503662,0.693131685256958,,,,,,,
550,110199,,,,,0.6741517186164856,0.5026083588600159,0.9368352293968201,0.9169763922691345,0.4572110176086426,0.8063296675682068,0.6931286454200745
551,110299,0.8535519242286682,0.4168524742126465,0.7832576036453247,0.693116307258606,,,,,,,
551,110399,0.8589892387390137,0.43068909645080566,0.7748539447784424,0.6931076049804688,,,,,,,
551,110399,,,,,0.6738248467445374,0.5046098232269287,0.9479440450668335,0.9206323027610779,0.4564792811870575,0.8107008337974548,0.6930957436561584
552,110499,0.9123705625534058,0.4336981773376465,0.8251815438270569,0.6930182576179504,,,,,,,
552,110599,0.9269742369651794,0.4699937403202057,0.8035456538200378,0.693130373954773,,,,,,,
552,110599,,,,,0.6722766757011414,0.5039109587669373,0.9291316866874695,0.9046869277954102,0.4546196460723877,0.7966187596321106,0.6931032538414001
553,110699,0.8854804635047913,0.4387061595916748,0.7933102250099182,0.693071722984314,,,,,,,
553,110799,0.9150890111923218,0.4533100426197052,0.8083361387252808,0.6931142807006836,,,,,,,
553,110799,,,,,0.6732798218727112,0.5037110447883606,0.9230671525001526,0.9136144518852234,0.4561043381690979,0.8040665984153748,0.6931129693984985
554,110899,1.0134098529815674,0.5071784257888794,0.852798581123352,0.6931341886520386,,,,,,,
554,110999,0.8574780225753784,0.4153575003147125,0.7886793613433838,0.693117618560791,,,,,,,
554,110999,,,,,0.6745846271514893,0.5023873448371887,0.9454176425933838,0.9176701307296753,0.45800548791885376,0.8062283992767334,0.6931275129318237
555,111099,0.9234722852706909,0.45629292726516724,0.8137370347976685,0.6931154727935791,,,,,,,
555,111199,0.9802296161651611,0.4849392771720886,0.8418341875076294,0.6930875778198242,,,,,,,
555,111199,,,,,0.6747307181358337,0.5048874020576477,0.9501844644546509,0.9227324724197388,0.4575941264629364,0.8116815686225891,0.6930862665176392
556,111299,0.9297242164611816,0.45107999444007874,0.8251771926879883,0.693065881729126,,,,,,,
556,111399,0.8745181560516357,0.4448544979095459,0.7761653661727905,0.6930034160614014,,,,,,,
556,111399,,,,,0.6734205484390259,0.5072368383407593,0.954877495765686,0.918529748916626,0.4566132724285126,0.8084291219711304,0.6930249333381653
557,111499,1.0010194778442383,0.5047404766082764,0.842821478843689,0.6930850148200989,,,,,,,
557,111599,0.9493941068649292,0.48239147663116455,0.8135577440261841,0.6931102275848389,,,,,,,
557,111599,,,,,0.6718021631240845,0.5028226971626282,0.9447267055511475,0.9051192998886108,0.45386621356010437,0.797815203666687,0.6931238174438477
558,111699,1.0007537603378296,0.4998837113380432,0.8473808169364929,0.6930215358734131,,,,,,,
558,111799,0.9757957458496094,0.48084455728530884,0.8415176272392273,0.6931329369544983,,,,,,,
558,111799,,,,,0.6736166477203369,0.5037347078323364,0.9320831298828125,0.9176834225654602,0.45660436153411865,0.8076349496841431,0.6931120157241821
559,111899,0.994965136051178,0.4733874201774597,0.8681461811065674,0.6931370496749878,,,,,,,
559,111999,0.9651294350624084,0.467396080493927,0.8442786931991577,0.6930907964706421,,,,,,,
559,111999,,,,,0.6723858118057251,0.5061453580856323,0.9291273951530457,0.9063993692398071,0.4549647569656372,0.7979633212089539,0.6930575966835022
560,112099,0.905320942401886,0.4610304534435272,0.7908401489257812,0.6930993795394897,,,,,,,
560,112199,0.9370548129081726,0.4601480960845947,0.8234720230102539,0.693130612373352,,,,,,,
560,112199,,,,,0.6722697019577026,0.5025572180747986,0.9366223812103271,0.9111363887786865,0.45482346415519714,0.8028765320777893,0.6931270956993103
561,112299,0.8917006254196167,0.4269690215587616,0.811296820640564,0.6931304931640625,,,,,,,
561,112399,0.9364495277404785,0.4627898037433624,0.8202043175697327,0.6930891871452332,,,,,,,
561,112399,,,,,0.6730627417564392,0.5031575560569763,0.9464519023895264,0.9161210060119629,0.45562008023262024,0.8070594072341919,0.693117082118988
562,112499,0.8589845299720764,0.4320409297943115,0.7734805345535278,0.6930738687515259,,,,,,,
562,112599,0.801568865776062,0.4166525900363922,0.7314022779464722,0.6929720044136047,,,,,,,
562,112599,,,,,0.6731390953063965,0.5056096315383911,0.9541810750961304,0.9089123606681824,0.4557161331176758,0.7997313141822815,0.6930701732635498
563,112699,0.9062156081199646,0.46307867765426636,0.7896995544433594,0.6931253671646118,,,,,,,
563,112799,0.970145583152771,0.48872917890548706,0.8279829025268555,0.6931331157684326,,,,,,,
563,112799,,,,,0.6743040680885315,0.5022462606430054,0.9451883435249329,0.9153371453285217,0.4570997953414917,0.8048027157783508,0.6931307911872864
564,112899,0.985946774482727,0.49724674224853516,0.835261881351471,0.6931235790252686,,,,,,,
564,112999,0.8507380485534668,0.39185839891433716,0.8054328560829163,0.6931064128875732,,,,,,,
564,112999,,,,,0.6738397479057312,0.5035308599472046,0.9307654500007629,0.9134560823440552,0.4568769335746765,0.8031357526779175,0.6931132078170776
565,113099,0.9907132387161255,0.4835163950920105,0.8537383675575256,0.6930831074714661,,,,,,,
565,113199,1.0256528854370117,0.5273681879043579,0.844846785068512,0.6931241750717163,,,,,,,
565,113199,,,,,0.6731113791465759,0.502305269241333,0.951515257358551,0.9063098430633545,0.4556550085544586,0.797219455242157,0.6931294798851013
566,113299,0.9068914651870728,0.44739189743995667,0.8060169219970703,0.6930346488952637,,,,,,,
566,113399,0.9279199838638306,0.447596937417984,0.8268676400184631,0.6930892467498779,,,,,,,
566,113399,,,,,0.6746302843093872,0.5045098066329956,0.9288454651832581,0.9136899709701538,0.45767608284950256,0.8025615215301514,0.6930957436561584
567,113499,0.9762765765190125,0.4997204840183258,0.8230943083763123,0.693076491355896,,,,,,,
567,113599,0.8331074714660645,0.4241781234741211,0.7554897665977478,0.6931209564208984,,,,,,,
567,113599,,,,,0.672754168510437,0.5031585693359375,0.9329490661621094,0.9067071080207825,0.455206960439682,0.798060417175293,0.6931205987930298
568,113699,0.8842834830284119,0.41689562797546387,0.8139314651489258,0.6930872201919556,,,,,,,
568,113799,0.9927775263786316,0.49189692735671997,0.847443699836731,0.6931263208389282,,,,,,,
568,113799,,,,,0.674060046672821,0.5024805068969727,0.9452919363975525,0.9155690670013428,0.4567525088787079,0.8053813576698303,0.6931294202804565
569,113899,0.8793166279792786,0.43929535150527954,0.7865784764289856,0.6931143999099731,,,,,,,
569,113999,0.8812063336372375,0.4449356198310852,0.782835841178894,0.693130373954773,,,,,,,
569,113999,,,,,0.6729602813720703,0.5038906931877136,0.9514397978782654,0.9124882817268372,0.4555855393409729,0.8034570813179016,0.6931085586547852
570,114099,0.9024824500083923,0.45019960403442383,0.7988477349281311,0.6931296586990356,,,,,,,
570,114199,0.7834525108337402,0.40749791264533997,0.7225107550621033,0.693112313747406,,,,,,,
570,114199,,,,,0.6725418567657471,0.5022163987159729,0.9317368865013123,0.9094350934028625,0.4550444185733795,0.800956666469574,0.6931321024894714
571,114299,0.9181077480316162,0.4550083875656128,0.8096456527709961,0.6930925846099854,,,,,,,
571,114399,1.0290148258209229,0.48604243993759155,0.8895354270935059,0.6931260824203491,,,,,,,
571,114399,,,,,0.6736106872558594,0.5016499757766724,0.9411796927452087,0.9111902117729187,0.45647338032722473,0.801285982131958,0.6931383609771729
572,114499,0.8975943922996521,0.4611230790615082,0.7830334901809692,0.6931244134902954,,,,,,,
572,114599,0.9374123215675354,0.4817887544631958,0.8021566867828369,0.6930662393569946,,,,,,,
572,114599,,,,,0.6729971766471863,0.5052452683448792,0.9301248788833618,0.9065249562263489,0.4558430016040802,0.7972210049629211,0.6930781602859497
573,114699,0.8146656155586243,0.4055989980697632,0.7556371092796326,0.6931408643722534,,,,,,,
573,114799,0.839467465877533,0.4277459383010864,0.7582195997238159,0.6929961442947388,,,,,,,
573,114799,,,,,0.6713080406188965,0.5066096782684326,0.9270802140235901,0.90372633934021,0.4534856975078583,0.7967650294303894,0.6930488348007202
574,114899,0.7800041437149048,0.40147101879119873,0.7250633239746094,0.6930604577064514,,,,,,,
574,114999,1.0850355625152588,0.5315965414047241,0.9000012278556824,0.6931242942810059,,,,,,,
574,114999,,,,,0.6713759899139404,0.5016912221908569,0.9366633892059326,0.904503583908081,0.45375028252601624,0.7973225712776184,0.6931384205818176
575,115099,0.9847861528396606,0.5014554858207703,0.8298562169075012,0.6930510401725769,,,,,,,
575,115199,0.9403398036956787,0.4865753948688507,0.8003319501876831,0.6931350827217102,,,,,,,
575,115199,,,,,0.6721036434173584,0.501607358455658,0.9379243850708008,0.9030383825302124,0.4548053741455078,0.7948024272918701,0.6931389570236206
576,115299,0.9922038316726685,0.5115388035774231,0.8272202610969543,0.693110466003418,,,,,,,
576,115399,0.9870661497116089,0.5094905495643616,0.8241209983825684,0.6930906772613525,,,,,,,
576,115399,,,,,0.6733455657958984,0.5044452548027039,0.9314614534378052,0.9119462370872498,0.45590516924858093,0.8025904893875122,0.6930989623069763
577,115499,0.798724353313446,0.4086339771747589,0.7366614937782288,0.693142294883728,,,,,,,
577,115599,1.0241665840148926,0.5204551815986633,0.8502514362335205,0.6930800676345825,,,,,,,
577,115599,,,,,0.6719979047775269,0.5048030018806458,0.9525632858276367,0.9046339988708496,0.4539094567298889,0.7972708940505981,0.6930927634239197
578,115699,0.8716934323310852,0.4526158571243286,0.7656111121177673,0.6930669546127319,,,,,,,
578,115799,0.9108914136886597,0.4779643416404724,0.7794947624206543,0.6931354999542236,,,,,,,
578,115799,,,,,0.6733396053314209,0.5018539428710938,0.9611601829528809,0.9068393111228943,0.4561631977558136,0.7972444295883179,0.6931363940238953
579,115899,0.8995160460472107,0.4562193751335144,0.7898672223091125,0.6931411027908325,,,,,,,
579,115999,0.8254344463348389,0.4112662672996521,0.7607333064079285,0.6931301951408386,,,,,,,
579,115999,,,,,0.6717012524604797,0.503623366355896,0.9566425085067749,0.8983541131019592,0.4541465640068054,0.7907642722129822,0.6931133270263672
580,116099,0.9143451452255249,0.45327940583229065,0.8076342344284058,0.6931368708610535,,,,,,,
580,116199,0.9849757552146912,0.5036240816116333,0.8279188275337219,0.6931344270706177,,,,,,,
580,116199,,,,,0.671853244304657,0.5017011165618896,0.9471412897109985,0.902617335319519,0.45400577783584595,0.7951803803443909,0.6931380033493042
581,116299,0.9613136053085327,0.483336865901947,0.8244656324386597,0.6929777264595032,,,,,,,
581,116399,0.94078129529953,0.4713232219219208,0.8160209655761719,0.69312584400177,,,,,,,
581,116399,,,,,0.6729946136474609,0.5021013021469116,0.9422323107719421,0.910173773765564,0.4553624391555786,0.8013778924942017,0.6931334137916565
582,116499,0.9686616659164429,0.5105926990509033,0.8046401739120483,0.6931424736976624,,,,,,,
582,116599,0.9070155620574951,0.4391576647758484,0.8143899440765381,0.6930642127990723,,,,,,,
582,116599,,,,,0.6724221110343933,0.505867063999176,0.9262297749519348,0.9084213376045227,0.45474910736083984,0.8002083897590637,0.6930719614028931
583,116699,1.0374940633773804,0.5225028991699219,0.8615218997001648,0.6930615305900574,,,,,,,
583,116799,0.942699134349823,0.4865705966949463,0.8026900291442871,0.6931229829788208,,,,,,,
583,116799,,,,,0.6721743941307068,0.5024651885032654,0.9497625231742859,0.8999195098876953,0.45411327481269836,0.7923704385757446,0.6931283473968506
584,116899,1.002187967300415,0.4873191714286804,0.8614377975463867,0.6931381821632385,,,,,,,
584,116999,0.9245794415473938,0.4493538439273834,0.8217940926551819,0.6931370496749878,,,,,,,
584,116999,,,,,0.6732980608940125,0.5014413595199585,0.9463537931442261,0.9075136184692383,0.4561057984828949,0.7979781627655029,0.6931406259536743
585,117099,1.0641725063323975,0.5253413915634155,0.8853927254676819,0.6931233406066895,,,,,,,
585,117199,0.9026994705200195,0.45542776584625244,0.793840765953064,0.6931381821632385,,,,,,,
585,117199,,,,,0.6724798679351807,0.5020810961723328,0.9591639041900635,0.9044104814529419,0.45512518286705017,0.7958520650863647,0.6931339502334595
586,117299,1.0087203979492188,0.5026769638061523,0.8526137471199036,0.6931405663490295,,,,,,,
586,117399,1.023185133934021,0.5244894027709961,0.8452560901641846,0.6931206583976746,,,,,,,
586,117399,,,,,0.6737267374992371,0.5028171539306641,0.9211822152137756,0.910204291343689,0.45691579580307007,0.7998512387275696,0.6931252479553223
587,117499,0.8967609405517578,0.4424896836280823,0.8008332848548889,0.6931240558624268,,,,,,,
587,117599,0.9302960634231567,0.4715614318847656,0.8052049875259399,0.6929407119750977,,,,,,,
587,117599,,,,,0.6726199388504028,0.5105339288711548,0.9269815683364868,0.9064189791679382,0.45507726073265076,0.7977964878082275,0.6929094791412354
588,117699,1.1083608865737915,0.5342631936073303,0.9206676483154297,0.6931397914886475,,,,,,,
588,117799,0.8724672794342041,0.42587366700172424,0.793161928653717,0.6931367516517639,,,,,,,
588,117799,,,,,0.6720942854881287,0.501585841178894,0.9250938296318054,0.9027184247970581,0.4542309045791626,0.7950571179389954,0.6931390762329102
589,117899,0.8002264499664307,0.4150541424751282,0.7316999435424805,0.6930550932884216,,,,,,,
589,117999,0.9295674562454224,0.4656393229961395,0.8104920983314514,0.6931278705596924,,,,,,,
589,117999,,,,,0.6715885400772095,0.5055747032165527,0.9272393584251404,0.9022431969642639,0.45353567600250244,0.7952444553375244,0.6930738687515259
590,118099,0.8627925515174866,0.41881248354911804,0.7905489206314087,0.6931377649307251,,,,,,,
590,118199,0.9732933044433594,0.4935353398323059,0.8263227939605713,0.6931295394897461,,,,,,,
590,118199,,,,,0.6724528670310974,0.5049370527267456,0.92812180519104,0.9072360396385193,0.4549921751022339,0.7987878322601318,0.6930879950523376
591,118299,0.9170355796813965,0.45584410429000854,0.80776047706604,0.6931381821632385,,,,,,,
591,118399,1.0283347368240356,0.5051332712173462,0.869770884513855,0.693138837814331,,,,,,,
591,118399,,,,,0.6733952760696411,0.50173020362854,0.9285221695899963,0.9121171832084656,0.45591649413108826,0.8027694225311279,0.6931374073028564
592,118499,0.8870472311973572,0.43762636184692383,0.7959664463996887,0.6930910348892212,,,,,,,
592,118599,1.015729546546936,0.5170623064041138,0.8452367782592773,0.6931391358375549,,,,,,,
592,118599,,,,,0.6725337505340576,0.5020304918289185,0.9530563354492188,0.9068798422813416,0.45501142740249634,0.7984356880187988,0.6931347250938416
593,118699,1.0221446752548218,0.5241762399673462,0.8445336818695068,0.6931304335594177,,,,,,,
593,118799,0.8848550319671631,0.45496273040771484,0.7764367461204529,0.693088948726654,,,,,,,
593,118799,,,,,0.6721951961517334,0.503739595413208,0.9503101110458374,0.9006720185279846,0.45470258593559265,0.7925248146057129,0.6931108832359314
594,118899,0.9271371364593506,0.4765546917915344,0.7971433997154236,0.6931219100952148,,,,,,,
594,118999,0.9409244060516357,0.4558298885822296,0.8316593766212463,0.6931297183036804,,,,,,,
594,118999,,,,,0.6731476783752441,0.5049322843551636,0.9319798946380615,0.9067244529724121,0.45594632625579834,0.7973244786262512,0.6930926442146301
595,119099,0.966978132724762,0.4916243553161621,0.8218977451324463,0.6930879354476929,,,,,,,
595,119199,0.8838043212890625,0.4318663477897644,0.7985076904296875,0.6931396126747131,,,,,,,
595,119199,,,,,0.6724318861961365,0.5024668574333191,0.933428168296814,0.9042984843254089,0.4549084007740021,0.7959537506103516,0.6931273341178894
596,119299,0.9446464776992798,0.4764777421951294,0.814733624458313,0.6931297779083252,,,,,,,
596,119399,0.910322904586792,0.4470590353012085,0.8098210096359253,0.6931142807006836,,,,,,,
596,119399,,,,,0.6739065647125244,0.504757285118103,0.9542691111564636,0.9133882522583008,0.45676425099372864,0.8031696081161499,0.6930912733078003
597,119499,0.8801834583282471,0.44899365305900574,0.7777528166770935,0.6931260228157043,,,,,,,
597,119599,1.250610589981079,0.4799353778362274,1.117233395576477,0.6931165456771851,,,,,,,
597,119599,,,,,0.6729404330253601,0.5028017163276672,0.9372454881668091,0.9056061506271362,0.4557480812072754,0.7964205741882324,0.6931253671646118
598,119699,0.9525681734085083,0.4588299095630646,0.8402954936027527,0.6931145191192627,,,,,,,
598,119799,0.9105175733566284,0.4523276090621948,0.8047364354133606,0.6930931210517883,,,,,,,
598,119799,,,,,0.6720970273017883,0.5024436712265015,0.9515140652656555,0.9009900093078613,0.45403024554252625,0.7935247421264648,0.6931300759315491
599,119899,1.0026378631591797,0.50069260597229,0.8484856486320496,0.6930809617042542,,,,,,,
599,119999,0.834999680519104,0.4254209101200104,0.7561309933662415,0.6931045651435852,,,,,,,
599,119999,,,,,0.6718647480010986,0.5061432123184204,0.9266196489334106,0.9010189771652222,0.45412975549697876,0.7934209704399109,0.6930630803108215
600,120099,0.9247632622718811,0.47387319803237915,0.7974583506584167,0.6931365728378296,,,,,,,
600,120199,0.9191599488258362,0.4551790952682495,0.8105239868164062,0.6930862665176392,,,,,,,
600,120199,,,,,0.6723944544792175,0.50536048412323,0.9533047080039978,0.9068310856819153,0.45495134592056274,0.7984156608581543,0.6930718421936035
601,120299,0.8835563659667969,0.4451136887073517,0.7850111722946167,0.6931369304656982,,,,,,,
601,120399,0.8931721448898315,0.44995829463005066,0.7897834777832031,0.693139374256134,,,,,,,
601,120399,,,,,0.6728426218032837,0.5020753145217896,0.9393203854560852,0.9104286432266235,0.45561960339546204,0.8013761043548584,0.6931341290473938
602,120499,0.9082170724868774,0.4487141966819763,0.8060709834098816,0.6931362152099609,,,,,,,
602,120599,0.9338977336883545,0.45853346586227417,0.8219305276870728,0.6931324601173401,,,,,,,
602,120599,,,,,0.6725454330444336,0.501764178276062,0.9420143961906433,0.900788426399231,0.454884797334671,0.7924724817276001,0.6931373476982117
603,120699,0.9639045000076294,0.4817586839199066,0.8286788463592529,0.6930661201477051,,,,,,,
603,120799,0.8974100351333618,0.4691765308380127,0.774800717830658,0.6931345462799072,,,,,,,
603,120799,,,,,0.6722646951675415,0.5026963949203491,0.9498830437660217,0.9037026762962341,0.45487093925476074,0.7953944802284241,0.6931257843971252
604,120899,0.8910041451454163,0.44766467809677124,0.789894700050354,0.6931103467941284,,,,,,,
604,120999,0.9035217761993408,0.42995840311050415,0.8201084733009338,0.6930901408195496,,,,,,,
604,120999,,,,,0.672749400138855,0.5042997598648071,0.9464474320411682,0.9053572416305542,0.45538291335105896,0.7965257167816162,0.6931026577949524
605,121099,0.9686263799667358,0.49073973298072815,0.8244459629058838,0.6931186318397522,,,,,,,
605,121199,0.9220219850540161,0.4678260087966919,0.8007543683052063,0.6931169033050537,,,,,,,
605,121199,,,,,0.6729192137718201,0.5028333067893982,0.9307841062545776,0.906119167804718,0.4560682475566864,0.7966139316558838,0.69312584400177
606,121299,0.7706446647644043,0.3863304555416107,0.7308745980262756,0.6931207776069641,,,,,,,
606,121399,0.9334245920181274,0.4553952217102051,0.8245978951454163,0.6931368708610535,,,,,,,
606,121399,,,,,0.6722942590713501,0.501318097114563,0.9368372559547424,0.8993830680847168,0.4547860324382782,0.7911677956581116,0.693141520023346
607,121499,0.9772730469703674,0.4837009906768799,0.8401010036468506,0.6930578947067261,,,,,,,
607,121599,0.9146148562431335,0.4502949118614197,0.8108614683151245,0.6930829286575317,,,,,,,
607,121599,,,,,0.6711921095848083,0.5049319863319397,0.9545291662216187,0.8962875008583069,0.453532874584198,0.789297878742218,0.6930868625640869
608,121699,0.9033644199371338,0.46375444531440735,0.786178708076477,0.6931373476982117,,,,,,,
608,121799,0.9116044640541077,0.44603705406188965,0.812129557132721,0.6931241750717163,,,,,,,
608,121799,,,,,0.6728228330612183,0.5018395781517029,0.9340830445289612,0.9004442095756531,0.45553138852119446,0.7914808988571167,0.6931362152099609
609,121899,0.9803244471549988,0.5098932981491089,0.8169989585876465,0.6931356191635132,,,,,,,
609,121999,0.9539072513580322,0.4911469519138336,0.809324324131012,0.6931280493736267,,,,,,,
609,121999,,,,,0.6726653575897217,0.502017617225647,0.949745237827301,0.9014182090759277,0.4552440941333771,0.7927412390708923,0.6931341290473938
610,122099,0.9023714065551758,0.4655805826187134,0.7833573818206787,0.6931331157684326,,,,,,,
610,122199,0.9197492599487305,0.44861018657684326,0.8176968097686768,0.6931154131889343,,,,,,,
610,122199,,,,,0.6714105606079102,0.5035662055015564,0.9454976320266724,0.8918753266334534,0.45329490303993225,0.7851377725601196,0.6931145191192627
611,122299,0.8596696853637695,0.41581374406814575,0.7904247641563416,0.6931376457214355,,,,,,,
611,122399,0.8281874060630798,0.422574520111084,0.7521770596504211,0.693128228187561,,,,,,,
611,122399,,,,,0.6727708578109741,0.5022287964820862,0.9458295106887817,0.9034186601638794,0.4553905129432678,0.7945941090583801,0.693131685256958
612,122499,0.8181397914886475,0.4019126892089844,0.7627926468849182,0.6931309700012207,,,,,,,
612,122599,0.8629584312438965,0.43222421407699585,0.7772890329360962,0.6931094527244568,,,,,,,
612,122599,,,,,0.6728024482727051,0.5024843811988831,0.9431148767471313,0.9011083245277405,0.45545369386672974,0.7922198176383972,0.6931301951408386
613,122699,0.9541959762573242,0.4840245246887207,0.816699743270874,0.693056583404541,,,,,,,
613,122799,0.8680945634841919,0.4362563490867615,0.7783915400505066,0.6931065917015076,,,,,,,
613,122799,,,,,0.673096776008606,0.5037497282028198,0.9511362910270691,0.897212564945221,0.4558265805244446,0.7879424095153809,0.693112850189209
614,122899,0.8530561923980713,0.44030487537384033,0.7593222856521606,0.6931419968605042,,,,,,,
614,122999,0.8204710483551025,0.4087342619895935,0.7582774758338928,0.6930813789367676,,,,,,,
614,122999,,,,,0.672330379486084,0.5055645704269409,0.9528773427009583,0.9023402333259583,0.4544961452484131,0.794381856918335,0.6930755972862244
615,123099,0.9371480941772461,0.4756854772567749,0.8080329895019531,0.6931408047676086,,,,,,,
615,123199,0.8846430778503418,0.4483262002468109,0.7828846573829651,0.6931355595588684,,,,,,,
615,123199,,,,,0.6714978218078613,0.501808762550354,0.9513124823570251,0.9002861976623535,0.4538017809391022,0.7930529117584229,0.6931368708610535
616,123299,0.927777111530304,0.4725067615509033,0.8018208146095276,0.6931008100509644,,,,,,,
616,123399,0.9119936227798462,0.457258403301239,0.8012875914573669,0.6931046843528748,,,,,,,
616,123399,,,,,0.6715263724327087,0.5044816732406616,0.9319785237312317,0.8919087052345276,0.45345938205718994,0.7849959135055542,0.6930927634239197
617,123499,0.9718074798583984,0.5082681775093079,0.8101093173027039,0.6931400895118713,,,,,,,
617,123599,0.8590289354324341,0.4362143576145172,0.7693835496902466,0.6931378841400146,,,,,,,
617,123599,,,,,0.671031653881073,0.5024306774139404,0.9505391120910645,0.8983957767486572,0.45334771275520325,0.791612982749939,0.6931301951408386
618,123699,0.8618369102478027,0.42680126428604126,0.7815746665000916,0.6930780410766602,,,,,,,
618,123799,0.8524281978607178,0.4539783298969269,0.7450190782546997,0.6931383609771729,,,,,,,
618,123799,,,,,0.6716113686561584,0.5023280382156372,0.95270836353302,0.895069420337677,0.4536072611808777,0.7880280613899231,0.6931319236755371
619,123899,1.1714205741882324,0.5969427824020386,0.9210461378097534,0.6931366920471191,,,,,,,
619,123999,0.8294841647148132,0.424241304397583,0.7518120408058167,0.6931382417678833,,,,,,,
619,123999,,,,,0.6719297766685486,0.5022157430648804,0.9417340159416199,0.8953168392181396,0.4539320468902588,0.7879505157470703,0.6931313872337341
620,124099,0.8187560439109802,0.41479504108428955,0.7505257725715637,0.6931296586990356,,,,,,,
620,124199,0.8604642748832703,0.45168980956077576,0.7553430199623108,0.6931370496749878,,,,,,,
620,124199,,,,,0.672155499458313,0.5018042325973511,0.9429906606674194,0.9007849097251892,0.4548175036907196,0.7925359606742859,0.6931366324424744
621,124299,0.9051048755645752,0.4613295793533325,0.7903261184692383,0.6931015849113464,,,,,,,
621,124399,0.918573260307312,0.48055267333984375,0.784588634967804,0.6931359767913818,,,,,,,
621,124399,,,,,0.672065794467926,0.5016677975654602,0.9352028369903564,0.8966172933578491,0.454338014125824,0.7888486385345459,0.6931383609771729
622,124499,0.768775224685669,0.38002321124076843,0.7353094220161438,0.6931147575378418,,,,,,,
622,124599,0.8973849415779114,0.4508746266365051,0.7930465340614319,0.6930724382400513,,,,,,,
622,124599,,,,,0.6726122498512268,0.5074796676635742,0.9228008985519409,0.8979592323303223,0.45479831099510193,0.7896720170974731,0.6930220127105713
623,124699,0.9105747938156128,0.45799094438552856,0.7991523742675781,0.6931369304656982,,,,,,,
623,124799,0.9472631216049194,0.47801458835601807,0.8158165812492371,0.6931359767913818,,,,,,,
623,124799,,,,,0.6710541248321533,0.5019493699073792,0.9343156814575195,0.9064720869064331,0.4529133439064026,0.8001261949539185,0.6931352615356445
624,124899,0.9989038109779358,0.4929606020450592,0.8525119423866272,0.693137526512146,,,,,,,
624,124999,0.8327234983444214,0.4089003801345825,0.7703920602798462,0.6931378841400146,,,,,,,
624,124999,,,,,0.6731398701667786,0.5019050240516663,0.9264621734619141,0.900980532169342,0.4553821384906769,0.7921663522720337,0.693135678768158
625,125099,0.8606548309326172,0.4349408745765686,0.7722773551940918,0.6931266188621521,,,,,,,
625,125199,0.8948512077331543,0.4648818373680115,0.7765315771102905,0.6931242942810059,,,,,,,
625,125199,,,,,0.6720074415206909,0.5033117532730103,0.921177864074707,0.8941576480865479,0.45434626936912537,0.786371111869812,0.6931197047233582
626,125299,1.0276603698730469,0.5047829151153564,0.8694422841072083,0.6931294798851013,,,,,,,
626,125399,0.9600354433059692,0.4922119975090027,0.8143930435180664,0.6931392550468445,,,,,,,
626,125399,,,,,0.6721609234809875,0.5022904872894287,0.929250180721283,0.8957490921020508,0.4542715549468994,0.7880426049232483,0.693130373954773
627,125499,0.8870534896850586,0.447129487991333,0.7864735126495361,0.6930990219116211,,,,,,,
627,125599,0.893692135810852,0.4613777995109558,0.7788655161857605,0.6931023597717285,,,,,,,
627,125599,,,,,0.6721675992012024,0.5027618408203125,0.9367414712905884,0.9001356363296509,0.4543331265449524,0.7923646569252014,0.693124532699585
628,125699,0.9666327238082886,0.4736264944076538,0.8395707607269287,0.6931290030479431,,,,,,,
628,125799,0.9544068574905396,0.48478075861930847,0.8161957859992981,0.693139374256134,,,,,,,
628,125799,,,,,0.6717773079872131,0.5018913149833679,0.9385402202606201,0.8928002119064331,0.4537205100059509,0.7856473922729492,0.6931355595588684
629,125899,1.0161359310150146,0.5089901685714722,0.8537154793739319,0.6931394934654236,,,,,,,
629,125999,0.9188262820243835,0.470065712928772,0.7953128814697266,0.69310462474823,,,,,,,
629,125999,,,,,0.6715721487998962,0.5041594505310059,0.9273563623428345,0.8971685767173767,0.45361047983169556,0.7901097536087036,0.693103551864624
630,126099,0.9432647824287415,0.4998486638069153,0.789951741695404,0.6930712461471558,,,,,,,
630,126199,0.8265532851219177,0.41912415623664856,0.7539923191070557,0.6931263208389282,,,,,,,
630,126199,,,,,0.6710512042045593,0.5028471946716309,0.938647985458374,0.8994876146316528,0.453105628490448,0.7929436564445496,0.693123459815979
631,126299,0.8407613039016724,0.4524304270744324,0.7348732352256775,0.693084716796875,,,,,,,
631,126399,0.8216478228569031,0.4150768220424652,0.7531164288520813,0.6930907964706421,,,,,,,
631,126399,,,,,0.6720466017723083,0.5062065124511719,0.9223337769508362,0.8952598571777344,0.45409566164016724,0.7876931428909302,0.6930578947067261
632,126499,0.8138269186019897,0.41152694821357727,0.7488641142845154,0.6931282877922058,,,,,,,
632,126599,0.971998393535614,0.4994064271450043,0.8191604614257812,0.6931370496749878,,,,,,,
632,126599,,,,,0.6711796522140503,0.5021457672119141,0.9229956269264221,0.8915639519691467,0.45288726687431335,0.7852439880371094,0.6931343078613281
633,126699,0.7595356702804565,0.3950604200363159,0.7110438346862793,0.6931372284889221,,,,,,,
633,126799,0.8847830295562744,0.45479944348335266,0.7765524387359619,0.6931375861167908,,,,,,,
633,126799,,,,,0.6716565489768982,0.5019395351409912,0.9299706816673279,0.8934938311576843,0.454059898853302,0.7860022783279419,0.6931363940238953
634,126899,0.9080689549446106,0.4525643289089203,0.8020748496055603,0.6931403875350952,,,,,,,
634,126999,0.8926233053207397,0.4483669102191925,0.790826141834259,0.6931394934654236,,,,,,,
634,126999,,,,,0.6729918122291565,0.5018244981765747,0.9450040459632874,0.8980059027671814,0.455386221408844,0.7891880869865417,0.6931368112564087
635,127099,0.9141426682472229,0.4702075719833374,0.7905001640319824,0.6931301355361938,,,,,,,
635,127199,0.8608150482177734,0.4086637496948242,0.798671543598175,0.6930403709411621,,,,,,,
635,127199,,,,,0.6711155772209167,0.5073343515396118,0.9553345441818237,0.8919733166694641,0.4532521367073059,0.785233736038208,0.693024754524231
636,127299,0.9024627804756165,0.4566296637058258,0.7923834919929504,0.6931008100509644,,,,,,,
636,127399,0.9380317330360413,0.48736923933029175,0.7972273230552673,0.6931296586990356,,,,,,,
636,127399,,,,,0.6707001328468323,0.5040585398674011,0.9502515196800232,0.8881458640098572,0.452409565448761,0.7822900414466858,0.6931077837944031
637,127499,1.0024573802947998,0.5081953406333923,0.8408192992210388,0.6931143999099731,,,,,,,
637,127599,0.899170994758606,0.45603328943252563,0.7897071838378906,0.6931388974189758,,,,,,,
637,127599,,,,,0.6715992093086243,0.501918375492096,0.9226225018501282,0.8927491903305054,0.45350563526153564,0.7858119010925293,0.6931366324424744
638,127699,0.875180721282959,0.4365285038948059,0.7852094769477844,0.6931144595146179,,,,,,,
638,127799,0.8298858404159546,0.408230721950531,0.7682215571403503,0.6931328773498535,,,,,,,
638,127799,,,,,0.6708772778511047,0.5016162991523743,0.941349983215332,0.8941749930381775,0.45295411348342896,0.7877902388572693,0.6931390762329102
639,127899,0.7937446236610413,0.4192672669887543,0.7210448980331421,0.693135142326355,,,,,,,
639,127999,0.9284974336624146,0.48283442854881287,0.7922061085700989,0.6930862069129944,,,,,,,
639,127999,,,,,0.6709375381469727,0.5052545666694641,0.9543074369430542,0.8871291279792786,0.4529762268066406,0.7806957960128784,0.6930856108665466
640,128099,1.0310572385787964,0.5256022214889526,0.8520239591598511,0.6931378841400146,,,,,,,
640,128199,0.9326106309890747,0.4750105142593384,0.8041322231292725,0.6930642127990723,,,,,,,
640,128199,,,,,0.6712732315063477,0.5054391026496887,0.9525327086448669,0.8965009450912476,0.45301055908203125,0.7900286316871643,0.6930764317512512
641,128299,0.9994000792503357,0.521580696105957,0.8243885040283203,0.6931382417678833,,,,,,,
641,128399,0.9774951934814453,0.4920286238193512,0.8320373296737671,0.693141520023346,,,,,,,
641,128399,,,,,0.671003520488739,0.5016644597053528,0.9339224696159363,0.8918819427490234,0.4529057443141937,0.7855455279350281,0.6931384205818176
642,128499,0.828191339969635,0.42233335971832275,0.7523989677429199,0.6930819749832153,,,,,,,
642,128599,0.8577476143836975,0.4209445118904114,0.7833645343780518,0.6931227445602417,,,,,,,
642,128599,,,,,0.6717134714126587,0.5032081007957458,0.9245123863220215,0.8968356251716614,0.45421102643013,0.7891853451728821,0.6931218504905701
643,128699,0.9225648045539856,0.47063979506492615,0.7984849214553833,0.6931198835372925,,,,,,,
643,128799,0.9848939776420593,0.48910224437713623,0.8423203229904175,0.6930571794509888,,,,,,,
643,128799,,,,,0.6711565256118774,0.5074381828308105,0.9244892597198486,0.9000980257987976,0.45327135920524597,0.7933407425880432,0.6930282115936279
644,128899,0.8842897415161133,0.436076819896698,0.7947819232940674,0.6931381225585938,,,,,,,
644,128999,0.8514559268951416,0.4292140007019043,0.7687745690345764,0.6930651068687439,,,,,,,
644,128999,,,,,0.6707434058189392,0.5057460069656372,0.9272157549858093,0.8900883793830872,0.45280909538269043,0.7838167548179626,0.6930750012397766
645,129099,0.8964715003967285,0.4514866769313812,0.7915554046630859,0.6931412816047668,,,,,,,
645,129199,1.0131924152374268,0.5181692838668823,0.8415939211845398,0.6931415796279907,,,,,,,
645,129199,,,,,0.671518087387085,0.5013856887817383,0.9448015093803406,0.8931270241737366,0.45348459482192993,0.7862130403518677,0.6931412220001221
646,129299,0.8693554997444153,0.43877482414245605,0.7771257758140564,0.6930903196334839,,,,,,,
646,129399,0.8588714003562927,0.42631155252456665,0.7791306972503662,0.6931415796279907,,,,,,,
646,129399,,,,,0.6719101667404175,0.5017897486686707,0.9319061040878296,0.8957350254058838,0.4540185332298279,0.7882850766181946,0.6931371092796326
647,129499,1.0384033918380737,0.5207237005233765,0.8642447590827942,0.6931301951408386,,,,,,,
647,129599,0.8680684566497803,0.4380542039871216,0.7765821814537048,0.6931357383728027,,,,,,,
647,129599,,,,,0.6716191172599792,0.5028607249259949,0.9367905259132385,0.8949443101882935,0.4539583921432495,0.7875475883483887,0.6931235194206238
648,129699,0.7925963997840881,0.4042573869228363,0.7349067330360413,0.6931353807449341,,,,,,,
648,129799,0.8417631387710571,0.42061424255371094,0.7677162289619446,0.6931345462799072,,,,,,,
648,129799,,,,,0.6723820567131042,0.5038792490959167,0.9239859580993652,0.8988453149795532,0.45530861616134644,0.7900916934013367,0.6931098699569702
649,129899,0.8233400583267212,0.4303698241710663,0.7395119071006775,0.6930832862854004,,,,,,,
649,129999,0.8292186856269836,0.4230342507362366,0.7527549862861633,0.6931411027908325,,,,,,,
649,129999,,,,,0.6702415347099304,0.5017110705375671,0.9472324848175049,0.8925641179084778,0.4520115554332733,0.7871217727661133,0.6931379437446594
650,130099,0.8905808925628662,0.47945278882980347,0.7576995491981506,0.6931428909301758,,,,,,,
650,130199,0.9985665082931519,0.5029793977737427,0.8421475291252136,0.6931207180023193,,,,,,,
650,130199,,,,,0.6715173125267029,0.5025043487548828,0.9514171481132507,0.8947553038597107,0.4537681043148041,0.7875518798828125,0.6931292414665222
651,130299,0.8324010968208313,0.4173106551170349,0.7616480588912964,0.6931151151657104,,,,,,,
651,130399,0.857880711555481,0.43634897470474243,0.7681009769439697,0.6931383013725281,,,,,,,
651,130399,,,,,0.670785665512085,0.5016030669212341,0.9358986616134644,0.892848551273346,0.45297038555145264,0.7864476442337036,0.6931391954421997
652,130499,1.0329203605651855,0.508758008480072,0.8707226514816284,0.6931204795837402,,,,,,,
652,130599,0.896436870098114,0.4586300849914551,0.7843559384346008,0.6930981874465942,,,,,,,
652,130599,,,,,0.6712150573730469,0.5050902366638184,0.9560478925704956,0.8904995918273926,0.45336827635765076,0.7836750745773315,0.6930875182151794
653,130699,0.9529751539230347,0.4830516576766968,0.8164929151535034,0.693138837814331,,,,,,,
653,130799,0.9376591444015503,0.4853888154029846,0.798833429813385,0.6931262612342834,,,,,,,
653,130799,,,,,0.6713285446166992,0.5020570158958435,0.9253108501434326,0.8949352502822876,0.4532242715358734,0.7882786989212036,0.6931354999542236
654,130899,0.8426416516304016,0.43432706594467163,0.7548841834068298,0.6931391954421997,,,,,,,
654,130999,1.0342093706130981,0.521226167678833,0.8595391511917114,0.6931118965148926,,,,,,,
654,130999,,,,,0.6704401969909668,0.5033459663391113,0.9254223108291626,0.8898037672042847,0.4519939720630646,0.7843685150146484,0.6931172609329224
655,131099,0.9208365082740784,0.4799458086490631,0.7874554395675659,0.6931294202804565,,,,,,,
655,131199,0.9114087820053101,0.4626176357269287,0.7953530550003052,0.6931238770484924,,,,,,,
655,131199,,,,,0.6711852550506592,0.5040055513381958,0.9485408067703247,0.8907867074012756,0.45306196808815,0.7842791080474854,0.6931087970733643
656,131299,0.8444850444793701,0.4306904673576355,0.7603268027305603,0.6930644512176514,,,,,,,
656,131399,0.8953582048416138,0.44552168250083923,0.796371340751648,0.6930696368217468,,,,,,,
656,131399,,,,,0.6714434027671814,0.504348635673523,0.9519038200378418,0.8930427432060242,0.4535585939884186,0.786035418510437,0.6931024789810181
657,131499,0.8135601282119751,0.4023773670196533,0.7577524185180664,0.693139374256134,,,,,,,
657,131599,1.1242640018463135,0.5333629250526428,0.9374731779098511,0.6931442022323608,,,,,,,
657,131599,,,,,0.6709359884262085,0.5012070536613464,0.9350533485412598,0.891238272190094,0.45298510789871216,0.7848244309425354,0.6931425929069519
658,131699,0.8966807126998901,0.46026551723480225,0.7829707264900208,0.6931111812591553,,,,,,,
658,131799,0.9635998010635376,0.4981689155101776,0.8119997978210449,0.6931378245353699,,,,,,,
658,131799,,,,,0.6705217957496643,0.5014103651046753,0.9362358450889587,0.8851650953292847,0.4525238871574402,0.779211699962616,0.693140983581543
659,131899,0.8751783967018127,0.43541616201400757,0.786321222782135,0.6931179761886597,,,,,,,
659,131999,0.9468055963516235,0.4952879250049591,0.7980755567550659,0.6931157112121582,,,,,,,
659,131999,,,,,0.6703920364379883,0.5027341842651367,0.931307315826416,0.8877750635147095,0.4522978365421295,0.7820404171943665,0.6931261420249939
660,132099,0.8855175375938416,0.4405423700809479,0.7915235757827759,0.6930967569351196,,,,,,,
660,132199,0.9360799789428711,0.47680357098579407,0.805846631526947,0.6931405067443848,,,,,,,
660,132199,,,,,0.6712715029716492,0.501815676689148,0.9420784711837769,0.8893588185310364,0.45307639241218567,0.7828510403633118,0.6931372880935669
661,132299,0.8112452030181885,0.4201808273792267,0.737621545791626,0.6931143403053284,,,,,,,
661,132399,0.834359884262085,0.43082165718078613,0.7501084804534912,0.6931405067443848,,,,,,,
661,132399,,,,,0.6722152829170227,0.5013660788536072,0.9325387477874756,0.8913460373878479,0.454360693693161,0.7835557460784912,0.6931412220001221
662,132499,0.9291898012161255,0.4769698977470398,0.7987682819366455,0.6930968761444092,,,,,,,
662,132599,0.8803540468215942,0.44249236583709717,0.7844169735908508,0.6931107044219971,,,,,,,
662,132599,,,,,0.6727393865585327,0.5037810206413269,0.9284949898719788,0.8954134583473206,0.45515894889831543,0.7868102788925171,0.6931116580963135
663,132699,1.064634084701538,0.532127857208252,0.8790698051452637,0.6931272745132446,,,,,,,
663,132799,0.8076796531677246,0.4170992970466614,0.7371508479118347,0.693140983581543,,,,,,,
663,132799,,,,,0.6701036095619202,0.5018355846405029,0.9240482449531555,0.8855845332145691,0.45195743441581726,0.7801953554153442,0.6931368708610535
664,132899,0.912611186504364,0.45845532417297363,0.8007189631462097,0.6931263208389282,,,,,,,
664,132999,0.9365257620811462,0.4778573513031006,0.8052366375923157,0.6931363344192505,,,,,,,
664,132999,,,,,0.6716551780700684,0.5019089579582214,0.9316301345825195,0.8912071585655212,0.453703373670578,0.784071683883667,0.6931357979774475
665,133099,0.873491644859314,0.4446808099746704,0.7753781080245972,0.6931345462799072,,,,,,,
665,133199,0.8951609134674072,0.4548352360725403,0.7868801951408386,0.6931089758872986,,,,,,,
665,133199,,,,,0.6710753440856934,0.5036472082138062,0.9453061819076538,0.883971631526947,0.45273101329803467,0.7777976393699646,0.6931135654449463
666,133299,0.8652509450912476,0.44989296793937683,0.7619283199310303,0.6931408047676086,,,,,,,
666,133399,0.9112789034843445,0.43452247977256775,0.8233253359794617,0.6931377649307251,,,,,,,
666,133399,,,,,0.6705483794212341,0.5025129318237305,0.9453269243240356,0.8823782205581665,0.45224225521087646,0.7767007350921631,0.6931295394897461
667,133499,0.8955770134925842,0.44907331466674805,0.7930718064308167,0.6931360960006714,,,,,,,
667,133599,0.864866316318512,0.43789881467819214,0.7735236883163452,0.6931122541427612,,,,,,,
667,133599,,,,,0.6715452671051025,0.5032355785369873,0.925676703453064,0.8877482414245605,0.4537065923213959,0.780602216720581,0.6931212544441223
668,133699,0.8342497944831848,0.42335832118988037,0.7574447989463806,0.6931065320968628,,,,,,,
668,133799,0.7890745401382446,0.4033012390136719,0.7323375344276428,0.6931283473968506,,,,,,,
668,133799,,,,,0.6709463000297546,0.5047403573989868,0.9306788444519043,0.8857424259185791,0.4527299702167511,0.7795596718788147,0.69309401512146
669,133899,0.80983966588974,0.4165167212486267,0.7398481369018555,0.6930505037307739,,,,,,,
669,133999,0.8241384029388428,0.43848419189453125,0.732222855091095,0.6931372284889221,,,,,,,
669,133999,,,,,0.6714258790016174,0.5021880865097046,0.9543323516845703,0.8894569873809814,0.4537356197834015,0.7822882533073425,0.6931339502334595
670,134099,0.9239169359207153,0.4629751145839691,0.8074347972869873,0.692986011505127,,,,,,,
670,134199,1.0860509872436523,0.5222665071487427,0.9103512167930603,0.6931333541870117,,,,,,,
670,134199,,,,,0.6704968810081482,0.5021244287490845,0.9428455233573914,0.8841308951377869,0.4524478316307068,0.7782495617866516,0.6931331157684326
671,134299,0.8098289966583252,0.41285574436187744,0.7435383200645447,0.6931300163269043,,,,,,,
671,134399,0.9997761845588684,0.508398711681366,0.8379186987876892,0.6930824518203735,,,,,,,
671,134399,,,,,0.6715995073318481,0.5059177875518799,0.9266955852508545,0.891048789024353,0.45386409759521484,0.783718466758728,0.6930676102638245
672,134499,0.8426677584648132,0.4516865015029907,0.737549901008606,0.6931372880935669,,,,,,,
672,134599,0.9510728716850281,0.47831928730010986,0.8193233013153076,0.6931394338607788,,,,,,,
672,134599,,,,,0.6702311635017395,0.5013576149940491,0.9555622935295105,0.8834433555603027,0.4519982933998108,0.7780157327651978,0.6931412220001221
673,134699,0.95364910364151,0.47694143652915955,0.8232731223106384,0.6931308507919312,,,,,,,
673,134799,0.9135451316833496,0.4707287847995758,0.789300799369812,0.6929687857627869,,,,,,,
673,134799,,,,,0.6704012751579285,0.5096507668495178,0.9526618719100952,0.89158034324646,0.4521164000034332,0.7859382033348083,0.6929485201835632
674,134899,1.0880064964294434,0.530008852481842,0.9045528769493103,0.6931103467941284,,,,,,,
674,134999,0.7020982503890991,0.3671015202999115,0.6815663576126099,0.6931392550468445,,,,,,,
674,134999,,,,,0.671522319316864,0.5012587308883667,0.9566680192947388,0.8902745246887207,0.4537978172302246,0.7830475568771362,0.6931419372558594
675,135099,0.840531587600708,0.41299617290496826,0.7740697860717773,0.6930686831474304,,,,,,,
675,135199,0.9650985598564148,0.4979308247566223,0.8137267231941223,0.6931179761886597,,,,,,,
675,135199,,,,,0.6698490977287292,0.5047993063926697,0.9503539204597473,0.8816525340080261,0.4514014422893524,0.7767990827560425,0.6930961608886719
676,135299,0.9571872353553772,0.494228333234787,0.8095299601554871,0.6931420564651489,,,,,,,
676,135399,0.8499369621276855,0.4309500455856323,0.765554666519165,0.6931354403495789,,,,,,,
676,135399,,,,,0.67168128490448,0.5028520226478577,0.9301616549491882,0.8915584683418274,0.4538601338863373,0.7842611074447632,0.6931255459785461
677,135499,0.7783523201942444,0.3953907787799835,0.7293850779533386,0.6928471326828003,,,,,,,
677,135599,0.797404408454895,0.4110306203365326,0.7329432368278503,0.6931387782096863,,,,,,,
677,135599,,,,,0.670530378818512,0.5020238161087036,0.9433956146240234,0.8859571218490601,0.45237070322036743,0.7801540493965149,0.6931349635124207
678,135699,0.8219699859619141,0.4211532473564148,0.7473705410957336,0.6931076645851135,,,,,,,
678,135799,0.8684225082397461,0.43632006645202637,0.7786700129508972,0.6931352615356445,,,,,,,
678,135799,,,,,0.6710862517356873,0.5020615458488464,0.9337865114212036,0.8848207592964172,0.45303288102149963,0.7783554792404175,0.6931352019309998
679,135899,0.9116713404655457,0.4795997142791748,0.7785999774932861,0.6930567026138306,,,,,,,
679,135999,0.8891744613647461,0.4543284773826599,0.7814099192619324,0.6931278109550476,,,,,,,
679,135999,,,,,0.6707556247711182,0.5020044445991516,0.9314351081848145,0.8848828673362732,0.4526136815547943,0.7788370847702026,0.6931356191635132
680,136099,0.9080830812454224,0.469104140996933,0.7855474948883057,0.6931371688842773,,,,,,,
680,136199,0.7862863540649414,0.4142342209815979,0.7186216711997986,0.6931390762329102,,,,,,,
680,136199,,,,,0.6702450513839722,0.5021110773086548,0.9467611312866211,0.8865126967430115,0.45206665992736816,0.7810136079788208,0.6931353211402893
681,136299,1.1080623865127563,0.5600192546844482,0.8945909142494202,0.6930954456329346,,,,,,,
681,136399,0.8372016549110413,0.4298817813396454,0.7538822889328003,0.6931248903274536,,,,,,,
681,136399,,,,,0.6711297631263733,0.503263533115387,0.9573341608047485,0.8881025314331055,0.45313429832458496,0.7815288305282593,0.6931207180023193
682,136499,0.9228951930999756,0.47892969846725464,0.7905346751213074,0.6931383609771729,,,,,,,
682,136599,0.7394570112228394,0.37842655181884766,0.7075960636138916,0.6931312084197998,,,,,,,
682,136599,,,,,0.6706845760345459,0.5014804601669312,0.9539620280265808,0.8863905668258667,0.4522341191768646,0.7807265520095825,0.6931402683258057
683,136699,0.968757688999176,0.48036426305770874,0.8349204659461975,0.6930540800094604,,,,,,,
683,136799,1.0226070880889893,0.5311764478683472,0.83797687292099,0.6930924654006958,,,,,,,
683,136799,,,,,0.6703744530677795,0.5028849244117737,0.9529962539672852,0.8848723769187927,0.45214197039604187,0.7792934775352478,0.6931265592575073
684,136899,0.827147901058197,0.42870962619781494,0.7449752688407898,0.6930738687515259,,,,,,,
684,136999,0.8296617269515991,0.42948535084724426,0.7467295527458191,0.6931064128875732,,,,,,,
684,136999,,,,,0.6708171963691711,0.504246175289154,0.9271121621131897,0.8848820328712463,0.4527091979980469,0.7787259817123413,0.6931065320968628
685,137099,1.0234636068344116,0.541092038154602,0.8289361596107483,0.6931293606758118,,,,,,,
685,137199,0.9343865513801575,0.48065686225891113,0.8003003001213074,0.6931413412094116,,,,,,,
685,137199,,,,,0.6698192954063416,0.5020528435707092,0.9231540560722351,0.884487509727478,0.4512407183647156,0.7798148989677429,0.6931360363960266
686,137299,0.9671337604522705,0.5023623704910278,0.8113428354263306,0.693142831325531,,,,,,,
686,137399,0.8297274708747864,0.4358047842979431,0.7404946088790894,0.6931437253952026,,,,,,,
686,137399,,,,,0.6707231998443604,0.501114010810852,0.9373600482940674,0.8866106867790222,0.45232516527175903,0.7808572053909302,0.6931434869766235
687,137499,0.7715403437614441,0.4086955785751343,0.7094137668609619,0.6931380033493042,,,,,,,
687,137599,0.9741588234901428,0.48006200790405273,0.8406622409820557,0.6931308507919312,,,,,,,
687,137599,,,,,0.6706153750419617,0.5024375915527344,0.9530248045921326,0.8827008605003357,0.45233526825904846,0.7769308686256409,0.693130373954773
688,137699,0.8078656196594238,0.4150558114051819,0.7393786311149597,0.6931376457214355,,,,,,,
688,137799,0.8953961133956909,0.4443017244338989,0.7976587414741516,0.6931288242340088,,,,,,,
688,137799,,,,,0.670159101486206,0.5032902359962463,0.9501646757125854,0.8837820887565613,0.45186546444892883,0.7784761786460876,0.6931195259094238
689,137899,0.8988798260688782,0.45219677686691284,0.7932527661323547,0.6931394338607788,,,,,,,
689,137999,0.9433874487876892,0.4823996424674988,0.807551920413971,0.693128228187561,,,,,,,
689,137999,,,,,0.6705482006072998,0.5023418664932251,0.9499039649963379,0.8833248019218445,0.4521270990371704,0.7777639627456665,0.6931325793266296
690,138099,0.9821178913116455,0.5018398761749268,0.8268485069274902,0.693140983581543,,,,,,,
690,138199,0.9829519391059875,0.4839628040790558,0.8455609083175659,0.6931434869766235,,,,,,,
690,138199,,,,,0.6717399954795837,0.5015102028846741,0.9452534317970276,0.887887179851532,0.45375168323516846,0.7807056903839111,0.69314044713974
691,138299,0.7823551893234253,0.39923161268234253,0.7296903729438782,0.693133533000946,,,,,,,
691,138399,0.7701665163040161,0.40700390934944153,0.7097260355949402,0.6931269764900208,,,,,,,
691,138399,,,,,0.6696630716323853,0.5034835338592529,0.9265289306640625,0.881190299987793,0.45105230808258057,0.7766976356506348,0.693119466304779
692,138499,0.9674623012542725,0.49377432465553284,0.8202537298202515,0.6931314468383789,,,,,,,
692,138599,0.9193564653396606,0.46305808424949646,0.8028690814971924,0.6931414008140564,,,,,,,
692,138599,,,,,0.6708965301513672,0.5016419291496277,0.9501852989196777,0.8860663771629333,0.4528900384902954,0.779745876789093,0.6931390762329102
693,138699,0.726107120513916,0.3846602439880371,0.6880127787590027,0.6931319236755371,,,,,,,
693,138799,0.9538719654083252,0.47516193985939026,0.8252815008163452,0.693142831325531,,,,,,,
693,138799,,,,,0.6703735589981079,0.5012933015823364,0.9472616314888,0.8846312761306763,0.4522235095500946,0.7789788246154785,0.693141758441925
694,138899,0.8208551406860352,0.4177652895450592,0.7496567964553833,0.6931338310241699,,,,,,,
694,138999,0.8232165575027466,0.4372851252555847,0.732503354549408,0.693143904209137,,,,,,,
694,138999,,,,,0.6699753403663635,0.5015869140625,0.9471430778503418,0.8819324970245361,0.45159515738487244,0.7769069671630859,0.6931392550468445
695,139099,0.8018280267715454,0.41801637411117554,0.7303818464279175,0.6931403279304504,,,,,,,
695,139199,1.0001132488250732,0.5415468811988831,0.8051273822784424,0.6931219696998596,,,,,,,
695,139199,,,,,0.6713933348655701,0.5036366581916809,0.9467317461967468,0.8884808421134949,0.4533679187297821,0.7816691994667053,0.6931124925613403
696,139299,0.9274687767028809,0.47953274846076965,0.7945048213005066,0.6931376457214355,,,,,,,
696,139399,0.7798020839691162,0.40965962409973145,0.7166293263435364,0.6929735541343689,,,,,,,
696,139399,,,,,0.6704201698303223,0.5069617033004761,0.9241142868995667,0.8839116096496582,0.4521843492984772,0.778249204158783,0.6930438876152039
697,139499,0.8873724341392517,0.4587174654006958,0.7751871943473816,0.6930643320083618,,,,,,,
697,139599,1.0636311769485474,0.5290184020996094,0.8811765313148499,0.6931273341178894,,,,,,,
697,139599,,,,,0.6705251932144165,0.5028213262557983,0.9463587403297424,0.8836260437965393,0.4522739052772522,0.7779154181480408,0.6931264400482178
698,139699,0.890720784664154,0.4499613046646118,0.7873289585113525,0.6931389570236206,,,,,,,
698,139799,1.02122962474823,0.4931216537952423,0.8746783137321472,0.6931407451629639,,,,,,,
698,139799,,,,,0.670006513595581,0.5014557242393494,0.9447269439697266,0.8805236220359802,0.45145732164382935,0.7756366729736328,0.6931407451629639
699,139899,0.8655519485473633,0.4373745024204254,0.7747422456741333,0.6931295394897461,,,,,,,
699,139999,0.878321647644043,0.44388723373413086,0.7809979319572449,0.6931270956993103,,,,,,,
699,139999,,,,,0.6705774068832397,0.503241240978241,0.9238677620887756,0.8856186866760254,0.4525236189365387,0.7796559929847717,0.6931220889091492
700,140099,0.9185072183609009,0.456648051738739,0.8084312081336975,0.6931441426277161,,,,,,,
700,140199,0.9813107252120972,0.5022286772727966,0.8256476521492004,0.6931312680244446,,,,,,,
700,140199,,,,,0.6702972650527954,0.5018763542175293,0.9405850172042847,0.880297839641571,0.451591432094574,0.7752745151519775,0.6931363344192505
701,140299,0.8215785622596741,0.4178217053413391,0.7503289580345154,0.6931442022323608,,,,,,,
701,140399,0.843260645866394,0.4289857745170593,0.7608265280723572,0.6931033134460449,,,,,,,
701,140399,,,,,0.6700210571289062,0.503842830657959,0.950616717338562,0.8801891803741455,0.4515703618526459,0.7751747965812683,0.6931121945381165
702,140499,0.9608702659606934,0.5001828670501709,0.8072531819343567,0.6931314468383789,,,,,,,
702,140599,0.8592270612716675,0.44101834297180176,0.764775812625885,0.6931341290473938,,,,,,,
702,140599,,,,,0.6697607040405273,0.501316487789154,0.9471310973167419,0.8804824948310852,0.4514215886592865,0.775631844997406,0.6931418776512146
703,140699,0.7698632478713989,0.41665446758270264,0.6997746229171753,0.6931317448616028,,,,,,,
703,140799,0.8570683598518372,0.4351693093776703,0.7684688568115234,0.6931396722793579,,,,,,,
703,140799,,,,,0.6694620251655579,0.50117027759552,0.9447857141494751,0.877375602722168,0.45066124200820923,0.7732855081558228,0.6931427717208862
704,140899,0.8414033651351929,0.4366317391395569,0.7513393759727478,0.6931354999542236,,,,,,,
704,140999,0.9246317148208618,0.4631514847278595,0.8080504536628723,0.6931405067443848,,,,,,,
704,140999,,,,,0.6696814298629761,0.5012266635894775,0.936543345451355,0.879153311252594,0.4511200487613678,0.774604320526123,0.6931424140930176
705,141099,0.868622899055481,0.44544491171836853,0.7697498798370361,0.6931438446044922,,,,,,,
705,141199,0.8908863663673401,0.4758879542350769,0.7615496516227722,0.6931024789810181,,,,,,,
705,141199,,,,,0.669809877872467,0.5037257075309753,0.9507896304130554,0.879921019077301,0.4513918161392212,0.7750864624977112,0.6931146383285522
706,141299,0.8512198328971863,0.4358951449394226,0.7618857622146606,0.6931220293045044,,,,,,,
706,141399,0.8123782277107239,0.4174608588218689,0.7414816617965698,0.6931284666061401,,,,,,,
706,141399,,,,,0.6703513264656067,0.50282883644104,0.9502626657485962,0.8800483345985413,0.4521404504776001,0.7744704484939575,0.6931253671646118
707,141499,0.9030181765556335,0.45668601989746094,0.7929006814956665,0.6931370496749878,,,,,,,
707,141599,0.9646796584129333,0.4885762631893158,0.8226580619812012,0.693109393119812,,,,,,,
707,141599,,,,,0.6705096364021301,0.5034664869308472,0.9258092641830444,0.8783378005027771,0.45218610763549805,0.7727107405662537,0.6931180953979492
708,141699,0.8647149205207825,0.46321815252304077,0.7480646371841431,0.6931356191635132,,,,,,,
708,141799,0.8919739127159119,0.4590720534324646,0.7794644236564636,0.6931251287460327,,,,,,,
708,141799,,,,,0.6704791188240051,0.5043944716453552,0.9265564680099487,0.8811869621276855,0.45221376419067383,0.775523841381073,0.693101167678833
709,141899,0.9571677446365356,0.5027408599853516,0.8009976148605347,0.693141520023346,,,,,,,
709,141999,0.9932798147201538,0.51756751537323,0.8222837448120117,0.6931428909301758,,,,,,,
709,141999,,,,,0.6703014969825745,0.5012518763542175,0.9398354887962341,0.8790456056594849,0.4521488845348358,0.7734677791595459,0.6931421756744385
710,142099,0.716393768787384,0.37356066703796387,0.6894004940986633,0.6931346654891968,,,,,,,
710,142199,0.899314820766449,0.45786619186401367,0.788013756275177,0.6931301355361938,,,,,,,
710,142199,,,,,0.6702604293823242,0.5029601454734802,0.9546753764152527,0.8793674111366272,0.4520229995250702,0.7739062905311584,0.6931239366531372
711,142299,0.7698982954025269,0.4011090099811554,0.7153385877609253,0.6930984854698181,,,,,,,
711,142399,0.79412841796875,0.40700340270996094,0.7336581349372864,0.6930660605430603,,,,,,,
711,142399,,,,,0.6710790395736694,0.5068007111549377,0.9507547616958618,0.8837164044380188,0.4526694715023041,0.7775716781616211,0.6930495500564575
712,142499,0.8853472471237183,0.4732263684272766,0.7586914896965027,0.6931412220001221,,,,,,,
712,142599,0.7952914237976074,0.40266984701156616,0.7391914129257202,0.6931395530700684,,,,,,,
712,142599,,,,,0.671215832233429,0.501760721206665,0.942029595375061,0.8839304447174072,0.4530632495880127,0.7774359583854675,0.6931377053260803
713,142699,0.9350311160087585,0.4762982726097107,0.8053014874458313,0.6931372880935669,,,,,,,
713,142799,0.8984750509262085,0.4605100154876709,0.784534752368927,0.693139374256134,,,,,,,
713,142799,,,,,0.6700640916824341,0.5020390748977661,0.9427949786186218,0.8802328109741211,0.45161283016204834,0.7751868367195129,0.6931339502334595
714,142899,0.8471760153770447,0.4434380531311035,0.7502970099449158,0.6931182146072388,,,,,,,
714,142999,0.9435790777206421,0.4825139045715332,0.8076303005218506,0.6931302547454834,,,,,,,
714,142999,,,,,0.6706032156944275,0.5018096566200256,0.9237884879112244,0.8821737170219421,0.4523569941520691,0.7763848304748535,0.6931365132331848
715,143099,0.8466810584068298,0.4356245696544647,0.7576022744178772,0.6930915117263794,,,,,,,
715,143199,0.7729266285896301,0.3953931927680969,0.7240993976593018,0.6931318044662476,,,,,,,
715,143199,,,,,0.6702479124069214,0.5019429326057434,0.9207872748374939,0.8763517737388611,0.4516177177429199,0.7713025212287903,0.6931371092796326
716,143299,0.9057123064994812,0.44623321294784546,0.8060317635536194,0.6931053400039673,,,,,,,
716,143399,0.8232148289680481,0.45066142082214355,0.7191181778907776,0.6931294202804565,,,,,,,
716,143399,,,,,0.6704734563827515,0.5014392733573914,0.9330996870994568,0.8806227445602417,0.4520730674266815,0.7751204967498779,0.6931414604187012
717,143499,1.012840986251831,0.5115623474121094,0.8478437662124634,0.6931301951408386,,,,,,,
717,143599,0.9064052700996399,0.43821221590042114,0.8147630095481873,0.693139910697937,,,,,,,
717,143599,,,,,0.6704427003860474,0.5019645094871521,0.912407398223877,0.8804625272750854,0.45203280448913574,0.7749977111816406,0.6931361556053162
718,143699,0.9069101214408875,0.4844724237918854,0.7690087556838989,0.6931420564651489,,,,,,,
718,143799,0.9318016767501831,0.47955918312072754,0.7988146543502808,0.6931443214416504,,,,,,,
718,143799,,,,,0.670263409614563,0.5011646747589111,0.9331868290901184,0.8761239647865295,0.4519512951374054,0.7707442045211792,0.6931430697441101
719,143899,0.9758421182632446,0.5035267472267151,0.8188692927360535,0.6931079030036926,,,,,,,
719,143999,0.7561212182044983,0.3935268223285675,0.7091612219810486,0.6931337118148804,,,,,,,
719,143999,,,,,0.6701046228408813,0.5019280910491943,0.940932035446167,0.8811190724372864,0.4518097937107086,0.7758772969245911,0.6931360960006714
720,144099,0.8132702708244324,0.4255572557449341,0.7342835664749146,0.6931411027908325,,,,,,,
720,144199,0.9924194812774658,0.5067501664161682,0.8322365283966064,0.6931342482566833,,,,,,,
720,144199,,,,,0.671376645565033,0.501700222492218,0.9469782114028931,0.881513774394989,0.4532166123390198,0.7748663425445557,0.6931384205818176
721,144299,0.8869198560714722,0.4621710479259491,0.7713198661804199,0.6931421160697937,,,,,,,
721,144399,0.8409013152122498,0.41421711444854736,0.7732519507408142,0.6931353807449341,,,,,,,
721,144399,,,,,0.6701745390892029,0.5023093223571777,0.92500901222229,0.8786357641220093,0.451801061630249,0.7734001874923706,0.6931309700012207
722,144499,0.9099148511886597,0.46056488156318665,0.7959160208702087,0.6931321620941162,,,,,,,
722,144599,0.8897812962532043,0.46131035685539246,0.7750337719917297,0.6931256055831909,,,,,,,
722,144599,,,,,0.6699251532554626,0.502831220626831,0.9338842630386353,0.8770025968551636,0.4514581263065338,0.7721080183982849,0.6931266784667969
723,144699,0.6851279139518738,0.35356900095939636,0.6781148910522461,0.6931120157241821,,,,,,,
723,144799,0.9859950542449951,0.5152851343154907,0.817269504070282,0.6931189894676208,,,,,,,
723,144799,,,,,0.6697478890419006,0.5025274753570557,0.9505847692489624,0.8775882720947266,0.4512556493282318,0.772897481918335,0.69312983751297
724,144899,0.9906361103057861,0.5124810338020325,0.8246915340423584,0.6930728554725647,,,,,,,
724,144999,0.8310655355453491,0.4382779896259308,0.7393584847450256,0.6931419968605042,,,,,,,
724,144999,,,,,0.6714606881141663,0.5019254684448242,0.9240983128547668,0.8818597197532654,0.4533746838569641,0.7750533819198608,0.6931368112564087
725,145099,0.9146983027458191,0.47533637285232544,0.785931408405304,0.6931389570236206,,,,,,,
725,145199,0.881401002407074,0.4626048803329468,0.7653661370277405,0.6931401491165161,,,,,,,
725,145199,,,,,0.6697525382041931,0.5018641352653503,0.9257057309150696,0.8756706714630127,0.45116880536079407,0.7710705995559692,0.6931376457214355
726,145299,0.9336447715759277,0.5024954080581665,0.777714192867279,0.6931295394897461,,,,,,,
726,145399,0.9482265114784241,0.47324103116989136,0.8215577602386475,0.693144679069519,,,,,,,
726,145399,,,,,0.6699457764625549,0.5011951327323914,0.9451454877853394,0.8749321103096008,0.4516128599643707,0.7698904275894165,0.6931425333023071
727,145499,0.9244614243507385,0.4617518484592438,0.8092793226242065,0.6931394338607788,,,,,,,
727,145599,0.890650749206543,0.4706162214279175,0.7666047215461731,0.69314044713974,,,,,,,
727,145599,,,,,0.6695433259010315,0.5016262531280518,0.9614702463150024,0.8761708736419678,0.45084214210510254,0.7718983888626099,0.6931391954421997
728,145699,0.9023880362510681,0.45134130120277405,0.7976162433624268,0.6931389570236206,,,,,,,
728,145799,0.77106773853302,0.40219247341156006,0.7154446840286255,0.6931388974189758,,,,,,,
728,145799,,,,,0.6700018048286438,0.5018584132194519,0.9588924646377563,0.8743501901626587,0.45126739144325256,0.7696515917778015,0.6931373476982117
729,145899,0.837925136089325,0.4447908401489258,0.739681601524353,0.6930946111679077,,,,,,,
729,145999,0.8832858204841614,0.45708101987838745,0.7727401852607727,0.6930707693099976,,,,,,,
729,145999,,,,,0.6699731349945068,0.5068807601928711,0.9509307742118835,0.8754721879959106,0.45147445797920227,0.7705207467079163,0.6930459141731262
730,146099,0.842871904373169,0.42339733242988586,0.7660444974899292,0.6931397318840027,,,,,,,
730,146199,0.8518936634063721,0.4406282901763916,0.7578365206718445,0.6931424140930176,,,,,,,
730,146199,,,,,0.6704248189926147,0.5011955499649048,0.961307942867279,0.8775673508644104,0.4522068202495575,0.7719318866729736,0.6931424736976624
731,146299,0.8751314282417297,0.46359148621559143,0.7581100463867188,0.6931401491165161,,,,,,,
731,146399,0.9006963968276978,0.45405104756355286,0.7932115793228149,0.6931324005126953,,,,,,,
731,146399,,,,,0.6699348092079163,0.5019952058792114,0.9564257264137268,0.8761163949966431,0.4513871371746063,0.7712977528572083,0.6931368112564087
732,146499,0.9046369194984436,0.47852468490600586,0.7726792693138123,0.6931341886520386,,,,,,,
732,146599,0.8789232969284058,0.44621017575263977,0.7792770266532898,0.6931278109550476,,,,,,,
732,146599,,,,,0.6698809266090393,0.50360107421875,0.9258421659469604,0.8742781281471252,0.45125865936279297,0.7695783376693726,0.6931174993515015
733,146699,0.8434089422225952,0.45130959153175354,0.7386718392372131,0.6931450963020325,,,,,,,
733,146799,0.8518698811531067,0.4257311224937439,0.7726975679397583,0.6931174993515015,,,,,,,
733,146799,,,,,0.6701675057411194,0.5035593509674072,0.9252036809921265,0.8736675381660461,0.45180803537368774,0.768419623374939,0.6931201219558716
734,146899,0.8356310725212097,0.42440512776374817,0.7577877640724182,0.6931236982345581,,,,,,,
734,146999,0.9403764605522156,0.47208231687545776,0.8148615956306458,0.6931349039077759,,,,,,,
734,146999,,,,,0.6698413491249084,0.5018922686576843,0.925650954246521,0.8735120296478271,0.45112672448158264,0.768953800201416,0.6931368708610535
735,147099,0.9621366262435913,0.4788563847541809,0.8298158645629883,0.6930710673332214,,,,,,,
735,147199,0.8660021424293518,0.45869961380958557,0.7538638114929199,0.6931225061416626,,,,,,,
735,147199,,,,,0.6702574491500854,0.5039354562759399,0.952259361743927,0.8786061406135559,0.45178717374801636,0.7733739614486694,0.693109929561615
736,147299,0.7680947780609131,0.3951323628425598,0.7195236086845398,0.693122386932373,,,,,,,
736,147399,0.9167430400848389,0.4718986749649048,0.7914103269577026,0.6931318640708923,,,,,,,
736,147399,,,,,0.6702054142951965,0.5023199319839478,0.9333236813545227,0.8766878247261047,0.4516431391239166,0.7716108560562134,0.6931326985359192
737,147499,0.994996964931488,0.4918787479400635,0.8496448993682861,0.6930533647537231,,,,,,,
737,147599,0.8913832902908325,0.4492075741291046,0.7887397408485413,0.6931281685829163,,,,,,,
737,147599,,,,,0.6695391535758972,0.5045755505561829,0.9257997870445251,0.8749179244041443,0.4511112868785858,0.770357072353363,0.6931007504463196
738,147699,0.982372522354126,0.5060980319976807,0.8228123784065247,0.6930757164955139,,,,,,,
738,147799,0.8547038435935974,0.4419998824596405,0.7592750191688538,0.6931420564651489,,,,,,,
738,147799,,,,,0.6692407131195068,0.5011574625968933,0.9318332672119141,0.8717280626296997,0.450569212436676,0.767730176448822,0.6931430101394653
739,147899,0.9253412485122681,0.4696618914604187,0.80222088098526,0.6930831074714661,,,,,,,
739,147999,0.9380204677581787,0.49447935819625854,0.7901111245155334,0.6931400299072266,,,,,,,
739,147999,,,,,0.6697584986686707,0.5019795298576355,0.9404081106185913,0.8745605945587158,0.45126351714134216,0.7698655128479004,0.6931370496749878
740,148099,0.9028643369674683,0.4700942039489746,0.7793397307395935,0.6931392550468445,,,,,,,
740,148199,0.9239073395729065,0.48475778102874756,0.7857214212417603,0.6931437253952026,,,,,,,
740,148199,,,,,0.670038640499115,0.5011339783668518,0.9505793452262878,0.8760876655578613,0.4514278471469879,0.7712315320968628,0.6931431293487549
741,148299,0.907587468624115,0.4607464075088501,0.7934126257896423,0.6931430101394653,,,,,,,
741,148399,0.9436885118484497,0.4644179344177246,0.8258285522460938,0.6931159496307373,,,,,,,
741,148399,,,,,0.6698858141899109,0.5029116272926331,0.9529703259468079,0.8768365383148193,0.4511617422103882,0.7722384333610535,0.6931272149085999
742,148499,0.8583599925041199,0.44267722964286804,0.7622365951538086,0.6931077241897583,,,,,,,
742,148599,0.9053961634635925,0.4653310179710388,0.7866359353065491,0.6931415796279907,,,,,,,
742,148599,,,,,0.6697273850440979,0.5012152194976807,0.941646158695221,0.8726308941841125,0.45112064480781555,0.7680814266204834,0.6931423544883728
743,148699,0.9258530139923096,0.4815409779548645,0.7908047437667847,0.6929855346679688,,,,,,,
743,148799,0.8907554149627686,0.4710145890712738,0.7662801146507263,0.6930785179138184,,,,,,,
743,148799,,,,,0.6694216728210449,0.5051528215408325,0.9530157446861267,0.876797616481781,0.4507303535938263,0.7726113200187683,0.6930882334709167
744,148899,0.8355817794799805,0.4404449462890625,0.7416514158248901,0.6930291652679443,,,,,,,
744,148999,0.8962857127189636,0.4649781584739685,0.7777814865112305,0.6929479837417603,,,,,,,
744,148999,,,,,0.6695543527603149,0.5098952651023865,0.950564444065094,0.8723253011703491,0.45079270005226135,0.7680051326751709,0.6929450035095215
745,149099,0.9978981018066406,0.4964926242828369,0.8479655981063843,0.6931202411651611,,,,,,,
745,149199,0.8614070415496826,0.4377388656139374,0.77023845911026,0.6931405067443848,,,,,,,
745,149199,,,,,0.6698635220527649,0.5012589693069458,0.9442210793495178,0.870783805847168,0.4513263404369354,0.7660285234451294,0.6931419372558594
746,149299,0.8155128955841064,0.4241288900375366,0.7379350662231445,0.6931021213531494,,,,,,,
746,149399,0.9047683477401733,0.4759247601032257,0.7754141092300415,0.6931410431861877,,,,,,,
746,149399,,,,,0.669776976108551,0.501731812953949,0.9498763680458069,0.8725960850715637,0.4512908458709717,0.7678739428520203,0.6931376457214355
747,149499,0.8423950672149658,0.44174644351005554,0.7472068667411804,0.6931164860725403,,,,,,,
747,149599,0.9549825191497803,0.4850268065929413,0.8165122270584106,0.6931130886077881,,,,,,,
747,149599,,,,,0.6698753237724304,0.503861665725708,0.9568585753440857,0.8752039670944214,0.45148560404777527,0.7702746391296387,0.6931126713752747
748,149699,0.8379982709884644,0.43859410285949707,0.7459756135940552,0.6931428909301758,,,,,,,
748,149799,0.7901374101638794,0.4139906167984009,0.7227178812026978,0.6931422352790833,,,,,,,
748,149799,,,,,0.6700829267501831,0.5012047290802002,0.9406943917274475,0.8738246560096741,0.45168644189834595,0.7687095999717712,0.6931425333023071
749,149899,0.9675578474998474,0.48559772968292236,0.828528106212616,0.6931358575820923,,,,,,,
749,149999,0.7569177746772766,0.3981984853744507,0.705288290977478,0.6931380033493042,,,,,,,
749,149999,,,,,0.6691858768463135,0.5011045336723328,0.9258300065994263,0.8704657554626465,0.4504682123661041,0.7665691375732422,0.6931434273719788
750,150099,0.7551569938659668,0.4033125638961792,0.6984085440635681,0.6931281089782715,,,,,,,
750,150199,0.9188352227210999,0.4687771797180176,0.796588659286499,0.6930612325668335,,,,,,,
750,150199,,,,,0.6695863008499146,0.5069742202758789,0.9246641397476196,0.8739008903503418,0.45075464248657227,0.769668459892273,0.6930444836616516
751,150299,0.7759828567504883,0.4126763343811035,0.7098571062088013,0.6931011080741882,,,,,,,
751,150399,0.8416979312896729,0.429932177066803,0.7582818269729614,0.6930322647094727,,,,,,,
751,150399,,,,,0.6697016954421997,0.5075331926345825,0.9241104125976562,0.8671100735664368,0.45084792375564575,0.7627756595611572,0.6930270791053772
752,150499,0.8810943365097046,0.44467952847480774,0.7829861044883728,0.6931425929069519,,,,,,,
752,150599,0.6992174386978149,0.37331923842430115,0.6724692583084106,0.6931421756744385,,,,,,,
752,150599,,,,,0.669651448726654,0.5012416839599609,0.9317758083343506,0.8721392154693604,0.4506613612174988,0.7680491209030151,0.6931425929069519
753,150699,1.0104743242263794,0.5052343606948853,0.8517971038818359,0.6931142807006836,,,,,,,
753,150799,0.9897149801254272,0.5171355605125427,0.8191494345664978,0.6931400299072266,,,,,,,
753,150799,,,,,0.669084370136261,0.5013123750686646,0.9271281957626343,0.8696214556694031,0.44999241828918457,0.766200065612793,0.6931421160697937
754,150899,0.9097464084625244,0.4574553370475769,0.7988619208335876,0.6931416392326355,,,,,,,
754,150999,0.7900160551071167,0.408397912979126,0.7281728982925415,0.6931095123291016,,,,,,,
754,150999,,,,,0.669101357460022,0.5030666589736938,0.9508213996887207,0.8687230348587036,0.45012372732162476,0.765160322189331,0.693121612071991
755,151099,0.943584680557251,0.48115110397338867,0.8090020418167114,0.693136990070343,,,,,,,
755,151199,0.8013910055160522,0.40974161028862,0.7382206320762634,0.6931423544883728,,,,,,,
755,151199,,,,,0.6700972318649292,0.5013532638549805,0.9394333958625793,0.8746353983879089,0.45177149772644043,0.7694348692893982,0.693141520023346
756,151299,0.8877891898155212,0.4719829857349396,0.7623769044876099,0.6931413412094116,,,,,,,
756,151399,0.9116922616958618,0.47007322311401367,0.7881869077682495,0.693135678768158,,,,,,,
756,151399,,,,,0.6695974469184875,0.5019841194152832,0.9425167441368103,0.8716365694999695,0.4508686363697052,0.7673360705375671,0.6931359171867371
757,151499,0.7611188888549805,0.38845205307006836,0.7192336916923523,0.6931338906288147,,,,,,,
757,151599,0.8819963932037354,0.46105679869651794,0.7674969434738159,0.6931147575378418,,,,,,,
757,151599,,,,,0.669829785823822,0.5039016008377075,0.9271876215934753,0.8710185289382935,0.4510517716407776,0.7665234208106995,0.6931132674217224
758,151699,0.9343072772026062,0.46384376287460327,0.8170192241668701,0.6931115388870239,,,,,,,
758,151799,0.8808696269989014,0.4528331756591797,0.7746002674102783,0.6931276917457581,,,,,,,
758,151799,,,,,0.6694706082344055,0.5036783218383789,0.9254701137542725,0.8706921935081482,0.45070794224739075,0.7665420770645142,0.6931159496307373
759,151899,0.8728061318397522,0.46211177110671997,0.7572299242019653,0.6930712461471558,,,,,,,
759,151999,0.9638670682907104,0.5152921080589294,0.7951451539993286,0.6931402087211609,,,,,,,
759,151999,,,,,0.6695308685302734,0.5016316771507263,0.938495397567749,0.8715395331382751,0.45082685351371765,0.7672821283340454,0.6931393146514893
760,152099,0.9409438371658325,0.49088913202285767,0.7966213822364807,0.6931332945823669,,,,,,,
760,152199,0.8467951416969299,0.4290071129798889,0.7643594145774841,0.6931427717208862,,,,,,,
760,152199,,,,,0.6695267558097839,0.5009415745735168,0.9549113512039185,0.8728047609329224,0.4508011043071747,0.76857590675354,0.6931443810462952
761,152299,0.7164410352706909,0.37429380416870117,0.6887058615684509,0.6931173801422119,,,,,,,
761,152399,0.9810304641723633,0.49964386224746704,0.8279468417167664,0.6931204199790955,,,,,,,
761,152399,,,,,0.6695668697357178,0.5030914545059204,0.9493507742881775,0.8708959221839905,0.4505596160888672,0.7668985724449158,0.6931247711181641
762,152499,0.9086062908172607,0.4750647246837616,0.7801108956336975,0.693138599395752,,,,,,,
762,152599,0.8341389894485474,0.4427776336669922,0.7379331588745117,0.6931436061859131,,,,,,,
762,152599,,,,,0.6698400378227234,0.5016054511070251,0.9628915190696716,0.8729742765426636,0.4510383903980255,0.7685057520866394,0.6931400895118713
763,152699,1.0061118602752686,0.5044324398040771,0.8482465147972107,0.6931343674659729,,,,,,,
763,152799,1.0707943439483643,0.5306285619735718,0.8867332339286804,0.6931347846984863,,,,,,,
763,152799,,,,,0.6695884466171265,0.5019112229347229,0.9574645161628723,0.8700122237205505,0.45089811086654663,0.765682578086853,0.6931368708610535
764,152899,0.9167776107788086,0.4789001941680908,0.7844186425209045,0.6930823922157288,,,,,,,
764,152999,0.9963343739509583,0.5065340995788574,0.8363720774650574,0.6931437253952026,,,,,,,
764,152999,,,,,0.6697306036949158,0.5012612342834473,0.9427556991577148,0.86737459897995,0.45079508423805237,0.7631505727767944,0.6931422352790833
765,153099,1.0273566246032715,0.533889889717102,0.8400354385375977,0.693137526512146,,,,,,,
765,153199,0.8573196530342102,0.4394338130950928,0.7644557952880859,0.693139910697937,,,,,,,
765,153199,,,,,0.6700541377067566,0.5021236538887024,0.953373908996582,0.8707897067070007,0.4512251615524292,0.7661321759223938,0.6931350827217102
766,153299,0.9501727819442749,0.4913656413555145,0.8053752779960632,0.6931362152099609,,,,,,,
766,153399,0.8081021308898926,0.4219379425048828,0.7327360510826111,0.6931438446044922,,,,,,,
766,153399,,,,,0.6691139936447144,0.501069188117981,0.9425369501113892,0.8663806915283203,0.4501180350780487,0.7628344297409058,0.6931436061859131
767,153499,0.8565878868103027,0.4213549494743347,0.7817808985710144,0.6930959224700928,,,,,,,
767,153599,0.6502434015274048,0.34657156467437744,0.6502307057380676,0.6931177377700806,,,,,,,
767,153599,,,,,0.6693093180656433,0.5031030774116516,0.9253476858139038,0.871304452419281,0.45054271817207336,0.767323911190033,0.693123996257782
768,153699,0.8728446364402771,0.43724381923675537,0.782154381275177,0.6931072473526001,,,,,,,
768,153799,0.8408872485160828,0.4259079694747925,0.7615455389022827,0.6931325197219849,,,,,,,
768,153799,,,,,0.6689310073852539,0.5026760101318359,0.9583717584609985,0.8756791353225708,0.449928343296051,0.772316038608551,0.6931306719779968
769,153899,0.8673036098480225,0.44315803050994873,0.7707110643386841,0.6931310296058655,,,,,,,
769,153999,0.8126310110092163,0.4277859926223755,0.7314156293869019,0.6931412220001221,,,,,,,
769,153999,,,,,0.669263482093811,0.5014375448226929,0.9343526363372803,0.8710960149765015,0.4502246081829071,0.7674418687820435,0.6931410431861877
770,154099,0.8309797644615173,0.42978185415267944,0.7477698922157288,0.6931439638137817,,,,,,,
770,154199,0.8709335327148438,0.4570492208003998,0.7604447603225708,0.6931208968162537,,,,,,,
770,154199,,,,,0.6693692803382874,0.5030550360679626,0.9249640703201294,0.8706834316253662,0.4505743086338043,0.7666720151901245,0.6931255459785461
771,154299,0.98625648021698,0.4913507401943207,0.8414771556854248,0.6931429505348206,,,,,,,
771,154399,0.8612598776817322,0.43746060132980347,0.7703598141670227,0.693121075630188,,,,,,,
771,154399,,,,,0.6694252490997314,0.5027299523353577,0.925140917301178,0.8684375286102295,0.4505029618740082,0.7644981145858765,0.6931275129318237
772,154499,0.7850680351257324,0.4113123416900635,0.7203152179718018,0.6931191086769104,,,,,,,
772,154599,0.7952283620834351,0.40511447191238403,0.7366635799407959,0.6930992007255554,,,,,,,
772,154599,,,,,0.6692549586296082,0.5057038068771362,0.9510488510131836,0.8696272373199463,0.45029890537261963,0.7658669948577881,0.6930771470069885
773,154699,0.9388753771781921,0.4998588562011719,0.7855720520019531,0.6931110620498657,,,,,,,
773,154799,0.8645060062408447,0.44553613662719727,0.7655417323112488,0.693143904209137,,,,,,,
773,154799,,,,,0.6695350408554077,0.5011793375015259,0.9258490204811096,0.8722087144851685,0.45072025060653687,0.7680596709251404,0.6931426525115967
774,154899,0.8560904860496521,0.44535592198371887,0.7572980523109436,0.6931270360946655,,,,,,,
774,154999,0.8122268319129944,0.421785831451416,0.7369946241378784,0.6931072473526001,,,,,,,
774,154999,,,,,0.6689968705177307,0.5035169720649719,0.9278364181518555,0.8659574389457703,0.44995298981666565,0.7625632882118225,0.6931174993515015
775,155099,0.9005938172340393,0.4346926212310791,0.8124726414680481,0.6931427717208862,,,,,,,
775,155199,0.8404238820075989,0.4350457191467285,0.751941978931427,0.6931275129318237,,,,,,,
775,155199,,,,,0.6689487099647522,0.5024024844169617,0.9566654562950134,0.8681779503822327,0.44992467761039734,0.764819324016571,0.6931319832801819
776,155299,0.8803659677505493,0.44799351692199707,0.7789434790611267,0.6931421160697937,,,,,,,
776,155399,0.9555291533470154,0.49894440174102783,0.8031560182571411,0.6931425333023071,,,,,,,
776,155399,,,,,0.668731689453125,0.5010197758674622,0.9432798027992249,0.8659251928329468,0.4494626522064209,0.7630342841148376,0.693143904209137
777,155499,0.9211468696594238,0.48153308033943176,0.7861761450767517,0.6931247711181641,,,,,,,
777,155599,0.8296799659729004,0.44750624895095825,0.7287435531616211,0.6931396126747131,,,,,,,
777,155599,,,,,0.6691877841949463,0.5010609030723572,0.9392503499984741,0.8661646842956543,0.45012351870536804,0.76261305809021,0.6931438446044922
778,155699,0.869016170501709,0.45334941148757935,0.7622364163398743,0.6931392550468445,,,,,,,
778,155799,0.8604534268379211,0.4463672637939453,0.7606582641601562,0.6931442022323608,,,,,,,
778,155799,,,,,0.6690650582313538,0.5012409090995789,0.9557837247848511,0.8687281608581543,0.4501463770866394,0.765153169631958,0.6931426525115967
779,155899,0.8463238477706909,0.4289272725582123,0.7639621496200562,0.6931312084197998,,,,,,,
779,155999,0.9124164581298828,0.4855278432369232,0.7734609842300415,0.6931447982788086,,,,,,,
779,155999,,,,,0.6690567135810852,0.5009270906448364,0.9506279230117798,0.8634604215621948,0.4500940442085266,0.7599387168884277,0.6931445598602295
780,156099,0.8978343605995178,0.45643192529678345,0.7879737019538879,0.6931425333023071,,,,,,,
780,156199,0.9359549880027771,0.4796563386917114,0.8028707504272461,0.6931442022323608,,,,,,,
780,156199,,,,,0.669058620929718,0.5010946989059448,0.9452707171440125,0.8654327988624573,0.44996750354766846,0.7620368599891663,0.6931433081626892
781,156299,0.9106593728065491,0.4685966372489929,0.7886284589767456,0.6931313276290894,,,,,,,
781,156399,0.9143857955932617,0.47855114936828613,0.782400369644165,0.6931314468383789,,,,,,,
781,156399,,,,,0.6690515875816345,0.502842128276825,0.9262550473213196,0.8697697520256042,0.45016276836395264,0.7661709785461426,0.6931278109550476
782,156499,0.9310596585273743,0.472635954618454,0.8049944639205933,0.6931415796279907,,,,,,,
782,156599,0.9737328290939331,0.5191135406494141,0.8011766672134399,0.6931148171424866,,,,,,,
782,156599,,,,,0.6691852807998657,0.5037299990653992,0.9550662040710449,0.8697622418403625,0.4504683315753937,0.7658522725105286,0.6931165456771851
783,156699,0.8062455654144287,0.40854302048683167,0.7442693710327148,0.693133533000946,,,,,,,
783,156799,0.867149829864502,0.43772754073143005,0.7759879231452942,0.6931312084197998,,,,,,,
783,156799,,,,,0.6690589189529419,0.5027084350585938,0.9526432156562805,0.8667360544204712,0.4502996802330017,0.7630012035369873,0.6931298971176147
784,156899,0.8837530612945557,0.4480011761188507,0.7823178768157959,0.6931319236755371,,,,,,,
784,156999,0.9236348867416382,0.47081032395362854,0.7993943691253662,0.6931395530700684,,,,,,,
784,156999,,,,,0.6694120168685913,0.5015718936920166,0.9291883707046509,0.8707464337348938,0.45070597529411316,0.7666107416152954,0.6931403279304504
785,157099,0.9280250072479248,0.47735974192619324,0.7972370982170105,0.6931436657905579,,,,,,,
785,157199,0.9584107398986816,0.5023210048675537,0.8026583790779114,0.6931371092796326,,,,,,,
785,157199,,,,,0.6692141890525818,0.5023617744445801,0.9509184956550598,0.8694172501564026,0.4501921832561493,0.7657922506332397,0.693134069442749
786,157299,0.8244377970695496,0.4289324879646301,0.7420758605003357,0.6931411027908325,,,,,,,
786,157399,0.9223747253417969,0.46353787183761597,0.8053925633430481,0.6931113600730896,,,,,,,
786,157399,,,,,0.6688143014907837,0.5039092898368835,0.9246312379837036,0.867364227771759,0.449787437915802,0.7641333341598511,0.6931132078170776
787,157499,0.8327343463897705,0.43751099705696106,0.7417947053909302,0.6931426525115967,,,,,,,
787,157599,0.8768236637115479,0.4683755040168762,0.755021333694458,0.6931461691856384,,,,,,,
787,157599,,,,,0.6692342758178711,0.5010051131248474,0.9527544379234314,0.8662693500518799,0.4502362608909607,0.7626051306724548,0.6931439638137817
788,157699,1.020310640335083,0.5085471868515015,0.8583175539970398,0.6931081414222717,,,,,,,
788,157799,0.9711095094680786,0.47698888182640076,0.8406922817230225,0.693143367767334,,,,,,,
788,157799,,,,,0.6689342856407166,0.5009903907775879,0.943437933921814,0.8663195967674255,0.4499512314796448,0.762940526008606,0.6931441426277161
789,157899,0.7377079725265503,0.37443041801452637,0.7098479866981506,0.6931407451629639,,,,,,,
789,157999,0.8410665988922119,0.44171953201293945,0.7459133863449097,0.6931325793266296,,,,,,,
789,157999,,,,,0.6693710684776306,0.5027338862419128,0.924802839756012,0.8664303421974182,0.4504148066043854,0.762580156326294,0.6931294798851013
790,158099,0.9579261541366577,0.4984779357910156,0.8060166239738464,0.6931369304656982,,,,,,,
790,158199,0.9652246832847595,0.5203233361244202,0.7914609909057617,0.6931191682815552,,,,,,,
790,158199,,,,,0.6689974665641785,0.5043045878410339,0.9500176310539246,0.865552544593811,0.44997185468673706,0.7621340155601501,0.6931064128875732
791,158299,0.9523189067840576,0.4916400909423828,0.8072474598884583,0.6931372284889221,,,,,,,
791,158399,0.8697441816329956,0.4477137327194214,0.7686024308204651,0.6931440830230713,,,,,,,
791,158399,,,,,0.6692418456077576,0.5015506148338318,0.9498409032821655,0.8681978583335876,0.45024099946022034,0.7645266652107239,0.6931400895118713
792,158499,0.9039773941040039,0.46568411588668823,0.7848623991012573,0.6931381225585938,,,,,,,
792,158599,0.8863579630851746,0.46997588872909546,0.76295405626297,0.6931439638137817,,,,,,,
792,158599,,,,,0.6690507531166077,0.5009154081344604,0.9425898194313049,0.8655823469161987,0.4502820372581482,0.7618726491928101,0.6931446194648743
793,158699,0.9089368581771851,0.4708150029182434,0.784683883190155,0.693123996257782,,,,,,,
793,158799,0.9502339959144592,0.4706510603427887,0.8261302709579468,0.6930946111679077,,,,,,,
793,158799,,,,,0.6693539619445801,0.5050349831581116,0.9517814517021179,0.8656564354896545,0.45057618618011475,0.761626124382019,0.693091630935669
794,158899,0.8702788352966309,0.4669351875782013,0.749914824962616,0.6931423544883728,,,,,,,
794,158999,1.0403532981872559,0.5336346626281738,0.8532909154891968,0.6931444406509399,,,,,,,
794,158999,,,,,0.6686919331550598,0.5009486079216003,0.9404304623603821,0.8650465607643127,0.4497877359390259,0.7618310451507568,0.6931443214416504
795,159099,0.7791786193847656,0.40044471621513367,0.7253026962280273,0.6931376457214355,,,,,,,
795,159199,0.8779416680335999,0.46621912717819214,0.7582842707633972,0.693123459815979,,,,,,,
795,159199,,,,,0.6693022847175598,0.5029441714286804,0.9225471615791321,0.8672103881835938,0.45041656494140625,0.7633574604988098,0.6931272745132446
796,159299,0.7945826053619385,0.4119375944137573,0.7292079925537109,0.6931260228157043,,,,,,,
796,159399,0.9629456400871277,0.4986950159072876,0.8108079433441162,0.6931146383285522,,,,,,,
796,159399,,,,,0.6688390374183655,0.5044301748275757,0.9260169863700867,0.8636133670806885,0.4498448669910431,0.7603210210800171,0.6931052803993225
797,159499,0.9813896417617798,0.5159925222396851,0.8119692802429199,0.6931442618370056,,,,,,,
797,159599,0.9539640545845032,0.4929869472980499,0.8075486421585083,0.6931430101394653,,,,,,,
797,159599,,,,,0.6689002513885498,0.5017483830451965,0.9298890233039856,0.8647265434265137,0.44983065128326416,0.7614657282829285,0.6931394934654236
798,159699,0.9075791239738464,0.4795430302619934,0.7746023535728455,0.6931325197219849,,,,,,,
798,159799,0.7875121831893921,0.41464763879776,0.7194364666938782,0.693143904209137,,,,,,,
798,159799,,,,,0.6691741943359375,0.5010058879852295,0.9596120119094849,0.8663886189460754,0.450259804725647,0.7627010345458984,0.6931440234184265
799,159899,0.8218040466308594,0.4270920157432556,0.7412819266319275,0.6931397318840027,,,,,,,
799,159999,0.8696512579917908,0.4496167004108429,0.7666051983833313,0.6931413412094116,,,,,,,
799,159999,,,,,0.6691598892211914,0.5014423131942749,0.9320520758628845,0.8643991351127625,0.4502134621143341,0.7607564330101013,0.6931414604187012
800,160099,0.9383014440536499,0.4984457790851593,0.7864230275154114,0.6931347250938416,,,,,,,
800,160199,0.9736078977584839,0.4862733781337738,0.8339065909385681,0.6931440830230713,,,,,,,
800,160199,,,,,0.6693240404129028,0.5011295676231384,0.9541500210762024,0.8651244044303894,0.45052987337112427,0.761165976524353,0.6931428909301758
801,160299,0.830954372882843,0.4482765793800354,0.7292470932006836,0.6931384801864624,,,,,,,
801,160399,0.8758751749992371,0.46935296058654785,0.7530950903892517,0.6931458711624146,,,,,,,
801,160399,,,,,0.6684082746505737,0.5008804798126221,0.9458402991294861,0.8638833165168762,0.44933417439460754,0.7611215710639954,0.6931447386741638
802,160499,0.8706021308898926,0.46466171741485596,0.7525111436843872,0.6931414604187012,,,,,,,
802,160599,1.0019810199737549,0.5356111526489258,0.8129404783248901,0.6931411027908325,,,,,,,
802,160599,,,,,0.6684316396713257,0.5016394853591919,0.9457933306694031,0.8639371395111084,0.44934913516044617,0.7611581087112427,0.6931402683258057
803,160699,0.8040357232093811,0.42756128311157227,0.7230421900749207,0.6931356191635132,,,,,,,
803,160799,0.955010712146759,0.4952629804611206,0.8063201904296875,0.6931449174880981,,,,,,,
803,160799,,,,,0.6685831546783447,0.5007767081260681,0.9375870823860168,0.8632861971855164,0.44953230023384094,0.7603265643119812,0.6931453347206116
804,160899,0.8214895129203796,0.4294132590293884,0.7386489510536194,0.6931453943252563,,,,,,,
804,160999,0.748188853263855,0.3895711600780487,0.7051863074302673,0.6931372284889221,,,,,,,
804,160999,,,,,0.6687288880348206,0.5018953084945679,0.9276833534240723,0.8625764846801758,0.4497899115085602,0.7593556046485901,0.6931378245353699
805,161099,0.8974528312683105,0.47531557083129883,0.7687093019485474,0.6931440234184265,,,,,,,
805,161199,0.8503125905990601,0.43018943071365356,0.7666959166526794,0.6931454539299011,,,,,,,
805,161199,,,,,0.6686046123504639,0.5009549856185913,0.9516205787658691,0.8630465865135193,0.4495515525341034,0.760067343711853,0.6931442618370056
806,161299,0.874255895614624,0.453837126493454,0.7669894099235535,0.6931411623954773,,,,,,,
806,161399,0.910171627998352,0.480068564414978,0.776631772518158,0.6930572986602783,,,,,,,
806,161399,,,,,0.6686534881591797,0.5060071349143982,0.9536845088005066,0.8631084561347961,0.4495914578437805,0.7600530982017517,0.6930721998214722
807,161499,0.9055161476135254,0.477813184261322,0.7742701768875122,0.6931343674659729,,,,,,,
807,161599,0.8905255794525146,0.4562233090400696,0.7808740139007568,0.693143367767334,,,,,,,
807,161599,,,,,0.6687537431716919,0.5008966326713562,0.9454360604286194,0.8643149733543396,0.4498310089111328,0.7610563635826111,0.6931446194648743
808,161699,0.8362668752670288,0.4360278248786926,0.7467922568321228,0.693106472492218,,,,,,,
808,161799,0.8240496516227722,0.45401912927627563,0.7166006565093994,0.6931401491165161,,,,,,,
808,161799,,,,,0.669141411781311,0.5016029477119446,0.9552443027496338,0.8630967140197754,0.4502626359462738,0.7594041228294373,0.6931400299072266
809,161899,0.7322195768356323,0.3979227542877197,0.6808677315711975,0.6931416988372803,,,,,,,
809,161999,0.8286590576171875,0.430218905210495,0.7450019717216492,0.6931236386299133,,,,,,,
809,161999,,,,,0.6690656542778015,0.5035065412521362,0.9248707890510559,0.86270672082901,0.45012348890304565,0.7591431736946106,0.6931196451187134
810,162099,1.0401723384857178,0.5191038846969604,0.867641270160675,0.6931456327438354,,,,,,,
810,162199,0.9071046113967896,0.48894059658050537,0.7647335529327393,0.6931390762329102,,,,,,,
810,162199,,,,,0.6687553524971008,0.501430094242096,0.9241926074028015,0.8634428977966309,0.44977107644081116,0.7602426409721375,0.6931416392326355
811,162299,0.8088741898536682,0.4273492395877838,0.7280958890914917,0.6931418180465698,,,,,,,
811,162399,0.8018909096717834,0.4377385675907135,0.710723876953125,0.6931430101394653,,,,,,,
811,162399,,,,,0.6693183183670044,0.5010999441146851,0.9433388710021973,0.8637867569923401,0.4504203796386719,0.75993812084198,0.6931434273719788
812,162499,0.7299877405166626,0.3974612355232239,0.6790851950645447,0.6931173801422119,,,,,,,
812,162599,0.907612144947052,0.4464026987552643,0.8077757358551025,0.6931325197219849,,,,,,,
812,162599,,,,,0.6686273217201233,0.5026950836181641,0.9244658350944519,0.8606870174407959,0.4495440721511841,0.7577080726623535,0.6931302547454834
813,162699,0.9439653158187866,0.47319692373275757,0.8173350095748901,0.6931331157684326,,,,,,,
813,162799,0.9576828479766846,0.4913075864315033,0.8129475116729736,0.6931445002555847,,,,,,,
813,162799,,,,,0.668367862701416,0.5008631944656372,0.9468548893928528,0.8622291088104248,0.4493652284145355,0.7594361305236816,0.6931447982788086
814,162899,0.8955807089805603,0.44210153818130493,0.8000417351722717,0.6931251287460327,,,,,,,
814,162999,0.8271469473838806,0.4380703568458557,0.7356420755386353,0.6931310892105103,,,,,,,
814,162999,,,,,0.6693411469459534,0.5024033188819885,0.9232766628265381,0.865231454372406,0.45059385895729065,0.761204183101654,0.6931334137916565
815,163099,0.9679829478263855,0.5132911205291748,0.8012619018554688,0.6931401491165161,,,,,,,
815,163199,0.7714114785194397,0.40853947401046753,0.7094190716743469,0.6930941343307495,,,,,,,
815,163199,,,,,0.6689627766609192,0.50423264503479,0.9529903531074524,0.8632047176361084,0.449969619512558,0.7597895860671997,0.693108856678009
816,163299,0.9024549722671509,0.4590299129486084,0.789995551109314,0.6931409239768982,,,,,,,
816,163399,0.8497742414474487,0.4516679644584656,0.7446750998497009,0.6931376457214355,,,,,,,
816,163399,,,,,0.6687687635421753,0.5017071962356567,0.9288984537124634,0.8634445071220398,0.4496936798095703,0.7603204250335693,0.6931395530700684
817,163499,0.8673473596572876,0.45356324315071106,0.7603521347045898,0.6931359767913818,,,,,,,
817,163599,0.8583120107650757,0.44163748621940613,0.7632467746734619,0.6931445598602295,,,,,,,
817,163599,,,,,0.6687636375427246,0.5009007453918457,0.9302910566329956,0.8610192537307739,0.4497566819190979,0.7578346133232117,0.6931445598602295
818,163699,0.8802337646484375,0.44347190856933594,0.7833346128463745,0.6931455135345459,,,,,,,
818,163799,0.8935611248016357,0.4720454812049866,0.7680844068527222,0.6931375861167908,,,,,,,
818,163799,,,,,0.6683863997459412,0.5022918581962585,0.9517363905906677,0.8612990975379944,0.44922807812690735,0.7586380243301392,0.6931345462799072
819,163899,0.8577609062194824,0.43162745237350464,0.7726893424987793,0.6931118369102478,,,,,,,
819,163999,0.7760799527168274,0.4158472716808319,0.7067986726760864,0.6931320428848267,,,,,,,
819,163999,,,,,0.6685225367546082,0.5026184320449829,0.9228977560997009,0.8611425161361694,0.4494621753692627,0.7582461833953857,0.6931318640708923
820,164099,0.953089714050293,0.49126937985420227,0.8083930015563965,0.6931452751159668,,,,,,,
820,164199,0.8841546177864075,0.4555820822715759,0.7751383781433105,0.6931318044662476,,,,,,,
820,164199,,,,,0.6690218448638916,0.5024135112762451,0.9513245224952698,0.8634670972824097,0.45004311203956604,0.7599904537200928,0.6931331753730774
821,164299,0.8387665152549744,0.4161376953125,0.7691981196403503,0.6931387186050415,,,,,,,
821,164399,0.8440220355987549,0.46317383646965027,0.7274194955825806,0.6931425929069519,,,,,,,
821,164399,,,,,0.6683999300003052,0.5013837814331055,0.9324667453765869,0.8612143397331238,0.4491988718509674,0.7585863471031189,0.693141520023346
822,164499,0.8951334953308105,0.46489375829696655,0.7768096923828125,0.6931400299072266,,,,,,,
822,164599,0.900398313999176,0.45995646715164185,0.7870137095451355,0.6931437253952026,,,,,,,
822,164599,,,,,0.6688759326934814,0.5010427236557007,0.9351330399513245,0.8639266490936279,0.44978249073028564,0.7607160806655884,0.6931437253952026
823,164699,0.8236294388771057,0.46936875581741333,0.700827419757843,0.6931334733963013,,,,,,,
823,164799,0.9120043516159058,0.48101645708084106,0.7775583267211914,0.6931408047676086,,,,,,,
823,164799,,,,,0.6687375903129578,0.5016065239906311,0.9296537637710571,0.8618803024291992,0.4496745765209198,0.7587760090827942,0.6931402087211609
824,164899,0.9331768155097961,0.49072396755218506,0.7890252470970154,0.693144679069519,,,,,,,
824,164999,0.710780143737793,0.3763161599636078,0.6810325384140015,0.6931372284889221,,,,,,,
824,164999,,,,,0.6687455773353577,0.5022767186164856,0.9496140480041504,0.8612307906150818,0.4496660828590393,0.7581321001052856,0.6931346654891968
825,165099,0.902616024017334,0.47395819425582886,0.775218665599823,0.6931216716766357,,,,,,,
825,165199,0.8855782747268677,0.4559604525566101,0.7761833071708679,0.6931310296058655,,,,,,,
825,165199,,,,,0.6690675616264343,0.5022085905075073,0.9254199862480164,0.8616811633110046,0.45020779967308044,0.7580406069755554,0.6931346654891968
826,165299,0.9404884576797485,0.47024232149124146,0.8168166279792786,0.693140983581543,,,,,,,
826,165399,0.9791162014007568,0.5244318842887878,0.8012570142745972,0.6931453347206116,,,,,,,
826,165399,,,,,0.6686510443687439,0.5009025931358337,0.935677707195282,0.8606221079826355,0.4495464861392975,0.7576478719711304,0.6931446194648743
827,165499,0.887373685836792,0.45105892419815063,0.782882571220398,0.6931357383728027,,,,,,,
827,165599,0.8934177756309509,0.48132508993148804,0.7586497068405151,0.6931139230728149,,,,,,,
827,165599,,,,,0.6684743165969849,0.5035008192062378,0.9519716501235962,0.8591664433479309,0.44931960105895996,0.7564066648483276,0.6931195855140686
828,165699,0.8525155782699585,0.44868552684783936,0.750396728515625,0.6931332945823669,,,,,,,
828,165799,0.8323394656181335,0.45151206851005554,0.7273994088172913,0.6931439638137817,,,,,,,
828,165799,,,,,0.668567955493927,0.5011305212974548,0.941469669342041,0.8608576059341431,0.44944122433662415,0.7579880952835083,0.693143367767334
829,165899,0.9604078531265259,0.495515376329422,0.8114652633666992,0.6931455135345459,,,,,,,
829,165999,0.7961751222610474,0.40331047773361206,0.73943692445755,0.6931445598602295,,,,,,,
829,165999,,,,,0.6686952114105225,0.5015013813972473,0.9264018535614014,0.8609042763710022,0.4498428702354431,0.757631778717041,0.6931408643722534
830,166099,0.9828629493713379,0.49696558713912964,0.832468569278717,0.6931423544883728,,,,,,,
830,166199,0.8069349527359009,0.42519262433052063,0.7283123731613159,0.6931400299072266,,,,,,,
830,166199,,,,,0.6686891317367554,0.5017185211181641,0.9291374683380127,0.862332820892334,0.44963139295578003,0.759270966053009,0.6931389570236206
831,166299,0.7914364337921143,0.42315584421157837,0.7148432731628418,0.693125307559967,,,,,,,
831,166399,0.830388069152832,0.4352632761001587,0.741697371006012,0.6931452751159668,,,,,,,
831,166399,,,,,0.668741762638092,0.5009186863899231,0.936282753944397,0.8616072535514832,0.4498990476131439,0.7582805156707764,0.6931445002555847
832,166499,0.8780229091644287,0.4732181429862976,0.7513769268989563,0.6931442618370056,,,,,,,
832,166599,0.9410831332206726,0.47866469621658325,0.8089905977249146,0.6931444406509399,,,,,,,
832,166599,,,,,0.6686469912528992,0.5011554956436157,0.9443314075469971,0.861487090587616,0.449693500995636,0.7583651542663574,0.6931431293487549
833,166699,0.9149003028869629,0.4713343679904938,0.7901383638381958,0.6931447982788086,,,,,,,
833,166799,0.8494004607200623,0.4466184079647064,0.749347984790802,0.6931318044662476,,,,,,,
833,166799,,,,,0.6685507297515869,0.5027705430984497,0.953385055065155,0.8606587648391724,0.4495912194252014,0.7576321363449097,0.693129301071167
834,166899,0.9105406999588013,0.4756738543510437,0.7814304828643799,0.6931273937225342,,,,,,,
834,166999,0.8353462815284729,0.44371503591537476,0.7382017374038696,0.6931408643722534,,,,,,,
834,166999,,,,,0.6681986451148987,0.5020154714584351,0.9228501915931702,0.8589118719100952,0.4490159749984741,0.7564648389816284,0.6931376457214355
835,167099,0.9342072606086731,0.4797283411026001,0.8010376691818237,0.6931174993515015,,,,,,,
835,167199,0.9669301509857178,0.48562929034233093,0.8278719782829285,0.6931422352790833,,,,,,,
835,167199,,,,,0.6686931252479553,0.5012222528457642,0.9514710307121277,0.8596467971801758,0.44965019822120667,0.756568193435669,0.6931431889533997
836,167299,0.8040473461151123,0.4332605004310608,0.7173582315444946,0.6931428909301758,,,,,,,
836,167399,0.889565110206604,0.4748731851577759,0.7612621784210205,0.69314044713974,,,,,,,
836,167399,,,,,0.6687212586402893,0.5014784932136536,0.9249330759048462,0.8609340786933899,0.4498477280139923,0.7576571106910706,0.6931414008140564
837,167499,0.7856106758117676,0.43046659231185913,0.701716423034668,0.6931447982788086,,,,,,,
837,167599,0.8410756587982178,0.4488914906978607,0.7387548685073853,0.693141520023346,,,,,,,
837,167599,,,,,0.668416440486908,0.5016063451766968,0.9517356753349304,0.8622542023658752,0.4493033289909363,0.7595210671424866,0.6931405067443848
838,167699,0.7441743612289429,0.39990830421447754,0.6908386945724487,0.6931452751159668,,,,,,,
838,167799,0.9313145279884338,0.48131313920021057,0.7965742349624634,0.6931456327438354,,,,,,,
838,167799,,,,,0.6685795783996582,0.5007507801055908,0.9413644671440125,0.8611905574798584,0.44961026310920715,0.7581532001495361,0.6931453943252563
839,167899,0.7956609129905701,0.43562281131744385,0.7066105604171753,0.6931449174880981,,,,,,,
839,167999,0.8170117735862732,0.4237229824066162,0.7398614287376404,0.6931453943252563,,,,,,,
839,167999,,,,,0.6683621406555176,0.500760555267334,0.9519026279449463,0.8592149019241333,0.4492707848548889,0.7565168142318726,0.6931453943252563
840,168099,0.7970137000083923,0.41403821110725403,0.7295478582382202,0.693144679069519,,,,,,,
840,168199,0.8775142431259155,0.4591468572616577,0.7649400234222412,0.6931453347206116,,,,,,,
840,168199,,,,,0.6687586903572083,0.5007616877555847,0.947823703289032,0.8605746030807495,0.4498730003833771,0.757274329662323,0.6931454539299011
841,168299,0.9094072580337524,0.4839954674243927,0.7719844579696655,0.6931452751159668,,,,,,,
841,168399,0.9004713296890259,0.4731670022010803,0.7738662362098694,0.6931238174438477,,,,,,,
841,168399,,,,,0.6686835289001465,0.5033513307571411,0.9249688386917114,0.860902726650238,0.44961318373680115,0.7578510642051697,0.6931229829788208
842,168499,0.8819357752799988,0.4682886302471161,0.7602204084396362,0.6931465864181519,,,,,,,
842,168599,0.9781491160392761,0.512213945388794,0.8124914169311523,0.6931124925613403,,,,,,,
842,168599,,,,,0.6682206392288208,0.5043272972106934,0.9526060223579407,0.858839750289917,0.44904062151908875,0.7563531994819641,0.6931082606315613
843,168699,0.8708308935165405,0.45239245891571045,0.7650085091590881,0.6931403279304504,,,,,,,
843,168799,0.8949434757232666,0.46619337797164917,0.7753214836120605,0.693142831325531,,,,,,,
843,168799,,,,,0.6681209802627563,0.501437783241272,0.9489297866821289,0.858353853225708,0.4488646686077118,0.7560603618621826,0.6931421160697937
844,168899,0.7947943210601807,0.41618862748146057,0.725174069404602,0.6931366324424744,,,,,,,
844,168999,0.8004698753356934,0.41896602511405945,0.728076159954071,0.6931446194648743,,,,,,,
844,168999,,,,,0.6684831380844116,0.5011042952537537,0.9461431503295898,0.8598299622535706,0.4495055079460144,0.7568960785865784,0.6931435465812683
845,169099,1.0170179605484009,0.5399789810180664,0.8236098885536194,0.693141758441925,,,,,,,
845,169199,0.8002116680145264,0.41514402627944946,0.731640100479126,0.6931447982788086,,,,,,,
845,169199,,,,,0.6684908866882324,0.5008156299591064,0.9507939219474792,0.8590865731239319,0.44951683282852173,0.7561423182487488,0.6931450366973877
846,169299,0.8195838332176208,0.43111270666122437,0.7350438237190247,0.6931453943252563,,,,,,,
846,169399,0.8903527855873108,0.4621688723564148,0.7747520208358765,0.6931360960006714,,,,,,,
846,169399,,,,,0.6687124371528625,0.5019751191139221,0.9532951712608337,0.8616130948066711,0.4496259093284607,0.7585560083389282,0.6931374073028564
847,169499,0.746875524520874,0.4143563508987427,0.6790880560874939,0.6931375861167908,,,,,,,
847,169599,0.851618766784668,0.43697160482406616,0.7612180709838867,0.6931419372558594,,,,,,,
847,169599,,,,,0.6683619022369385,0.5011329054832458,0.925048291683197,0.859538197517395,0.4492035508155823,0.7569063901901245,0.6931434273719788
848,169699,0.8428688049316406,0.4495178461074829,0.7399237155914307,0.6931454539299011,,,,,,,
848,169799,0.9401694536209106,0.5158193707466125,0.7709230780601501,0.6931460499763489,,,,,,,
848,169799,,,,,0.6689215302467346,0.5007210373878479,0.9500393867492676,0.8598759174346924,0.44987139105796814,0.7565774321556091,0.6931456327438354
849,169899,0.8238723278045654,0.443062424659729,0.7273768186569214,0.6931338310241699,,,,,,,
849,169999,0.8597409725189209,0.43121975660324097,0.7750852704048157,0.6931281089782715,,,,,,,
849,169999,,,,,0.6686075329780579,0.5026699304580688,0.953180193901062,0.8602567315101624,0.44968798756599426,0.7571343779563904,0.693131148815155
850,170099,0.9874603152275085,0.5156232118606567,0.81840980052948,0.6931453943252563,,,,,,,
850,170199,0.8591343760490417,0.46585774421691895,0.7398494482040405,0.6931456327438354,,,,,,,
850,170199,,,,,0.667968213558197,0.5007854104042053,0.9268873929977417,0.8573073744773865,0.4488607943058014,0.755018949508667,0.693145215511322
851,170299,0.9832569360733032,0.5092655420303345,0.820563793182373,0.6931447982788086,,,,,,,
851,170399,0.9510731101036072,0.5004775524139404,0.7971684336662292,0.6931458711624146,,,,,,,
851,170399,,,,,0.6682398915290833,0.5007322430610657,0.9323068857192993,0.857047438621521,0.44907623529434204,0.7545439004898071,0.6931455135345459
852,170499,0.87433922290802,0.45364153385162354,0.7672692537307739,0.6931431293487549,,,,,,,
852,170599,0.9085336923599243,0.46226662397384644,0.7928388118743896,0.6931435465812683,,,,,,,
852,170599,,,,,0.6686155796051025,0.5009410381317139,0.9388744831085205,0.860254168510437,0.4496990442276001,0.7571274638175964,0.6931445598602295
853,170699,0.8230857253074646,0.43246376514434814,0.7371947169303894,0.6931453943252563,,,,,,,
853,170799,0.881930410861969,0.4420086741447449,0.7864930629730225,0.6931427717208862,,,,,,,
853,170799,,,,,0.6683680415153503,0.5015979409217834,0.9486656188964844,0.8587929606437683,0.4492388665676117,0.75612473487854,0.693140983581543
854,170899,0.9284582138061523,0.4857863485813141,0.7892440557479858,0.6931443810462952,,,,,,,
854,170999,0.8426417112350464,0.4759904742240906,0.7132234573364258,0.6931445598602295,,,,,,,
854,170999,,,,,0.6684210300445557,0.5013477206230164,0.9263255596160889,0.8586093187332153,0.4492342472076416,0.755946159362793,0.6931424140930176
855,171099,0.7232970595359802,0.3760388195514679,0.6938310265541077,0.6931456327438354,,,,,,,
855,171199,0.7609457969665527,0.39584627747535706,0.7116706967353821,0.6931423544883728,,,,,,,
855,171199,,,,,0.6684633493423462,0.5012891888618469,0.9259580373764038,0.857604444026947,0.44939470291137695,0.7547810077667236,0.6931428909301758
856,171299,0.7786133289337158,0.41719359159469604,0.7079920768737793,0.6931447982788086,,,,,,,
856,171399,0.8375447392463684,0.4613860845565796,0.7227279543876648,0.6931384801864624,,,,,,,
856,171399,,,,,0.6687091588973999,0.502118706703186,0.9270726442337036,0.858051598072052,0.4494974613189697,0.7551225423812866,0.6931371092796326
857,171499,0.9188777208328247,0.5011018514633179,0.7643314003944397,0.6931111812591553,,,,,,,
857,171599,0.7962706685066223,0.41616111993789673,0.7266772389411926,0.6931353807449341,,,,,,,
857,171599,,,,,0.668581485748291,0.5018101930618286,0.9268894195556641,0.8572351932525635,0.44949525594711304,0.7543094158172607,0.6931387782096863
858,171699,0.83368319272995,0.43905845284461975,0.7411946058273315,0.6931396722793579,,,,,,,
858,171799,0.8877242803573608,0.46068811416625977,0.7736067175865173,0.6931412220001221,,,,,,,
858,171799,,,,,0.6684035658836365,0.5019106864929199,0.9256088137626648,0.8571203351020813,0.44940701127052307,0.7542822360992432,0.6931380033493042
859,171899,0.8102063536643982,0.41195201873779297,0.7448245286941528,0.6931403875350952,,,,,,,
859,171999,0.8988978266716003,0.46267640590667725,0.7827925086021423,0.6931420564651489,,,,,,,
859,171999,,,,,0.6684261560440063,0.5014214515686035,0.933031439781189,0.8576892614364624,0.449230432510376,0.7550298571586609,0.6931418776512146
860,172099,0.9076053500175476,0.4765275716781616,0.7776509523391724,0.6931463479995728,,,,,,,
860,172199,0.9464592337608337,0.49070441722869873,0.8023276329040527,0.6931456327438354,,,,,,,
860,172199,,,,,0.6685359477996826,0.5006880760192871,0.9360613226890564,0.8592819571495056,0.4494546353816986,0.7564001083374023,0.6931456327438354
861,172299,1.0029329061508179,0.5170810222625732,0.8324241638183594,0.6931445598602295,,,,,,,
861,172399,0.9550399780273438,0.5070666074752808,0.7945461273193359,0.6931455731391907,,,,,,,
861,172399,,,,,0.6686897873878479,0.5007718205451965,0.9517457485198975,0.8590507507324219,0.4496845602989197,0.7559388875961304,0.6931453347206116
862,172499,0.7959762811660767,0.4033041298389435,0.7392429709434509,0.6931416988372803,,,,,,,
862,172599,0.8420653939247131,0.44944316148757935,0.7391945719718933,0.693144679069519,,,,,,,
862,172599,,,,,0.6680602431297302,0.5007362365722656,0.9522252082824707,0.8576064109802246,0.4488171935081482,0.7553616762161255,0.6931454539299011
863,172699,0.719322919845581,0.39699065685272217,0.6689042448997498,0.6931438446044922,,,,,,,
863,172799,0.6808550953865051,0.3570590615272522,0.6703655123710632,0.6931389570236206,,,,,,,
863,172799,,,,,0.6684883236885071,0.5013913512229919,0.9424929022789001,0.8575747013092041,0.4493984878063202,0.7547469735145569,0.6931418180465698
864,172899,0.8786128759384155,0.4672173261642456,0.7579681277275085,0.6931449770927429,,,,,,,
864,172999,0.8352110981941223,0.4461515545845032,0.7356317043304443,0.6931442022323608,,,,,,,
864,172999,,,,,0.6681309342384338,0.5009363293647766,0.9417506456375122,0.856550931930542,0.44881805777549744,0.7543048858642578,0.6931442022323608
865,173099,1.0230278968811035,0.5288459062576294,0.8407537937164307,0.6931436657905579,,,,,,,
865,173199,0.7862358093261719,0.4053727388381958,0.7274346947669983,0.6931434273719788,,,,,,,
865,173199,,,,,0.6683915257453918,0.5011249780654907,0.9316869378089905,0.8574920892715454,0.44925567507743835,0.754808247089386,0.6931437849998474
866,173299,1.0078375339508057,0.5241742134094238,0.8302302360534668,0.6931338310241699,,,,,,,
866,173399,0.9137612581253052,0.48046404123306274,0.7798702716827393,0.6931460499763489,,,,,,,
866,173399,,,,,0.6682570576667786,0.5005882978439331,0.9357838034629822,0.8564151525497437,0.4490835964679718,0.7539045214653015,0.6931459903717041
867,173499,0.8673073053359985,0.4713071584701538,0.7425728440284729,0.6931455135345459,,,,,,,
867,173599,0.8319658637046814,0.4350486993789673,0.7434900999069214,0.6931458711624146,,,,,,,
867,173599,,,,,0.6684695482254028,0.5005835294723511,0.9374194145202637,0.8570681214332581,0.4493344724178314,0.7543067336082458,0.6931460499763489
868,173699,0.8356059789657593,0.45115700364112854,0.7310200333595276,0.6931421160697937,,,,,,,
868,173799,0.8734751343727112,0.45032039284706116,0.7697248458862305,0.6931401491165161,,,,,,,
868,173799,,,,,0.6685625314712524,0.5015370845794678,0.9560844302177429,0.8571072816848755,0.44957318902015686,0.7541047930717468,0.6931413412094116
869,173899,0.7885370850563049,0.41951173543930054,0.7155874371528625,0.6931241750717163,,,,,,,
869,173999,0.9800029993057251,0.5067976713180542,0.819777250289917,0.693143904209137,,,,,,,
869,173999,,,,,0.6684096455574036,0.501369833946228,0.9489870667457581,0.8571020364761353,0.4492698013782501,0.754403293132782,0.6931420564651489
870,174099,0.8818161487579346,0.4570557773113251,0.7713240385055542,0.6931273937225342,,,,,,,
870,174199,0.8830966949462891,0.46962904930114746,0.7600386738777161,0.6931418776512146,,,,,,,
870,174199,,,,,0.6682260036468506,0.5015169978141785,0.9297026991844177,0.8559074401855469,0.4490606486797333,0.7534174919128418,0.6931413412094116
871,174299,0.9409850835800171,0.48591938614845276,0.8016387820243835,0.693146288394928,,,,,,,
871,174399,0.8837596774101257,0.45031869411468506,0.7800137996673584,0.6931456327438354,,,,,,,
871,174399,,,,,0.6682965159416199,0.5005990862846375,0.9474774599075317,0.8566804528236389,0.44913357496261597,0.7541198134422302,0.6931459903717041
872,174499,0.9153698086738586,0.48266610503196716,0.7792710661888123,0.6931346654891968,,,,,,,
872,174599,0.8714303374290466,0.4433939456939697,0.7746078372001648,0.6931430101394653,,,,,,,
872,174599,,,,,0.6679406762123108,0.5013751983642578,0.9557433724403381,0.8552147746086121,0.4486830532550812,0.7531029582023621,0.6931423544883728
873,174699,0.7844365239143372,0.4230782985687256,0.7079307436943054,0.6931451559066772,,,,,,,
873,174799,0.8140629529953003,0.4151417016983032,0.7454919219017029,0.6931412816047668,,,,,,,
873,174799,,,,,0.668636679649353,0.5013813376426697,0.9263022541999817,0.856826663017273,0.4495302736759186,0.7538672685623169,0.6931419968605042
874,174899,0.8534342646598816,0.44242793321609497,0.7575792670249939,0.6931458711624146,,,,,,,
874,174999,1.0806283950805664,0.5376341342926025,0.8895673155784607,0.6931463479995728,,,,,,,
874,174999,,,,,0.6684762835502625,0.500532329082489,0.9400990009307861,0.8557224869728088,0.44934430718421936,0.752951443195343,0.6931462287902832
875,175099,0.9403627514839172,0.5102447271347046,0.776687741279602,0.6931394338607788,,,,,,,
875,175199,0.8333882093429565,0.44092991948127747,0.7390314340591431,0.693146288394928,,,,,,,
875,175199,,,,,0.6685129404067993,0.5005353689193726,0.9323249459266663,0.8561524748802185,0.44932493567466736,0.7534008622169495,0.6931461095809937
876,175299,0.8785459995269775,0.46264228224754333,0.7624765038490295,0.6931455135345459,,,,,,,
876,175399,0.740789532661438,0.3779992163181305,0.7093526124954224,0.6931245923042297,,,,,,,
876,175399,,,,,0.6684167385101318,0.5034245252609253,0.9525930285453796,0.8566171526908875,0.449146032333374,0.754032552242279,0.6931225657463074
877,175499,0.8715057373046875,0.4765106439590454,0.7415638566017151,0.6931376457214355,,,,,,,
877,175599,0.7781515121459961,0.402023047208786,0.7227007746696472,0.6931446194648743,,,,,,,
877,175599,,,,,0.6684378981590271,0.5009101629257202,0.9291651844978333,0.855991005897522,0.44927749037742615,0.7532860040664673,0.6931448578834534
878,175699,0.8073089718818665,0.419975608587265,0.7339062094688416,0.6931456327438354,,,,,,,
878,175799,0.8743327856063843,0.4559735059738159,0.7649286985397339,0.693138837814331,,,,,,,
878,175799,,,,,0.6684151291847229,0.5020144581794739,0.9532347321510315,0.8556966185569763,0.4492547810077667,0.7530109286308289,0.6931383013725281
879,175899,0.746738076210022,0.39063411951065063,0.7026768326759338,0.693145751953125,,,,,,,
879,175999,0.8685857653617859,0.44908905029296875,0.7660667300224304,0.6931401491165161,,,,,,,
879,175999,,,,,0.6682565808296204,0.5017437934875488,0.9244663119316101,0.8555375337600708,0.4489898681640625,0.7531176805496216,0.6931400895118713
880,176099,0.9255900382995605,0.48161834478378296,0.7905434966087341,0.6931436657905579,,,,,,,
880,176199,0.8001241087913513,0.4196351170539856,0.7270599007606506,0.6931418180465698,,,,,,,
880,176199,,,,,0.6682373881340027,0.5014923214912415,0.9545082449913025,0.8555322289466858,0.44899746775627136,0.7531054615974426,0.6931415796279907
881,176299,0.9454091787338257,0.49073293805122375,0.8012483716011047,0.6931443214416504,,,,,,,
881,176399,0.8634911179542542,0.4521194100379944,0.7579444646835327,0.6931456327438354,,,,,,,
881,176399,,,,,0.668543815612793,0.5008221864700317,0.9383178353309631,0.8568664789199829,0.449290931224823,0.7541481256484985,0.6931450963020325
882,176499,0.7475205659866333,0.3999183773994446,0.6941750645637512,0.6931458115577698,,,,,,,
882,176599,0.7452540397644043,0.39605697989463806,0.6957700848579407,0.6931460499763489,,,,,,,
882,176599,,,,,0.6681990027427673,0.5005777478218079,0.9315572381019592,0.8552100658416748,0.4490017890930176,0.7527813911437988,0.6931459903717041
883,176699,0.8969247341156006,0.463127076625824,0.7803701758384705,0.6931450366973877,,,,,,,
883,176799,0.8859182596206665,0.4286179542541504,0.8038733005523682,0.6931459903717041,,,,,,,
883,176799,,,,,0.6679697036743164,0.5005866289138794,0.9391171336174011,0.8547406196594238,0.4487050771713257,0.7526085376739502,0.6931459307670593
884,176899,0.8122291564941406,0.4412963092327118,0.7175025939941406,0.6931395530700684,,,,,,,
884,176999,0.9401015043258667,0.4775552451610565,0.8091193437576294,0.6931461691856384,,,,,,,
884,176999,,,,,0.6685248613357544,0.5008387565612793,0.9439507126808167,0.8571189045906067,0.44947701692581177,0.754214346408844,0.6931450963020325
885,177099,0.8000962734222412,0.42298147082328796,0.7236821055412292,0.693134605884552,,,,,,,
885,177199,0.8727885484695435,0.4727631211280823,0.7465976476669312,0.6931445598602295,,,,,,,
885,177199,,,,,0.6682748794555664,0.5009528994560242,0.9438167810440063,0.8554982542991638,0.4491270184516907,0.7529433369636536,0.6931445002555847
886,177299,0.8956024050712585,0.47058752179145813,0.771587073802948,0.6931444406509399,,,,,,,
886,177399,0.8593997955322266,0.4581318497657776,0.7478395104408264,0.6931431293487549,,,,,,,
886,177399,,,,,0.6683319211006165,0.5011972188949585,0.9308726787567139,0.8563615083694458,0.4491960406303406,0.7537371516227722,0.6931433081626892
887,177499,0.9789342880249023,0.5081851482391357,0.8173210024833679,0.6931437849998474,,,,,,,
887,177599,0.903362512588501,0.46879130601882935,0.7811387181282043,0.6931349635124207,,,,,,,
887,177599,,,,,0.6681947112083435,0.5022736191749573,0.9516979455947876,0.8554641008377075,0.4488803446292877,0.7531514763832092,0.6931354403495789
888,177699,0.831308126449585,0.43365636467933655,0.7442246079444885,0.693145751953125,,,,,,,
888,177799,0.9558674097061157,0.49217525124549866,0.8102638721466064,0.693143367767334,,,,,,,
888,177799,,,,,0.6682414412498474,0.5014692544937134,0.9238667488098145,0.8557401895523071,0.4489500820636749,0.7533608675003052,0.6931418776512146
889,177899,0.8727656006813049,0.45766979455947876,0.761667013168335,0.693142294883728,,,,,,,
889,177999,0.9917730093002319,0.507341742515564,0.8310006260871887,0.693138837814331,,,,,,,
889,177999,,,,,0.6680725812911987,0.501767635345459,0.9231930375099182,0.8551081418991089,0.44883957505226135,0.7528386116027832,0.6931399703025818
890,178099,0.8191931247711182,0.44332605600357056,0.722439706325531,0.6931452751159668,,,,,,,
890,178199,0.8612484931945801,0.4344205856323242,0.7733986377716064,0.6931414008140564,,,,,,,
890,178199,,,,,0.6682841777801514,0.5015295147895813,0.9484171271324158,0.8557550311088562,0.449128121137619,0.7531974911689758,0.6931414008140564
891,178299,0.8906253576278687,0.4613059461116791,0.7758896946907043,0.6931405067443848,,,,,,,
891,178399,0.9410464763641357,0.5024725198745728,0.7851468324661255,0.6931456923484802,,,,,,,
891,178399,,,,,0.6685036420822144,0.5006231665611267,0.9427290558815002,0.8561498522758484,0.4492925703525543,0.7534302473068237,0.6931459307670593
892,178499,0.8024909496307373,0.4241492748260498,0.724908709526062,0.6931341290473938,,,,,,,
892,178599,0.8622061014175415,0.4552091360092163,0.753569483757019,0.6931450963020325,,,,,,,
892,178599,,,,,0.6682273149490356,0.5006887316703796,0.9418424367904663,0.8558142185211182,0.44903406500816345,0.7533528804779053,0.693145751953125
893,178699,0.8693745136260986,0.4503062963485718,0.765641450881958,0.6931464672088623,,,,,,,
893,178799,0.8693073987960815,0.4513097405433655,0.7645600438117981,0.6931247711181641,,,,,,,
893,178799,,,,,0.6682383418083191,0.5030983686447144,0.9523835182189941,0.8562248945236206,0.4490024447441101,0.753786027431488,0.6931269764900208
894,178899,0.8662600517272949,0.4616972804069519,0.7511358261108398,0.6931462287902832,,,,,,,
894,178999,1.0660194158554077,0.5321885347366333,0.8804032802581787,0.6931447982788086,,,,,,,
894,178999,,,,,0.6681469678878784,0.5008890628814697,0.9422301650047302,0.8548997044563293,0.44894060492515564,0.7525314688682556,0.6931451559066772
895,179099,1.0463451147079468,0.5411204099655151,0.8517974615097046,0.6931455135345459,,,,,,,
895,179199,0.7695006728172302,0.4064098596572876,0.7096583247184753,0.6931349039077759,,,,,,,
895,179199,,,,,0.6682013273239136,0.5022625923156738,0.9513983130455017,0.8547249436378479,0.44894760847091675,0.7523453831672668,0.6931360960006714
896,179299,0.7894913554191589,0.42175018787384033,0.7143009901046753,0.6931196451187134,,,,,,,
896,179399,0.7909529805183411,0.42546704411506653,0.7120508551597595,0.6931298971176147,,,,,,,
896,179399,,,,,0.6681505441665649,0.5027982592582703,0.9518792629241943,0.854051411151886,0.4489172101020813,0.7516997456550598,0.6931310296058655
897,179499,0.9417003393173218,0.4896849989891052,0.7985885739326477,0.6931464672088623,,,,,,,
897,179599,0.8704749345779419,0.4661363363265991,0.7509090900421143,0.6931409239768982,,,,,,,
897,179599,,,,,0.6684642434120178,0.5014520883560181,0.9498378038406372,0.8551092147827148,0.44922780990600586,0.7524526119232178,0.6931424736976624
898,179699,0.8821887969970703,0.46794572472572327,0.7608156204223633,0.6931450366973877,,,,,,,
898,179799,1.0375254154205322,0.5403757095336914,0.8437160849571228,0.6931329965591431,,,,,,,
898,179799,,,,,0.6683578491210938,0.5027058124542236,0.9501742720603943,0.8560160994529724,0.44916006922721863,0.7534218430519104,0.6931318640708923
899,179899,0.9274444580078125,0.4841105341911316,0.7899069786071777,0.6931462287902832,,,,,,,
899,179999,0.8334380388259888,0.4580687880516052,0.7219417691230774,0.6931450366973877,,,,,,,
899,179999,,,,,0.6681638360023499,0.5009680390357971,0.9462293386459351,0.8540757894515991,0.448944091796875,0.7517040967941284,0.6931449174880981
900,180099,0.808214545249939,0.4376193881034851,0.7171682715415955,0.693146288394928,,,,,,,
900,180199,0.8345077633857727,0.4539753794670105,0.7271043062210083,0.6931437253952026,,,,,,,
900,180199,,,,,0.668120801448822,0.5010648369789124,0.9477246403694153,0.8542546629905701,0.44883301854133606,0.751993715763092,0.6931442618370056
901,180299,0.8739153742790222,0.4633691906929016,0.7571185231208801,0.693144679069519,,,,,,,
901,180399,0.8422577977180481,0.4396739602088928,0.7491570711135864,0.6931465864181519,,,,,,,
901,180399,,,,,0.6682806611061096,0.5005406141281128,0.9267368316650391,0.8539668917655945,0.4490143358707428,0.7515256404876709,0.6931461095809937
902,180499,0.8816158771514893,0.4369043707847595,0.7912849187850952,0.6931466460227966,,,,,,,
902,180599,0.7915618419647217,0.41130226850509644,0.726832926273346,0.6931467652320862,,,,,,,
902,180599,,,,,0.668014407157898,0.5004258155822754,0.9309039115905762,0.8534562587738037,0.4486790895462036,0.7513504028320312,0.6931465268135071
903,180699,0.8661644458770752,0.46453869342803955,0.748198926448822,0.6931461691856384,,,,,,,
903,180799,0.8233027458190918,0.4302136301994324,0.7396624684333801,0.6931467056274414,,,,,,,
903,180799,,,,,0.6680482625961304,0.5004453063011169,0.9259357452392578,0.8533229231834412,0.4486865997314453,0.7512096166610718,0.6931464672088623
904,180899,1.00239098072052,0.49723994731903076,0.8517232537269592,0.6931445598602295,,,,,,,
904,180999,0.9057281017303467,0.45612406730651855,0.7961767315864563,0.693145215511322,,,,,,,
904,180999,,,,,0.6679645776748657,0.5008634328842163,0.9222698211669922,0.8529819250106812,0.4485906958580017,0.7509638667106628,0.6931453943252563
905,181099,0.7849392890930176,0.4146774709224701,0.7168335318565369,0.6931434273719788,,,,,,,
905,181199,0.9181084632873535,0.4906039535999298,0.7740777134895325,0.6931464672088623,,,,,,,
905,181199,,,,,0.6681979298591614,0.5004210472106934,0.9238115549087524,0.8541545867919922,0.44883668422698975,0.7518912553787231,0.6931465864181519
906,181299,0.8401233553886414,0.42756780982017517,0.7591288685798645,0.6931465864181519,,,,,,,
906,181399,0.8894976377487183,0.45158374309539795,0.7844873070716858,0.6931469440460205,,,,,,,
906,181399,,,,,0.6682698130607605,0.5004616379737854,0.9314064383506775,0.8546395897865295,0.44900277256965637,0.7522099018096924,0.6931465864181519
907,181499,0.9024078845977783,0.4814106225967407,0.7675701975822449,0.693145751953125,,,,,,,
907,181599,0.8443447351455688,0.4535091817378998,0.7374081015586853,0.6931450366973877,,,,,,,
907,181599,,,,,0.6683593392372131,0.50092613697052,0.9486166834831238,0.8538880348205566,0.44917765259742737,0.7512830495834351,0.6931451559066772
908,181699,0.7969626188278198,0.43362247943878174,0.7099105715751648,0.6931406855583191,,,,,,,
908,181799,0.8660588264465332,0.45273730158805847,0.759894847869873,0.6931466460227966,,,,,,,
908,181799,,,,,0.6681602597236633,0.5004733204841614,0.9274779558181763,0.8533938527107239,0.44890210032463074,0.7510650157928467,0.6931464672088623
909,181899,0.8375524878501892,0.4347333312034607,0.7493917942047119,0.6931453943252563,,,,,,,
909,181999,0.8437427878379822,0.4469348192214966,0.7433809638023376,0.6931458711624146,,,,,,,
909,181999,,,,,0.6681034564971924,0.5005391836166382,0.9288064241409302,0.8537933826446533,0.44883933663368225,0.7515272498130798,0.6931461691856384
910,182099,1.0983668565750122,0.5481698513031006,0.8967702984809875,0.6931464672088623,,,,,,,
910,182199,0.9272516965866089,0.4636472463607788,0.8101760745048523,0.6931431293487549,,,,,,,
910,182199,,,,,0.6680396795272827,0.5012920498847961,0.9476826190948486,0.853891134262085,0.4487666189670563,0.7516960501670837,0.6931432485580444
911,182299,0.8445268869400024,0.44284310936927795,0.7482571005821228,0.6931467056274414,,,,,,,
911,182399,0.9137422442436218,0.48132801055908203,0.7789846062660217,0.6931406259536743,,,,,,,
911,182399,,,,,0.6682428121566772,0.5015969276428223,0.9503035545349121,0.8539659976959229,0.4490460753440857,0.7514903545379639,0.6931412220001221
912,182499,0.9334030151367188,0.4696337580680847,0.8103411793708801,0.6931438446044922,,,,,,,
912,182599,0.8160406351089478,0.42730432748794556,0.7353089451789856,0.6931452751159668,,,,,,,
912,182599,,,,,0.6678898334503174,0.5007403492927551,0.9306398630142212,0.852677047252655,0.4485947787761688,0.7506550550460815,0.6931456327438354
913,182699,0.7787284255027771,0.4179939329624176,0.7072991728782654,0.6931294202804565,,,,,,,
913,182799,1.0241730213165283,0.516769289970398,0.8539764285087585,0.6931453943252563,,,,,,,
913,182799,,,,,0.6681751012802124,0.500885546207428,0.9432751536369324,0.853885293006897,0.44890159368515015,0.751556396484375,0.6931451559066772
914,182899,0.745333194732666,0.3829008936882019,0.7090054154396057,0.6931462287902832,,,,,,,
914,182999,0.7783544063568115,0.4167555570602417,0.7081716656684875,0.693145751953125,,,,,,,
914,182999,,,,,0.6680616736412048,0.5007683038711548,0.9410233497619629,0.8538492918014526,0.44877389073371887,0.7516481280326843,0.6931456923484802
915,183099,0.7896512746810913,0.40173301100730896,0.7344909310340881,0.6931452751159668,,,,,,,
915,183199,0.8848322033882141,0.46107956767082214,0.7703254818916321,0.6931456327438354,,,,,,,
915,183199,,,,,0.6681421995162964,0.5008001923561096,0.9273640513420105,0.8540754318237305,0.4488429129123688,0.751805305480957,0.6931455135345459
916,183299,1.0588538646697998,0.48120856285095215,0.9242127537727356,0.6931348443031311,,,,,,,
916,183399,0.8235183954238892,0.443950355052948,0.7261373996734619,0.693138837814331,,,,,,,
916,183399,,,,,0.667987585067749,0.501882791519165,0.9248097538948059,0.8532655239105225,0.44868478178977966,0.7511506080627441,0.6931396722793579
917,183499,0.8447175025939941,0.42996740341186523,0.7613215446472168,0.6931428909301758,,,,,,,
917,183599,0.8310704231262207,0.4278753697872162,0.7497683763504028,0.6931467652320862,,,,,,,
917,183599,,,,,0.6680410504341125,0.5003926753997803,0.9381365776062012,0.8528060913085938,0.44875767827033997,0.7506217956542969,0.6931465864181519
918,183699,0.9708122611045837,0.5204108953475952,0.7969745397567749,0.6931463479995728,,,,,,,
918,183799,0.9384920597076416,0.48711949586868286,0.7979458570480347,0.6931466460227966,,,,,,,
918,183799,,,,,0.6680353879928589,0.5003522038459778,0.9387550950050354,0.8525060415267944,0.44871073961257935,0.7503688931465149,0.6931469440460205
919,183899,0.998889684677124,0.5286234617233276,0.8168392777442932,0.693146288394928,,,,,,,
919,183999,0.8861198425292969,0.45041942596435547,0.7822737097740173,0.6931467056274414,,,,,,,
919,183999,,,,,0.6681122183799744,0.5004116892814636,0.9222701787948608,0.8529207110404968,0.44882047176361084,0.7506737112998962,0.6931465864181519
920,184099,1.001964807510376,0.535287618637085,0.8132461309432983,0.6931378841400146,,,,,,,
920,184199,0.9813057780265808,0.5022532343864441,0.8256199359893799,0.6931349039077759,,,,,,,
920,184199,,,,,0.6680696606636047,0.502317488193512,0.9514635801315308,0.8528653979301453,0.44880005717277527,0.7506333589553833,0.6931357979774475
921,184299,0.8699926733970642,0.43099260330200195,0.7855731248855591,0.6931461095809937,,,,,,,
921,184399,0.8114691972732544,0.43106386065483093,0.726978600025177,0.6931464672088623,,,,,,,
921,184399,,,,,0.6679127216339111,0.5005171298980713,0.9228901863098145,0.8522588610649109,0.44857820868492126,0.7502537965774536,0.6931462287902832
922,184499,0.9722435474395752,0.4939800798892975,0.8248353600502014,0.6931438446044922,,,,,,,
922,184599,0.8325846195220947,0.44344520568847656,0.735711932182312,0.6931450963020325,,,,,,,
922,184599,,,,,0.668225109577179,0.5008681416511536,0.928324282169342,0.8535735607147217,0.44895365834236145,0.7511923313140869,0.693145215511322
923,184699,0.8596409559249878,0.4367365837097168,0.7694775462150574,0.6931464672088623,,,,,,,
923,184799,0.943695604801178,0.49403807520866394,0.796229362487793,0.6931437253952026,,,,,,,
923,184799,,,,,0.6682151556015015,0.5013723969459534,0.923952579498291,0.8535878658294678,0.4489455223083496,0.7512136697769165,0.6931425929069519
924,184899,0.7860865592956543,0.4343385696411133,0.6983209252357483,0.6931456923484802,,,,,,,
924,184999,0.9062702655792236,0.4731801748275757,0.7796626687049866,0.693145215511322,,,,,,,
924,184999,,,,,0.6679976582527161,0.5009285807609558,0.9509807229042053,0.8531981110572815,0.44875064492225647,0.7510198354721069,0.6931449770927429
925,185099,0.9214245080947876,0.48517298698425293,0.7828247547149658,0.6931464672088623,,,,,,,
925,185199,0.7735055088996887,0.41151663661003113,0.7085595726966858,0.6931413412094116,,,,,,,
925,185199,,,,,0.6679782867431641,0.5015324950218201,0.9247272610664368,0.8527203798294067,0.448648601770401,0.7506427764892578,0.6931419372558594
926,185299,0.8338451385498047,0.4406508207321167,0.7397677302360535,0.6931467056274414,,,,,,,
926,185399,0.740287184715271,0.37404394149780273,0.712816596031189,0.6931467652320862,,,,,,,
926,185399,,,,,0.6679314374923706,0.5004214644432068,0.920673131942749,0.8521049618721008,0.44858187437057495,0.7500963807106018,0.6931464672088623
927,185499,0.8603355884552002,0.44657641649246216,0.7603321075439453,0.693145751953125,,,,,,,
927,185599,0.9483307600021362,0.4795854091644287,0.8153184056282043,0.6931459903717041,,,,,,,
927,185599,,,,,0.6679991483688354,0.5007469654083252,0.9493079781532288,0.8522879481315613,0.4486387372016907,0.7502220869064331,0.6931456923484802
928,185699,0.7470192909240723,0.3896346092224121,0.7039580941200256,0.6931466460227966,,,,,,,
928,185799,0.8565499782562256,0.45653343200683594,0.7465894818305969,0.6931456923484802,,,,,,,
928,185799,,,,,0.668133020401001,0.5008102655410767,0.9309486746788025,0.8530165553092957,0.44876718521118164,0.7508221864700317,0.6931455731391907
929,185899,0.8727508783340454,0.4593116044998169,0.7600124478340149,0.6931464672088623,,,,,,,
929,185999,0.8671964406967163,0.44806280732154846,0.7657065987586975,0.6931460499763489,,,,,,,
929,185999,,,,,0.6680363416671753,0.5004768967628479,0.9314315915107727,0.8526784777641296,0.4486442506313324,0.7506074905395508,0.6931463479995728
930,186099,0.8748478293418884,0.4577368497848511,0.7636834383010864,0.6931449174880981,,,,,,,
930,186199,0.8094746470451355,0.4277206361293793,0.7283273339271545,0.6931465864181519,,,,,,,
930,186199,,,,,0.6679460406303406,0.5004417896270752,0.9363600611686707,0.8526105880737305,0.44853678345680237,0.7506468296051025,0.6931464672088623
931,186299,0.848519504070282,0.4512166976928711,0.7438747882843018,0.6931439638137817,,,,,,,
931,186399,0.7927260994911194,0.3997341990470886,0.7395652532577515,0.6931465864181519,,,,,,,
931,186399,,,,,0.6680570244789124,0.500452995300293,0.9274843335151672,0.8529812097549438,0.44874122738838196,0.7508132457733154,0.6931463479995728
932,186499,0.8880659341812134,0.45307862758636475,0.7815603613853455,0.6931460499763489,,,,,,,
932,186599,0.8175122141838074,0.43181538581848145,0.7322688698768616,0.6931439638137817,,,,,,,
932,186599,,,,,0.6679542064666748,0.5009822845458984,0.9498794674873352,0.8523025512695312,0.44860872626304626,0.7502661943435669,0.693144679069519
933,186699,0.7185558080673218,0.3778683543205261,0.6872596740722656,0.6931446194648743,,,,,,,
933,186799,0.7393689155578613,0.3772256672382355,0.7087157964706421,0.6931450366973877,,,,,,,
933,186799,,,,,0.6679507493972778,0.5008956789970398,0.9279495477676392,0.8530341386795044,0.448636919260025,0.750969648361206,0.6931451559066772
934,186899,0.9779900908470154,0.5222007036209106,0.8023571372032166,0.6931353807449341,,,,,,,
934,186999,0.8768070340156555,0.46411240100860596,0.7592663168907166,0.6931432485580444,,,,,,,
934,186999,,,,,0.6679684519767761,0.5012786984443665,0.9266158938407898,0.8522379994392395,0.4486028552055359,0.7502069473266602,0.6931434273719788
935,187099,0.9602113366127014,0.514121949672699,0.7926609516143799,0.6931432485580444,,,,,,,
935,187199,0.9499315619468689,0.5010738372802734,0.7954290509223938,0.6931425333023071,,,,,,,
935,187199,,,,,0.6680013537406921,0.5014491677284241,0.9520843029022217,0.8519970178604126,0.44864168763160706,0.7499264478683472,0.6931425333023071
936,187299,0.6932438015937805,0.3835749626159668,0.6562422513961792,0.693146824836731,,,,,,,
936,187399,0.8831771016120911,0.45704641938209534,0.7727038264274597,0.6931463479995728,,,,,,,
936,187399,,,,,0.6679943799972534,0.5005013346672058,0.9238287210464478,0.8526638150215149,0.4486854374408722,0.7505515813827515,0.6931463479995728
937,187499,0.723895788192749,0.39585790038108826,0.6746110916137695,0.6931464672088623,,,,,,,
937,187599,0.7622787356376648,0.4081627428531647,0.7006872296333313,0.6931425333023071,,,,,,,
937,187599,,,,,0.6680772304534912,0.5013578534126282,0.952032208442688,0.8522140383720398,0.44875532388687134,0.7500303387641907,0.6931430697441101
938,187699,0.7911823391914368,0.40570247173309326,0.7320526242256165,0.6931456327438354,,,,,,,
938,187799,0.8539597988128662,0.43881961703300476,0.7617133855819702,0.6931465268135071,,,,,,,
938,187799,,,,,0.6679285764694214,0.5004836320877075,0.945533275604248,0.852501392364502,0.44858497381210327,0.7504896521568298,0.6931464672088623
939,187899,0.8072635531425476,0.4214140772819519,0.7324221134185791,0.6931453943252563,,,,,,,
939,187999,0.9135802984237671,0.461913138628006,0.79823899269104,0.6931436061859131,,,,,,,
939,187999,,,,,0.6680448651313782,0.5013613104820251,0.9524869322776794,0.8532596826553345,0.44873034954071045,0.7511008977890015,0.6931430697441101
940,188099,0.9124416708946228,0.48409512639045715,0.7749198079109192,0.6931465864181519,,,,,,,
940,188199,0.8627734184265137,0.47049278020858765,0.7388497591018677,0.6931381821632385,,,,,,,
940,188199,,,,,0.6679937839508057,0.502008318901062,0.9517564177513123,0.8529761433601379,0.4486832320690155,0.7508620619773865,0.6931383609771729
941,188299,0.819574236869812,0.42391759157180786,0.7422294616699219,0.6931455731391907,,,,,,,
941,188399,0.8904941082000732,0.464017778635025,0.7730470299720764,0.6931414604187012,,,,,,,
941,188399,,,,,0.6679694056510925,0.5016992092132568,0.9248388409614563,0.8525235652923584,0.44865620136260986,0.7504379749298096,0.693140983581543
942,188499,0.9664722681045532,0.4922928810119629,0.820750892162323,0.6931431293487549,,,,,,,
942,188599,0.7915557622909546,0.4329136312007904,0.705215573310852,0.6931468844413757,,,,,,,
942,188599,,,,,0.667941153049469,0.500368058681488,0.9358663558959961,0.8523089289665222,0.44861915707588196,0.7502632737159729,0.693146824836731
943,188699,0.9381116032600403,0.4723857045173645,0.8122991919517517,0.6931465864181519,,,,,,,
943,188799,0.8583077788352966,0.4515797197818756,0.7533014416694641,0.693146824836731,,,,,,,
943,188799,,,,,0.6680139899253845,0.5003908276557922,0.9320419430732727,0.852738618850708,0.44870176911354065,0.7506101727485657,0.693146824836731
944,188899,0.8920116424560547,0.4710945188999176,0.7674903869628906,0.6931465268135071,,,,,,,
944,188999,0.8607034683227539,0.4457534849643707,0.7615221738815308,0.6931442618370056,,,,,,,
944,188999,,,,,0.668067455291748,0.5011467933654785,0.9523938298225403,0.8526687622070312,0.4487667977809906,0.7504737973213196,0.6931437849998474
945,189099,0.9293962717056274,0.517754077911377,0.7582153081893921,0.6931462287902832,,,,,,,
945,189199,0.8908630609512329,0.4781892001628876,0.759244978427887,0.6931421756744385,,,,,,,
945,189199,,,,,0.6680403351783752,0.5013383030891418,0.9507968425750732,0.8526032567024231,0.448726087808609,0.7504485249519348,0.6931428909301758
946,189299,0.8243822455406189,0.42344048619270325,0.7475150227546692,0.6931465864181519,,,,,,,
946,189399,0.7870739102363586,0.42542564868927,0.7082216739654541,0.693146824836731,,,,,,,
946,189399,,,,,0.6680184006690979,0.5003986358642578,0.9229927062988281,0.8526265621185303,0.4486874043941498,0.7505126595497131,0.6931467056274414
947,189499,0.853010892868042,0.42288243770599365,0.7767012119293213,0.6931454539299011,,,,,,,
947,189599,0.6497899889945984,0.3497582972049713,0.646601676940918,0.693139910697937,,,,,,,
947,189599,,,,,0.6678942441940308,0.5015810132026672,0.951333224773407,0.8520305156707764,0.44852086901664734,0.7500802278518677,0.693141520023346
948,189699,0.8536548614501953,0.4501398503780365,0.7500880360603333,0.6931459903717041,,,,,,,
948,189799,0.8286166191101074,0.4249841272830963,0.7502058148384094,0.6931467652320862,,,,,,,
948,189799,,,,,0.6678904891014099,0.500460147857666,0.9371914267539978,0.8516312837600708,0.44852691888809204,0.7496775984764099,0.6931464076042175
949,189899,0.9023030996322632,0.47151055932044983,0.7773659229278564,0.6931467652320862,,,,,,,
949,189999,0.8294883966445923,0.4464401602745056,0.729620635509491,0.6931447982788086,,,,,,,
949,189999,,,,,0.6678881645202637,0.5009913444519043,0.9258423447608948,0.8515257835388184,0.4484894573688507,0.7496088147163391,0.6931450366973877
950,190099,0.6857759952545166,0.36374515295028687,0.6686041355133057,0.6931467652320862,,,,,,,
950,190199,0.7691739201545715,0.4094519317150116,0.7062951326370239,0.6931463479995728,,,,,,,
950,190199,,,,,0.6679519414901733,0.5004014372825623,0.9219304919242859,0.8516651391983032,0.4485800564289093,0.749658465385437,0.6931467652320862
951,190299,0.8540850877761841,0.4546702802181244,0.7459881901741028,0.6931467056274414,,,,,,,
951,190399,0.887744128704071,0.47038978338241577,0.7639278173446655,0.693146824836731,,,,,,,
951,190399,,,,,0.6679394841194153,0.500350832939148,0.9318087100982666,0.8514429926872253,0.44856706261634827,0.7494493722915649,0.6931469440460205
952,190499,0.9081417918205261,0.4908013343811035,0.7639138102531433,0.693146824836731,,,,,,,
952,190599,0.8025111556053162,0.4316297173500061,0.7174543738365173,0.6931458711624146,,,,,,,
952,190599,,,,,0.6679484248161316,0.5007383227348328,0.9297300577163696,0.851207971572876,0.4485798478126526,0.7492009997367859,0.693145751953125
953,190699,0.9257780313491821,0.5074936151504517,0.7648577690124512,0.6931467056274414,,,,,,,
953,190799,0.8783750534057617,0.4849112331867218,0.7400370836257935,0.6931465268135071,,,,,,,
953,190799,,,,,0.6679494380950928,0.500516414642334,0.9501470923423767,0.8515394330024719,0.4485994577407837,0.7495132684707642,0.693146288394928
954,190899,0.7024582624435425,0.3843335509300232,0.6646977066993713,0.6931459903717041,,,,,,,
954,190999,1.0832892656326294,0.5681027173995972,0.8617600202560425,0.6931468844413757,,,,,,,
954,190999,,,,,0.6679540872573853,0.5003308057785034,0.9264020919799805,0.8517054319381714,0.4485871195793152,0.7496917247772217,0.6931469440460205
955,191099,0.7870743274688721,0.41356968879699707,0.7200779318809509,0.6931467652320862,,,,,,,
955,191199,0.8652177453041077,0.45476970076560974,0.7570204138755798,0.693144679069519,,,,,,,
955,191199,,,,,0.6679485440254211,0.5009931325912476,0.9517901539802551,0.8515887260437012,0.44861117005348206,0.7495498657226562,0.6931449174880981
956,191299,0.8596604466438293,0.4528513252735138,0.7533817887306213,0.6931453943252563,,,,,,,
956,191399,0.866170346736908,0.4613272249698639,0.7514165043830872,0.693146824836731,,,,,,,
956,191399,,,,,0.6679208874702454,0.5003389120101929,0.9226859211921692,0.8516777753829956,0.4485357105731964,0.7497154474258423,0.6931469440460205
957,191499,0.8808066248893738,0.46034878492355347,0.7670312523841858,0.693146824836731,,,,,,,
957,191599,0.9055752158164978,0.4687531590461731,0.783395528793335,0.693146824836731,,,,,,,
957,191599,,,,,0.6679384112358093,0.5003325939178467,0.9287704229354858,0.8516167998313904,0.4485902786254883,0.7496000528335571,0.6931469440460205
958,191699,0.851973295211792,0.4405527710914612,0.757993757724762,0.6931464672088623,,,,,,,
958,191799,0.906134843826294,0.4817216992378235,0.7709863185882568,0.6931462287902832,,,,,,,
958,191799,,,,,0.6679976582527161,0.500662088394165,0.9490889310836792,0.8517475128173828,0.4486389756202698,0.7496813535690308,0.6931458711624146
959,191899,0.7642329335212708,0.41802144050598145,0.69278484582901,0.6931465864181519,,,,,,,
959,191999,0.8772138357162476,0.4561954438686371,0.7675915360450745,0.693146288394928,,,,,,,
959,191999,,,,,0.6679728031158447,0.500522792339325,0.9340497255325317,0.8517844080924988,0.4486062228679657,0.7497513890266418,0.6931463479995728
960,192099,0.8882967233657837,0.4657699763774872,0.7690998911857605,0.6931462287902832,,,,,,,
960,192199,0.7086712718009949,0.3874693512916565,0.6677753925323486,0.693146824836731,,,,,,,
960,192199,,,,,0.6679341793060303,0.5003327131271362,0.9405704736709595,0.8514642715454102,0.44857892394065857,0.7494588494300842,0.693146824836731
961,192299,0.8053889274597168,0.42566978931427,0.7262922525405884,0.693146288394928,,,,,,,
961,192399,0.9156312942504883,0.47977885603904724,0.7824257016181946,0.6931464672088623,,,,,,,
961,192399,,,,,0.667941689491272,0.5004563331604004,0.929405927658081,0.8516079187393188,0.44857367873191833,0.749607503414154,0.6931464672088623
962,192499,0.8952906131744385,0.46641162037849426,0.7754523158073425,0.6931466460227966,,,,,,,
962,192599,0.9301878809928894,0.49679017066955566,0.7799711227416992,0.693146824836731,,,,,,,
962,192599,,,,,0.6679335832595825,0.5003207921981812,0.9232433438301086,0.8515034317970276,0.44855982065200806,0.7495171427726746,0.6931469440460205
963,192699,0.7826197147369385,0.42729929089546204,0.7018939256668091,0.6931468844413757,,,,,,,
963,192799,0.8226994872093201,0.43405094742774963,0.7352219820022583,0.693146824836731,,,,,,,
963,192799,,,,,0.6678717732429504,0.5003166794776917,0.9329906702041626,0.8514115214347839,0.4484965205192566,0.7494884133338928,0.6931469440460205
964,192899,0.9620257019996643,0.45211318135261536,0.856485903263092,0.693146824836731,,,,,,,
964,192999,0.9008510112762451,0.46858787536621094,0.7788365483283997,0.6931467652320862,,,,,,,
964,192999,,,,,0.6678541898727417,0.5003094673156738,0.9394002556800842,0.8512486815452576,0.4484564960002899,0.7493654489517212,0.6931469440460205
965,193099,0.742918848991394,0.39795824885368347,0.6915339231491089,0.6931467056274414,,,,,,,
965,193199,0.6908249258995056,0.36175310611724854,0.675645112991333,0.6931465864181519,,,,,,,
965,193199,,,,,0.6678681373596191,0.5004205703735352,0.9251456260681152,0.8515394926071167,0.4484977722167969,0.7496150135993958,0.6931465864181519
966,193299,0.9852219223976135,0.49308714270591736,0.8387081623077393,0.693146824836731,,,,,,,
966,193399,0.9314063787460327,0.5054062008857727,0.772573709487915,0.6931469440460205,,,,,,,
966,193399,,,,,0.6678746938705444,0.5002983808517456,0.9210208654403687,0.8514078259468079,0.4485037326812744,0.7494776844978333,0.6931470036506653
967,193499,0.8495700359344482,0.4612429141998291,0.7349004745483398,0.6931467056274414,,,,,,,
967,193599,0.7430394887924194,0.4043404459953308,0.6852725148200989,0.6931469440460205,,,,,,,
967,193599,,,,,0.6678692698478699,0.5002999305725098,0.9214592576026917,0.8510903120040894,0.44850191473960876,0.7491617798805237,0.6931470036506653
968,193699,0.837374746799469,0.44036155939102173,0.7435864806175232,0.6931465864181519,,,,,,,
968,193799,1.1530394554138184,0.6144808530807495,0.8851319551467896,0.693146824836731,,,,,,,
968,193799,,,,,0.6678869128227234,0.5003580451011658,0.9251658320426941,0.851318895816803,0.4485005736351013,0.7493915557861328,0.693146824836731
969,193899,0.7963382601737976,0.4423685669898987,0.7005430459976196,0.693146824836731,,,,,,,
969,193999,0.9933935403823853,0.49763625860214233,0.8423306345939636,0.6931467056274414,,,,,,,
969,193999,,,,,0.6678726077079773,0.500347375869751,0.9203324317932129,0.8511029481887817,0.4484807550907135,0.7491955161094666,0.693146824836731
970,194099,0.8433089256286621,0.45386791229248047,0.7360140085220337,0.6931460499763489,,,,,,,
970,194199,0.8292694091796875,0.4473697543144226,0.728472888469696,0.6931464672088623,,,,,,,
970,194199,,,,,0.6679044365882874,0.5004972219467163,0.951526939868927,0.8511914014816284,0.4485182762145996,0.7492462396621704,0.6931463479995728
971,194299,0.8306644558906555,0.4382377862930298,0.7389997839927673,0.6931461095809937,,,,,,,
971,194399,0.7520265579223633,0.39429768919944763,0.7043022513389587,0.6931467652320862,,,,,,,
971,194399,,,,,0.6679172515869141,0.5004161596298218,0.9479164481163025,0.8512587547302246,0.4485444724559784,0.7492875456809998,0.6931466460227966
972,194499,0.9147626757621765,0.466094046831131,0.7952420115470886,0.693146824836731,,,,,,,
972,194599,0.7876095771789551,0.4221123456954956,0.7120704650878906,0.6931465268135071,,,,,,,
972,194599,,,,,0.667931318283081,0.5003985166549683,0.947006344795227,0.8514193892478943,0.44856297969818115,0.7494297623634338,0.6931467056274414
973,194699,0.863449215888977,0.4387845993041992,0.7712381482124329,0.6931468844413757,,,,,,,
973,194799,0.8654934167861938,0.45672735571861267,0.755339503288269,0.6931469440460205,,,,,,,
973,194799,,,,,0.667950451374054,0.5002944469451904,0.9209184050559998,0.8514446020126343,0.4485878050327301,0.7494302988052368,0.6931470036506653
974,194899,0.8559712767601013,0.45471763610839844,0.7478269934654236,0.693146824836731,,,,,,,
974,194999,0.9327020645141602,0.48531073331832886,0.7939648032188416,0.6931468844413757,,,,,,,
974,194999,,,,,0.667950451374054,0.500288724899292,0.9187674522399902,0.8514317274093628,0.44858717918395996,0.7494180202484131,0.6931470036506653
975,195099,0.878390371799469,0.46610531210899353,0.7588585019111633,0.693146824836731,,,,,,,
975,195199,0.8626405596733093,0.4448257088661194,0.7643882632255554,0.693146824836731,,,,,,,
975,195199,,,,,0.667952835559845,0.500312864780426,0.9422959685325623,0.8514689207077026,0.448601096868515,0.7494411468505859,0.6931470036506653
976,195299,0.8247969150543213,0.4354448914527893,0.7359254360198975,0.6931467652320862,,,,,,,
976,195399,0.922228217124939,0.48161667585372925,0.7871847152709961,0.6931464672088623,,,,,,,
976,195399,,,,,0.6679489612579346,0.5004175901412964,0.9507506489753723,0.8514713048934937,0.4485927224159241,0.7494520545005798,0.6931467056274414
977,195499,0.8533684015274048,0.4459545612335205,0.7539872527122498,0.6931470036506653,,,,,,,
977,195599,0.8661670684814453,0.46910345554351807,0.7436369061470032,0.6931467652320862,,,,,,,
977,195599,,,,,0.6679354906082153,0.5002841949462891,0.9252743124961853,0.8512417674064636,0.4485767185688019,0.7492383718490601,0.6931470036506653
978,195699,0.757050633430481,0.40052542090415955,0.703098714351654,0.6931470036506653,,,,,,,
978,195799,0.8111664652824402,0.41915038228034973,0.7385894656181335,0.693146824836731,,,,,,,
978,195799,,,,,0.6679394841194153,0.500285267829895,0.9294168949127197,0.8512822389602661,0.4485721290111542,0.7492835521697998,0.6931470036506653
979,195899,0.9802113771438599,0.504666268825531,0.8221186399459839,0.6931469440460205,,,,,,,
979,195999,0.7744404673576355,0.41795915365219116,0.703054666519165,0.693146824836731,,,,,,,
979,195999,,,,,0.6679450869560242,0.5003191232681274,0.9457719326019287,0.8513336181640625,0.4485814571380615,0.7493255734443665,0.6931470036506653
980,196099,0.8734066486358643,0.47697094082832336,0.7430091500282288,0.6931469440460205,,,,,,,
980,196199,0.7607413530349731,0.41239091753959656,0.6949239373207092,0.6931470036506653,,,,,,,
980,196199,,,,,0.6679524779319763,0.5002918839454651,0.9400659203529358,0.8512635827064514,0.4485894739627838,0.749247670173645,0.6931470036506653
981,196299,0.8440456390380859,0.4439826011657715,0.7466363310813904,0.6931467652320862,,,,,,,
981,196399,0.8990083932876587,0.4629082679748535,0.7826736569404602,0.6931470036506653,,,,,,,
981,196399,,,,,0.6679595112800598,0.5002826452255249,0.9252091646194458,0.8511877655982971,0.4485871493816376,0.7491738200187683,0.6931470036506653
982,196499,0.859090268611908,0.44382065534591675,0.7618430852890015,0.693146824836731,,,,,,,
982,196599,0.9074773788452148,0.4558645486831665,0.7981861233711243,0.6931466460227966,,,,,,,
982,196599,,,,,0.6679437160491943,0.5003355741500854,0.9278318285942078,0.8511624336242676,0.448578804731369,0.749157190322876,0.693146824836731
983,196699,0.7754433751106262,0.40106070041656494,0.7209560871124268,0.693146824836731,,,,,,,
983,196799,1.005332589149475,0.5338497757911682,0.8180561661720276,0.6931467652320862,,,,,,,
983,196799,,,,,0.6679379343986511,0.5003308057785034,0.9282603859901428,0.8511483669281006,0.4485768973827362,0.7491449117660522,0.6931469440460205
984,196899,0.8028199076652527,0.44862955808639526,0.7007637619972229,0.693146824836731,,,,,,,
984,196999,0.9220305681228638,0.5129960775375366,0.7556079030036926,0.6931470036506653,,,,,,,
984,196999,,,,,0.667936384677887,0.5003134608268738,0.9220858812332153,0.8511750102043152,0.4485660791397095,0.7491825819015503,0.6931470036506653
985,197099,0.8748230934143066,0.4564448297023773,0.7649515867233276,0.6931467652320862,,,,,,,
985,197199,0.8510308861732483,0.45627865195274353,0.7413256764411926,0.693146824836731,,,,,,,
985,197199,,,,,0.6679329872131348,0.5003209114074707,0.9228178262710571,0.8511861562728882,0.44856053590774536,0.7491989135742188,0.6931469440460205
986,197299,0.8097541332244873,0.43218305706977844,0.7241445183753967,0.6931468844413757,,,,,,,
986,197399,0.7428466081619263,0.4005206227302551,0.6888994574546814,0.6931468844413757,,,,,,,
986,197399,,,,,0.6679368615150452,0.5002838969230652,0.924901008605957,0.8511696457862854,0.44856345653533936,0.7491796612739563,0.6931470036506653
987,197499,0.8414704203605652,0.4441683292388916,0.7438755035400391,0.693146824836731,,,,,,,
987,197599,0.7550084590911865,0.40604284405708313,0.6955389976501465,0.6931466460227966,,,,,,,
987,197599,,,,,0.6679338812828064,0.5003883242607117,0.9275506734848022,0.8511267900466919,0.4485599994659424,0.7491399645805359,0.6931466460227966
988,197699,0.9774003028869629,0.5127387046813965,0.8112348914146423,0.6931467056274414,,,,,,,
988,197799,0.942164421081543,0.4954739212989807,0.793263852596283,0.6931467056274414,,,,,,,
988,197799,,,,,0.6679354310035706,0.5003737211227417,0.9306145906448364,0.851130485534668,0.44856199622154236,0.7491418719291687,0.6931466460227966
989,197899,0.9642030000686646,0.47908326983451843,0.8316931128501892,0.6931466460227966,,,,,,,
989,197999,0.8876101970672607,0.4712807536125183,0.7629027366638184,0.6931467652320862,,,,,,,
989,197999,,,,,0.6679402589797974,0.500332236289978,0.9279491305351257,0.8511271476745605,0.44856536388397217,0.7491353750228882,0.693146824836731
990,198099,0.8710736036300659,0.42693960666656494,0.7907074093818665,0.6931469440460205,,,,,,,
990,198199,0.833363950252533,0.44010472297668457,0.7398325800895691,0.693146824836731,,,,,,,
990,198199,,,,,0.6679378151893616,0.5003085136413574,0.9244993925094604,0.8511242866516113,0.44856342673301697,0.749134361743927,0.6931470036506653
991,198299,0.7863649129867554,0.4282427430152893,0.7046957015991211,0.6931469440460205,,,,,,,
991,198399,0.7309468388557434,0.3951258957386017,0.6823943853378296,0.693146824836731,,,,,,,
991,198399,,,,,0.6679375171661377,0.5003015398979187,0.924544095993042,0.8511137366294861,0.44856148958206177,0.7491256594657898,0.6931470036506653
992,198499,0.8190646767616272,0.4282068610191345,0.7374312281608582,0.693146824836731,,,,,,,
992,198599,0.8431891202926636,0.44248899817466736,0.7472735643386841,0.6931469440460205,,,,,,,
992,198599,,,,,0.6679398417472839,0.5002926588058472,0.9239384531974792,0.8511085510253906,0.4485636055469513,0.7491182684898376,0.6931470036506653
993,198699,0.8780673742294312,0.46970221400260925,0.7549386620521545,0.6931469440460205,,,,,,,
993,198799,0.8609891533851624,0.4540056586265564,0.7535569071769714,0.693146824836731,,,,,,,
993,198799,,,,,0.6679376363754272,0.5002939701080322,0.9229711890220642,0.8511123657226562,0.44856131076812744,0.7491245865821838,0.6931470036506653
994,198899,0.9008166790008545,0.4711507260799408,0.7762393951416016,0.6931468844413757,,,,,,,
994,198999,0.8047252893447876,0.4231629967689514,0.7281358242034912,0.6931469440460205,,,,,,,
994,198999,,,,,0.6679385304450989,0.5002919435501099,0.925075113773346,0.851115882396698,0.4485612213611603,0.7491280436515808,0.6931470036506653
995,199099,0.874738872051239,0.4643961787223816,0.7569161653518677,0.693146824836731,,,,,,,
995,199199,0.889354944229126,0.4610561728477478,0.7748721241950989,0.6931467652320862,,,,,,,
995,199199,,,,,0.6679379343986511,0.5003005266189575,0.9244544506072998,0.8511136770248413,0.4485604166984558,0.7491267323493958,0.6931470036506653
996,199299,0.8639065027236938,0.455167293548584,0.7553126215934753,0.6931468844413757,,,,,,,
996,199399,0.8897085189819336,0.48865368962287903,0.7476283311843872,0.6931469440460205,,,,,,,
996,199399,,,,,0.6679375767707825,0.5002973675727844,0.9232733249664307,0.8511118292808533,0.4485602378845215,0.7491251230239868,0.6931470036506653
997,199499,0.8341388702392578,0.44360727071762085,0.7371050715446472,0.6931468844413757,,,,,,,
997,199599,0.9209390878677368,0.4838401675224304,0.7836724519729614,0.6931469440460205,,,,,,,
997,199599,,,,,0.6679374575614929,0.5002987384796143,0.9242201447486877,0.8511118292808533,0.4485602080821991,0.7491251826286316,0.6931470036506653
998,199699,0.9315588474273682,0.5048227310180664,0.773309588432312,0.6931469440460205,,,,,,,
998,199799,0.8026974201202393,0.43428096175193787,0.7149899005889893,0.6931470036506653,,,,,,,
998,199799,,,,,0.6679372787475586,0.5002983212471008,0.9247174263000488,0.8511109948158264,0.4485599100589752,0.7491243481636047,0.6931470036506653
999,199899,0.7381003499031067,0.4095984101295471,0.675075352191925,0.693146824836731,,,,,,,
999,199999,0.9025636911392212,0.47099339962005615,0.7781438231468201,0.6931469440460205,,,,,,,
999,199999,,,,,0.6679372787475586,0.5002982020378113,0.9244608879089355,0.8511111736297607,0.4485599398612976,0.7491246461868286,0.6931470036506653
