epoch,step,train/cfm_loss,train/loss,val/best_sample_rmse,val/cfm_loss,val/loss,val/object_rmse_whitened,val/rank_std,val/sample_mean_rmse,val/sample_spread
0,49,1.8710312843322754,1.8710312843322754,,,,,,,
0,99,1.7586027383804321,1.7586027383804321,,,,,,,
0,149,1.9181840419769287,1.9181840419769287,,,,,,,
0,199,1.5692094564437866,1.5692094564437866,,,,,,,
0,199,,,0.98839271068573,1.6715121269226074,1.6715121269226074,0.8785786032676697,1.0056378841400146,0.9800357222557068,0.9627380967140198
1,249,1.5721466541290283,1.5721466541290283,,,,,,,
1,299,1.5714499950408936,1.5714499950408936,,,,,,,
1,349,1.485945701599121,1.485945701599121,,,,,,,
1,399,1.6701428890228271,1.6701428890228271,,,,,,,
1,399,,,0.9791676998138428,1.5961979627609253,1.5961979627609253,0.858723521232605,1.0064505338668823,0.9760293960571289,0.9588265419006348
2,449,1.5807116031646729,1.5807116031646729,,,,,,,
2,499,1.5360383987426758,1.5360383987426758,,,,,,,
2,549,1.5193787813186646,1.5193787813186646,,,,,,,
2,599,1.5724337100982666,1.5724337100982666,,,,,,,
2,599,,,0.9650588631629944,1.567671775817871,1.567671775817871,0.8306071758270264,1.0182784795761108,0.9683113694190979,0.9265993237495422
3,649,1.5515798330307007,1.5515798330307007,,,,,,,
3,699,1.6206200122833252,1.6206200122833252,,,,,,,
3,749,1.5705209970474243,1.5705209970474243,,,,,,,
3,799,1.5921789407730103,1.5921789407730103,,,,,,,
3,799,,,0.9639930129051208,1.563506007194519,1.563506007194519,0.8139799237251282,1.0055519342422485,0.9676364064216614,0.9376952052116394
4,849,1.5311400890350342,1.5311400890350342,,,,,,,
4,899,1.4362833499908447,1.4362833499908447,,,,,,,
4,949,1.602726936340332,1.602726936340332,,,,,,,
4,999,1.5183393955230713,1.5183393955230713,,,,,,,
4,999,,,0.9510055780410767,1.5369184017181396,1.5369184017181396,0.7960379123687744,1.0101286172866821,0.9584470987319946,0.9169357419013977
5,1049,1.6392271518707275,1.6392271518707275,,,,,,,
5,1099,1.4680554866790771,1.4680554866790771,,,,,,,
5,1149,1.3768762350082397,1.3768762350082397,,,,,,,
5,1199,1.560521125793457,1.560521125793457,,,,,,,
5,1199,,,0.9457297325134277,1.5154609680175781,1.5154609680175781,0.7891430854797363,1.008502721786499,0.9547620415687561,0.9115878343582153
6,1249,1.4446275234222412,1.4446275234222412,,,,,,,
6,1299,1.5829460620880127,1.5829460620880127,,,,,,,
6,1349,1.5478752851486206,1.5478752851486206,,,,,,,
6,1399,1.5429847240447998,1.5429847240447998,,,,,,,
6,1399,,,0.9419274926185608,1.5074713230133057,1.5074713230133057,0.7902368903160095,1.0052751302719116,0.954230010509491,0.9075257778167725
7,1449,1.4887285232543945,1.4887285232543945,,,,,,,
7,1499,1.471034288406372,1.471034288406372,,,,,,,
7,1549,1.5602376461029053,1.5602376461029053,,,,,,,
7,1599,1.4763143062591553,1.4763143062591553,,,,,,,
7,1599,,,0.925409734249115,1.4962267875671387,1.4962267875671387,0.7838413715362549,1.0142533779144287,0.9474860429763794,0.8894797563552856
8,1649,1.5065590143203735,1.5065590143203735,,,,,,,
8,1699,1.4712789058685303,1.4712789058685303,,,,,,,
8,1749,1.4794279336929321,1.4794279336929321,,,,,,,
8,1799,1.415814995765686,1.415814995765686,,,,,,,
8,1799,,,0.93626868724823,1.485315203666687,1.485315203666687,0.7872917652130127,1.0044865608215332,0.949705958366394,0.9124090075492859
9,1849,1.4078961610794067,1.4078961610794067,,,,,,,
9,1899,1.4706387519836426,1.4706387519836426,,,,,,,
9,1949,1.532789707183838,1.532789707183838,,,,,,,
9,1999,1.4656811952590942,1.4656811952590942,,,,,,,
9,1999,,,0.9278882741928101,1.4688138961791992,1.4688138961791992,0.7775266766548157,0.9974344372749329,0.945088803768158,0.9065369367599487
10,2049,1.2994025945663452,1.2994025945663452,,,,,,,
10,2099,1.4117966890335083,1.4117966890335083,,,,,,,
10,2149,1.4837414026260376,1.4837414026260376,,,,,,,
10,2199,1.3989557027816772,1.3989557027816772,,,,,,,
10,2199,,,0.9254319071769714,1.461910605430603,1.461910605430603,0.7832978963851929,1.0010079145431519,0.9435630440711975,0.8971772789955139
11,2249,1.4443247318267822,1.4443247318267822,,,,,,,
11,2299,1.4140198230743408,1.4140198230743408,,,,,,,
11,2349,1.494232177734375,1.494232177734375,,,,,,,
11,2399,1.3049248456954956,1.3049248456954956,,,,,,,
11,2399,,,0.9217445850372314,1.452343463897705,1.452343463897705,0.7750325798988342,0.999881386756897,0.9414414763450623,0.9036110043525696
12,2449,1.4539308547973633,1.4539308547973633,,,,,,,
12,2499,1.4425140619277954,1.4425140619277954,,,,,,,
12,2549,1.468684434890747,1.468684434890747,,,,,,,
12,2599,1.4086509943008423,1.4086509943008423,,,,,,,
12,2599,,,0.9092934727668762,1.4384125471115112,1.4384125471115112,0.7707022428512573,1.0022929906845093,0.9364235997200012,0.87758469581604
13,2649,1.4297380447387695,1.4297380447387695,,,,,,,
13,2699,1.3485103845596313,1.3485103845596313,,,,,,,
13,2749,1.441114068031311,1.441114068031311,,,,,,,
13,2799,1.4068834781646729,1.4068834781646729,,,,,,,
13,2799,,,0.9120246171951294,1.4408719539642334,1.4408719539642334,0.7675142884254456,1.0002905130386353,0.9349411725997925,0.8893058896064758
14,2849,1.3529677391052246,1.3529677391052246,,,,,,,
14,2899,1.3883602619171143,1.3883602619171143,,,,,,,
14,2949,1.4406288862228394,1.4406288862228394,,,,,,,
14,2999,1.5363107919692993,1.5363107919692993,,,,,,,
14,2999,,,0.9111053943634033,1.4302477836608887,1.4302477836608887,0.7733169794082642,0.9904965758323669,0.9358278512954712,0.8901335597038269
15,3049,1.3441932201385498,1.3441932201385498,,,,,,,
15,3099,1.3754173517227173,1.3754173517227173,,,,,,,
15,3149,1.3098881244659424,1.3098881244659424,,,,,,,
15,3199,1.4273661375045776,1.4273661375045776,,,,,,,
15,3199,,,0.9023764729499817,1.428743839263916,1.428743839263916,0.7722572684288025,0.9927562475204468,0.93301922082901,0.8820815682411194
16,3249,1.3721463680267334,1.3721463680267334,,,,,,,
16,3299,1.2951987981796265,1.2951987981796265,,,,,,,
16,3349,1.3406357765197754,1.3406357765197754,,,,,,,
16,3399,1.3116090297698975,1.3116090297698975,,,,,,,
16,3399,,,0.8997103571891785,1.4223980903625488,1.4223980903625488,0.7641853094100952,1.0002073049545288,0.9303606748580933,0.8784464597702026
17,3449,1.3519806861877441,1.3519806861877441,,,,,,,
17,3499,1.3374322652816772,1.3374322652816772,,,,,,,
17,3549,1.3692305088043213,1.3692305088043213,,,,,,,
17,3599,1.4440745115280151,1.4440745115280151,,,,,,,
17,3599,,,0.8959242105484009,1.418013095855713,1.418013095855713,0.7704195380210876,1.0082318782806396,0.9299699664115906,0.8765865564346313
18,3649,1.3126381635665894,1.3126381635665894,,,,,,,
18,3699,1.2938992977142334,1.2938992977142334,,,,,,,
18,3749,1.3586832284927368,1.3586832284927368,,,,,,,
18,3799,1.2847864627838135,1.2847864627838135,,,,,,,
18,3799,,,0.8924423456192017,1.397450566291809,1.397450566291809,0.7727518081665039,1.0107769966125488,0.9217588901519775,0.870400607585907
19,3849,1.389142394065857,1.389142394065857,,,,,,,
19,3899,1.3739945888519287,1.3739945888519287,,,,,,,
19,3949,1.3181769847869873,1.3181769847869873,,,,,,,
19,3999,1.3593717813491821,1.3593717813491821,,,,,,,
19,3999,,,0.8897172808647156,1.392606258392334,1.392606258392334,0.7659565210342407,0.9941031336784363,0.9184369444847107,0.8812170624732971
20,4049,1.470266580581665,1.470266580581665,,,,,,,
20,4099,1.2876073122024536,1.2876073122024536,,,,,,,
20,4149,1.3398222923278809,1.3398222923278809,,,,,,,
20,4199,1.2966501712799072,1.2966501712799072,,,,,,,
20,4199,,,0.8725922703742981,1.3781828880310059,1.3781828880310059,0.7617117166519165,0.9997935891151428,0.9116636514663696,0.8564097881317139
21,4249,1.4434187412261963,1.4434187412261963,,,,,,,
21,4299,1.3634710311889648,1.3634710311889648,,,,,,,
21,4349,1.3335012197494507,1.3335012197494507,,,,,,,
21,4399,1.4758859872817993,1.4758859872817993,,,,,,,
21,4399,,,0.8748167753219604,1.3677138090133667,1.3677138090133667,0.7625946998596191,1.0021768808364868,0.9080191254615784,0.8614380955696106
22,4449,1.2748862504959106,1.2748862504959106,,,,,,,
22,4499,1.2158081531524658,1.2158081531524658,,,,,,,
22,4549,1.26975417137146,1.26975417137146,,,,,,,
22,4599,1.402029275894165,1.402029275894165,,,,,,,
22,4599,,,0.8691883087158203,1.3687453269958496,1.3687453269958496,0.753495454788208,0.9955872297286987,0.9041387438774109,0.857369065284729
23,4649,1.3392682075500488,1.3392682075500488,,,,,,,
23,4699,1.2949179410934448,1.2949179410934448,,,,,,,
23,4749,1.394331455230713,1.394331455230713,,,,,,,
23,4799,1.2562744617462158,1.2562744617462158,,,,,,,
23,4799,,,0.8648250699043274,1.3532228469848633,1.3532228469848633,0.7560968995094299,0.999997079372406,0.8984735012054443,0.8492261171340942
24,4849,1.4637892246246338,1.4637892246246338,,,,,,,
24,4899,1.3091033697128296,1.3091033697128296,,,,,,,
24,4949,1.433730959892273,1.433730959892273,,,,,,,
24,4999,1.3065130710601807,1.3065130710601807,,,,,,,
24,4999,,,0.8476864695549011,1.339084267616272,1.339084267616272,0.7535852193832397,0.99737948179245,0.8929445743560791,0.8384671211242676
25,5049,1.265384316444397,1.265384316444397,,,,,,,
25,5099,1.2643685340881348,1.2643685340881348,,,,,,,
25,5149,1.3074266910552979,1.3074266910552979,,,,,,,
25,5199,1.2869547605514526,1.2869547605514526,,,,,,,
25,5199,,,0.8510217666625977,1.3398423194885254,1.3398423194885254,0.7563454508781433,1.003718614578247,0.8925297856330872,0.8324564695358276
26,5249,1.3488438129425049,1.3488438129425049,,,,,,,
26,5299,1.345170021057129,1.345170021057129,,,,,,,
26,5349,1.337393879890442,1.337393879890442,,,,,,,
26,5399,1.2843856811523438,1.2843856811523438,,,,,,,
26,5399,,,0.8500388264656067,1.3239707946777344,1.3239707946777344,0.7576228976249695,1.001395583152771,0.8892896175384521,0.8425676226615906
27,5449,1.445652723312378,1.445652723312378,,,,,,,
27,5499,1.2969731092453003,1.2969731092453003,,,,,,,
27,5549,1.4043877124786377,1.4043877124786377,,,,,,,
27,5599,1.1894774436950684,1.1894774436950684,,,,,,,
27,5599,,,0.8399754166603088,1.3193222284317017,1.3193222284317017,0.7511253952980042,1.0137927532196045,0.8876651525497437,0.812411904335022
28,5649,1.3851735591888428,1.3851735591888428,,,,,,,
28,5699,1.3412984609603882,1.3412984609603882,,,,,,,
28,5749,1.2174427509307861,1.2174427509307861,,,,,,,
28,5799,1.190193772315979,1.190193772315979,,,,,,,
28,5799,,,0.8382840156555176,1.3110637664794922,1.3110637664794922,0.7505658864974976,1.007583737373352,0.8817850947380066,0.821307897567749
29,5849,1.2650429010391235,1.2650429010391235,,,,,,,
29,5899,1.2572133541107178,1.2572133541107178,,,,,,,
29,5949,1.359653115272522,1.359653115272522,,,,,,,
29,5999,1.203654170036316,1.203654170036316,,,,,,,
29,5999,,,0.8453316688537598,1.3153969049453735,1.3153969049453735,0.7543081045150757,0.9963977932929993,0.8852012157440186,0.8392460942268372
30,6049,1.2322405576705933,1.2322405576705933,,,,,,,
30,6099,1.2626827955245972,1.2626827955245972,,,,,,,
30,6149,1.3371943235397339,1.3371943235397339,,,,,,,
30,6199,1.2940168380737305,1.2940168380737305,,,,,,,
30,6199,,,0.8366230130195618,1.3015024662017822,1.3015024662017822,0.7504516243934631,0.9893423914909363,0.8776779770851135,0.843042254447937
31,6249,1.2891371250152588,1.2891371250152588,,,,,,,
31,6299,1.300903081893921,1.300903081893921,,,,,,,
31,6349,1.3330329656600952,1.3330329656600952,,,,,,,
31,6399,1.272643804550171,1.272643804550171,,,,,,,
31,6399,,,0.8309657573699951,1.3071937561035156,1.3071937561035156,0.7483845949172974,1.0010615587234497,0.8767181634902954,0.8231344223022461
32,6449,1.2766207456588745,1.2766207456588745,,,,,,,
32,6499,1.249494194984436,1.249494194984436,,,,,,,
32,6549,1.2018053531646729,1.2018053531646729,,,,,,,
32,6599,1.3111965656280518,1.3111965656280518,,,,,,,
32,6599,,,0.8318177461624146,1.293910026550293,1.293910026550293,0.7594950199127197,1.002123236656189,0.8761348724365234,0.8208138346672058
33,6649,1.3091015815734863,1.3091015815734863,,,,,,,
33,6699,1.2731660604476929,1.2731660604476929,,,,,,,
33,6749,1.317887783050537,1.317887783050537,,,,,,,
33,6799,1.342507004737854,1.342507004737854,,,,,,,
33,6799,,,0.8179165720939636,1.282257080078125,1.282257080078125,0.7491757869720459,1.0100597143173218,0.8700527548789978,0.799827516078949
34,6849,1.2465444803237915,1.2465444803237915,,,,,,,
34,6899,1.2589085102081299,1.2589085102081299,,,,,,,
34,6949,1.3622390031814575,1.3622390031814575,,,,,,,
34,6999,1.2515393495559692,1.2515393495559692,,,,,,,
34,6999,,,0.8142247796058655,1.281058669090271,1.281058669090271,0.7485558986663818,1.0028208494186401,0.8676741123199463,0.8020545244216919
35,7049,1.3276909589767456,1.3276909589767456,,,,,,,
35,7099,1.344565749168396,1.344565749168396,,,,,,,
35,7149,1.2108465433120728,1.2108465433120728,,,,,,,
35,7199,1.267192006111145,1.267192006111145,,,,,,,
35,7199,,,0.8106876611709595,1.2702466249465942,1.2702466249465942,0.7541813850402832,0.9993909597396851,0.8640719652175903,0.8027545809745789
36,7249,1.1517400741577148,1.1517400741577148,,,,,,,
36,7299,1.2151076793670654,1.2151076793670654,,,,,,,
36,7349,1.4716057777404785,1.4716057777404785,,,,,,,
36,7399,1.1271564960479736,1.1271564960479736,,,,,,,
36,7399,,,0.8149721026420593,1.2577245235443115,1.2577245235443115,0.7467612028121948,0.9967697858810425,0.8620786070823669,0.8057242631912231
37,7449,1.3571960926055908,1.3571960926055908,,,,,,,
37,7499,1.2794592380523682,1.2794592380523682,,,,,,,
37,7549,1.2740017175674438,1.2740017175674438,,,,,,,
37,7599,1.2445504665374756,1.2445504665374756,,,,,,,
37,7599,,,0.8094586133956909,1.2613328695297241,1.2613328695297241,0.7494127154350281,0.9980408549308777,0.8595679402351379,0.8018349409103394
38,7649,1.1825902462005615,1.1825902462005615,,,,,,,
38,7699,1.2605787515640259,1.2605787515640259,,,,,,,
38,7749,1.1610054969787598,1.1610054969787598,,,,,,,
38,7799,1.1835415363311768,1.1835415363311768,,,,,,,
38,7799,,,0.8072882294654846,1.2694956064224243,1.2694956064224243,0.7583329081535339,1.0016416311264038,0.8638248443603516,0.7985253930091858
39,7849,1.313596487045288,1.313596487045288,,,,,,,
39,7899,1.325086236000061,1.325086236000061,,,,,,,
39,7949,1.2280999422073364,1.2280999422073364,,,,,,,
39,7999,1.2186157703399658,1.2186157703399658,,,,,,,
39,7999,,,0.801234245300293,1.2459220886230469,1.2459220886230469,0.7528256773948669,1.0171598196029663,0.8552471995353699,0.7801757454872131
40,8049,1.207726240158081,1.207726240158081,,,,,,,
40,8099,1.1887975931167603,1.1887975931167603,,,,,,,
40,8149,1.252233624458313,1.252233624458313,,,,,,,
40,8199,1.1730947494506836,1.1730947494506836,,,,,,,
40,8199,,,0.8016571998596191,1.2455512285232544,1.2455512285232544,0.7528116106987,0.9813621640205383,0.8549197912216187,0.8051347732543945
41,8249,1.2654637098312378,1.2654637098312378,,,,,,,
41,8299,1.2271146774291992,1.2271146774291992,,,,,,,
41,8349,1.2588707208633423,1.2588707208633423,,,,,,,
41,8399,1.1746348142623901,1.1746348142623901,,,,,,,
41,8399,,,0.8008090853691101,1.234107255935669,1.234107255935669,0.7478448748588562,0.995925784111023,0.8487319350242615,0.7925149202346802
42,8449,1.359494686126709,1.359494686126709,,,,,,,
42,8499,1.2055474519729614,1.2055474519729614,,,,,,,
42,8549,1.2244261503219604,1.2244261503219604,,,,,,,
42,8599,1.279050350189209,1.279050350189209,,,,,,,
42,8599,,,0.7861851453781128,1.2379006147384644,1.2379006147384644,0.7406066656112671,1.0051734447479248,0.8492123484611511,0.7801395058631897
43,8649,1.1957660913467407,1.1957660913467407,,,,,,,
43,8699,1.2947198152542114,1.2947198152542114,,,,,,,
43,8749,1.1994705200195312,1.1994705200195312,,,,,,,
43,8799,1.1303600072860718,1.1303600072860718,,,,,,,
43,8799,,,0.7884505391120911,1.2253392934799194,1.2253392934799194,0.7488281726837158,1.0015908479690552,0.8459272980690002,0.7784213423728943
44,8849,1.3284733295440674,1.3284733295440674,,,,,,,
44,8899,1.235418438911438,1.235418438911438,,,,,,,
44,8949,1.226304292678833,1.226304292678833,,,,,,,
44,8999,1.211498737335205,1.211498737335205,,,,,,,
44,8999,,,0.7851606011390686,1.222890853881836,1.222890853881836,0.7450931668281555,0.994828999042511,0.8415094614028931,0.7765170931816101
45,9049,1.2894606590270996,1.2894606590270996,,,,,,,
45,9099,1.2493293285369873,1.2493293285369873,,,,,,,
45,9149,1.2006136178970337,1.2006136178970337,,,,,,,
45,9199,1.1801363229751587,1.1801363229751587,,,,,,,
45,9199,,,0.7836275100708008,1.2125087976455688,1.2125087976455688,0.7416725158691406,0.9850436449050903,0.8410072922706604,0.7896357178688049
46,9249,1.1986966133117676,1.1986966133117676,,,,,,,
46,9299,1.1971983909606934,1.1971983909606934,,,,,,,
46,9349,1.23781418800354,1.23781418800354,,,,,,,
46,9399,1.3302781581878662,1.3302781581878662,,,,,,,
46,9399,,,0.7818688154220581,1.2133044004440308,1.2133044004440308,0.7409701943397522,0.9865465760231018,0.8378278017044067,0.7866164445877075
47,9449,1.2921427488327026,1.2921427488327026,,,,,,,
47,9499,1.1948137283325195,1.1948137283325195,,,,,,,
47,9549,1.2004165649414062,1.2004165649414062,,,,,,,
47,9599,1.190961480140686,1.190961480140686,,,,,,,
47,9599,,,0.7736388444900513,1.2130181789398193,1.2130181789398193,0.7433822751045227,1.0079258680343628,0.838811457157135,0.7583163976669312
48,9649,1.2433395385742188,1.2433395385742188,,,,,,,
48,9699,1.1446517705917358,1.1446517705917358,,,,,,,
48,9749,1.1507961750030518,1.1507961750030518,,,,,,,
48,9799,1.2218427658081055,1.2218427658081055,,,,,,,
48,9799,,,0.7870577573776245,1.2238926887512207,1.2238926887512207,0.7439284324645996,1.0010080337524414,0.8434520363807678,0.7883564233779907
49,9849,1.1613340377807617,1.1613340377807617,,,,,,,
49,9899,1.157292366027832,1.157292366027832,,,,,,,
49,9949,1.1667156219482422,1.1667156219482422,,,,,,,
49,9999,1.2544034719467163,1.2544034719467163,,,,,,,
49,9999,,,0.7800180912017822,1.2119096517562866,1.2119096517562866,0.7427615523338318,0.9971765875816345,0.8373192548751831,0.7821875810623169
50,10049,1.1808075904846191,1.1808075904846191,,,,,,,
50,10099,1.1493045091629028,1.1493045091629028,,,,,,,
50,10149,1.179436445236206,1.179436445236206,,,,,,,
50,10199,1.246311902999878,1.246311902999878,,,,,,,
50,10199,,,0.7635270357131958,1.1978923082351685,1.1978923082351685,0.7371205687522888,1.002071738243103,0.8318456411361694,0.7578661441802979
51,10249,1.1714757680892944,1.1714757680892944,,,,,,,
51,10299,1.186863660812378,1.186863660812378,,,,,,,
51,10349,1.2187657356262207,1.2187657356262207,,,,,,,
51,10399,1.1619110107421875,1.1619110107421875,,,,,,,
51,10399,,,0.7724716067314148,1.1927019357681274,1.1927019357681274,0.7449916005134583,1.010254979133606,0.8325902819633484,0.756316602230072
52,10449,1.19786536693573,1.19786536693573,,,,,,,
52,10499,1.2105530500411987,1.2105530500411987,,,,,,,
52,10549,1.2183767557144165,1.2183767557144165,,,,,,,
52,10599,1.196562647819519,1.196562647819519,,,,,,,
52,10599,,,0.7693362832069397,1.185939908027649,1.185939908027649,0.7441163659095764,0.9928300976753235,0.8305677771568298,0.775201141834259
53,10649,1.1856858730316162,1.1856858730316162,,,,,,,
53,10699,1.1833641529083252,1.1833641529083252,,,,,,,
53,10749,1.2458349466323853,1.2458349466323853,,,,,,,
53,10799,1.1410667896270752,1.1410667896270752,,,,,,,
53,10799,,,0.7770530581474304,1.1921581029891968,1.1921581029891968,0.7394065260887146,0.9874117374420166,0.8317592144012451,0.7781022191047668
54,10849,1.1633894443511963,1.1633894443511963,,,,,,,
54,10899,1.1514840126037598,1.1514840126037598,,,,,,,
54,10949,1.1974270343780518,1.1974270343780518,,,,,,,
54,10999,1.2725499868392944,1.2725499868392944,,,,,,,
54,10999,,,0.7567257285118103,1.1781169176101685,1.1781169176101685,0.7424792647361755,1.0024853944778442,0.8265597820281982,0.7524492740631104
55,11049,1.171025037765503,1.171025037765503,,,,,,,
55,11099,1.1830188035964966,1.1830188035964966,,,,,,,
55,11149,1.1736571788787842,1.1736571788787842,,,,,,,
55,11199,1.1369324922561646,1.1369324922561646,,,,,,,
55,11199,,,0.7608645558357239,1.1865812540054321,1.1865812540054321,0.7396469712257385,1.0079171657562256,0.8270336985588074,0.7522855401039124
56,11249,1.1203138828277588,1.1203138828277588,,,,,,,
56,11299,1.185267448425293,1.185267448425293,,,,,,,
56,11349,1.1706838607788086,1.1706838607788086,,,,,,,
56,11399,1.172055959701538,1.172055959701538,,,,,,,
56,11399,,,0.7613241672515869,1.1813040971755981,1.1813040971755981,0.7360828518867493,0.9955390691757202,0.8251474499702454,0.758892297744751
57,11449,1.2020214796066284,1.2020214796066284,,,,,,,
57,11499,1.248859167098999,1.248859167098999,,,,,,,
57,11549,1.1538026332855225,1.1538026332855225,,,,,,,
57,11599,1.1856796741485596,1.1856796741485596,,,,,,,
57,11599,,,0.7436336874961853,1.1697450876235962,1.1697450876235962,0.7411323189735413,1.0053298473358154,0.8204146027565002,0.7360963225364685
58,11649,1.1359875202178955,1.1359875202178955,,,,,,,
58,11699,1.227238416671753,1.227238416671753,,,,,,,
58,11749,1.168082356452942,1.168082356452942,,,,,,,
58,11799,1.1590913534164429,1.1590913534164429,,,,,,,
58,11799,,,0.7556433081626892,1.1743617057800293,1.1743617057800293,0.7432874441146851,1.0045336484909058,0.8212665915489197,0.7544113993644714
59,11849,1.1693426370620728,1.1693426370620728,,,,,,,
59,11899,1.061583161354065,1.061583161354065,,,,,,,
59,11949,1.1822148561477661,1.1822148561477661,,,,,,,
59,11999,1.068611741065979,1.068611741065979,,,,,,,
59,11999,,,0.7491526007652283,1.174645185470581,1.174645185470581,0.7405056357383728,0.9992914795875549,0.822117269039154,0.7434831261634827
60,12049,1.2174756526947021,1.2174756526947021,,,,,,,
60,12099,1.0910115242004395,1.0910115242004395,,,,,,,
60,12149,1.1603972911834717,1.1603972911834717,,,,,,,
60,12199,1.126915693283081,1.126915693283081,,,,,,,
60,12199,,,0.7485495209693909,1.1691346168518066,1.1691346168518066,0.7398259043693542,1.0090364217758179,0.8216120600700378,0.74214106798172
61,12249,1.1985037326812744,1.1985037326812744,,,,,,,
61,12299,1.2595608234405518,1.2595608234405518,,,,,,,
61,12349,1.0728471279144287,1.0728471279144287,,,,,,,
61,12399,1.1256288290023804,1.1256288290023804,,,,,,,
61,12399,,,0.7457576394081116,1.1583188772201538,1.1583188772201538,0.7456027865409851,1.0039503574371338,0.8156567811965942,0.7396395802497864
62,12449,1.1996339559555054,1.1996339559555054,,,,,,,
62,12499,1.177414894104004,1.177414894104004,,,,,,,
62,12549,1.151923418045044,1.151923418045044,,,,,,,
62,12599,1.1229462623596191,1.1229462623596191,,,,,,,
62,12599,,,0.7490508556365967,1.162895917892456,1.162895917892456,0.7312602400779724,0.9930340051651001,0.8154913187026978,0.7510046362876892
63,12649,1.269683599472046,1.269683599472046,,,,,,,
63,12699,1.0622648000717163,1.0622648000717163,,,,,,,
63,12749,1.1970915794372559,1.1970915794372559,,,,,,,
63,12799,1.1724458932876587,1.1724458932876587,,,,,,,
63,12799,,,0.7467430830001831,1.1666229963302612,1.1666229963302612,0.7406315207481384,1.0016088485717773,0.819625973701477,0.7494297027587891
64,12849,1.1451514959335327,1.1451514959335327,,,,,,,
64,12899,1.1643468141555786,1.1643468141555786,,,,,,,
64,12949,1.2283565998077393,1.2283565998077393,,,,,,,
64,12999,1.0528396368026733,1.0528396368026733,,,,,,,
64,12999,,,0.7453421950340271,1.1551536321640015,1.1551536321640015,0.7404076457023621,1.001947283744812,0.8155733346939087,0.7435246706008911
65,13049,1.1505560874938965,1.1505560874938965,,,,,,,
65,13099,1.1690064668655396,1.1690064668655396,,,,,,,
65,13149,1.1022589206695557,1.1022589206695557,,,,,,,
65,13199,1.1012027263641357,1.1012027263641357,,,,,,,
65,13199,,,0.7403795719146729,1.152704119682312,1.152704119682312,0.7359543442726135,1.0062534809112549,0.8135289549827576,0.734431803226471
66,13249,1.2241203784942627,1.2241203784942627,,,,,,,
66,13299,1.0568374395370483,1.0568374395370483,,,,,,,
66,13349,1.1759344339370728,1.1759344339370728,,,,,,,
66,13399,1.1711058616638184,1.1711058616638184,,,,,,,
66,13399,,,0.7465570569038391,1.1600309610366821,1.1600309610366821,0.746883749961853,0.996136486530304,0.8144016265869141,0.7487632036209106
67,13449,1.126002311706543,1.126002311706543,,,,,,,
67,13499,1.157055139541626,1.157055139541626,,,,,,,
67,13549,1.1684926748275757,1.1684926748275757,,,,,,,
67,13599,1.055199384689331,1.055199384689331,,,,,,,
67,13599,,,0.7362051010131836,1.1450532674789429,1.1450532674789429,0.7390275001525879,1.0162558555603027,0.814869225025177,0.726219654083252
68,13649,1.056130051612854,1.056130051612854,,,,,,,
68,13699,1.0938538312911987,1.0938538312911987,,,,,,,
68,13749,1.1024324893951416,1.1024324893951416,,,,,,,
68,13799,1.103110909461975,1.103110909461975,,,,,,,
68,13799,,,0.7479901909828186,1.1501860618591309,1.1501860618591309,0.7260181903839111,0.9998466968536377,0.811834454536438,0.745037317276001
69,13849,1.1502660512924194,1.1502660512924194,,,,,,,
69,13899,1.1564384698867798,1.1564384698867798,,,,,,,
69,13949,1.1259218454360962,1.1259218454360962,,,,,,,
69,13999,1.0182400941848755,1.0182400941848755,,,,,,,
69,13999,,,0.7474980354309082,1.1528184413909912,1.1528184413909912,0.7407864332199097,0.984176754951477,0.8129653334617615,0.7539384961128235
70,14049,1.175680160522461,1.175680160522461,,,,,,,
70,14099,1.1759705543518066,1.1759705543518066,,,,,,,
70,14149,1.044819712638855,1.044819712638855,,,,,,,
70,14199,1.0748236179351807,1.0748236179351807,,,,,,,
70,14199,,,0.7347338795661926,1.1407256126403809,1.1407256126403809,0.7372533679008484,0.999366283416748,0.8083195090293884,0.7337919473648071
71,14249,1.1427929401397705,1.1427929401397705,,,,,,,
71,14299,1.1555604934692383,1.1555604934692383,,,,,,,
71,14349,1.177904725074768,1.177904725074768,,,,,,,
71,14399,1.175301194190979,1.175301194190979,,,,,,,
71,14399,,,0.7278265953063965,1.142737627029419,1.142737627029419,0.7361260056495667,0.9882278442382812,0.806679368019104,0.7422447800636292
72,14449,1.0124924182891846,1.0124924182891846,,,,,,,
72,14499,1.097844123840332,1.097844123840332,,,,,,,
72,14549,1.1717638969421387,1.1717638969421387,,,,,,,
72,14599,1.1494979858398438,1.1494979858398438,,,,,,,
72,14599,,,0.7345016598701477,1.1382566690444946,1.1382566690444946,0.7357632517814636,1.0046494007110596,0.8052951097488403,0.7280208468437195
73,14649,1.1294584274291992,1.1294584274291992,,,,,,,
73,14699,1.1681574583053589,1.1681574583053589,,,,,,,
73,14749,1.1045538187026978,1.1045538187026978,,,,,,,
73,14799,1.152915596961975,1.152915596961975,,,,,,,
73,14799,,,0.7302129864692688,1.1430691480636597,1.1430691480636597,0.7330074310302734,1.016734004020691,0.8091026544570923,0.724233865737915
74,14849,1.0510404109954834,1.0510404109954834,,,,,,,
74,14899,1.0777767896652222,1.0777767896652222,,,,,,,
74,14949,1.1093475818634033,1.1093475818634033,,,,,,,
74,14999,1.0934525728225708,1.0934525728225708,,,,,,,
74,14999,,,0.7314188480377197,1.142629623413086,1.142629623413086,0.7396100759506226,1.0208765268325806,0.810299277305603,0.7214035987854004
75,15049,1.2036175727844238,1.2036175727844238,,,,,,,
75,15099,1.0778101682662964,1.0778101682662964,,,,,,,
75,15149,1.1296038627624512,1.1296038627624512,,,,,,,
75,15199,1.103723406791687,1.103723406791687,,,,,,,
75,15199,,,0.7370563745498657,1.1331348419189453,1.1331348419189453,0.7322702407836914,0.9811558723449707,0.806236207485199,0.7566385865211487
76,15249,1.041613221168518,1.041613221168518,,,,,,,
76,15299,1.1856966018676758,1.1856966018676758,,,,,,,
76,15349,1.1019121408462524,1.1019121408462524,,,,,,,
76,15399,1.0633176565170288,1.0633176565170288,,,,,,,
76,15399,,,0.720482349395752,1.1368191242218018,1.1368191242218018,0.7294067740440369,1.0045642852783203,0.8056900501251221,0.7181559205055237
77,15449,1.1193643808364868,1.1193643808364868,,,,,,,
77,15499,1.092964768409729,1.092964768409729,,,,,,,
77,15549,1.264556884765625,1.264556884765625,,,,,,,
77,15599,1.0003256797790527,1.0003256797790527,,,,,,,
77,15599,,,0.7253625988960266,1.1259971857070923,1.1259971857070923,0.7338213324546814,0.997726559638977,0.8027165532112122,0.7346727252006531
78,15649,1.0770847797393799,1.0770847797393799,,,,,,,
78,15699,1.1217063665390015,1.1217063665390015,,,,,,,
78,15749,1.0488911867141724,1.0488911867141724,,,,,,,
78,15799,1.214615821838379,1.214615821838379,,,,,,,
78,15799,,,0.7379704117774963,1.1413819789886475,1.1413819789886475,0.7401266694068909,0.9925425052642822,0.809641420841217,0.7430696487426758
79,15849,1.1496371030807495,1.1496371030807495,,,,,,,
79,15899,1.134899377822876,1.134899377822876,,,,,,,
79,15949,1.136937141418457,1.136937141418457,,,,,,,
79,15999,1.0947331190109253,1.0947331190109253,,,,,,,
79,15999,,,0.7190892696380615,1.1269290447235107,1.1269290447235107,0.739368736743927,1.013251781463623,0.8025375008583069,0.7169690728187561
80,16049,1.0906113386154175,1.0906113386154175,,,,,,,
80,16099,1.2141966819763184,1.2141966819763184,,,,,,,
80,16149,1.151113510131836,1.151113510131836,,,,,,,
80,16199,1.112760305404663,1.112760305404663,,,,,,,
80,16199,,,0.728775143623352,1.1315393447875977,1.1315393447875977,0.7302641868591309,0.9989156126976013,0.8034370541572571,0.7401410341262817
81,16249,1.2483994960784912,1.2483994960784912,,,,,,,
81,16299,1.0712021589279175,1.0712021589279175,,,,,,,
81,16349,1.106370449066162,1.106370449066162,,,,,,,
81,16399,1.1862066984176636,1.1862066984176636,,,,,,,
81,16399,,,0.7148041725158691,1.1183710098266602,1.1183710098266602,0.7291297316551208,1.0116462707519531,0.800129234790802,0.7104838490486145
82,16449,1.0881292819976807,1.0881292819976807,,,,,,,
82,16499,1.0812528133392334,1.0812528133392334,,,,,,,
82,16549,1.0795700550079346,1.0795700550079346,,,,,,,
82,16599,1.0393494367599487,1.0393494367599487,,,,,,,
82,16599,,,0.722723662853241,1.122754454612732,1.122754454612732,0.7277588844299316,0.9906332492828369,0.8033807873725891,0.7362971901893616
83,16649,1.1011950969696045,1.1011950969696045,,,,,,,
83,16699,1.208191156387329,1.208191156387329,,,,,,,
83,16749,1.112858772277832,1.112858772277832,,,,,,,
83,16799,1.070188045501709,1.070188045501709,,,,,,,
83,16799,,,0.7351494431495667,1.1243339776992798,1.1243339776992798,0.7418345212936401,0.9711375832557678,0.8047499656677246,0.7552415132522583
84,16849,1.2156150341033936,1.2156150341033936,,,,,,,
84,16899,1.1974165439605713,1.1974165439605713,,,,,,,
84,16949,1.0891975164413452,1.0891975164413452,,,,,,,
84,16999,1.09731125831604,1.09731125831604,,,,,,,
84,16999,,,0.7229549288749695,1.115049958229065,1.115049958229065,0.734319806098938,0.9905141592025757,0.7997376322746277,0.730688214302063
85,17049,1.0639004707336426,1.0639004707336426,,,,,,,
85,17099,1.0383336544036865,1.0383336544036865,,,,,,,
85,17149,1.1172651052474976,1.1172651052474976,,,,,,,
85,17199,1.1232000589370728,1.1232000589370728,,,,,,,
85,17199,,,0.7209608554840088,1.1128798723220825,1.1128798723220825,0.7285360097885132,0.9911792874336243,0.7979145050048828,0.7347851991653442
86,17249,1.1744898557662964,1.1744898557662964,,,,,,,
86,17299,1.032507300376892,1.032507300376892,,,,,,,
86,17349,1.192696213722229,1.192696213722229,,,,,,,
86,17399,1.2067817449569702,1.2067817449569702,,,,,,,
86,17399,,,0.7138978242874146,1.1174211502075195,1.1174211502075195,0.7366183400154114,1.0102618932724,0.7996998429298401,0.714943528175354
87,17449,1.1566870212554932,1.1566870212554932,,,,,,,
87,17499,1.071060299873352,1.071060299873352,,,,,,,
87,17549,1.1032471656799316,1.1032471656799316,,,,,,,
87,17599,1.0196490287780762,1.0196490287780762,,,,,,,
87,17599,,,0.7152820229530334,1.1209568977355957,1.1209568977355957,0.7299793362617493,1.008556604385376,0.7991902828216553,0.7115010023117065
88,17649,1.1280324459075928,1.1280324459075928,,,,,,,
88,17699,1.1648350954055786,1.1648350954055786,,,,,,,
88,17749,1.1545721292495728,1.1545721292495728,,,,,,,
88,17799,1.176037073135376,1.176037073135376,,,,,,,
88,17799,,,0.7117305397987366,1.1142640113830566,1.1142640113830566,0.7292575240135193,1.0103167295455933,0.8011190891265869,0.7045843005180359
89,17849,1.0917340517044067,1.0917340517044067,,,,,,,
89,17899,1.1125520467758179,1.1125520467758179,,,,,,,
89,17949,1.1197758913040161,1.1197758913040161,,,,,,,
89,17999,1.0967565774917603,1.0967565774917603,,,,,,,
89,17999,,,0.7130182385444641,1.1172637939453125,1.1172637939453125,0.7310678362846375,1.0045769214630127,0.7991006970405579,0.7171187996864319
90,18049,1.118712067604065,1.118712067604065,,,,,,,
90,18099,1.0178351402282715,1.0178351402282715,,,,,,,
90,18149,1.0808595418930054,1.0808595418930054,,,,,,,
90,18199,1.1367270946502686,1.1367270946502686,,,,,,,
90,18199,,,0.718041718006134,1.1110548973083496,1.1110548973083496,0.7351725101470947,0.9878806471824646,0.7995105385780334,0.7357189059257507
91,18249,1.1107981204986572,1.1107981204986572,,,,,,,
91,18299,1.1280007362365723,1.1280007362365723,,,,,,,
91,18349,0.9814133048057556,0.9814133048057556,,,,,,,
91,18399,1.0838780403137207,1.0838780403137207,,,,,,,
91,18399,,,0.7075397968292236,1.103073000907898,1.103073000907898,0.7334421873092651,0.9913224577903748,0.798308253288269,0.7252559661865234
92,18449,0.9947714805603027,0.9947714805603027,,,,,,,
92,18499,1.173695683479309,1.173695683479309,,,,,,,
92,18549,1.1153297424316406,1.1153297424316406,,,,,,,
92,18599,1.1867189407348633,1.1867189407348633,,,,,,,
92,18599,,,0.713720977306366,1.108028531074524,1.108028531074524,0.7317459583282471,0.9868650436401367,0.7970085144042969,0.7283329963684082
93,18649,1.108977198600769,1.108977198600769,,,,,,,
93,18699,1.118096113204956,1.118096113204956,,,,,,,
93,18749,1.147748589515686,1.147748589515686,,,,,,,
93,18799,1.0571990013122559,1.0571990013122559,,,,,,,
93,18799,,,0.7100120186805725,1.101806402206421,1.101806402206421,0.7302913665771484,0.9953347444534302,0.7948474287986755,0.7231212854385376
94,18849,1.0616644620895386,1.0616644620895386,,,,,,,
94,18899,1.0845932960510254,1.0845932960510254,,,,,,,
94,18949,1.1579043865203857,1.1579043865203857,,,,,,,
94,18999,1.0017236471176147,1.0017236471176147,,,,,,,
94,18999,,,0.7044909000396729,1.0986968278884888,1.0986968278884888,0.7308748364448547,1.0011149644851685,0.7968780398368835,0.7110204100608826
95,19049,1.1376334428787231,1.1376334428787231,,,,,,,
95,19099,1.1546169519424438,1.1546169519424438,,,,,,,
95,19149,0.999571681022644,0.999571681022644,,,,,,,
95,19199,1.1683272123336792,1.1683272123336792,,,,,,,
95,19199,,,0.703731119632721,1.1026525497436523,1.1026525497436523,0.7377510666847229,1.0094172954559326,0.79840487241745,0.7098907828330994
96,19249,1.1015751361846924,1.1015751361846924,,,,,,,
96,19299,1.0868405103683472,1.0868405103683472,,,,,,,
96,19349,1.075148582458496,1.075148582458496,,,,,,,
96,19399,1.0944591760635376,1.0944591760635376,,,,,,,
96,19399,,,0.6975852251052856,1.0958553552627563,1.0958553552627563,0.7278134226799011,1.0107059478759766,0.7965416312217712,0.7035219669342041
97,19449,1.1668704748153687,1.1668704748153687,,,,,,,
97,19499,1.1327720880508423,1.1327720880508423,,,,,,,
97,19549,1.0878733396530151,1.0878733396530151,,,,,,,
97,19599,1.1039276123046875,1.1039276123046875,,,,,,,
97,19599,,,0.702734649181366,1.102177619934082,1.102177619934082,0.7279914617538452,0.9881232976913452,0.7976493835449219,0.724949836730957
98,19649,1.1319485902786255,1.1319485902786255,,,,,,,
98,19699,1.0703284740447998,1.0703284740447998,,,,,,,
98,19749,1.1095714569091797,1.1095714569091797,,,,,,,
98,19799,1.2345283031463623,1.2345283031463623,,,,,,,
98,19799,,,0.7031481266021729,1.0935983657836914,1.0935983657836914,0.7261736989021301,0.9969612956047058,0.7968942523002625,0.7290927767753601
99,19849,1.0839675664901733,1.0839675664901733,,,,,,,
99,19899,1.116326928138733,1.116326928138733,,,,,,,
99,19949,1.214739441871643,1.214739441871643,,,,,,,
99,19999,1.047245979309082,1.047245979309082,,,,,,,
99,19999,,,0.6891889572143555,1.0815473794937134,1.0815473794937134,0.7219060659408569,0.9897637367248535,0.7935675978660583,0.7127938866615295
100,20049,1.0912245512008667,1.0912245512008667,,,,,,,
100,20099,1.0508979558944702,1.0508979558944702,,,,,,,
100,20149,1.0704460144042969,1.0704460144042969,,,,,,,
100,20199,1.0049527883529663,1.0049527883529663,,,,,,,
100,20199,,,0.6938315033912659,1.0863826274871826,1.0863826274871826,0.7197599411010742,0.995741605758667,0.7927486896514893,0.7159637808799744
101,20249,1.1055153608322144,1.1055153608322144,,,,,,,
101,20299,1.1174187660217285,1.1174187660217285,,,,,,,
101,20349,1.052139163017273,1.052139163017273,,,,,,,
101,20399,1.0725990533828735,1.0725990533828735,,,,,,,
101,20399,,,0.695526123046875,1.0865157842636108,1.0865157842636108,0.7356888055801392,0.993585467338562,0.7960100173950195,0.7255181074142456
102,20449,1.0492651462554932,1.0492651462554932,,,,,,,
102,20499,1.0888864994049072,1.0888864994049072,,,,,,,
102,20549,1.080498456954956,1.080498456954956,,,,,,,
102,20599,0.935580313205719,0.935580313205719,,,,,,,
102,20599,,,0.6928086280822754,1.0867209434509277,1.0867209434509277,0.7282344102859497,1.0064682960510254,0.7971023917198181,0.7131752967834473
103,20649,1.0775142908096313,1.0775142908096313,,,,,,,
103,20699,1.0221796035766602,1.0221796035766602,,,,,,,
103,20749,0.9917475581169128,0.9917475581169128,,,,,,,
103,20799,1.0889958143234253,1.0889958143234253,,,,,,,
103,20799,,,0.6926981806755066,1.0782818794250488,1.0782818794250488,0.7265768647193909,1.0040549039840698,0.7953255772590637,0.710238516330719
104,20849,1.0306521654129028,1.0306521654129028,,,,,,,
104,20899,1.0424396991729736,1.0424396991729736,,,,,,,
104,20949,1.1311639547348022,1.1311639547348022,,,,,,,
104,20999,1.0554437637329102,1.0554437637329102,,,,,,,
104,20999,,,0.6859893202781677,1.0791641473770142,1.0791641473770142,0.7275710701942444,1.0121257305145264,0.7945224046707153,0.7041000723838806
105,21049,1.164552927017212,1.164552927017212,,,,,,,
105,21099,1.0498778820037842,1.0498778820037842,,,,,,,
105,21149,1.0537679195404053,1.0537679195404053,,,,,,,
105,21199,1.069320797920227,1.069320797920227,,,,,,,
105,21199,,,0.6913214325904846,1.0743108987808228,1.0743108987808228,0.730449378490448,0.9784530997276306,0.7902519106864929,0.7271143198013306
106,21249,1.105173945426941,1.105173945426941,,,,,,,
106,21299,1.0739338397979736,1.0739338397979736,,,,,,,
106,21349,1.0479140281677246,1.0479140281677246,,,,,,,
106,21399,1.0656613111495972,1.0656613111495972,,,,,,,
106,21399,,,0.6787443161010742,1.0728956460952759,1.0728956460952759,0.7308872938156128,1.002682089805603,0.7913832664489746,0.7002206444740295
107,21449,1.088727355003357,1.088727355003357,,,,,,,
107,21499,1.1131511926651,1.1131511926651,,,,,,,
107,21549,1.0530986785888672,1.0530986785888672,,,,,,,
107,21599,1.0770316123962402,1.0770316123962402,,,,,,,
107,21599,,,0.6928619146347046,1.0762770175933838,1.0762770175933838,0.7274431586265564,0.9814631342887878,0.79355788230896,0.7290298938751221
108,21649,0.9907584190368652,0.9907584190368652,,,,,,,
108,21699,1.1426308155059814,1.1426308155059814,,,,,,,
108,21749,1.0208078622817993,1.0208078622817993,,,,,,,
108,21799,0.9578217267990112,0.9578217267990112,,,,,,,
108,21799,,,0.6833138465881348,1.0750701427459717,1.0750701427459717,0.723014771938324,0.9900026321411133,0.7902236580848694,0.7137924432754517
109,21849,0.917707085609436,0.917707085609436,,,,,,,
109,21899,1.0018513202667236,1.0018513202667236,,,,,,,
109,21949,1.0947498083114624,1.0947498083114624,,,,,,,
109,21999,1.0604459047317505,1.0604459047317505,,,,,,,
109,21999,,,0.6987292170524597,1.0864111185073853,1.0864111185073853,0.7343483567237854,0.9978375434875488,0.7980870008468628,0.7266635298728943
110,22049,0.9429984092712402,0.9429984092712402,,,,,,,
110,22099,1.1067850589752197,1.1067850589752197,,,,,,,
110,22149,1.048956036567688,1.048956036567688,,,,,,,
110,22199,1.0749871730804443,1.0749871730804443,,,,,,,
110,22199,,,0.685377299785614,1.0736569166183472,1.0736569166183472,0.724868893623352,0.9849925637245178,0.791662335395813,0.7232778072357178
111,22249,1.1111901998519897,1.1111901998519897,,,,,,,
111,22299,1.039887547492981,1.039887547492981,,,,,,,
111,22349,1.0619558095932007,1.0619558095932007,,,,,,,
111,22399,1.1385217905044556,1.1385217905044556,,,,,,,
111,22399,,,0.6764266490936279,1.0657949447631836,1.0657949447631836,0.7259418964385986,1.0048085451126099,0.7915693521499634,0.7039242386817932
112,22449,1.0974987745285034,1.0974987745285034,,,,,,,
112,22499,1.0256272554397583,1.0256272554397583,,,,,,,
112,22549,1.0033161640167236,1.0033161640167236,,,,,,,
112,22599,0.9788650870323181,0.9788650870323181,,,,,,,
112,22599,,,0.6725911498069763,1.0754163265228271,1.0754163265228271,0.7240532040596008,1.0282267332077026,0.7928495407104492,0.6857309937477112
113,22649,1.0779411792755127,1.0779411792755127,,,,,,,
113,22699,1.140105128288269,1.140105128288269,,,,,,,
113,22749,1.119462490081787,1.119462490081787,,,,,,,
113,22799,0.9755287170410156,0.9755287170410156,,,,,,,
113,22799,,,0.6818333268165588,1.0699541568756104,1.0699541568756104,0.722633421421051,1.0062721967697144,0.79291170835495,0.7069261074066162
114,22849,1.0672119855880737,1.0672119855880737,,,,,,,
114,22899,1.0319290161132812,1.0319290161132812,,,,,,,
114,22949,1.065334439277649,1.065334439277649,,,,,,,
114,22999,1.0951734781265259,1.0951734781265259,,,,,,,
114,22999,,,0.6746987104415894,1.067244052886963,1.067244052886963,0.7203231453895569,1.002192735671997,0.7894079089164734,0.6941092610359192
115,23049,1.0293171405792236,1.0293171405792236,,,,,,,
115,23099,1.0156911611557007,1.0156911611557007,,,,,,,
115,23149,1.0792075395584106,1.0792075395584106,,,,,,,
115,23199,1.117109775543213,1.117109775543213,,,,,,,
115,23199,,,0.6788193583488464,1.0630075931549072,1.0630075931549072,0.7387194633483887,1.0052456855773926,0.7933160066604614,0.6994877457618713
116,23249,1.1967986822128296,1.1967986822128296,,,,,,,
116,23299,1.099729299545288,1.099729299545288,,,,,,,
116,23349,1.0082498788833618,1.0082498788833618,,,,,,,
116,23399,1.115738868713379,1.115738868713379,,,,,,,
116,23399,,,0.6768568158149719,1.064113974571228,1.064113974571228,0.7163084149360657,1.0021536350250244,0.7898780703544617,0.7013435959815979
117,23449,1.1506516933441162,1.1506516933441162,,,,,,,
117,23499,1.1000744104385376,1.1000744104385376,,,,,,,
117,23549,1.0470850467681885,1.0470850467681885,,,,,,,
117,23599,1.0564477443695068,1.0564477443695068,,,,,,,
117,23599,,,0.6687778234481812,1.0614469051361084,1.0614469051361084,0.7271826863288879,1.015903353691101,0.7896312475204468,0.6854855418205261
118,23649,1.1685609817504883,1.1685609817504883,,,,,,,
118,23699,0.9891713261604309,0.9891713261604309,,,,,,,
118,23749,1.1193478107452393,1.1193478107452393,,,,,,,
118,23799,0.8990448117256165,0.8990448117256165,,,,,,,
118,23799,,,0.6622360348701477,1.0468405485153198,1.0468405485153198,0.7205461859703064,0.9940008521080017,0.7849771976470947,0.6998665928840637
119,23849,1.0294269323349,1.0294269323349,,,,,,,
119,23899,1.0332533121109009,1.0332533121109009,,,,,,,
119,23949,1.058148980140686,1.058148980140686,,,,,,,
119,23999,1.0701565742492676,1.0701565742492676,,,,,,,
119,23999,,,0.6710802316665649,1.06019127368927,1.06019127368927,0.7302377223968506,0.9926302433013916,0.7903280854225159,0.7077227234840393
120,24049,1.024874210357666,1.024874210357666,,,,,,,
120,24099,1.152398705482483,1.152398705482483,,,,,,,
120,24149,1.088565707206726,1.088565707206726,,,,,,,
120,24199,0.99958735704422,0.99958735704422,,,,,,,
120,24199,,,0.6672990322113037,1.0549343824386597,1.0549343824386597,0.7259305119514465,1.0237691402435303,0.7902413010597229,0.6891000270843506
121,24249,1.0152521133422852,1.0152521133422852,,,,,,,
121,24299,1.1198208332061768,1.1198208332061768,,,,,,,
121,24349,1.0093673467636108,1.0093673467636108,,,,,,,
121,24399,0.9748738408088684,0.9748738408088684,,,,,,,
121,24399,,,0.6625991463661194,1.0465335845947266,1.0465335845947266,0.7209993600845337,1.0082417726516724,0.7858746647834778,0.6922723650932312
122,24449,1.0362122058868408,1.0362122058868408,,,,,,,
122,24499,1.1039472818374634,1.1039472818374634,,,,,,,
122,24549,1.0207083225250244,1.0207083225250244,,,,,,,
122,24599,1.0467543601989746,1.0467543601989746,,,,,,,
122,24599,,,0.6695623993873596,1.047415018081665,1.047415018081665,0.7253168225288391,0.98683762550354,0.7848733067512512,0.7116633653640747
123,24649,0.9514130353927612,0.9514130353927612,,,,,,,
123,24699,0.9227177500724792,0.9227177500724792,,,,,,,
123,24749,1.0831435918807983,1.0831435918807983,,,,,,,
123,24799,1.020546555519104,1.020546555519104,,,,,,,
123,24799,,,0.6641858220100403,1.0566458702087402,1.0566458702087402,0.7190650105476379,1.0277409553527832,0.7884150147438049,0.6908396482467651
124,24849,1.0137003660202026,1.0137003660202026,,,,,,,
124,24899,1.0442098379135132,1.0442098379135132,,,,,,,
124,24949,1.014833927154541,1.014833927154541,,,,,,,
124,24999,1.0704667568206787,1.0704667568206787,,,,,,,
124,24999,,,0.6641905903816223,1.0483821630477905,1.0483821630477905,0.7158993482589722,0.9989697933197021,0.7864651679992676,0.6925194263458252
125,25049,0.9694167971611023,0.9694167971611023,,,,,,,
125,25099,1.0749521255493164,1.0749521255493164,,,,,,,
125,25149,1.039141297340393,1.039141297340393,,,,,,,
125,25199,1.0059723854064941,1.0059723854064941,,,,,,,
125,25199,,,0.6665819883346558,1.0516127347946167,1.0516127347946167,0.7164422869682312,1.0062971115112305,0.7835612297058105,0.6880093812942505
126,25249,0.9768537878990173,0.9768537878990173,,,,,,,
126,25299,1.022796630859375,1.022796630859375,,,,,,,
126,25349,1.0901540517807007,1.0901540517807007,,,,,,,
126,25399,1.072756290435791,1.072756290435791,,,,,,,
126,25399,,,0.6569625735282898,1.0433928966522217,1.0433928966522217,0.7143440246582031,1.0120025873184204,0.7840654850006104,0.6793217658996582
127,25449,1.0856369733810425,1.0856369733810425,,,,,,,
127,25499,0.9685795903205872,0.9685795903205872,,,,,,,
127,25549,1.14895498752594,1.14895498752594,,,,,,,
127,25599,1.0180251598358154,1.0180251598358154,,,,,,,
127,25599,,,0.6676846146583557,1.051889181137085,1.051889181137085,0.7216583490371704,1.0075888633728027,0.789124071598053,0.6897072196006775
128,25649,1.0864670276641846,1.0864670276641846,,,,,,,
128,25699,0.9958382248878479,0.9958382248878479,,,,,,,
128,25749,0.883819580078125,0.883819580078125,,,,,,,
128,25799,0.9736383557319641,0.9736383557319641,,,,,,,
128,25799,,,0.6512113809585571,1.0491421222686768,1.0491421222686768,0.7107303142547607,1.0347484350204468,0.7868602871894836,0.6638147830963135
129,25849,1.0598809719085693,1.0598809719085693,,,,,,,
129,25899,1.0280357599258423,1.0280357599258423,,,,,,,
129,25949,0.9632889628410339,0.9632889628410339,,,,,,,
129,25999,1.0297843217849731,1.0297843217849731,,,,,,,
129,25999,,,0.6661019325256348,1.0453064441680908,1.0453064441680908,0.7171396017074585,0.997247576713562,0.784141480922699,0.6961071491241455
130,26049,0.9942625164985657,0.9942625164985657,,,,,,,
130,26099,0.9289948344230652,0.9289948344230652,,,,,,,
130,26149,1.0617327690124512,1.0617327690124512,,,,,,,
130,26199,1.0851444005966187,1.0851444005966187,,,,,,,
130,26199,,,0.6550906300544739,1.0449713468551636,1.0449713468551636,0.7229328751564026,1.0057820081710815,0.7861037254333496,0.6872097253799438
131,26249,0.9686974287033081,0.9686974287033081,,,,,,,
131,26299,1.0679092407226562,1.0679092407226562,,,,,,,
131,26349,1.0535856485366821,1.0535856485366821,,,,,,,
131,26399,0.9905140399932861,0.9905140399932861,,,,,,,
131,26399,,,0.6655011773109436,1.0402278900146484,1.0402278900146484,0.7114495038986206,0.9948922395706177,0.785123884677887,0.6951342821121216
132,26449,0.8945989608764648,0.8945989608764648,,,,,,,
132,26499,1.0026451349258423,1.0026451349258423,,,,,,,
132,26549,1.0217119455337524,1.0217119455337524,,,,,,,
132,26599,1.0058889389038086,1.0058889389038086,,,,,,,
132,26599,,,0.6652013659477234,1.049721598625183,1.049721598625183,0.7233970761299133,1.0060678720474243,0.789261519908905,0.7019622325897217
133,26649,0.9798680543899536,0.9798680543899536,,,,,,,
133,26699,1.1112405061721802,1.1112405061721802,,,,,,,
133,26749,0.978468656539917,0.978468656539917,,,,,,,
133,26799,1.0323106050491333,1.0323106050491333,,,,,,,
133,26799,,,0.655921459197998,1.044721007347107,1.044721007347107,0.7142098546028137,1.0145870447158813,0.7834347486495972,0.6787034869194031
134,26849,1.0427316427230835,1.0427316427230835,,,,,,,
134,26899,1.0856226682662964,1.0856226682662964,,,,,,,
134,26949,1.1619232892990112,1.1619232892990112,,,,,,,
134,26999,1.0169252157211304,1.0169252157211304,,,,,,,
134,26999,,,0.6668714880943298,1.0418580770492554,1.0418580770492554,0.7139094471931458,0.9921427369117737,0.7822534441947937,0.7064391374588013
135,27049,1.1031118631362915,1.1031118631362915,,,,,,,
135,27099,1.0768705606460571,1.0768705606460571,,,,,,,
135,27149,0.9793060421943665,0.9793060421943665,,,,,,,
135,27199,0.9964666366577148,0.9964666366577148,,,,,,,
135,27199,,,0.6612116694450378,1.0337423086166382,1.0337423086166382,0.7221801280975342,0.9959005117416382,0.7860804200172424,0.699094831943512
136,27249,1.126810908317566,1.126810908317566,,,,,,,
136,27299,1.0060667991638184,1.0060667991638184,,,,,,,
136,27349,1.0635713338851929,1.0635713338851929,,,,,,,
136,27399,0.995131254196167,0.995131254196167,,,,,,,
136,27399,,,0.6629798412322998,1.0388661623001099,1.0388661623001099,0.7108992338180542,0.989382803440094,0.7838211059570312,0.6992489099502563
137,27449,0.9634770154953003,0.9634770154953003,,,,,,,
137,27499,0.92034912109375,0.92034912109375,,,,,,,
137,27549,0.9890806674957275,0.9890806674957275,,,,,,,
137,27599,1.066577672958374,1.066577672958374,,,,,,,
137,27599,,,0.6620838642120361,1.033843994140625,1.033843994140625,0.720981776714325,1.0090304613113403,0.7856538891792297,0.6943517327308655
138,27649,1.0283575057983398,1.0283575057983398,,,,,,,
138,27699,1.0870281457901,1.0870281457901,,,,,,,
138,27749,0.9963046908378601,0.9963046908378601,,,,,,,
138,27799,0.9926914572715759,0.9926914572715759,,,,,,,
138,27799,,,0.6586465239524841,1.0511219501495361,1.0511219501495361,0.7173091769218445,1.0218095779418945,0.7862736582756042,0.6847798228263855
139,27849,0.995468258857727,0.995468258857727,,,,,,,
139,27899,1.0470879077911377,1.0470879077911377,,,,,,,
139,27949,1.09525728225708,1.09525728225708,,,,,,,
139,27999,1.0797439813613892,1.0797439813613892,,,,,,,
139,27999,,,0.6496718525886536,1.037288784980774,1.037288784980774,0.7252856492996216,1.002543330192566,0.7832836508750916,0.683556318283081
140,28049,0.9868761897087097,0.9868761897087097,,,,,,,
140,28099,1.051257610321045,1.051257610321045,,,,,,,
140,28149,0.8969240188598633,0.8969240188598633,,,,,,,
140,28199,1.0695205926895142,1.0695205926895142,,,,,,,
140,28199,,,0.6422834396362305,1.0228134393692017,1.0228134393692017,0.7095200419425964,1.0161972045898438,0.7782844305038452,0.6678643822669983
141,28249,1.0527312755584717,1.0527312755584717,,,,,,,
141,28299,1.1081148386001587,1.1081148386001587,,,,,,,
141,28349,0.9791170954704285,0.9791170954704285,,,,,,,
141,28399,1.094301700592041,1.094301700592041,,,,,,,
141,28399,,,0.6534951329231262,1.0317777395248413,1.0317777395248413,0.7082269787788391,1.0061663389205933,0.7820924520492554,0.684034526348114
142,28449,0.9585516452789307,0.9585516452789307,,,,,,,
142,28499,0.8683448433876038,0.8683448433876038,,,,,,,
142,28549,1.0207374095916748,1.0207374095916748,,,,,,,
142,28599,1.0101619958877563,1.0101619958877563,,,,,,,
142,28599,,,0.6529641151428223,1.0195348262786865,1.0195348262786865,0.7161750197410583,1.0006176233291626,0.78050696849823,0.6957393884658813
143,28649,0.9858646988868713,0.9858646988868713,,,,,,,
143,28699,1.0308579206466675,1.0308579206466675,,,,,,,
143,28749,1.0064678192138672,1.0064678192138672,,,,,,,
143,28799,1.0157475471496582,1.0157475471496582,,,,,,,
143,28799,,,0.6549113392829895,1.0290371179580688,1.0290371179580688,0.7143967747688293,1.0128908157348633,0.7808775305747986,0.679924488067627
144,28849,0.9746607542037964,0.9746607542037964,,,,,,,
144,28899,0.9859312772750854,0.9859312772750854,,,,,,,
144,28949,1.0341012477874756,1.0341012477874756,,,,,,,
144,28999,1.0207371711730957,1.0207371711730957,,,,,,,
144,28999,,,0.6500043869018555,1.0258748531341553,1.0258748531341553,0.7178746461868286,1.0165271759033203,0.782302737236023,0.675895631313324
145,29049,1.0758354663848877,1.0758354663848877,,,,,,,
145,29099,0.9918792247772217,0.9918792247772217,,,,,,,
145,29149,0.9697158336639404,0.9697158336639404,,,,,,,
145,29199,1.0533231496810913,1.0533231496810913,,,,,,,
145,29199,,,0.6520355939865112,1.0269421339035034,1.0269421339035034,0.7260947823524475,1.0206464529037476,0.7838453054428101,0.6747187376022339
146,29249,1.0186887979507446,1.0186887979507446,,,,,,,
146,29299,0.9532880783081055,0.9532880783081055,,,,,,,
146,29349,1.0218431949615479,1.0218431949615479,,,,,,,
146,29399,1.1379536390304565,1.1379536390304565,,,,,,,
146,29399,,,0.6568418741226196,1.0293948650360107,1.0293948650360107,0.7123879194259644,1.003271222114563,0.779422402381897,0.6986497044563293
147,29449,0.9830554127693176,0.9830554127693176,,,,,,,
147,29499,1.043942928314209,1.043942928314209,,,,,,,
147,29549,1.0350804328918457,1.0350804328918457,,,,,,,
147,29599,1.0098156929016113,1.0098156929016113,,,,,,,
147,29599,,,0.651249885559082,1.0177102088928223,1.0177102088928223,0.7059008479118347,1.0083973407745361,0.7806928157806396,0.6800125241279602
148,29649,1.0749024152755737,1.0749024152755737,,,,,,,
148,29699,1.061376929283142,1.061376929283142,,,,,,,
148,29749,1.0682916641235352,1.0682916641235352,,,,,,,
148,29799,1.0226389169692993,1.0226389169692993,,,,,,,
148,29799,,,0.6454809904098511,1.0164189338684082,1.0164189338684082,0.7064547538757324,1.0000962018966675,0.775710940361023,0.6764107942581177
149,29849,1.0678833723068237,1.0678833723068237,,,,,,,
149,29899,1.1052929162979126,1.1052929162979126,,,,,,,
149,29949,1.0233831405639648,1.0233831405639648,,,,,,,
149,29999,1.0859510898590088,1.0859510898590088,,,,,,,
149,29999,,,0.6570394039154053,1.0230488777160645,1.0230488777160645,0.7162526845932007,0.9789593815803528,0.781613826751709,0.7090423703193665
150,30049,1.0124893188476562,1.0124893188476562,,,,,,,
150,30099,1.1271921396255493,1.1271921396255493,,,,,,,
150,30149,1.0104280710220337,1.0104280710220337,,,,,,,
150,30199,1.0095258951187134,1.0095258951187134,,,,,,,
150,30199,,,0.6544331312179565,1.0238014459609985,1.0238014459609985,0.7170835733413696,0.996542751789093,0.7805814743041992,0.696534276008606
151,30249,1.020978331565857,1.020978331565857,,,,,,,
151,30299,1.0594265460968018,1.0594265460968018,,,,,,,
151,30349,0.9677362442016602,0.9677362442016602,,,,,,,
151,30399,1.0076074600219727,1.0076074600219727,,,,,,,
151,30399,,,0.6418123245239258,1.023625373840332,1.023625373840332,0.7048723101615906,1.006998062133789,0.7817569375038147,0.6767566800117493
152,30449,0.9681144952774048,0.9681144952774048,,,,,,,
152,30499,1.066705346107483,1.066705346107483,,,,,,,
152,30549,1.0675008296966553,1.0675008296966553,,,,,,,
152,30599,1.0602010488510132,1.0602010488510132,,,,,,,
152,30599,,,0.6465699672698975,1.0306479930877686,1.0306479930877686,0.7084709405899048,1.0119729042053223,0.781484842300415,0.6763208508491516
153,30649,1.153074026107788,1.153074026107788,,,,,,,
153,30699,0.996757984161377,0.996757984161377,,,,,,,
153,30749,1.0349524021148682,1.0349524021148682,,,,,,,
153,30799,0.9455989003181458,0.9455989003181458,,,,,,,
153,30799,,,0.6486956477165222,1.0152827501296997,1.0152827501296997,0.704204797744751,0.9970861077308655,0.7768001556396484,0.6836377382278442
154,30849,0.9611263871192932,0.9611263871192932,,,,,,,
154,30899,1.0258508920669556,1.0258508920669556,,,,,,,
154,30949,1.0639312267303467,1.0639312267303467,,,,,,,
154,30999,0.9688053131103516,0.9688053131103516,,,,,,,
154,30999,,,0.6560012102127075,1.0315821170806885,1.0315821170806885,0.7129213809967041,1.0054198503494263,0.7847069501876831,0.6957963109016418
155,31049,1.042246699333191,1.042246699333191,,,,,,,
155,31099,1.0493444204330444,1.0493444204330444,,,,,,,
155,31149,0.9718933701515198,0.9718933701515198,,,,,,,
155,31199,1.0855412483215332,1.0855412483215332,,,,,,,
155,31199,,,0.6457756757736206,1.019850730895996,1.019850730895996,0.7111752033233643,0.9902657866477966,0.7777832746505737,0.6963437795639038
156,31249,1.0052495002746582,1.0052495002746582,,,,,,,
156,31299,1.0113881826400757,1.0113881826400757,,,,,,,
156,31349,1.0072014331817627,1.0072014331817627,,,,,,,
156,31399,1.061262845993042,1.061262845993042,,,,,,,
156,31399,,,0.6398224234580994,1.0216981172561646,1.0216981172561646,0.7127465009689331,1.0319771766662598,0.7802867889404297,0.6578746438026428
157,31449,1.0552823543548584,1.0552823543548584,,,,,,,
157,31499,1.0955235958099365,1.0955235958099365,,,,,,,
157,31549,1.0242880582809448,1.0242880582809448,,,,,,,
157,31599,1.0909085273742676,1.0909085273742676,,,,,,,
157,31599,,,0.6457645893096924,1.0253372192382812,1.0253372192382812,0.7130975723266602,1.0323601961135864,0.7794036865234375,0.6665271520614624
158,31649,1.0203572511672974,1.0203572511672974,,,,,,,
158,31699,1.005323886871338,1.005323886871338,,,,,,,
158,31749,0.9987478256225586,0.9987478256225586,,,,,,,
158,31799,1.003196358680725,1.003196358680725,,,,,,,
158,31799,,,0.6434721946716309,1.0103816986083984,1.0103816986083984,0.7182862758636475,1.0077928304672241,0.7794178128242493,0.6805424690246582
159,31849,1.0445917844772339,1.0445917844772339,,,,,,,
159,31899,1.0268442630767822,1.0268442630767822,,,,,,,
159,31949,1.026903510093689,1.026903510093689,,,,,,,
159,31999,1.025792121887207,1.025792121887207,,,,,,,
159,31999,,,0.6415323615074158,1.0090378522872925,1.0090378522872925,0.7086904048919678,1.0050599575042725,0.7761719226837158,0.6816407442092896
160,32049,1.098910927772522,1.098910927772522,,,,,,,
160,32099,0.8416950106620789,0.8416950106620789,,,,,,,
160,32149,0.9702799916267395,0.9702799916267395,,,,,,,
160,32199,1.0550071001052856,1.0550071001052856,,,,,,,
160,32199,,,0.6429428458213806,1.0238571166992188,1.0238571166992188,0.7046123743057251,0.9912644028663635,0.7755332589149475,0.6877222657203674
161,32249,1.0413973331451416,1.0413973331451416,,,,,,,
161,32299,0.9853560924530029,0.9853560924530029,,,,,,,
161,32349,0.9631506204605103,0.9631506204605103,,,,,,,
161,32399,1.0275143384933472,1.0275143384933472,,,,,,,
161,32399,,,0.6474764943122864,1.017449140548706,1.017449140548706,0.7237597107887268,0.9947612881660461,0.7792279124259949,0.6872109770774841
162,32449,0.9666308760643005,0.9666308760643005,,,,,,,
162,32499,0.9601046442985535,0.9601046442985535,,,,,,,
162,32549,1.057584524154663,1.057584524154663,,,,,,,
162,32599,1.0962185859680176,1.0962185859680176,,,,,,,
162,32599,,,0.6495254039764404,1.015445590019226,1.015445590019226,0.708040714263916,1.0053879022598267,0.7783339023590088,0.690049409866333
163,32649,0.9449143409729004,0.9449143409729004,,,,,,,
163,32699,0.9050928950309753,0.9050928950309753,,,,,,,
163,32749,0.9866279363632202,0.9866279363632202,,,,,,,
163,32799,0.9920521378517151,0.9920521378517151,,,,,,,
163,32799,,,0.6405616402626038,1.0069864988327026,1.0069864988327026,0.7079062461853027,0.9988133907318115,0.7735900282859802,0.6780419945716858
164,32849,1.084834098815918,1.084834098815918,,,,,,,
164,32899,0.9980887770652771,0.9980887770652771,,,,,,,
164,32949,0.9906234741210938,0.9906234741210938,,,,,,,
164,32999,1.0788533687591553,1.0788533687591553,,,,,,,
164,32999,,,0.640672504901886,1.0096811056137085,1.0096811056137085,0.709376335144043,1.0033211708068848,0.777843177318573,0.6761024594306946
165,33049,0.9799189567565918,0.9799189567565918,,,,,,,
165,33099,0.9390055537223816,0.9390055537223816,,,,,,,
165,33149,1.0042879581451416,1.0042879581451416,,,,,,,
165,33199,0.919261634349823,0.919261634349823,,,,,,,
165,33199,,,0.6458249688148499,1.0177178382873535,1.0177178382873535,0.7177833318710327,1.0126184225082397,0.7817790508270264,0.6793079972267151
166,33249,1.1556527614593506,1.1556527614593506,,,,,,,
166,33299,0.949958086013794,0.949958086013794,,,,,,,
166,33349,0.9628170132637024,0.9628170132637024,,,,,,,
166,33399,1.0020607709884644,1.0020607709884644,,,,,,,
166,33399,,,0.6519556641578674,1.008884310722351,1.008884310722351,0.7085995078086853,0.9909199476242065,0.7799350619316101,0.6959519386291504
167,33449,0.9766571521759033,0.9766571521759033,,,,,,,
167,33499,1.0665298700332642,1.0665298700332642,,,,,,,
167,33549,0.9354568123817444,0.9354568123817444,,,,,,,
167,33599,0.991132378578186,0.991132378578186,,,,,,,
167,33599,,,0.6435145139694214,1.0127863883972168,1.0127863883972168,0.7091096639633179,0.9979699850082397,0.7800622582435608,0.691569447517395
168,33649,1.0282632112503052,1.0282632112503052,,,,,,,
168,33699,0.984203577041626,0.984203577041626,,,,,,,
168,33749,0.9863560795783997,0.9863560795783997,,,,,,,
168,33799,0.8918862342834473,0.8918862342834473,,,,,,,
168,33799,,,0.6416261792182922,1.012529730796814,1.012529730796814,0.709765613079071,1.0125750303268433,0.7810010313987732,0.6723452210426331
169,33849,1.0509450435638428,1.0509450435638428,,,,,,,
169,33899,0.9406872987747192,0.9406872987747192,,,,,,,
169,33949,0.9947865605354309,0.9947865605354309,,,,,,,
169,33999,1.0450263023376465,1.0450263023376465,,,,,,,
169,33999,,,0.6376262307167053,1.0076310634613037,1.0076310634613037,0.7123147249221802,1.0029362440109253,0.7771615982055664,0.674637496471405
170,34049,0.9585415720939636,0.9585415720939636,,,,,,,
170,34099,0.9333471655845642,0.9333471655845642,,,,,,,
170,34149,1.0316388607025146,1.0316388607025146,,,,,,,
170,34199,0.9933533668518066,0.9933533668518066,,,,,,,
170,34199,,,0.6413983702659607,1.0192842483520508,1.0192842483520508,0.7124618887901306,1.0083476305007935,0.7807199358940125,0.6786320805549622
171,34249,0.9618575572967529,0.9618575572967529,,,,,,,
171,34299,1.0615150928497314,1.0615150928497314,,,,,,,
171,34349,1.0929368734359741,1.0929368734359741,,,,,,,
171,34399,0.9913982152938843,0.9913982152938843,,,,,,,
171,34399,,,0.6380276083946228,1.0048589706420898,1.0048589706420898,0.7124640345573425,0.9954233765602112,0.7739233374595642,0.6849880218505859
172,34449,1.0175116062164307,1.0175116062164307,,,,,,,
172,34499,0.9296821355819702,0.9296821355819702,,,,,,,
172,34549,0.9641063809394836,0.9641063809394836,,,,,,,
172,34599,0.8944952487945557,0.8944952487945557,,,,,,,
172,34599,,,0.6398634910583496,1.0119330883026123,1.0119330883026123,0.7072430849075317,1.0007911920547485,0.7770249843597412,0.6940515041351318
173,34649,1.0176252126693726,1.0176252126693726,,,,,,,
173,34699,1.0239754915237427,1.0239754915237427,,,,,,,
173,34749,0.9840072393417358,0.9840072393417358,,,,,,,
173,34799,0.9723266959190369,0.9723266959190369,,,,,,,
173,34799,,,0.63749098777771,0.9966036677360535,0.9966036677360535,0.7100253105163574,0.9879628419876099,0.7760066390037537,0.6851152777671814
174,34849,0.955602765083313,0.955602765083313,,,,,,,
174,34899,0.8824398517608643,0.8824398517608643,,,,,,,
174,34949,1.0447638034820557,1.0447638034820557,,,,,,,
174,34999,0.9720405340194702,0.9720405340194702,,,,,,,
174,34999,,,0.6283742189407349,1.0013227462768555,1.0013227462768555,0.7085821032524109,1.0080822706222534,0.773989200592041,0.6702958345413208
175,35049,0.9631890058517456,0.9631890058517456,,,,,,,
175,35099,0.9905634522438049,0.9905634522438049,,,,,,,
175,35149,1.0297455787658691,1.0297455787658691,,,,,,,
175,35199,1.0183513164520264,1.0183513164520264,,,,,,,
175,35199,,,0.6339146494865417,0.998302161693573,0.998302161693573,0.7062371969223022,0.9959988594055176,0.777115523815155,0.6812532544136047
176,35249,1.0398191213607788,1.0398191213607788,,,,,,,
176,35299,0.9630930423736572,0.9630930423736572,,,,,,,
176,35349,0.9421547651290894,0.9421547651290894,,,,,,,
176,35399,0.9593357443809509,0.9593357443809509,,,,,,,
176,35399,,,0.6338798403739929,0.9956756234169006,0.9956756234169006,0.7049987316131592,1.0119812488555908,0.777949869632721,0.6689140796661377
177,35449,0.99310302734375,0.99310302734375,,,,,,,
177,35499,1.0507599115371704,1.0507599115371704,,,,,,,
177,35549,1.0539251565933228,1.0539251565933228,,,,,,,
177,35599,0.9745020270347595,0.9745020270347595,,,,,,,
177,35599,,,0.6281910538673401,0.9962887763977051,0.9962887763977051,0.7013652324676514,1.0073904991149902,0.7787691950798035,0.6725950837135315
178,35649,0.9671950340270996,0.9671950340270996,,,,,,,
178,35699,0.9664399027824402,0.9664399027824402,,,,,,,
178,35749,1.0292463302612305,1.0292463302612305,,,,,,,
178,35799,1.0961347818374634,1.0961347818374634,,,,,,,
178,35799,,,0.6243564486503601,1.000025749206543,1.000025749206543,0.7053598165512085,1.0206706523895264,0.774658203125,0.6691726446151733
179,35849,1.0092642307281494,1.0092642307281494,,,,,,,
179,35899,0.9179590940475464,0.9179590940475464,,,,,,,
179,35949,1.0398569107055664,1.0398569107055664,,,,,,,
179,35999,0.9118923544883728,0.9118923544883728,,,,,,,
179,35999,,,0.6337360739707947,1.0019596815109253,1.0019596815109253,0.7032904624938965,1.0183639526367188,0.7783747911453247,0.6673787832260132
180,36049,0.9807213544845581,0.9807213544845581,,,,,,,
180,36099,0.9643469452857971,0.9643469452857971,,,,,,,
180,36149,0.961078941822052,0.961078941822052,,,,,,,
180,36199,1.0515743494033813,1.0515743494033813,,,,,,,
180,36199,,,0.6356495022773743,0.9987461566925049,0.9987461566925049,0.704494059085846,1.0000145435333252,0.7771134972572327,0.6896990537643433
181,36249,1.0695801973342896,1.0695801973342896,,,,,,,
181,36299,0.9975985884666443,0.9975985884666443,,,,,,,
181,36349,0.9631032943725586,0.9631032943725586,,,,,,,
181,36399,1.0652985572814941,1.0652985572814941,,,,,,,
181,36399,,,0.6219914555549622,0.9969778656959534,0.9969778656959534,0.7081414461135864,1.0179321765899658,0.7749313712120056,0.6635909676551819
182,36449,1.0083160400390625,1.0083160400390625,,,,,,,
182,36499,0.9939713478088379,0.9939713478088379,,,,,,,
182,36549,1.0164676904678345,1.0164676904678345,,,,,,,
182,36599,0.92241370677948,0.92241370677948,,,,,,,
182,36599,,,0.6314412951469421,0.9982004165649414,0.9982004165649414,0.7057862281799316,0.9984907507896423,0.7784286737442017,0.6838713884353638
183,36649,1.017768144607544,1.017768144607544,,,,,,,
183,36699,1.0322206020355225,1.0322206020355225,,,,,,,
183,36749,0.9378219246864319,0.9378219246864319,,,,,,,
183,36799,0.9971784949302673,0.9971784949302673,,,,,,,
183,36799,,,0.6210336685180664,0.9904147386550903,0.9904147386550903,0.7083678841590881,0.9945595860481262,0.7712113857269287,0.6705505847930908
184,36849,1.0051765441894531,1.0051765441894531,,,,,,,
184,36899,0.999376654624939,0.999376654624939,,,,,,,
184,36949,0.9707320332527161,0.9707320332527161,,,,,,,
184,36999,1.014426827430725,1.014426827430725,,,,,,,
184,36999,,,0.615219235420227,0.9875816106796265,0.9875816106796265,0.6995517611503601,1.017356514930725,0.7744688391685486,0.6605975031852722
185,37049,0.9909693598747253,0.9909693598747253,,,,,,,
185,37099,0.8836830854415894,0.8836830854415894,,,,,,,
185,37149,0.9756659269332886,0.9756659269332886,,,,,,,
185,37199,1.0884339809417725,1.0884339809417725,,,,,,,
185,37199,,,0.6069349050521851,0.9798796772956848,0.9798796772956848,0.7104384303092957,1.0347778797149658,0.7762867212295532,0.6443520784378052
186,37249,0.9946717023849487,0.9946717023849487,,,,,,,
186,37299,0.9957728981971741,0.9957728981971741,,,,,,,
186,37349,0.9682864546775818,0.9682864546775818,,,,,,,
186,37399,1.0220258235931396,1.0220258235931396,,,,,,,
186,37399,,,0.610561728477478,0.9805974364280701,0.9805974364280701,0.7049990892410278,1.0043905973434448,0.7755556106567383,0.6611610054969788
187,37449,0.9281182289123535,0.9281182289123535,,,,,,,
187,37499,1.044097661972046,1.044097661972046,,,,,,,
187,37549,1.0411158800125122,1.0411158800125122,,,,,,,
187,37599,1.1023606061935425,1.1023606061935425,,,,,,,
187,37599,,,0.6297735571861267,0.9858213663101196,0.9858213663101196,0.7085127830505371,0.9885368347167969,0.7746962308883667,0.6998389959335327
188,37649,0.972663402557373,0.972663402557373,,,,,,,
188,37699,1.0564359426498413,1.0564359426498413,,,,,,,
188,37749,0.9779536724090576,0.9779536724090576,,,,,,,
188,37799,1.0027847290039062,1.0027847290039062,,,,,,,
188,37799,,,0.6165658831596375,0.9729484915733337,0.9729484915733337,0.7107794880867004,1.0119283199310303,0.7737841606140137,0.6738532185554504
189,37849,1.0023279190063477,1.0023279190063477,,,,,,,
189,37899,0.972492516040802,0.972492516040802,,,,,,,
189,37949,1.0305157899856567,1.0305157899856567,,,,,,,
189,37999,0.9279906749725342,0.9279906749725342,,,,,,,
189,37999,,,0.6145716905593872,0.9827082753181458,0.9827082753181458,0.7020283937454224,1.0062384605407715,0.7748356461524963,0.6698262095451355
190,38049,0.8599209189414978,0.8599209189414978,,,,,,,
190,38099,0.9934906959533691,0.9934906959533691,,,,,,,
190,38149,0.9556148052215576,0.9556148052215576,,,,,,,
190,38199,1.00554621219635,1.00554621219635,,,,,,,
190,38199,,,0.6201344728469849,0.989073634147644,0.989073634147644,0.7098546028137207,0.9986759424209595,0.7750039100646973,0.6802913546562195
191,38249,1.0904954671859741,1.0904954671859741,,,,,,,
191,38299,1.0266976356506348,1.0266976356506348,,,,,,,
191,38349,1.0616861581802368,1.0616861581802368,,,,,,,
191,38399,1.0726878643035889,1.0726878643035889,,,,,,,
191,38399,,,0.6188231110572815,0.9846673607826233,0.9846673607826233,0.7049781680107117,0.9985371828079224,0.776140570640564,0.6793119311332703
192,38449,0.9877266883850098,0.9877266883850098,,,,,,,
192,38499,0.7988101243972778,0.7988101243972778,,,,,,,
192,38549,0.984420657157898,0.984420657157898,,,,,,,
192,38599,0.9825193881988525,0.9825193881988525,,,,,,,
192,38599,,,0.6173011064529419,0.9764278531074524,0.9764278531074524,0.7028412222862244,0.9858130812644958,0.7706617712974548,0.6885722279548645
193,38649,0.9626262187957764,0.9626262187957764,,,,,,,
193,38699,0.9535689949989319,0.9535689949989319,,,,,,,
193,38749,1.015288233757019,1.015288233757019,,,,,,,
193,38799,1.0133997201919556,1.0133997201919556,,,,,,,
193,38799,,,0.6228321194648743,0.9905509948730469,0.9905509948730469,0.7037150859832764,1.0092190504074097,0.7770997881889343,0.6779187321662903
194,38849,0.9054439663887024,0.9054439663887024,,,,,,,
194,38899,1.0077167749404907,1.0077167749404907,,,,,,,
194,38949,0.980754017829895,0.980754017829895,,,,,,,
194,38999,0.9976024031639099,0.9976024031639099,,,,,,,
194,38999,,,0.6120407581329346,0.9856263399124146,0.9856263399124146,0.7029944062232971,1.0285065174102783,0.778470516204834,0.6643598675727844
195,39049,0.8915665149688721,0.8915665149688721,,,,,,,
195,39099,1.035006046295166,1.035006046295166,,,,,,,
195,39149,1.0422369241714478,1.0422369241714478,,,,,,,
195,39199,0.9263277649879456,0.9263277649879456,,,,,,,
195,39199,,,0.6067172288894653,0.9694293141365051,0.9694293141365051,0.7025286555290222,1.0115001201629639,0.7718561887741089,0.6660869717597961
196,39249,1.0612066984176636,1.0612066984176636,,,,,,,
196,39299,0.9442756175994873,0.9442756175994873,,,,,,,
196,39349,0.9235889315605164,0.9235889315605164,,,,,,,
196,39399,1.060969591140747,1.060969591140747,,,,,,,
196,39399,,,0.6045143008232117,0.9658328890800476,0.9658328890800476,0.7028560638427734,1.0003809928894043,0.7720399498939514,0.6757623553276062
197,39449,1.0235466957092285,1.0235466957092285,,,,,,,
197,39499,0.9723503589630127,0.9723503589630127,,,,,,,
197,39549,0.9194740056991577,0.9194740056991577,,,,,,,
197,39599,0.9215173721313477,0.9215173721313477,,,,,,,
197,39599,,,0.6024402976036072,0.9734312295913696,0.9734312295913696,0.6972677111625671,1.016281008720398,0.7727285623550415,0.6728750467300415
198,39649,0.902215301990509,0.902215301990509,,,,,,,
198,39699,1.093433141708374,1.093433141708374,,,,,,,
198,39749,1.0418089628219604,1.0418089628219604,,,,,,,
198,39799,0.8954375386238098,0.8954375386238098,,,,,,,
198,39799,,,0.6126925945281982,0.9770605564117432,0.9770605564117432,0.7113162279129028,1.013028621673584,0.7762671709060669,0.6747907400131226
199,39849,0.9783053994178772,0.9783053994178772,,,,,,,
199,39899,0.9388400316238403,0.9388400316238403,,,,,,,
199,39949,0.9406593441963196,0.9406593441963196,,,,,,,
199,39999,0.9778407216072083,0.9778407216072083,,,,,,,
199,39999,,,0.6081814765930176,0.9739118814468384,0.9739118814468384,0.7019879221916199,0.9970817565917969,0.7751890420913696,0.679347574710846
200,40049,0.8923234939575195,0.8923234939575195,,,,,,,
200,40099,1.0538541078567505,1.0538541078567505,,,,,,,
200,40149,1.0504546165466309,1.0504546165466309,,,,,,,
200,40199,1.0046883821487427,1.0046883821487427,,,,,,,
200,40199,,,0.5976507067680359,0.9768118262290955,0.9768118262290955,0.6984803676605225,1.0403575897216797,0.7763041257858276,0.6434791088104248
201,40249,0.9141804575920105,0.9141804575920105,,,,,,,
201,40299,0.9015884399414062,0.9015884399414062,,,,,,,
201,40349,1.1495118141174316,1.1495118141174316,,,,,,,
201,40399,1.0372321605682373,1.0372321605682373,,,,,,,
201,40399,,,0.6059339642524719,0.9803227186203003,0.9803227186203003,0.7155597805976868,1.0236316919326782,0.7790930867195129,0.6579694151878357
202,40449,0.913962185382843,0.913962185382843,,,,,,,
202,40499,0.9546367526054382,0.9546367526054382,,,,,,,
202,40549,0.985866904258728,0.985866904258728,,,,,,,
202,40599,0.9794405698776245,0.9794405698776245,,,,,,,
202,40599,,,0.5994879007339478,0.9742900729179382,0.9742900729179382,0.7091687321662903,1.012752890586853,0.7734269499778748,0.6718202829360962
203,40649,0.8706455826759338,0.8706455826759338,,,,,,,
203,40699,0.985458254814148,0.985458254814148,,,,,,,
203,40749,1.0031687021255493,1.0031687021255493,,,,,,,
203,40799,0.9316208362579346,0.9316208362579346,,,,,,,
203,40799,,,0.5991746187210083,0.9721913933753967,0.9721913933753967,0.7116208076477051,1.0076227188110352,0.7760342955589294,0.665282666683197
204,40849,1.0004481077194214,1.0004481077194214,,,,,,,
204,40899,0.9356090426445007,0.9356090426445007,,,,,,,
204,40949,1.0204793214797974,1.0204793214797974,,,,,,,
204,40999,0.8773683905601501,0.8773683905601501,,,,,,,
204,40999,,,0.5965647101402283,0.9605709910392761,0.9605709910392761,0.7091571688652039,1.016854166984558,0.772781252861023,0.6618165969848633
205,41049,0.9408632516860962,0.9408632516860962,,,,,,,
205,41099,0.9840549230575562,0.9840549230575562,,,,,,,
205,41149,1.0654772520065308,1.0654772520065308,,,,,,,
205,41199,0.9033716917037964,0.9033716917037964,,,,,,,
205,41199,,,0.6004320979118347,0.9731760025024414,0.9731760025024414,0.7107191681861877,1.0315228700637817,0.7781305313110352,0.6540419459342957
206,41249,0.9645538330078125,0.9645538330078125,,,,,,,
206,41299,0.9477117657661438,0.9477117657661438,,,,,,,
206,41349,0.9029378890991211,0.9029378890991211,,,,,,,
206,41399,0.9343241453170776,0.9343241453170776,,,,,,,
206,41399,,,0.5976957678794861,0.9663310647010803,0.9663310647010803,0.7001147866249084,1.0208487510681152,0.7730162739753723,0.6588709354400635
207,41449,1.0076442956924438,1.0076442956924438,,,,,,,
207,41499,0.9811310172080994,0.9811310172080994,,,,,,,
207,41549,0.9237545728683472,0.9237545728683472,,,,,,,
207,41599,0.9717552661895752,0.9717552661895752,,,,,,,
207,41599,,,0.604827880859375,0.977174699306488,0.977174699306488,0.7440289855003357,1.0066531896591187,0.783939003944397,0.6736955046653748
208,41649,1.0026700496673584,1.0026700496673584,,,,,,,
208,41699,0.9712575078010559,0.9712575078010559,,,,,,,
208,41749,0.9597946405410767,0.9597946405410767,,,,,,,
208,41799,1.0159615278244019,1.0159615278244019,,,,,,,
208,41799,,,0.5991333723068237,0.9584576487541199,0.9584576487541199,0.6996280550956726,0.9970067739486694,0.7724391222000122,0.6698504090309143
209,41849,0.9235127568244934,0.9235127568244934,,,,,,,
209,41899,0.9426368474960327,0.9426368474960327,,,,,,,
209,41949,0.9158844351768494,0.9158844351768494,,,,,,,
209,41999,0.9806990623474121,0.9806990623474121,,,,,,,
209,41999,,,0.5999535322189331,0.9662458896636963,0.9662458896636963,0.7037354111671448,1.0097283124923706,0.7728065252304077,0.6687213182449341
210,42049,1.0454100370407104,1.0454100370407104,,,,,,,
210,42099,0.9445492625236511,0.9445492625236511,,,,,,,
210,42149,0.9576438665390015,0.9576438665390015,,,,,,,
210,42199,0.9415369629859924,0.9415369629859924,,,,,,,
210,42199,,,0.6026473045349121,0.9617823958396912,0.9617823958396912,0.7070830464363098,1.0063530206680298,0.7762203812599182,0.674397885799408
211,42249,1.0608190298080444,1.0608190298080444,,,,,,,
211,42299,0.8977436423301697,0.8977436423301697,,,,,,,
211,42349,0.9561018347740173,0.9561018347740173,,,,,,,
211,42399,0.9831196069717407,0.9831196069717407,,,,,,,
211,42399,,,0.5903880596160889,0.9620694518089294,0.9620694518089294,0.7071161270141602,1.022766351699829,0.7716657519340515,0.6472640633583069
212,42449,0.9790032505989075,0.9790032505989075,,,,,,,
212,42499,0.962827205657959,0.962827205657959,,,,,,,
212,42549,0.949009358882904,0.949009358882904,,,,,,,
212,42599,0.9675184488296509,0.9675184488296509,,,,,,,
212,42599,,,0.6012158393859863,0.9580241441726685,0.9580241441726685,0.7070299983024597,1.0047718286514282,0.774280309677124,0.6805592179298401
213,42649,1.0017069578170776,1.0017069578170776,,,,,,,
213,42699,0.9502055644989014,0.9502055644989014,,,,,,,
213,42749,0.8879377841949463,0.8879377841949463,,,,,,,
213,42799,0.9538931846618652,0.9538931846618652,,,,,,,
213,42799,,,0.6028276085853577,0.9658854603767395,0.9658854603767395,0.7059776186943054,0.9907687306404114,0.7738092541694641,0.6825165152549744
214,42849,0.871207058429718,0.871207058429718,,,,,,,
214,42899,0.9650673866271973,0.9650673866271973,,,,,,,
214,42949,0.9132346510887146,0.9132346510887146,,,,,,,
214,42999,0.9565483331680298,0.9565483331680298,,,,,,,
214,42999,,,0.5892707109451294,0.9529900550842285,0.9529900550842285,0.7005470395088196,1.0018850564956665,0.7742342948913574,0.6622387766838074
215,43049,0.8875633478164673,0.8875633478164673,,,,,,,
215,43099,0.9072577357292175,0.9072577357292175,,,,,,,
215,43149,0.931560754776001,0.931560754776001,,,,,,,
215,43199,0.949654221534729,0.949654221534729,,,,,,,
215,43199,,,0.5943141579627991,0.95551598072052,0.95551598072052,0.7031975388526917,0.9966366291046143,0.7749702334403992,0.6763713359832764
216,43249,0.942772626876831,0.942772626876831,,,,,,,
216,43299,0.8871554732322693,0.8871554732322693,,,,,,,
216,43349,0.9309309124946594,0.9309309124946594,,,,,,,
216,43399,0.992409884929657,0.992409884929657,,,,,,,
216,43399,,,0.5885381102561951,0.9517305493354797,0.9517305493354797,0.6971148252487183,1.0068328380584717,0.7712239623069763,0.6667701005935669
217,43449,1.0206955671310425,1.0206955671310425,,,,,,,
217,43499,0.9748682379722595,0.9748682379722595,,,,,,,
217,43549,0.9654899835586548,0.9654899835586548,,,,,,,
217,43599,0.9082554578781128,0.9082554578781128,,,,,,,
217,43599,,,0.5884080529212952,0.9478577971458435,0.9478577971458435,0.7056823968887329,0.998008131980896,0.7736299633979797,0.6609163880348206
218,43649,0.8999905586242676,0.8999905586242676,,,,,,,
218,43699,0.9358823895454407,0.9358823895454407,,,,,,,
218,43749,0.909698486328125,0.909698486328125,,,,,,,
218,43799,0.8978055119514465,0.8978055119514465,,,,,,,
218,43799,,,0.603036642074585,0.9630045890808105,0.9630045890808105,0.7015396952629089,0.9733253717422485,0.7740045189857483,0.6890900731086731
219,43849,0.9664292335510254,0.9664292335510254,,,,,,,
219,43899,1.0474549531936646,1.0474549531936646,,,,,,,
219,43949,0.973530113697052,0.973530113697052,,,,,,,
219,43999,0.8836380243301392,0.8836380243301392,,,,,,,
219,43999,,,0.5884912610054016,0.9509788155555725,0.9509788155555725,0.6959473490715027,1.0081120729446411,0.7706515192985535,0.65768963098526
220,44049,0.9265589118003845,0.9265589118003845,,,,,,,
220,44099,0.9445481300354004,0.9445481300354004,,,,,,,
220,44149,0.9031139016151428,0.9031139016151428,,,,,,,
220,44199,0.8495715856552124,0.8495715856552124,,,,,,,
220,44199,,,0.5925482511520386,0.9548872113227844,0.9548872113227844,0.699383020401001,1.0068708658218384,0.7722376585006714,0.6649782061576843
221,44249,0.9699690341949463,0.9699690341949463,,,,,,,
221,44299,0.932223379611969,0.932223379611969,,,,,,,
221,44349,0.9936453104019165,0.9936453104019165,,,,,,,
221,44399,0.9846237897872925,0.9846237897872925,,,,,,,
221,44399,,,0.5912708640098572,0.9540124535560608,0.9540124535560608,0.6923392415046692,0.9970319867134094,0.7690961360931396,0.6645632386207581
222,44449,0.9725149869918823,0.9725149869918823,,,,,,,
222,44499,1.0234885215759277,1.0234885215759277,,,,,,,
222,44549,0.9132037162780762,0.9132037162780762,,,,,,,
222,44599,0.8845555186271667,0.8845555186271667,,,,,,,
222,44599,,,0.592850923538208,0.9533103704452515,0.9533103704452515,0.6995792388916016,0.9989128112792969,0.7701663970947266,0.6710710525512695
223,44649,0.9574956893920898,0.9574956893920898,,,,,,,
223,44699,0.9798220992088318,0.9798220992088318,,,,,,,
223,44749,0.9666840434074402,0.9666840434074402,,,,,,,
223,44799,0.9656378030776978,0.9656378030776978,,,,,,,
223,44799,,,0.58792644739151,0.947676420211792,0.947676420211792,0.6978374719619751,1.005932331085205,0.7697480916976929,0.6661772131919861
224,44849,0.9883007407188416,0.9883007407188416,,,,,,,
224,44899,0.8384583592414856,0.8384583592414856,,,,,,,
224,44949,0.9442742466926575,0.9442742466926575,,,,,,,
224,44999,1.0340187549591064,1.0340187549591064,,,,,,,
224,44999,,,0.5900853872299194,0.9560656547546387,0.9560656547546387,0.6987976431846619,1.0190056562423706,0.7709824442863464,0.6592982411384583
225,45049,1.030095100402832,1.030095100402832,,,,,,,
225,45099,1.0501195192337036,1.0501195192337036,,,,,,,
225,45149,0.8378053903579712,0.8378053903579712,,,,,,,
225,45199,0.9045119285583496,0.9045119285583496,,,,,,,
225,45199,,,0.5778984427452087,0.9401237964630127,0.9401237964630127,0.706408679485321,1.0262795686721802,0.7706769108772278,0.6387203335762024
226,45249,0.9365675449371338,0.9365675449371338,,,,,,,
226,45299,1.0590219497680664,1.0590219497680664,,,,,,,
226,45349,0.9922369718551636,0.9922369718551636,,,,,,,
226,45399,0.9846047163009644,0.9846047163009644,,,,,,,
226,45399,,,0.5822747349739075,0.9384323954582214,0.9384323954582214,0.6953930258750916,1.0202206373214722,0.769255518913269,0.6540631055831909
227,45449,0.9061881303787231,0.9061881303787231,,,,,,,
227,45499,1.034613847732544,1.034613847732544,,,,,,,
227,45549,1.1028403043746948,1.1028403043746948,,,,,,,
227,45599,0.9412379860877991,0.9412379860877991,,,,,,,
227,45599,,,0.594352126121521,0.9567971229553223,0.9567971229553223,0.7004943490028381,1.0130170583724976,0.7718050479888916,0.6670399904251099
228,45649,0.9212592244148254,0.9212592244148254,,,,,,,
228,45699,0.8590183854103088,0.8590183854103088,,,,,,,
228,45749,0.9520515203475952,0.9520515203475952,,,,,,,
228,45799,0.9368780255317688,0.9368780255317688,,,,,,,
228,45799,,,0.587574303150177,0.9557790160179138,0.9557790160179138,0.6992902159690857,1.0069960355758667,0.7722188234329224,0.6588643193244934
229,45849,1.1051779985427856,1.1051779985427856,,,,,,,
229,45899,0.9346802830696106,0.9346802830696106,,,,,,,
229,45949,0.8466399908065796,0.8466399908065796,,,,,,,
229,45999,0.9485117197036743,0.9485117197036743,,,,,,,
229,45999,,,0.5872098803520203,0.9529182314872742,0.9529182314872742,0.7013985514640808,1.0260428190231323,0.7750364542007446,0.6578081250190735
230,46049,0.9379175305366516,0.9379175305366516,,,,,,,
230,46099,0.9473276734352112,0.9473276734352112,,,,,,,
230,46149,1.01484215259552,1.01484215259552,,,,,,,
230,46199,1.0085127353668213,1.0085127353668213,,,,,,,
230,46199,,,0.5818056464195251,0.950316309928894,0.950316309928894,0.6967506408691406,0.9982151985168457,0.7711336016654968,0.665807843208313
231,46249,0.9433059096336365,0.9433059096336365,,,,,,,
231,46299,0.9372667670249939,0.9372667670249939,,,,,,,
231,46349,0.9638614058494568,0.9638614058494568,,,,,,,
231,46399,0.8574570417404175,0.8574570417404175,,,,,,,
231,46399,,,0.578310489654541,0.9466025233268738,0.9466025233268738,0.7012338042259216,1.01479971408844,0.7705665230751038,0.6591600775718689
232,46449,0.9466232061386108,0.9466232061386108,,,,,,,
232,46499,0.9834736585617065,0.9834736585617065,,,,,,,
232,46549,0.9709892272949219,0.9709892272949219,,,,,,,
232,46599,0.8343000411987305,0.8343000411987305,,,,,,,
232,46599,,,0.5895166993141174,0.9474629163742065,0.9474629163742065,0.6997994184494019,0.9975301623344421,0.7728581428527832,0.6648758053779602
233,46649,1.0313947200775146,1.0313947200775146,,,,,,,
233,46699,0.9817288517951965,0.9817288517951965,,,,,,,
233,46749,0.9565223455429077,0.9565223455429077,,,,,,,
233,46799,0.8511950373649597,0.8511950373649597,,,,,,,
233,46799,,,0.5766245722770691,0.9366167187690735,0.9366167187690735,0.6908111572265625,0.9968200922012329,0.7695071697235107,0.6624760031700134
234,46849,0.905979573726654,0.905979573726654,,,,,,,
234,46899,1.041304111480713,1.041304111480713,,,,,,,
234,46949,0.9319311380386353,0.9319311380386353,,,,,,,
234,46999,0.9524507522583008,0.9524507522583008,,,,,,,
234,46999,,,0.5827500820159912,0.9417722821235657,0.9417722821235657,0.6860761642456055,1.0126599073410034,0.7681542038917542,0.6575305461883545
235,47049,0.9182562828063965,0.9182562828063965,,,,,,,
235,47099,0.9735774397850037,0.9735774397850037,,,,,,,
235,47149,0.8982299566268921,0.8982299566268921,,,,,,,
235,47199,0.8486212491989136,0.8486212491989136,,,,,,,
235,47199,,,0.5914067625999451,0.9478436708450317,0.9478436708450317,0.6967961192131042,0.9916995763778687,0.773442804813385,0.6692363619804382
236,47249,0.9536209106445312,0.9536209106445312,,,,,,,
236,47299,0.9718002080917358,0.9718002080917358,,,,,,,
236,47349,0.8430634140968323,0.8430634140968323,,,,,,,
236,47399,0.9679223299026489,0.9679223299026489,,,,,,,
236,47399,,,0.5770835280418396,0.9454801678657532,0.9454801678657532,0.7002383470535278,1.0160928964614868,0.7695126533508301,0.6632751226425171
237,47449,0.9295459389686584,0.9295459389686584,,,,,,,
237,47499,0.9423668384552002,0.9423668384552002,,,,,,,
237,47549,0.9423286318778992,0.9423286318778992,,,,,,,
237,47599,0.9937610030174255,0.9937610030174255,,,,,,,
237,47599,,,0.5851337313652039,0.9402416348457336,0.9402416348457336,0.6954436898231506,0.9994886517524719,0.7688083648681641,0.6806217432022095
238,47649,1.0076748132705688,1.0076748132705688,,,,,,,
238,47699,0.9071223139762878,0.9071223139762878,,,,,,,
238,47749,1.1615103483200073,1.1615103483200073,,,,,,,
238,47799,0.9661170244216919,0.9661170244216919,,,,,,,
238,47799,,,0.5907126069068909,0.9308640360832214,0.9308640360832214,0.6930203437805176,0.9713147878646851,0.7666638493537903,0.6961816549301147
239,47849,0.9690275192260742,0.9690275192260742,,,,,,,
239,47899,0.9662140607833862,0.9662140607833862,,,,,,,
239,47949,1.0297791957855225,1.0297791957855225,,,,,,,
239,47999,0.9237961173057556,0.9237961173057556,,,,,,,
239,47999,,,0.578421950340271,0.9406248927116394,0.9406248927116394,0.7003200054168701,1.0129297971725464,0.7716629505157471,0.6512525677680969
240,48049,0.9457050561904907,0.9457050561904907,,,,,,,
240,48099,0.8768044710159302,0.8768044710159302,,,,,,,
240,48149,1.0461809635162354,1.0461809635162354,,,,,,,
240,48199,0.9463040232658386,0.9463040232658386,,,,,,,
240,48199,,,0.5809047222137451,0.9413247108459473,0.9413247108459473,0.6936199069023132,1.0155469179153442,0.7712311744689941,0.6508615016937256
241,48249,0.9623869061470032,0.9623869061470032,,,,,,,
241,48299,0.9431959390640259,0.9431959390640259,,,,,,,
241,48349,0.9653465151786804,0.9653465151786804,,,,,,,
241,48399,1.010705828666687,1.010705828666687,,,,,,,
241,48399,,,0.5772107243537903,0.9415842890739441,0.9415842890739441,0.6939585208892822,1.0100032091140747,0.7679564952850342,0.6552419662475586
242,48449,0.8867313265800476,0.8867313265800476,,,,,,,
242,48499,1.0855804681777954,1.0855804681777954,,,,,,,
242,48549,0.9539008140563965,0.9539008140563965,,,,,,,
242,48599,0.9479506015777588,0.9479506015777588,,,,,,,
242,48599,,,0.5753578543663025,0.9311145544052124,0.9311145544052124,0.6914093494415283,1.0009450912475586,0.7691016793251038,0.6588053107261658
243,48649,0.8717193603515625,0.8717193603515625,,,,,,,
243,48699,0.9954401254653931,0.9954401254653931,,,,,,,
243,48749,0.9266128540039062,0.9266128540039062,,,,,,,
243,48799,1.0263420343399048,1.0263420343399048,,,,,,,
243,48799,,,0.5792739987373352,0.9446490406990051,0.9446490406990051,0.696691632270813,1.0058072805404663,0.7695025205612183,0.6570432782173157
244,48849,1.032976746559143,1.032976746559143,,,,,,,
244,48899,0.9869043827056885,0.9869043827056885,,,,,,,
244,48949,0.9274427890777588,0.9274427890777588,,,,,,,
244,48999,0.9172550439834595,0.9172550439834595,,,,,,,
244,48999,,,0.580467939376831,0.938639760017395,0.938639760017395,0.6954693794250488,1.000634789466858,0.7698487639427185,0.6707119345664978
245,49049,0.9147112369537354,0.9147112369537354,,,,,,,
245,49099,0.8771897554397583,0.8771897554397583,,,,,,,
245,49149,0.9238865971565247,0.9238865971565247,,,,,,,
245,49199,0.9253300428390503,0.9253300428390503,,,,,,,
245,49199,,,0.5867912173271179,0.940730631351471,0.940730631351471,0.7027691602706909,1.010391116142273,0.7731952667236328,0.6619512438774109
246,49249,0.9446791410446167,0.9446791410446167,,,,,,,
246,49299,0.9793998003005981,0.9793998003005981,,,,,,,
246,49349,0.9223182201385498,0.9223182201385498,,,,,,,
246,49399,0.898213267326355,0.898213267326355,,,,,,,
246,49399,,,0.589058518409729,0.9477133750915527,0.9477133750915527,0.6995446085929871,0.9909951090812683,0.7736889123916626,0.6814028024673462
247,49449,0.9203243255615234,0.9203243255615234,,,,,,,
247,49499,0.9774709939956665,0.9774709939956665,,,,,,,
247,49549,0.9130974411964417,0.9130974411964417,,,,,,,
247,49599,0.8951680064201355,0.8951680064201355,,,,,,,
247,49599,,,0.580309271812439,0.940467894077301,0.940467894077301,0.6955427527427673,1.0108815431594849,0.764890193939209,0.652091920375824
248,49649,0.894599974155426,0.894599974155426,,,,,,,
248,49699,0.9309355616569519,0.9309355616569519,,,,,,,
248,49749,0.9696067571640015,0.9696067571640015,,,,,,,
248,49799,0.9036174416542053,0.9036174416542053,,,,,,,
248,49799,,,0.5860958695411682,0.9380012154579163,0.9380012154579163,0.6949570178985596,0.97982257604599,0.7728710174560547,0.678877592086792
249,49849,0.8563642501831055,0.8563642501831055,,,,,,,
249,49899,0.887723982334137,0.887723982334137,,,,,,,
249,49949,0.871841311454773,0.871841311454773,,,,,,,
249,49999,0.9473416209220886,0.9473416209220886,,,,,,,
249,49999,,,0.5783314108848572,0.9414939284324646,0.9414939284324646,0.7000495791435242,1.0135653018951416,0.7735351920127869,0.6521596908569336
250,50049,0.8536016941070557,0.8536016941070557,,,,,,,
250,50099,1.0346230268478394,1.0346230268478394,,,,,,,
250,50149,0.918893039226532,0.918893039226532,,,,,,,
250,50199,0.8990250825881958,0.8990250825881958,,,,,,,
250,50199,,,0.577241837978363,0.9337741136550903,0.9337741136550903,0.688626766204834,0.9974076151847839,0.7701968550682068,0.6601793766021729
251,50249,0.9409089088439941,0.9409089088439941,,,,,,,
251,50299,0.9492268562316895,0.9492268562316895,,,,,,,
251,50349,0.9035522937774658,0.9035522937774658,,,,,,,
251,50399,0.9385017156600952,0.9385017156600952,,,,,,,
251,50399,,,0.5724335312843323,0.9355190396308899,0.9355190396308899,0.6930649876594543,1.0164951086044312,0.7681674957275391,0.6494647264480591
252,50449,0.8894928693771362,0.8894928693771362,,,,,,,
252,50499,0.935496985912323,0.935496985912323,,,,,,,
252,50549,0.9971925020217896,0.9971925020217896,,,,,,,
252,50599,0.8671383857727051,0.8671383857727051,,,,,,,
252,50599,,,0.5834901928901672,0.9343865513801575,0.9343865513801575,0.6955960988998413,0.9883819818496704,0.7676613330841064,0.6708035469055176
253,50649,0.9654254913330078,0.9654254913330078,,,,,,,
253,50699,0.9279120564460754,0.9279120564460754,,,,,,,
253,50749,0.9003112316131592,0.9003112316131592,,,,,,,
253,50799,0.9587604999542236,0.9587604999542236,,,,,,,
253,50799,,,0.5714596509933472,0.9344178438186646,0.9344178438186646,0.6912122368812561,1.0139942169189453,0.7729548215866089,0.6489590406417847
254,50849,0.9002857804298401,0.9002857804298401,,,,,,,
254,50899,0.9595736861228943,0.9595736861228943,,,,,,,
254,50949,0.9784621000289917,0.9784621000289917,,,,,,,
254,50999,0.9119381308555603,0.9119381308555603,,,,,,,
254,50999,,,0.577025294303894,0.9330286979675293,0.9330286979675293,0.6935734152793884,1.014701008796692,0.7736002206802368,0.6473773121833801
255,51049,0.9603766202926636,0.9603766202926636,,,,,,,
255,51099,0.9562228322029114,0.9562228322029114,,,,,,,
255,51149,0.9031040072441101,0.9031040072441101,,,,,,,
255,51199,0.9059039354324341,0.9059039354324341,,,,,,,
255,51199,,,0.5854071378707886,0.9410822987556458,0.9410822987556458,0.7093487977981567,0.9969432950019836,0.7746202349662781,0.6689900159835815
256,51249,0.8788951635360718,0.8788951635360718,,,,,,,
256,51299,0.888047993183136,0.888047993183136,,,,,,,
256,51349,0.9233856797218323,0.9233856797218323,,,,,,,
256,51399,0.9130763411521912,0.9130763411521912,,,,,,,
256,51399,,,0.5703448057174683,0.9215980172157288,0.9215980172157288,0.6855115294456482,0.9971705079078674,0.7653705477714539,0.6616623997688293
257,51449,0.8932839632034302,0.8932839632034302,,,,,,,
257,51499,0.8969257473945618,0.8969257473945618,,,,,,,
257,51549,0.8850648999214172,0.8850648999214172,,,,,,,
257,51599,0.7840694785118103,0.7840694785118103,,,,,,,
257,51599,,,0.5815691947937012,0.9299930334091187,0.9299930334091187,0.6941537261009216,0.9994246363639832,0.7697693705558777,0.6551544070243835
258,51649,0.9564197659492493,0.9564197659492493,,,,,,,
258,51699,0.844425618648529,0.844425618648529,,,,,,,
258,51749,0.8278058171272278,0.8278058171272278,,,,,,,
258,51799,0.9826116561889648,0.9826116561889648,,,,,,,
258,51799,,,0.5649054646492004,0.9309592247009277,0.9309592247009277,0.695464015007019,1.0193589925765991,0.767278790473938,0.6469573378562927
259,51849,0.9463053345680237,0.9463053345680237,,,,,,,
259,51899,0.9347273707389832,0.9347273707389832,,,,,,,
259,51949,0.8872020840644836,0.8872020840644836,,,,,,,
259,51999,0.9769012331962585,0.9769012331962585,,,,,,,
259,51999,,,0.5765542984008789,0.9359369277954102,0.9359369277954102,0.6975072622299194,1.0139572620391846,0.7669873237609863,0.6584259867668152
260,52049,0.9625139832496643,0.9625139832496643,,,,,,,
260,52099,0.9675558805465698,0.9675558805465698,,,,,,,
260,52149,0.9971106052398682,0.9971106052398682,,,,,,,
260,52199,0.956484317779541,0.956484317779541,,,,,,,
260,52199,,,0.5713277459144592,0.9259142279624939,0.9259142279624939,0.6899647116661072,0.9978428483009338,0.7629830837249756,0.6700634956359863
261,52249,0.8929705023765564,0.8929705023765564,,,,,,,
261,52299,0.8378108143806458,0.8378108143806458,,,,,,,
261,52349,0.8803398609161377,0.8803398609161377,,,,,,,
261,52399,0.9760425686836243,0.9760425686836243,,,,,,,
261,52399,,,0.5813899636268616,0.9337809681892395,0.9337809681892395,0.6799536347389221,1.0053718090057373,0.7709086537361145,0.6710348129272461
262,52449,0.907899796962738,0.907899796962738,,,,,,,
262,52499,0.9083662033081055,0.9083662033081055,,,,,,,
262,52549,0.8505686521530151,0.8505686521530151,,,,,,,
262,52599,1.0326486825942993,1.0326486825942993,,,,,,,
262,52599,,,0.5681231021881104,0.9361376166343689,0.9361376166343689,0.6849780678749084,1.032793402671814,0.7683542966842651,0.6354454755783081
263,52649,0.9504134654998779,0.9504134654998779,,,,,,,
263,52699,0.934821367263794,0.934821367263794,,,,,,,
263,52749,0.9052910804748535,0.9052910804748535,,,,,,,
263,52799,0.8122769594192505,0.8122769594192505,,,,,,,
263,52799,,,0.5722702741622925,0.9253823161125183,0.9253823161125183,0.6912931799888611,1.014588475227356,0.7720184922218323,0.6440783143043518
264,52849,0.893121063709259,0.893121063709259,,,,,,,
264,52899,0.8867226243019104,0.8867226243019104,,,,,,,
264,52949,0.9597582221031189,0.9597582221031189,,,,,,,
264,52999,0.8813053965568542,0.8813053965568542,,,,,,,
264,52999,,,0.5798720121383667,0.9299975037574768,0.9299975037574768,0.6878005862236023,0.9922513961791992,0.7697026133537292,0.6729599833488464
265,53049,0.9974503517150879,0.9974503517150879,,,,,,,
265,53099,0.862618088722229,0.862618088722229,,,,,,,
265,53149,0.9749492406845093,0.9749492406845093,,,,,,,
265,53199,0.7946076393127441,0.7946076393127441,,,,,,,
265,53199,,,0.5707677602767944,0.9331342577934265,0.9331342577934265,0.689883291721344,1.013866901397705,0.7652493119239807,0.6509049534797668
266,53249,0.9149488806724548,0.9149488806724548,,,,,,,
266,53299,0.9822051525115967,0.9822051525115967,,,,,,,
266,53349,0.8392229676246643,0.8392229676246643,,,,,,,
266,53399,0.9334862232208252,0.9334862232208252,,,,,,,
266,53399,,,0.5657530426979065,0.9227610230445862,0.9227610230445862,0.6862004995346069,1.01079523563385,0.7644152641296387,0.6487625241279602
267,53449,0.9204199314117432,0.9204199314117432,,,,,,,
267,53499,0.9088274836540222,0.9088274836540222,,,,,,,
267,53549,0.9387485384941101,0.9387485384941101,,,,,,,
267,53599,0.9392886161804199,0.9392886161804199,,,,,,,
267,53599,,,0.5724117159843445,0.9215168356895447,0.9215168356895447,0.6923614144325256,1.0119011402130127,0.7639080882072449,0.6567416191101074
268,53649,0.9544827342033386,0.9544827342033386,,,,,,,
268,53699,1.0133110284805298,1.0133110284805298,,,,,,,
268,53749,0.8748813271522522,0.8748813271522522,,,,,,,
268,53799,0.8735156655311584,0.8735156655311584,,,,,,,
268,53799,,,0.5737953186035156,0.9306724071502686,0.9306724071502686,0.683903694152832,0.9983997941017151,0.7665964961051941,0.6671221256256104
269,53849,0.9059029817581177,0.9059029817581177,,,,,,,
269,53899,0.8785297274589539,0.8785297274589539,,,,,,,
269,53949,0.9739162921905518,0.9739162921905518,,,,,,,
269,53999,0.9033970236778259,0.9033970236778259,,,,,,,
269,53999,,,0.570003867149353,0.9222034811973572,0.9222034811973572,0.6832037568092346,1.010302186012268,0.769084632396698,0.6563754081726074
270,54049,0.9039069414138794,0.9039069414138794,,,,,,,
270,54099,0.9586676359176636,0.9586676359176636,,,,,,,
270,54149,0.8796874284744263,0.8796874284744263,,,,,,,
270,54199,0.9717137217521667,0.9717137217521667,,,,,,,
270,54199,,,0.568500816822052,0.9188687801361084,0.9188687801361084,0.6938784718513489,1.0258283615112305,0.7690276503562927,0.6395525336265564
271,54249,0.9910866618156433,0.9910866618156433,,,,,,,
271,54299,0.9591927528381348,0.9591927528381348,,,,,,,
271,54349,0.9016829133033752,0.9016829133033752,,,,,,,
271,54399,0.9432101845741272,0.9432101845741272,,,,,,,
271,54399,,,0.570587158203125,0.9217242002487183,0.9217242002487183,0.6943169832229614,1.00579833984375,0.7650706768035889,0.6627607941627502
272,54449,0.9535548090934753,0.9535548090934753,,,,,,,
272,54499,0.9116787314414978,0.9116787314414978,,,,,,,
272,54549,0.8979997634887695,0.8979997634887695,,,,,,,
272,54599,0.9282855987548828,0.9282855987548828,,,,,,,
272,54599,,,0.5755442976951599,0.9189313054084778,0.9189313054084778,0.6887040734291077,0.9821538925170898,0.7657263278961182,0.6761503219604492
273,54649,1.0298761129379272,1.0298761129379272,,,,,,,
273,54699,0.8705850839614868,0.8705850839614868,,,,,,,
273,54749,0.9835427403450012,0.9835427403450012,,,,,,,
273,54799,0.9599810242652893,0.9599810242652893,,,,,,,
273,54799,,,0.563755452632904,0.9219887852668762,0.9219887852668762,0.7016699314117432,1.0326945781707764,0.7730624079704285,0.6376025080680847
274,54849,0.8985110521316528,0.8985110521316528,,,,,,,
274,54899,0.8822059035301208,0.8822059035301208,,,,,,,
274,54949,0.9690372347831726,0.9690372347831726,,,,,,,
274,54999,1.0523015260696411,1.0523015260696411,,,,,,,
274,54999,,,0.566551148891449,0.9131286144256592,0.9131286144256592,0.6850655674934387,0.9898279309272766,0.7651305794715881,0.662078857421875
275,55049,0.93141770362854,0.93141770362854,,,,,,,
275,55099,1.0392102003097534,1.0392102003097534,,,,,,,
275,55149,0.8861255049705505,0.8861255049705505,,,,,,,
275,55199,0.9512854218482971,0.9512854218482971,,,,,,,
275,55199,,,0.5680837035179138,0.9224275946617126,0.9224275946617126,0.6896864771842957,1.0188348293304443,0.7678399682044983,0.642708420753479
276,55249,0.9209422469139099,0.9209422469139099,,,,,,,
276,55299,0.9968147277832031,0.9968147277832031,,,,,,,
276,55349,0.9441285133361816,0.9441285133361816,,,,,,,
276,55399,0.8804445862770081,0.8804445862770081,,,,,,,
276,55399,,,0.5650967359542847,0.9177629947662354,0.9177629947662354,0.68185955286026,1.001816987991333,0.7646235227584839,0.6545091271400452
277,55449,0.8612853288650513,0.8612853288650513,,,,,,,
277,55499,0.9105384945869446,0.9105384945869446,,,,,,,
277,55549,1.0055961608886719,1.0055961608886719,,,,,,,
277,55599,0.8666220903396606,0.8666220903396606,,,,,,,
277,55599,,,0.5672675967216492,0.9196609258651733,0.9196609258651733,0.6853964924812317,1.007262110710144,0.7624614238739014,0.6526238322257996
278,55649,0.9137040376663208,0.9137040376663208,,,,,,,
278,55699,1.0336271524429321,1.0336271524429321,,,,,,,
278,55749,0.9060555696487427,0.9060555696487427,,,,,,,
278,55799,0.9154478311538696,0.9154478311538696,,,,,,,
278,55799,,,0.5598071813583374,0.9196465611457825,0.9196465611457825,0.6841248869895935,1.0199633836746216,0.7615036964416504,0.6322290897369385
279,55849,0.9109402298927307,0.9109402298927307,,,,,,,
279,55899,1.0107920169830322,1.0107920169830322,,,,,,,
279,55949,0.7987328767776489,0.7987328767776489,,,,,,,
279,55999,0.8197467923164368,0.8197467923164368,,,,,,,
279,55999,,,0.5758232474327087,0.9276515245437622,0.9276515245437622,0.6861396431922913,0.9952263832092285,0.763812780380249,0.6651380062103271
280,56049,0.9037117958068848,0.9037117958068848,,,,,,,
280,56099,0.8873760104179382,0.8873760104179382,,,,,,,
280,56149,0.9796884655952454,0.9796884655952454,,,,,,,
280,56199,0.9809066653251648,0.9809066653251648,,,,,,,
280,56199,,,0.5665613412857056,0.9168387651443481,0.9168387651443481,0.6840490698814392,0.9978201985359192,0.7638851404190063,0.6566748023033142
281,56249,0.9961598515510559,0.9961598515510559,,,,,,,
281,56299,0.9946696162223816,0.9946696162223816,,,,,,,
281,56349,0.9330537915229797,0.9330537915229797,,,,,,,
281,56399,0.8737735152244568,0.8737735152244568,,,,,,,
281,56399,,,0.5695837736129761,0.9204990863800049,0.9204990863800049,0.6849778890609741,0.9938855171203613,0.7639229893684387,0.6657199859619141
282,56449,0.8704071044921875,0.8704071044921875,,,,,,,
282,56499,0.8991108536720276,0.8991108536720276,,,,,,,
282,56549,0.8468354344367981,0.8468354344367981,,,,,,,
282,56599,0.9286937117576599,0.9286937117576599,,,,,,,
282,56599,,,0.5641064643859863,0.9275867342948914,0.9275867342948914,0.6809517741203308,1.012265682220459,0.7669870853424072,0.6467230916023254
283,56649,0.9677992463111877,0.9677992463111877,,,,,,,
283,56699,0.9876205921173096,0.9876205921173096,,,,,,,
283,56749,0.8823041915893555,0.8823041915893555,,,,,,,
283,56799,0.9611449241638184,0.9611449241638184,,,,,,,
283,56799,,,0.564504861831665,0.9115254878997803,0.9115254878997803,0.6937082409858704,1.0126672983169556,0.7643201947212219,0.6518604755401611
284,56849,0.9301792979240417,0.9301792979240417,,,,,,,
284,56899,0.8830901980400085,0.8830901980400085,,,,,,,
284,56949,1.0694292783737183,1.0694292783737183,,,,,,,
284,56999,0.9086393713951111,0.9086393713951111,,,,,,,
284,56999,,,0.5638468265533447,0.9188453555107117,0.9188453555107117,0.6886188387870789,1.0083539485931396,0.7646165490150452,0.6509403586387634
285,57049,0.9597604870796204,0.9597604870796204,,,,,,,
285,57099,0.8896474838256836,0.8896474838256836,,,,,,,
285,57149,0.9593727588653564,0.9593727588653564,,,,,,,
285,57199,0.8867327570915222,0.8867327570915222,,,,,,,
285,57199,,,0.5550375580787659,0.9101513028144836,0.9101513028144836,0.6774823069572449,1.00929856300354,0.7626413702964783,0.6485421657562256
286,57249,0.9076861143112183,0.9076861143112183,,,,,,,
286,57299,0.9274012446403503,0.9274012446403503,,,,,,,
286,57349,1.0066680908203125,1.0066680908203125,,,,,,,
286,57399,0.9049376249313354,0.9049376249313354,,,,,,,
286,57399,,,0.5643568634986877,0.9232385754585266,0.9232385754585266,0.6769670844078064,1.0207074880599976,0.7656493782997131,0.6448100209236145
287,57449,0.9655906558036804,0.9655906558036804,,,,,,,
287,57499,0.8472084999084473,0.8472084999084473,,,,,,,
287,57549,0.8580281138420105,0.8580281138420105,,,,,,,
287,57599,0.959152102470398,0.959152102470398,,,,,,,
287,57599,,,0.559757649898529,0.9169754981994629,0.9169754981994629,0.6786124110221863,1.0047190189361572,0.7596935033798218,0.6494693160057068
288,57649,1.0030030012130737,1.0030030012130737,,,,,,,
288,57699,0.992554783821106,0.992554783821106,,,,,,,
288,57749,0.8766338229179382,0.8766338229179382,,,,,,,
288,57799,0.9509060978889465,0.9509060978889465,,,,,,,
288,57799,,,0.5567588806152344,0.9192019104957581,0.9192019104957581,0.6898151636123657,1.0186392068862915,0.7635483145713806,0.6355290412902832
289,57849,0.857772707939148,0.857772707939148,,,,,,,
289,57899,0.8935110569000244,0.8935110569000244,,,,,,,
289,57949,0.9086048007011414,0.9086048007011414,,,,,,,
289,57999,0.9397802948951721,0.9397802948951721,,,,,,,
289,57999,,,0.5676684975624084,0.9204010367393494,0.9204010367393494,0.6908977031707764,1.0018348693847656,0.7646567225456238,0.6598435044288635
290,58049,0.9762299060821533,0.9762299060821533,,,,,,,
290,58099,0.8890079855918884,0.8890079855918884,,,,,,,
290,58149,0.934735894203186,0.934735894203186,,,,,,,
290,58199,0.940159261226654,0.940159261226654,,,,,,,
290,58199,,,0.5643858313560486,0.9254318475723267,0.9254318475723267,0.6896871328353882,1.0073045492172241,0.7672079801559448,0.6549316644668579
291,58249,0.9734162092208862,0.9734162092208862,,,,,,,
291,58299,0.8740504384040833,0.8740504384040833,,,,,,,
291,58349,0.9363945722579956,0.9363945722579956,,,,,,,
291,58399,0.8540794849395752,0.8540794849395752,,,,,,,
291,58399,,,0.5551204681396484,0.9021302461624146,0.9021302461624146,0.6802361011505127,1.0145354270935059,0.7573538422584534,0.6393916606903076
292,58449,0.912639319896698,0.912639319896698,,,,,,,
292,58499,0.9891712069511414,0.9891712069511414,,,,,,,
292,58549,0.9642767906188965,0.9642767906188965,,,,,,,
292,58599,0.9537231922149658,0.9537231922149658,,,,,,,
292,58599,,,0.5639227628707886,0.9175310134887695,0.9175310134887695,0.688018798828125,1.019567847251892,0.7651886940002441,0.6492868661880493
293,58649,0.8830439448356628,0.8830439448356628,,,,,,,
293,58699,0.8640497922897339,0.8640497922897339,,,,,,,
293,58749,0.9633169174194336,0.9633169174194336,,,,,,,
293,58799,0.8328043818473816,0.8328043818473816,,,,,,,
293,58799,,,0.5707808136940002,0.9114653468132019,0.9114653468132019,0.6893295049667358,0.9961486458778381,0.7653186917304993,0.6625107526779175
294,58849,0.825532078742981,0.825532078742981,,,,,,,
294,58899,0.8071160316467285,0.8071160316467285,,,,,,,
294,58949,0.923377275466919,0.923377275466919,,,,,,,
294,58999,0.889303982257843,0.889303982257843,,,,,,,
294,58999,,,0.5647844076156616,0.9202559590339661,0.9202559590339661,0.6856029033660889,0.9981443285942078,0.7636693120002747,0.6659531593322754
295,59049,1.1019889116287231,1.1019889116287231,,,,,,,
295,59099,0.8320235013961792,0.8320235013961792,,,,,,,
295,59149,1.0491455793380737,1.0491455793380737,,,,,,,
295,59199,0.9074198603630066,0.9074198603630066,,,,,,,
295,59199,,,0.5558972358703613,0.9127784371376038,0.9127784371376038,0.6849209070205688,1.0140111446380615,0.7636746168136597,0.6444541811943054
296,59249,0.9271019697189331,0.9271019697189331,,,,,,,
296,59299,0.8733264803886414,0.8733264803886414,,,,,,,
296,59349,0.9241241216659546,0.9241241216659546,,,,,,,
296,59399,0.8190165758132935,0.8190165758132935,,,,,,,
296,59399,,,0.5684112310409546,0.9187397956848145,0.9187397956848145,0.6885035634040833,1.004068374633789,0.7685369253158569,0.6563419103622437
297,59449,0.8525095582008362,0.8525095582008362,,,,,,,
297,59499,0.9519770741462708,0.9519770741462708,,,,,,,
297,59549,1.013672113418579,1.013672113418579,,,,,,,
297,59599,0.8684763312339783,0.8684763312339783,,,,,,,
297,59599,,,0.5586363077163696,0.9144518375396729,0.9144518375396729,0.6883254647254944,1.0027307271957397,0.761919379234314,0.6479905247688293
298,59649,0.9141138195991516,0.9141138195991516,,,,,,,
298,59699,0.8606730103492737,0.8606730103492737,,,,,,,
298,59749,1.0045751333236694,1.0045751333236694,,,,,,,
298,59799,0.8243175745010376,0.8243175745010376,,,,,,,
298,59799,,,0.5614345073699951,0.9109034538269043,0.9109034538269043,0.6837527751922607,1.0077110528945923,0.759772002696991,0.6489273905754089
299,59849,0.7993934750556946,0.7993934750556946,,,,,,,
299,59899,0.9434003829956055,0.9434003829956055,,,,,,,
299,59949,0.917314887046814,0.917314887046814,,,,,,,
299,59999,0.9418388605117798,0.9418388605117798,,,,,,,
299,59999,,,0.5582125782966614,0.9073782563209534,0.9073782563209534,0.6851369738578796,1.0150573253631592,0.7622401118278503,0.6482657790184021
300,60049,0.8564292788505554,0.8564292788505554,,,,,,,
300,60099,0.903558075428009,0.903558075428009,,,,,,,
300,60149,0.918769359588623,0.918769359588623,,,,,,,
300,60199,0.9135291576385498,0.9135291576385498,,,,,,,
300,60199,,,0.5583036541938782,0.9069550037384033,0.9069550037384033,0.6791194677352905,1.0010749101638794,0.7643309235572815,0.6514721512794495
301,60249,1.029933214187622,1.029933214187622,,,,,,,
301,60299,0.9258571863174438,0.9258571863174438,,,,,,,
301,60349,0.8428034782409668,0.8428034782409668,,,,,,,
301,60399,0.8029404878616333,0.8029404878616333,,,,,,,
301,60399,,,0.5559681057929993,0.9076444506645203,0.9076444506645203,0.6766049265861511,1.0134605169296265,0.7628449201583862,0.646124541759491
302,60449,0.8899348378181458,0.8899348378181458,,,,,,,
302,60499,0.9202074408531189,0.9202074408531189,,,,,,,
302,60549,0.8781206607818604,0.8781206607818604,,,,,,,
302,60599,0.8369334936141968,0.8369334936141968,,,,,,,
302,60599,,,0.560209333896637,0.9146355390548706,0.9146355390548706,0.6883566379547119,1.0040110349655151,0.7650953531265259,0.6531945466995239
303,60649,0.8609046936035156,0.8609046936035156,,,,,,,
303,60699,0.9836594462394714,0.9836594462394714,,,,,,,
303,60749,0.9882680177688599,0.9882680177688599,,,,,,,
303,60799,0.8794606328010559,0.8794606328010559,,,,,,,
303,60799,,,0.5591768026351929,0.9067695140838623,0.9067695140838623,0.6786044836044312,0.989551842212677,0.7599517107009888,0.6631704568862915
304,60849,0.8704615831375122,0.8704615831375122,,,,,,,
304,60899,0.968778133392334,0.968778133392334,,,,,,,
304,60949,0.8896594643592834,0.8896594643592834,,,,,,,
304,60999,0.8907275795936584,0.8907275795936584,,,,,,,
304,60999,,,0.5554729104042053,0.9035404920578003,0.9035404920578003,0.6796549558639526,1.013685941696167,0.7598748207092285,0.6414502263069153
305,61049,0.846709668636322,0.846709668636322,,,,,,,
305,61099,1.0387800931930542,1.0387800931930542,,,,,,,
305,61149,0.8437950015068054,0.8437950015068054,,,,,,,
305,61199,0.85969078540802,0.85969078540802,,,,,,,
305,61199,,,0.549869954586029,0.9053933620452881,0.9053933620452881,0.6720908880233765,1.01852548122406,0.756768524646759,0.6346749663352966
306,61249,0.8920451998710632,0.8920451998710632,,,,,,,
306,61299,0.886029839515686,0.886029839515686,,,,,,,
306,61349,0.8933826088905334,0.8933826088905334,,,,,,,
306,61399,0.9717531800270081,0.9717531800270081,,,,,,,
306,61399,,,0.5604313015937805,0.9105825424194336,0.9105825424194336,0.6813116073608398,1.0011333227157593,0.7629235982894897,0.6508178114891052
307,61449,0.9864841103553772,0.9864841103553772,,,,,,,
307,61499,0.8194751143455505,0.8194751143455505,,,,,,,
307,61549,0.886437177658081,0.886437177658081,,,,,,,
307,61599,0.908614456653595,0.908614456653595,,,,,,,
307,61599,,,0.5521175265312195,0.9037295579910278,0.9037295579910278,0.6729232668876648,1.0126177072525024,0.7575534582138062,0.6437702178955078
308,61649,0.9738667607307434,0.9738667607307434,,,,,,,
308,61699,0.8831256031990051,0.8831256031990051,,,,,,,
308,61749,0.8624516129493713,0.8624516129493713,,,,,,,
308,61799,0.9781841039657593,0.9781841039657593,,,,,,,
308,61799,,,0.5630797743797302,0.9105517268180847,0.9105517268180847,0.6786101460456848,1.0055279731750488,0.7647628784179688,0.6480298638343811
309,61849,0.9257631897926331,0.9257631897926331,,,,,,,
309,61899,0.9258818030357361,0.9258818030357361,,,,,,,
309,61949,0.8625719547271729,0.8625719547271729,,,,,,,
309,61999,0.8515464067459106,0.8515464067459106,,,,,,,
309,61999,,,0.5515784025192261,0.8975109457969666,0.8975109457969666,0.6801570653915405,1.0092793703079224,0.7609012126922607,0.6436635851860046
310,62049,0.8964085578918457,0.8964085578918457,,,,,,,
310,62099,0.9473761916160583,0.9473761916160583,,,,,,,
310,62149,0.8499351739883423,0.8499351739883423,,,,,,,
310,62199,0.7847785949707031,0.7847785949707031,,,,,,,
310,62199,,,0.5521933436393738,0.8986844420433044,0.8986844420433044,0.6688950061798096,1.0025125741958618,0.7560454607009888,0.6449080109596252
311,62249,0.9635589718818665,0.9635589718818665,,,,,,,
311,62299,0.9514486789703369,0.9514486789703369,,,,,,,
311,62349,0.9017164707183838,0.9017164707183838,,,,,,,
311,62399,0.8914011716842651,0.8914011716842651,,,,,,,
311,62399,,,0.5565733313560486,0.9095433354377747,0.9095433354377747,0.6787890195846558,0.999253511428833,0.763248860836029,0.6526647210121155
312,62449,0.9754776954650879,0.9754776954650879,,,,,,,
312,62499,1.007784366607666,1.007784366607666,,,,,,,
312,62549,0.8699818253517151,0.8699818253517151,,,,,,,
312,62599,0.8500229716300964,0.8500229716300964,,,,,,,
312,62599,,,0.5539199113845825,0.9043959379196167,0.9043959379196167,0.6684229373931885,1.0233103036880493,0.7593575119972229,0.6336960792541504
313,62649,0.8270443081855774,0.8270443081855774,,,,,,,
313,62699,0.8821090459823608,0.8821090459823608,,,,,,,
313,62749,0.9696029424667358,0.9696029424667358,,,,,,,
313,62799,0.8297465443611145,0.8297465443611145,,,,,,,
313,62799,,,0.5520506501197815,0.9056909084320068,0.9056909084320068,0.6704740524291992,1.0243319272994995,0.7623845934867859,0.6353222131729126
314,62849,0.8259605765342712,0.8259605765342712,,,,,,,
314,62899,0.9256545901298523,0.9256545901298523,,,,,,,
314,62949,0.9534493684768677,0.9534493684768677,,,,,,,
314,62999,0.8869826197624207,0.8869826197624207,,,,,,,
314,62999,,,0.5583210587501526,0.9076759815216064,0.9076759815216064,0.674455463886261,1.001648187637329,0.7591611742973328,0.6586821675300598
315,63049,0.9010481834411621,0.9010481834411621,,,,,,,
315,63099,0.9934963583946228,0.9934963583946228,,,,,,,
315,63149,0.874843955039978,0.874843955039978,,,,,,,
315,63199,0.931849479675293,0.931849479675293,,,,,,,
315,63199,,,0.553926408290863,0.9062566757202148,0.9062566757202148,0.671332597732544,1.0319833755493164,0.7619439959526062,0.641510546207428
316,63249,0.8470823764801025,0.8470823764801025,,,,,,,
316,63299,0.8865246772766113,0.8865246772766113,,,,,,,
316,63349,0.9166582226753235,0.9166582226753235,,,,,,,
316,63399,0.8476005792617798,0.8476005792617798,,,,,,,
316,63399,,,0.5509445071220398,0.897562563419342,0.897562563419342,0.6694043874740601,0.9968710541725159,0.7541166543960571,0.6516658067703247
317,63449,0.8946486711502075,0.8946486711502075,,,,,,,
317,63499,0.9305096864700317,0.9305096864700317,,,,,,,
317,63549,0.9830141663551331,0.9830141663551331,,,,,,,
317,63599,0.8691246509552002,0.8691246509552002,,,,,,,
317,63599,,,0.5468625426292419,0.8956645727157593,0.8956645727157593,0.6758663058280945,1.0126539468765259,0.7583369016647339,0.6274517178535461
318,63649,0.9310429692268372,0.9310429692268372,,,,,,,
318,63699,0.9011038541793823,0.9011038541793823,,,,,,,
318,63749,0.9410287141799927,0.9410287141799927,,,,,,,
318,63799,0.7715531587600708,0.7715531587600708,,,,,,,
318,63799,,,0.5569629669189453,0.9017176032066345,0.9017176032066345,0.6732003688812256,0.9929338097572327,0.7630494832992554,0.6552814245223999
319,63849,0.9823608994483948,0.9823608994483948,,,,,,,
319,63899,0.816379189491272,0.816379189491272,,,,,,,
319,63949,0.8665961027145386,0.8665961027145386,,,,,,,
319,63999,1.014713168144226,1.014713168144226,,,,,,,
319,63999,,,0.5548586249351501,0.9173589944839478,0.9173589944839478,0.6736661791801453,1.0116266012191772,0.7635233402252197,0.6519302725791931
320,64049,0.9069324135780334,0.9069324135780334,,,,,,,
320,64099,0.8426001071929932,0.8426001071929932,,,,,,,
320,64149,0.9683840870857239,0.9683840870857239,,,,,,,
320,64199,0.8747749328613281,0.8747749328613281,,,,,,,
320,64199,,,0.5428518652915955,0.8961104154586792,0.8961104154586792,0.6685420274734497,1.0101267099380493,0.7573301196098328,0.6420604586601257
321,64249,0.877831757068634,0.877831757068634,,,,,,,
321,64299,0.9005504250526428,0.9005504250526428,,,,,,,
321,64349,0.8869009017944336,0.8869009017944336,,,,,,,
321,64399,0.8508692383766174,0.8508692383766174,,,,,,,
321,64399,,,0.5549216866493225,0.9069634079933167,0.9069634079933167,0.6747497916221619,1.017608880996704,0.7645516991615295,0.642130970954895
322,64449,0.8618453145027161,0.8618453145027161,,,,,,,
322,64499,0.9278693795204163,0.9278693795204163,,,,,,,
322,64549,0.9358698725700378,0.9358698725700378,,,,,,,
322,64599,0.890725314617157,0.890725314617157,,,,,,,
322,64599,,,0.5483303666114807,0.9019848704338074,0.9019848704338074,0.6711990237236023,1.024926781654358,0.763533890247345,0.6240160465240479
323,64649,0.830257773399353,0.830257773399353,,,,,,,
323,64699,0.895989716053009,0.895989716053009,,,,,,,
323,64749,0.878552258014679,0.878552258014679,,,,,,,
323,64799,0.8751644492149353,0.8751644492149353,,,,,,,
323,64799,,,0.5503380298614502,0.9015589356422424,0.9015589356422424,0.6642762422561646,1.033125877380371,0.7579673528671265,0.6339516639709473
324,64849,0.9924399852752686,0.9924399852752686,,,,,,,
324,64899,0.8688198924064636,0.8688198924064636,,,,,,,
324,64949,0.8345142006874084,0.8345142006874084,,,,,,,
324,64999,0.883765697479248,0.883765697479248,,,,,,,
324,64999,,,0.5481065511703491,0.9003044366836548,0.9003044366836548,0.679775059223175,1.0191034078598022,0.7624440789222717,0.6340205073356628
325,65049,0.972697913646698,0.972697913646698,,,,,,,
325,65099,1.0027559995651245,1.0027559995651245,,,,,,,
325,65149,0.9035933017730713,0.9035933017730713,,,,,,,
325,65199,0.8566489219665527,0.8566489219665527,,,,,,,
325,65199,,,0.5537987351417542,0.8984676003456116,0.8984676003456116,0.6752160787582397,0.9987674355506897,0.7577627301216125,0.656330406665802
326,65249,0.9566934704780579,0.9566934704780579,,,,,,,
326,65299,0.8374838829040527,0.8374838829040527,,,,,,,
326,65349,0.9203146696090698,0.9203146696090698,,,,,,,
326,65399,0.8612201809883118,0.8612201809883118,,,,,,,
326,65399,,,0.5449227094650269,0.9011702537536621,0.9011702537536621,0.6652662754058838,1.0170729160308838,0.7624151110649109,0.6301922798156738
327,65449,0.8063116669654846,0.8063116669654846,,,,,,,
327,65499,0.8501536250114441,0.8501536250114441,,,,,,,
327,65549,0.9242649078369141,0.9242649078369141,,,,,,,
327,65599,0.938572347164154,0.938572347164154,,,,,,,
327,65599,,,0.5522040724754333,0.901009738445282,0.901009738445282,0.6723379492759705,1.0042121410369873,0.7609446048736572,0.6557517647743225
328,65649,0.8378701210021973,0.8378701210021973,,,,,,,
328,65699,0.8585928678512573,0.8585928678512573,,,,,,,
328,65749,0.9216421842575073,0.9216421842575073,,,,,,,
328,65799,0.848971426486969,0.848971426486969,,,,,,,
328,65799,,,0.5442637801170349,0.8833189606666565,0.8833189606666565,0.6636502146720886,1.0054188966751099,0.7577134966850281,0.6408243775367737
329,65849,1.0051778554916382,1.0051778554916382,,,,,,,
329,65899,0.9395155906677246,0.9395155906677246,,,,,,,
329,65949,0.9588623642921448,0.9588623642921448,,,,,,,
329,65999,0.9039201736450195,0.9039201736450195,,,,,,,
329,65999,,,0.5559790730476379,0.9028058648109436,0.9028058648109436,0.6675212979316711,1.0051486492156982,0.757742166519165,0.6449741721153259
330,66049,0.8683314919471741,0.8683314919471741,,,,,,,
330,66099,0.9189881086349487,0.9189881086349487,,,,,,,
330,66149,0.8277980089187622,0.8277980089187622,,,,,,,
330,66199,0.8302692770957947,0.8302692770957947,,,,,,,
330,66199,,,0.5427986979484558,0.89161217212677,0.89161217212677,0.6797651052474976,1.023242712020874,0.7616333365440369,0.625077486038208
331,66249,0.8445289134979248,0.8445289134979248,,,,,,,
331,66299,0.9554087519645691,0.9554087519645691,,,,,,,
331,66349,0.9727696180343628,0.9727696180343628,,,,,,,
331,66399,0.9733978509902954,0.9733978509902954,,,,,,,
331,66399,,,0.5501104593276978,0.8878771066665649,0.8878771066665649,0.6734550595283508,1.0177428722381592,0.7585577368736267,0.6388407349586487
332,66449,0.8241823315620422,0.8241823315620422,,,,,,,
332,66499,0.8227448463439941,0.8227448463439941,,,,,,,
332,66549,0.8807932138442993,0.8807932138442993,,,,,,,
332,66599,0.9004759788513184,0.9004759788513184,,,,,,,
332,66599,,,0.5541973114013672,0.8984659910202026,0.8984659910202026,0.6710404753684998,0.9991843104362488,0.7576388716697693,0.6578460335731506
333,66649,0.8646112680435181,0.8646112680435181,,,,,,,
333,66699,0.8978737592697144,0.8978737592697144,,,,,,,
333,66749,0.8832225799560547,0.8832225799560547,,,,,,,
333,66799,0.9764823913574219,0.9764823913574219,,,,,,,
333,66799,,,0.5421168208122253,0.8888717293739319,0.8888717293739319,0.665761411190033,1.0158308744430542,0.758303165435791,0.6343967318534851
334,66849,0.8721457719802856,0.8721457719802856,,,,,,,
334,66899,0.8661465048789978,0.8661465048789978,,,,,,,
334,66949,0.8994848728179932,0.8994848728179932,,,,,,,
334,66999,0.953424334526062,0.953424334526062,,,,,,,
334,66999,,,0.5462492108345032,0.8842683434486389,0.8842683434486389,0.6661537289619446,1.0085294246673584,0.757687509059906,0.6415079236030579
335,67049,1.0100374221801758,1.0100374221801758,,,,,,,
335,67099,0.8991049528121948,0.8991049528121948,,,,,,,
335,67149,1.0224164724349976,1.0224164724349976,,,,,,,
335,67199,0.8865702748298645,0.8865702748298645,,,,,,,
335,67199,,,0.5524545907974243,0.8927136659622192,0.8927136659622192,0.6840558052062988,1.0003074407577515,0.7603391408920288,0.6552301049232483
336,67249,0.9787842035293579,0.9787842035293579,,,,,,,
336,67299,0.9158610701560974,0.9158610701560974,,,,,,,
336,67349,0.8274362683296204,0.8274362683296204,,,,,,,
336,67399,0.876297116279602,0.876297116279602,,,,,,,
336,67399,,,0.5481844544410706,0.895018458366394,0.895018458366394,0.6633419990539551,1.0153815746307373,0.7622184753417969,0.6415663957595825
337,67449,0.9613645672798157,0.9613645672798157,,,,,,,
337,67499,0.8645147681236267,0.8645147681236267,,,,,,,
337,67549,0.9833977818489075,0.9833977818489075,,,,,,,
337,67599,0.8740512132644653,0.8740512132644653,,,,,,,
337,67599,,,0.5469347238540649,0.9041197896003723,0.9041197896003723,0.6660651564598083,1.0188379287719727,0.7570173740386963,0.6292730569839478
338,67649,0.8159313201904297,0.8159313201904297,,,,,,,
338,67699,0.863372266292572,0.863372266292572,,,,,,,
338,67749,0.8547629117965698,0.8547629117965698,,,,,,,
338,67799,0.8636962175369263,0.8636962175369263,,,,,,,
338,67799,,,0.5512166023254395,0.902800977230072,0.902800977230072,0.6597523093223572,1.0109840631484985,0.7562073469161987,0.6458057761192322
339,67849,0.8748209476470947,0.8748209476470947,,,,,,,
339,67899,0.8336530923843384,0.8336530923843384,,,,,,,
339,67949,0.8311387300491333,0.8311387300491333,,,,,,,
339,67999,0.9057592749595642,0.9057592749595642,,,,,,,
339,67999,,,0.5343421697616577,0.8908239006996155,0.8908239006996155,0.6665288209915161,1.0163568258285522,0.7537928819656372,0.6293903589248657
340,68049,0.9318290948867798,0.9318290948867798,,,,,,,
340,68099,0.8366615176200867,0.8366615176200867,,,,,,,
340,68149,0.7996975779533386,0.7996975779533386,,,,,,,
340,68199,0.8756679892539978,0.8756679892539978,,,,,,,
340,68199,,,0.5504002571105957,0.892982006072998,0.892982006072998,0.6662731170654297,0.9951857924461365,0.7566937208175659,0.6545935869216919
341,68249,0.866990864276886,0.866990864276886,,,,,,,
341,68299,0.8748058676719666,0.8748058676719666,,,,,,,
341,68349,0.9180309176445007,0.9180309176445007,,,,,,,
341,68399,0.9062533378601074,0.9062533378601074,,,,,,,
341,68399,,,0.5418384075164795,0.8814095258712769,0.8814095258712769,0.6575943231582642,1.0065754652023315,0.75217205286026,0.6370826363563538
342,68449,0.9202396273612976,0.9202396273612976,,,,,,,
342,68499,0.8402581214904785,0.8402581214904785,,,,,,,
342,68549,0.8029451966285706,0.8029451966285706,,,,,,,
342,68599,0.8981804251670837,0.8981804251670837,,,,,,,
342,68599,,,0.5418972969055176,0.8895074725151062,0.8895074725151062,0.6680983901023865,1.0264486074447632,0.7569561004638672,0.6289157867431641
343,68649,0.8705708384513855,0.8705708384513855,,,,,,,
343,68699,0.8657160401344299,0.8657160401344299,,,,,,,
343,68749,0.7478755116462708,0.7478755116462708,,,,,,,
343,68799,0.8955826759338379,0.8955826759338379,,,,,,,
343,68799,,,0.5563540458679199,0.9005761742591858,0.9005761742591858,0.681780219078064,0.9928414821624756,0.7609701752662659,0.6632643938064575
344,68849,0.8689606189727783,0.8689606189727783,,,,,,,
344,68899,0.8851798176765442,0.8851798176765442,,,,,,,
344,68949,0.9289969205856323,0.9289969205856323,,,,,,,
344,68999,0.8334513902664185,0.8334513902664185,,,,,,,
344,68999,,,0.551038384437561,0.8947343230247498,0.8947343230247498,0.6649573445320129,1.0090590715408325,0.7585121989250183,0.6458244323730469
345,69049,0.9484337568283081,0.9484337568283081,,,,,,,
345,69099,0.9663601517677307,0.9663601517677307,,,,,,,
345,69149,0.8973423838615417,0.8973423838615417,,,,,,,
345,69199,0.8933542370796204,0.8933542370796204,,,,,,,
345,69199,,,0.5428456664085388,0.893139660358429,0.893139660358429,0.6775708198547363,1.008277177810669,0.7580263018608093,0.6404715776443481
346,69249,0.8237920999526978,0.8237920999526978,,,,,,,
346,69299,0.9449271559715271,0.9449271559715271,,,,,,,
346,69349,0.8899844884872437,0.8899844884872437,,,,,,,
346,69399,0.8933385014533997,0.8933385014533997,,,,,,,
346,69399,,,0.5410062074661255,0.8894907236099243,0.8894907236099243,0.6681639552116394,1.0212534666061401,0.7567455768585205,0.6339141726493835
347,69449,0.9033251404762268,0.9033251404762268,,,,,,,
347,69499,0.9774351119995117,0.9774351119995117,,,,,,,
347,69549,0.8783156871795654,0.8783156871795654,,,,,,,
347,69599,0.817278265953064,0.817278265953064,,,,,,,
347,69599,,,0.5419854521751404,0.8929100632667542,0.8929100632667542,0.6658404469490051,0.9962071180343628,0.7603607177734375,0.6514763236045837
348,69649,0.8324512243270874,0.8324512243270874,,,,,,,
348,69699,0.8436519503593445,0.8436519503593445,,,,,,,
348,69749,0.873012363910675,0.873012363910675,,,,,,,
348,69799,0.8722720742225647,0.8722720742225647,,,,,,,
348,69799,,,0.5484057068824768,0.9020456075668335,0.9020456075668335,0.6740708351135254,1.010702133178711,0.7568711042404175,0.6469793915748596
349,69849,0.9626668095588684,0.9626668095588684,,,,,,,
349,69899,0.8247098922729492,0.8247098922729492,,,,,,,
349,69949,0.8625727295875549,0.8625727295875549,,,,,,,
349,69999,0.909583568572998,0.909583568572998,,,,,,,
349,69999,,,0.5464585423469543,0.8918216228485107,0.8918216228485107,0.6728562712669373,1.0164021253585815,0.7635053396224976,0.6386059522628784
350,70049,0.8901559114456177,0.8901559114456177,,,,,,,
350,70099,0.8299431204795837,0.8299431204795837,,,,,,,
350,70149,0.9322192072868347,0.9322192072868347,,,,,,,
350,70199,0.8709274530410767,0.8709274530410767,,,,,,,
350,70199,,,0.5288947820663452,0.8861101269721985,0.8861101269721985,0.6610158085823059,1.0175610780715942,0.7525585889816284,0.6254417300224304
351,70249,0.8307582139968872,0.8307582139968872,,,,,,,
351,70299,0.9070250988006592,0.9070250988006592,,,,,,,
351,70349,0.9091627597808838,0.9091627597808838,,,,,,,
351,70399,0.894954264163971,0.894954264163971,,,,,,,
351,70399,,,0.5375850200653076,0.890667736530304,0.890667736530304,0.6735706329345703,1.0192683935165405,0.7616081237792969,0.6262288689613342
352,70449,0.7502078413963318,0.7502078413963318,,,,,,,
352,70499,0.8443526029586792,0.8443526029586792,,,,,,,
352,70549,0.7714147567749023,0.7714147567749023,,,,,,,
352,70599,0.8801980018615723,0.8801980018615723,,,,,,,
352,70599,,,0.5490602254867554,0.889707088470459,0.889707088470459,0.6621397137641907,0.9937771558761597,0.7551859617233276,0.6414394974708557
353,70649,0.8958483934402466,0.8958483934402466,,,,,,,
353,70699,0.8780554533004761,0.8780554533004761,,,,,,,
353,70749,0.967978298664093,0.967978298664093,,,,,,,
353,70799,0.8350154161453247,0.8350154161453247,,,,,,,
353,70799,,,0.5415744781494141,0.8918270468711853,0.8918270468711853,0.6627220511436462,0.999322772026062,0.7568195462226868,0.6436091661453247
354,70849,0.9801596403121948,0.9801596403121948,,,,,,,
354,70899,0.9923585057258606,0.9923585057258606,,,,,,,
354,70949,0.891937255859375,0.891937255859375,,,,,,,
354,70999,0.8792082667350769,0.8792082667350769,,,,,,,
354,70999,,,0.5440468788146973,0.8847277164459229,0.8847277164459229,0.6633482575416565,0.9931832551956177,0.7557594180107117,0.6521178483963013
355,71049,0.9522320032119751,0.9522320032119751,,,,,,,
355,71099,0.9115780591964722,0.9115780591964722,,,,,,,
355,71149,0.9077821969985962,0.9077821969985962,,,,,,,
355,71199,0.9902891516685486,0.9902891516685486,,,,,,,
355,71199,,,0.5441610813140869,0.8836060166358948,0.8836060166358948,0.6512734293937683,1.0043200254440308,0.7534213662147522,0.6435143947601318
356,71249,0.8909294605255127,0.8909294605255127,,,,,,,
356,71299,1.0091490745544434,1.0091490745544434,,,,,,,
356,71349,0.8077684640884399,0.8077684640884399,,,,,,,
356,71399,0.9249985814094543,0.9249985814094543,,,,,,,
356,71399,,,0.5413677096366882,0.8843224048614502,0.8843224048614502,0.6588645577430725,1.0039710998535156,0.7529537081718445,0.6383463144302368
357,71449,0.8835933804512024,0.8835933804512024,,,,,,,
357,71499,0.9946300983428955,0.9946300983428955,,,,,,,
357,71549,0.9449707269668579,0.9449707269668579,,,,,,,
357,71599,0.8270249366760254,0.8270249366760254,,,,,,,
357,71599,,,0.5411463975906372,0.8744966387748718,0.8744966387748718,0.6655896306037903,0.9995584487915039,0.7537022233009338,0.6459110379219055
358,71649,0.9585989713668823,0.9585989713668823,,,,,,,
358,71699,0.9158363938331604,0.9158363938331604,,,,,,,
358,71749,0.8893226981163025,0.8893226981163025,,,,,,,
358,71799,0.8869343400001526,0.8869343400001526,,,,,,,
358,71799,,,0.5403027534484863,0.8826552629470825,0.8826552629470825,0.6659456491470337,0.9994202852249146,0.7600798010826111,0.6518415212631226
359,71849,0.902807891368866,0.902807891368866,,,,,,,
359,71899,0.8515021204948425,0.8515021204948425,,,,,,,
359,71949,0.9703764319419861,0.9703764319419861,,,,,,,
359,71999,0.8962332606315613,0.8962332606315613,,,,,,,
359,71999,,,0.5422922372817993,0.8847886919975281,0.8847886919975281,0.6683667302131653,1.0086616277694702,0.7572484612464905,0.643760621547699
360,72049,0.9319645762443542,0.9319645762443542,,,,,,,
360,72099,0.9073619246482849,0.9073619246482849,,,,,,,
360,72149,0.8136717081069946,0.8136717081069946,,,,,,,
360,72199,0.8639224171638489,0.8639224171638489,,,,,,,
360,72199,,,0.5416053533554077,0.8856712579727173,0.8856712579727173,0.6593671441078186,1.006824254989624,0.7553553581237793,0.6458297371864319
361,72249,0.7843745350837708,0.7843745350837708,,,,,,,
361,72299,0.869587779045105,0.869587779045105,,,,,,,
361,72349,0.855380117893219,0.855380117893219,,,,,,,
361,72399,0.9293205738067627,0.9293205738067627,,,,,,,
361,72399,,,0.538811445236206,0.8799312114715576,0.8799312114715576,0.6636520028114319,1.006857991218567,0.7550172209739685,0.6467013955116272
362,72449,0.8773291707038879,0.8773291707038879,,,,,,,
362,72499,0.8019859790802002,0.8019859790802002,,,,,,,
362,72549,0.9554862976074219,0.9554862976074219,,,,,,,
362,72599,0.9384494423866272,0.9384494423866272,,,,,,,
362,72599,,,0.5429133772850037,0.8873870968818665,0.8873870968818665,0.6676227450370789,0.9933379292488098,0.7593694925308228,0.6523283123970032
363,72649,0.8447640538215637,0.8447640538215637,,,,,,,
363,72699,0.8935444951057434,0.8935444951057434,,,,,,,
363,72749,0.8814224004745483,0.8814224004745483,,,,,,,
363,72799,0.9791277050971985,0.9791277050971985,,,,,,,
363,72799,,,0.5386325716972351,0.8867161273956299,0.8867161273956299,0.6698979735374451,0.9965306520462036,0.7610903382301331,0.642264187335968
364,72849,0.8298934698104858,0.8298934698104858,,,,,,,
364,72899,0.8405323028564453,0.8405323028564453,,,,,,,
364,72949,0.8921977877616882,0.8921977877616882,,,,,,,
364,72999,0.9123331904411316,0.9123331904411316,,,,,,,
364,72999,,,0.5384368300437927,0.8817017674446106,0.8817017674446106,0.6466679573059082,1.0095757246017456,0.7501174211502075,0.6389479041099548
365,73049,0.8350298404693604,0.8350298404693604,,,,,,,
365,73099,0.8768553137779236,0.8768553137779236,,,,,,,
365,73149,0.825018048286438,0.825018048286438,,,,,,,
365,73199,0.8779965043067932,0.8779965043067932,,,,,,,
365,73199,,,0.5427320599555969,0.8849779367446899,0.8849779367446899,0.658912718296051,0.9926334023475647,0.7555659413337708,0.6544703841209412
366,73249,0.9315977692604065,0.9315977692604065,,,,,,,
366,73299,0.9044695496559143,0.9044695496559143,,,,,,,
366,73349,0.8339406251907349,0.8339406251907349,,,,,,,
366,73399,0.9079819917678833,0.9079819917678833,,,,,,,
366,73399,,,0.540697455406189,0.8990114331245422,0.8990114331245422,0.67469722032547,1.014004111289978,0.756743848323822,0.6403594613075256
367,73449,0.8515850901603699,0.8515850901603699,,,,,,,
367,73499,0.9271728992462158,0.9271728992462158,,,,,,,
367,73549,0.8976358771324158,0.8976358771324158,,,,,,,
367,73599,0.8901630640029907,0.8901630640029907,,,,,,,
367,73599,,,0.5337557792663574,0.8826614618301392,0.8826614618301392,0.6608597636222839,1.0015678405761719,0.7529852390289307,0.644023597240448
368,73649,0.983940601348877,0.983940601348877,,,,,,,
368,73699,0.9104416966438293,0.9104416966438293,,,,,,,
368,73749,0.8707367181777954,0.8707367181777954,,,,,,,
368,73799,0.9489850997924805,0.9489850997924805,,,,,,,
368,73799,,,0.5398705005645752,0.8822157979011536,0.8822157979011536,0.6588590741157532,1.0011900663375854,0.7547159790992737,0.6403304934501648
369,73849,0.8779183626174927,0.8779183626174927,,,,,,,
369,73899,0.9137305617332458,0.9137305617332458,,,,,,,
369,73949,0.836851179599762,0.836851179599762,,,,,,,
369,73999,0.8775760531425476,0.8775760531425476,,,,,,,
369,73999,,,0.5355559587478638,0.8834623098373413,0.8834623098373413,0.6590864062309265,1.008196473121643,0.7584276795387268,0.6371981501579285
370,74049,0.8585877418518066,0.8585877418518066,,,,,,,
370,74099,0.9023295640945435,0.9023295640945435,,,,,,,
370,74149,0.8375927209854126,0.8375927209854126,,,,,,,
370,74199,0.8325703740119934,0.8325703740119934,,,,,,,
370,74199,,,0.5448657870292664,0.8834818601608276,0.8834818601608276,0.6636146903038025,1.0099719762802124,0.7562198042869568,0.6459510326385498
371,74249,0.869391143321991,0.869391143321991,,,,,,,
371,74299,0.9793407320976257,0.9793407320976257,,,,,,,
371,74349,0.841268002986908,0.841268002986908,,,,,,,
371,74399,0.8728569149971008,0.8728569149971008,,,,,,,
371,74399,,,0.531878650188446,0.87404465675354,0.87404465675354,0.6616048812866211,1.021475076675415,0.7532665133476257,0.6303641200065613
372,74449,0.8662413954734802,0.8662413954734802,,,,,,,
372,74499,0.8529810309410095,0.8529810309410095,,,,,,,
372,74549,0.8497982621192932,0.8497982621192932,,,,,,,
372,74599,0.9407640695571899,0.9407640695571899,,,,,,,
372,74599,,,0.5255243182182312,0.8690769076347351,0.8690769076347351,0.6534559726715088,1.0097461938858032,0.750742495059967,0.6273394823074341
373,74649,0.8738318681716919,0.8738318681716919,,,,,,,
373,74699,0.906227171421051,0.906227171421051,,,,,,,
373,74749,0.8415923714637756,0.8415923714637756,,,,,,,
373,74799,0.7775972485542297,0.7775972485542297,,,,,,,
373,74799,,,0.5456829071044922,0.8945310115814209,0.8945310115814209,0.6528769135475159,0.9994905591011047,0.7586661577224731,0.6532193422317505
374,74849,0.8636900186538696,0.8636900186538696,,,,,,,
374,74899,0.858409583568573,0.858409583568573,,,,,,,
374,74949,0.8357673287391663,0.8357673287391663,,,,,,,
374,74999,0.8826426863670349,0.8826426863670349,,,,,,,
374,74999,,,0.5388250946998596,0.8766116499900818,0.8766116499900818,0.6714244484901428,1.001246452331543,0.7575992345809937,0.6417591571807861
375,75049,0.9214581251144409,0.9214581251144409,,,,,,,
375,75099,0.8505718111991882,0.8505718111991882,,,,,,,
375,75149,0.8886355757713318,0.8886355757713318,,,,,,,
375,75199,0.8708838820457458,0.8708838820457458,,,,,,,
375,75199,,,0.531578540802002,0.8724510073661804,0.8724510073661804,0.6636719107627869,1.0013457536697388,0.7543935775756836,0.6397889256477356
376,75249,0.8587597012519836,0.8587597012519836,,,,,,,
376,75299,0.8760642409324646,0.8760642409324646,,,,,,,
376,75349,0.8764316439628601,0.8764316439628601,,,,,,,
376,75399,0.8358588218688965,0.8358588218688965,,,,,,,
376,75399,,,0.5411970615386963,0.8733245730400085,0.8733245730400085,0.6572402715682983,0.9953593015670776,0.7557331323623657,0.6499980688095093
377,75449,0.9298908114433289,0.9298908114433289,,,,,,,
377,75499,0.8460584878921509,0.8460584878921509,,,,,,,
377,75549,0.8315350413322449,0.8315350413322449,,,,,,,
377,75599,0.9384428262710571,0.9384428262710571,,,,,,,
377,75599,,,0.530947744846344,0.8660035729408264,0.8660035729408264,0.653114914894104,1.0021542310714722,0.751177966594696,0.6329140067100525
378,75649,0.8771495223045349,0.8771495223045349,,,,,,,
378,75699,0.837999165058136,0.837999165058136,,,,,,,
378,75749,0.8234885931015015,0.8234885931015015,,,,,,,
378,75799,0.8565462231636047,0.8565462231636047,,,,,,,
378,75799,,,0.5362135171890259,0.8712039589881897,0.8712039589881897,0.654951274394989,1.0324513912200928,0.7537820339202881,0.6159446239471436
379,75849,0.858672022819519,0.858672022819519,,,,,,,
379,75899,0.8471328020095825,0.8471328020095825,,,,,,,
379,75949,0.8710789084434509,0.8710789084434509,,,,,,,
379,75999,0.8224890232086182,0.8224890232086182,,,,,,,
379,75999,,,0.5316677093505859,0.8804523944854736,0.8804523944854736,0.652141273021698,1.0325547456741333,0.7558525204658508,0.6196058392524719
380,76049,0.8966323137283325,0.8966323137283325,,,,,,,
380,76099,0.7782799005508423,0.7782799005508423,,,,,,,
380,76149,0.871236264705658,0.871236264705658,,,,,,,
380,76199,0.8035315275192261,0.8035315275192261,,,,,,,
380,76199,,,0.5381656289100647,0.8683653473854065,0.8683653473854065,0.6536532044410706,0.9870577454566956,0.753582775592804,0.6456596851348877
381,76249,0.9269741773605347,0.9269741773605347,,,,,,,
381,76299,0.9739556312561035,0.9739556312561035,,,,,,,
381,76349,0.8028069734573364,0.8028069734573364,,,,,,,
381,76399,0.8633083701133728,0.8633083701133728,,,,,,,
381,76399,,,0.5292856693267822,0.873420000076294,0.873420000076294,0.6575791835784912,1.0185153484344482,0.7494288682937622,0.633660078048706
382,76449,0.9073729515075684,0.9073729515075684,,,,,,,
382,76499,0.7803470492362976,0.7803470492362976,,,,,,,
382,76549,1.0150728225708008,1.0150728225708008,,,,,,,
382,76599,0.8525885343551636,0.8525885343551636,,,,,,,
382,76599,,,0.5263173580169678,0.8745667338371277,0.8745667338371277,0.6609846949577332,1.0413734912872314,0.7497845888137817,0.6087073087692261
383,76649,0.806608259677887,0.806608259677887,,,,,,,
383,76699,0.9266415238380432,0.9266415238380432,,,,,,,
383,76749,0.8375371098518372,0.8375371098518372,,,,,,,
383,76799,0.8995018005371094,0.8995018005371094,,,,,,,
383,76799,,,0.5413468480110168,0.8846722841262817,0.8846722841262817,0.6691563129425049,0.9970960021018982,0.7529864311218262,0.6456802487373352
384,76849,0.8379632234573364,0.8379632234573364,,,,,,,
384,76899,0.8728362321853638,0.8728362321853638,,,,,,,
384,76949,0.8515833020210266,0.8515833020210266,,,,,,,
384,76999,0.9195812344551086,0.9195812344551086,,,,,,,
384,76999,,,0.540877640247345,0.8808789253234863,0.8808789253234863,0.6629521250724792,1.0103504657745361,0.755688488483429,0.647064208984375
385,77049,0.888177216053009,0.888177216053009,,,,,,,
385,77099,0.9235751628875732,0.9235751628875732,,,,,,,
385,77149,0.8425373435020447,0.8425373435020447,,,,,,,
385,77199,0.827835202217102,0.827835202217102,,,,,,,
385,77199,,,0.5290113687515259,0.8655226826667786,0.8655226826667786,0.6529563069343567,1.007914662361145,0.7474170923233032,0.6255678534507751
386,77249,0.8399245738983154,0.8399245738983154,,,,,,,
386,77299,0.8629246950149536,0.8629246950149536,,,,,,,
386,77349,0.8125484585762024,0.8125484585762024,,,,,,,
386,77399,0.9531828165054321,0.9531828165054321,,,,,,,
386,77399,,,0.534748911857605,0.8761829137802124,0.8761829137802124,0.6578825116157532,1.0224007368087769,0.7534922957420349,0.6224759817123413
387,77449,0.8842753171920776,0.8842753171920776,,,,,,,
387,77499,0.9278308749198914,0.9278308749198914,,,,,,,
387,77549,0.8532273173332214,0.8532273173332214,,,,,,,
387,77599,0.8377143740653992,0.8377143740653992,,,,,,,
387,77599,,,0.5264711380004883,0.8704639673233032,0.8704639673233032,0.6532531976699829,1.0166335105895996,0.75001060962677,0.6230665445327759
388,77649,0.9112099409103394,0.9112099409103394,,,,,,,
388,77699,0.8340221047401428,0.8340221047401428,,,,,,,
388,77749,0.8492064476013184,0.8492064476013184,,,,,,,
388,77799,0.8575478792190552,0.8575478792190552,,,,,,,
388,77799,,,0.5302248597145081,0.8771347999572754,0.8771347999572754,0.6585962772369385,0.9978728890419006,0.7527839541435242,0.6343062520027161
389,77849,0.8590884208679199,0.8590884208679199,,,,,,,
389,77899,0.8095393776893616,0.8095393776893616,,,,,,,
389,77949,0.832173764705658,0.832173764705658,,,,,,,
389,77999,0.9392198920249939,0.9392198920249939,,,,,,,
389,77999,,,0.5343329906463623,0.8789876103401184,0.8789876103401184,0.655942440032959,1.0191080570220947,0.7505300045013428,0.6300237774848938
390,78049,0.7991331219673157,0.7991331219673157,,,,,,,
390,78099,0.8293997049331665,0.8293997049331665,,,,,,,
390,78149,0.8655235767364502,0.8655235767364502,,,,,,,
390,78199,0.8662968873977661,0.8662968873977661,,,,,,,
390,78199,,,0.5349371433258057,0.8711619973182678,0.8711619973182678,0.6515457630157471,0.9975773692131042,0.7521777153015137,0.6427695155143738
391,78249,0.8461440205574036,0.8461440205574036,,,,,,,
391,78299,0.7704718708992004,0.7704718708992004,,,,,,,
391,78349,0.9028037190437317,0.9028037190437317,,,,,,,
391,78399,0.864750325679779,0.864750325679779,,,,,,,
391,78399,,,0.525901734828949,0.8742495775222778,0.8742495775222778,0.6553816199302673,1.0264182090759277,0.7579336166381836,0.6191090941429138
392,78449,0.9246560335159302,0.9246560335159302,,,,,,,
392,78499,0.8763111233711243,0.8763111233711243,,,,,,,
392,78549,0.8847886323928833,0.8847886323928833,,,,,,,
392,78599,0.7721239924430847,0.7721239924430847,,,,,,,
392,78599,,,0.5264835357666016,0.8597249388694763,0.8597249388694763,0.6564658284187317,1.019148588180542,0.7495909929275513,0.6223068833351135
393,78649,1.0235512256622314,1.0235512256622314,,,,,,,
393,78699,0.803242027759552,0.803242027759552,,,,,,,
393,78749,0.8242527842521667,0.8242527842521667,,,,,,,
393,78799,0.966297447681427,0.966297447681427,,,,,,,
393,78799,,,0.5262480974197388,0.8730650544166565,0.8730650544166565,0.6613965630531311,1.0157063007354736,0.7531068325042725,0.6231741309165955
394,78849,0.8621084690093994,0.8621084690093994,,,,,,,
394,78899,0.8449732661247253,0.8449732661247253,,,,,,,
394,78949,0.8892139792442322,0.8892139792442322,,,,,,,
394,78999,0.8864907026290894,0.8864907026290894,,,,,,,
394,78999,,,0.5288160443305969,0.8707478046417236,0.8707478046417236,0.6554738283157349,1.0146420001983643,0.7515454292297363,0.6313328146934509
395,79049,0.7571460008621216,0.7571460008621216,,,,,,,
395,79099,0.8730039596557617,0.8730039596557617,,,,,,,
395,79149,0.85576331615448,0.85576331615448,,,,,,,
395,79199,0.8938153386116028,0.8938153386116028,,,,,,,
395,79199,,,0.5306163430213928,0.875457763671875,0.875457763671875,0.6644335985183716,1.0024330615997314,0.7528356909751892,0.6339449286460876
396,79249,0.8384747505187988,0.8384747505187988,,,,,,,
396,79299,0.9014351963996887,0.9014351963996887,,,,,,,
396,79349,0.8324431777000427,0.8324431777000427,,,,,,,
396,79399,0.8547141551971436,0.8547141551971436,,,,,,,
396,79399,,,0.5385316014289856,0.8740941882133484,0.8740941882133484,0.6516789197921753,0.992972731590271,0.7518733143806458,0.6455510258674622
397,79449,0.9158528447151184,0.9158528447151184,,,,,,,
397,79499,0.9049925804138184,0.9049925804138184,,,,,,,
397,79549,0.8745651841163635,0.8745651841163635,,,,,,,
397,79599,0.7968279719352722,0.7968279719352722,,,,,,,
397,79599,,,0.522444486618042,0.8530720472335815,0.8530720472335815,0.6498932838439941,1.0267658233642578,0.7471645474433899,0.6167694330215454
398,79649,0.8484776616096497,0.8484776616096497,,,,,,,
398,79699,0.9353545308113098,0.9353545308113098,,,,,,,
398,79749,0.8201912641525269,0.8201912641525269,,,,,,,
398,79799,0.818345844745636,0.818345844745636,,,,,,,
398,79799,,,0.5303526520729065,0.8739591836929321,0.8739591836929321,0.643617570400238,1.0088711977005005,0.7536349296569824,0.6358159184455872
399,79849,0.8374554514884949,0.8374554514884949,,,,,,,
399,79899,0.8695611953735352,0.8695611953735352,,,,,,,
399,79949,0.8515790104866028,0.8515790104866028,,,,,,,
399,79999,0.7766733765602112,0.7766733765602112,,,,,,,
399,79999,,,0.5279103517532349,0.8635877966880798,0.8635877966880798,0.6527910828590393,1.00586998462677,0.7496776580810547,0.6337642669677734
400,80049,0.8768094182014465,0.8768094182014465,,,,,,,
400,80099,0.8801596164703369,0.8801596164703369,,,,,,,
400,80149,0.8770573735237122,0.8770573735237122,,,,,,,
400,80199,0.7209619879722595,0.7209619879722595,,,,,,,
400,80199,,,0.5244560837745667,0.8622589111328125,0.8622589111328125,0.645681619644165,1.0199931859970093,0.7474703788757324,0.6176611185073853
401,80249,0.7625144124031067,0.7625144124031067,,,,,,,
401,80299,0.814077615737915,0.814077615737915,,,,,,,
401,80349,0.860634446144104,0.860634446144104,,,,,,,
401,80399,0.7843987345695496,0.7843987345695496,,,,,,,
401,80399,,,0.5273908376693726,0.8657553791999817,0.8657553791999817,0.6499952077865601,1.0023835897445679,0.7520097494125366,0.6345121264457703
402,80449,0.9111888408660889,0.9111888408660889,,,,,,,
402,80499,0.8661878705024719,0.8661878705024719,,,,,,,
402,80549,0.7723889350891113,0.7723889350891113,,,,,,,
402,80599,0.8758910298347473,0.8758910298347473,,,,,,,
402,80599,,,0.523012638092041,0.863718569278717,0.863718569278717,0.6439358592033386,1.007076382637024,0.7509030103683472,0.622150182723999
403,80649,0.8203146457672119,0.8203146457672119,,,,,,,
403,80699,0.8226557970046997,0.8226557970046997,,,,,,,
403,80749,0.8531248569488525,0.8531248569488525,,,,,,,
403,80799,0.9346759915351868,0.9346759915351868,,,,,,,
403,80799,,,0.5324284434318542,0.862221360206604,0.862221360206604,0.6470125913619995,0.998688817024231,0.752072811126709,0.6431741118431091
404,80849,0.865725040435791,0.865725040435791,,,,,,,
404,80899,0.8000930547714233,0.8000930547714233,,,,,,,
404,80949,0.8819670677185059,0.8819670677185059,,,,,,,
404,80999,0.8738312721252441,0.8738312721252441,,,,,,,
404,80999,,,0.5329347848892212,0.8735491037368774,0.8735491037368774,0.6462752223014832,0.998551070690155,0.7477643489837646,0.6380552053451538
405,81049,0.8591858148574829,0.8591858148574829,,,,,,,
405,81099,0.8997081518173218,0.8997081518173218,,,,,,,
405,81149,0.9976779818534851,0.9976779818534851,,,,,,,
405,81199,0.884711503982544,0.884711503982544,,,,,,,
405,81199,,,0.5219045281410217,0.8693180084228516,0.8693180084228516,0.6550505757331848,1.0142173767089844,0.7497916221618652,0.6283867955207825
406,81249,0.9229610562324524,0.9229610562324524,,,,,,,
406,81299,0.9133967161178589,0.9133967161178589,,,,,,,
406,81349,0.8265289664268494,0.8265289664268494,,,,,,,
406,81399,0.8271099925041199,0.8271099925041199,,,,,,,
406,81399,,,0.5317458510398865,0.8568354845046997,0.8568354845046997,0.6477383375167847,0.9955005049705505,0.7489147782325745,0.6399502754211426
407,81449,0.8269005417823792,0.8269005417823792,,,,,,,
407,81499,0.8696823120117188,0.8696823120117188,,,,,,,
407,81549,0.8974478244781494,0.8974478244781494,,,,,,,
407,81599,0.8071581721305847,0.8071581721305847,,,,,,,
407,81599,,,0.5243514180183411,0.860988199710846,0.860988199710846,0.6545531153678894,1.011405110359192,0.7511479258537292,0.6310943365097046
408,81649,0.863122820854187,0.863122820854187,,,,,,,
408,81699,0.9288907051086426,0.9288907051086426,,,,,,,
408,81749,0.8312499523162842,0.8312499523162842,,,,,,,
408,81799,0.9321663975715637,0.9321663975715637,,,,,,,
408,81799,,,0.529079258441925,0.8733000159263611,0.8733000159263611,0.6450637578964233,1.0176032781600952,0.7496574521064758,0.6309834718704224
409,81849,0.8178145885467529,0.8178145885467529,,,,,,,
409,81899,0.8052383065223694,0.8052383065223694,,,,,,,
409,81949,0.8169530034065247,0.8169530034065247,,,,,,,
409,81999,0.8814734220504761,0.8814734220504761,,,,,,,
409,81999,,,0.5167110562324524,0.8521280884742737,0.8521280884742737,0.6470563411712646,1.010106086730957,0.7472412586212158,0.6205333471298218
410,82049,0.7825636863708496,0.7825636863708496,,,,,,,
410,82099,0.9090642929077148,0.9090642929077148,,,,,,,
410,82149,0.8346312642097473,0.8346312642097473,,,,,,,
410,82199,0.8629702925682068,0.8629702925682068,,,,,,,
410,82199,,,0.5302687287330627,0.8535044193267822,0.8535044193267822,0.6488415002822876,0.9853100776672363,0.7493574619293213,0.641103208065033
411,82249,0.8658614158630371,0.8658614158630371,,,,,,,
411,82299,0.8640397191047668,0.8640397191047668,,,,,,,
411,82349,0.9579133987426758,0.9579133987426758,,,,,,,
411,82399,0.8960007429122925,0.8960007429122925,,,,,,,
411,82399,,,0.5195564031600952,0.8581866025924683,0.8581866025924683,0.6469442248344421,1.0237691402435303,0.7473680377006531,0.618090808391571
412,82449,0.9800950288772583,0.9800950288772583,,,,,,,
412,82499,0.8263782858848572,0.8263782858848572,,,,,,,
412,82549,0.8062337040901184,0.8062337040901184,,,,,,,
412,82599,0.8620122075080872,0.8620122075080872,,,,,,,
412,82599,,,0.5275908708572388,0.8747667670249939,0.8747667670249939,0.6486312747001648,1.0202680826187134,0.7616345286369324,0.6266720294952393
413,82649,0.8225946426391602,0.8225946426391602,,,,,,,
413,82699,0.8450472354888916,0.8450472354888916,,,,,,,
413,82749,0.8968752026557922,0.8968752026557922,,,,,,,
413,82799,0.8444452285766602,0.8444452285766602,,,,,,,
413,82799,,,0.5276535749435425,0.8695513606071472,0.8695513606071472,0.6541426777839661,1.0014173984527588,0.7515125870704651,0.6295115351676941
414,82849,0.8484776616096497,0.8484776616096497,,,,,,,
414,82899,0.8022143244743347,0.8022143244743347,,,,,,,
414,82949,0.8798706531524658,0.8798706531524658,,,,,,,
414,82999,0.8703552484512329,0.8703552484512329,,,,,,,
414,82999,,,0.5279663801193237,0.8711836934089661,0.8711836934089661,0.657875657081604,1.0045289993286133,0.7536983489990234,0.6367142796516418
415,83049,0.7982102036476135,0.7982102036476135,,,,,,,
415,83099,0.774846613407135,0.774846613407135,,,,,,,
415,83149,0.8587990999221802,0.8587990999221802,,,,,,,
415,83199,0.8410812020301819,0.8410812020301819,,,,,,,
415,83199,,,0.5250697731971741,0.8669695854187012,0.8669695854187012,0.6454463601112366,1.0115424394607544,0.7520232796669006,0.6315786242485046
416,83249,0.8798442482948303,0.8798442482948303,,,,,,,
416,83299,0.859784722328186,0.859784722328186,,,,,,,
416,83349,0.7672286033630371,0.7672286033630371,,,,,,,
416,83399,0.7691853046417236,0.7691853046417236,,,,,,,
416,83399,,,0.5275216102600098,0.8536595702171326,0.8536595702171326,0.6397234201431274,0.9923242330551147,0.7473412156105042,0.6374973654747009
417,83449,0.813862144947052,0.813862144947052,,,,,,,
417,83499,0.733661949634552,0.733661949634552,,,,,,,
417,83549,0.9972928166389465,0.9972928166389465,,,,,,,
417,83599,0.9087130427360535,0.9087130427360535,,,,,,,
417,83599,,,0.5324087142944336,0.8606283068656921,0.8606283068656921,0.6534934639930725,0.9858486652374268,0.750914454460144,0.652844250202179
418,83649,0.9115684032440186,0.9115684032440186,,,,,,,
418,83699,0.8873839378356934,0.8873839378356934,,,,,,,
418,83749,0.8478204011917114,0.8478204011917114,,,,,,,
418,83799,0.8882781267166138,0.8882781267166138,,,,,,,
418,83799,,,0.5184482932090759,0.8579509258270264,0.8579509258270264,0.6420766711235046,0.9934772849082947,0.7521297335624695,0.6238861680030823
419,83849,0.797893226146698,0.797893226146698,,,,,,,
419,83899,0.8160678744316101,0.8160678744316101,,,,,,,
419,83949,0.859639048576355,0.859639048576355,,,,,,,
419,83999,0.8520529270172119,0.8520529270172119,,,,,,,
419,83999,,,0.5199311375617981,0.8544784784317017,0.8544784784317017,0.6387079954147339,1.0042015314102173,0.7489520311355591,0.624077558517456
420,84049,0.9159201383590698,0.9159201383590698,,,,,,,
420,84099,0.8243021965026855,0.8243021965026855,,,,,,,
420,84149,0.9225467443466187,0.9225467443466187,,,,,,,
420,84199,0.8757586479187012,0.8757586479187012,,,,,,,
420,84199,,,0.5295172929763794,0.863078236579895,0.863078236579895,0.6487278938293457,1.004558801651001,0.7515087127685547,0.6332947611808777
421,84249,0.908998966217041,0.908998966217041,,,,,,,
421,84299,0.7962743043899536,0.7962743043899536,,,,,,,
421,84349,0.8360871076583862,0.8360871076583862,,,,,,,
421,84399,0.8369402289390564,0.8369402289390564,,,,,,,
421,84399,,,0.5142582654953003,0.8567494750022888,0.8567494750022888,0.6387001872062683,1.020592212677002,0.7449740171432495,0.6119767427444458
422,84449,0.9295414090156555,0.9295414090156555,,,,,,,
422,84499,0.9157107472419739,0.9157107472419739,,,,,,,
422,84549,0.7684081196784973,0.7684081196784973,,,,,,,
422,84599,0.9226417541503906,0.9226417541503906,,,,,,,
422,84599,,,0.527381181716919,0.8632767200469971,0.8632767200469971,0.6461657881736755,0.9904894232749939,0.7483185529708862,0.6419806480407715
423,84649,0.8265000581741333,0.8265000581741333,,,,,,,
423,84699,0.9071089625358582,0.9071089625358582,,,,,,,
423,84749,0.8694708347320557,0.8694708347320557,,,,,,,
423,84799,0.7493445873260498,0.7493445873260498,,,,,,,
423,84799,,,0.5334259867668152,0.8741928935050964,0.8741928935050964,0.6586381793022156,0.9868759512901306,0.7499057054519653,0.6443563103675842
424,84849,0.8395174145698547,0.8395174145698547,,,,,,,
424,84899,0.9389621019363403,0.9389621019363403,,,,,,,
424,84949,0.9269266724586487,0.9269266724586487,,,,,,,
424,84999,0.8284193277359009,0.8284193277359009,,,,,,,
424,84999,,,0.524722695350647,0.8621947765350342,0.8621947765350342,0.6493392586708069,0.9943652153015137,0.7510133981704712,0.6396628022193909
425,85049,0.8173556923866272,0.8173556923866272,,,,,,,
425,85099,0.8300463557243347,0.8300463557243347,,,,,,,
425,85149,0.773067057132721,0.773067057132721,,,,,,,
425,85199,0.8478800654411316,0.8478800654411316,,,,,,,
425,85199,,,0.5146629214286804,0.8532755970954895,0.8532755970954895,0.6404517292976379,1.016255497932434,0.7454974055290222,0.6190100908279419
426,85249,0.822019100189209,0.822019100189209,,,,,,,
426,85299,0.7915958166122437,0.7915958166122437,,,,,,,
426,85349,0.7856900095939636,0.7856900095939636,,,,,,,
426,85399,0.8708527088165283,0.8708527088165283,,,,,,,
426,85399,,,0.5226243734359741,0.8575003743171692,0.8575003743171692,0.6360083818435669,1.0147026777267456,0.7484902143478394,0.63322514295578
427,85449,0.8680679798126221,0.8680679798126221,,,,,,,
427,85499,0.8389846086502075,0.8389846086502075,,,,,,,
427,85549,0.7649673223495483,0.7649673223495483,,,,,,,
427,85599,0.880635142326355,0.880635142326355,,,,,,,
427,85599,,,0.5248969793319702,0.8541977405548096,0.8541977405548096,0.6475152969360352,1.0090819597244263,0.751079261302948,0.6309532523155212
428,85649,0.9431799650192261,0.9431799650192261,,,,,,,
428,85699,0.7943030595779419,0.7943030595779419,,,,,,,
428,85749,0.8490309715270996,0.8490309715270996,,,,,,,
428,85799,0.8517639636993408,0.8517639636993408,,,,,,,
428,85799,,,0.5169304609298706,0.8573964834213257,0.8573964834213257,0.6460794806480408,1.0175358057022095,0.7518193125724792,0.6275023818016052
429,85849,0.9541542530059814,0.9541542530059814,,,,,,,
429,85899,0.8721153736114502,0.8721153736114502,,,,,,,
429,85949,0.876924991607666,0.876924991607666,,,,,,,
429,85999,0.870551586151123,0.870551586151123,,,,,,,
429,85999,,,0.5199238061904907,0.8557448387145996,0.8557448387145996,0.64555424451828,1.0040408372879028,0.7499563097953796,0.6295955181121826
430,86049,0.875414252281189,0.875414252281189,,,,,,,
430,86099,0.8741143345832825,0.8741143345832825,,,,,,,
430,86149,0.8832510709762573,0.8832510709762573,,,,,,,
430,86199,0.83211749792099,0.83211749792099,,,,,,,
430,86199,,,0.5190829038619995,0.8591204285621643,0.8591204285621643,0.6425479054450989,1.033532738685608,0.747928261756897,0.6139087677001953
431,86249,0.7520808577537537,0.7520808577537537,,,,,,,
431,86299,0.8806824684143066,0.8806824684143066,,,,,,,
431,86349,0.8205203413963318,0.8205203413963318,,,,,,,
431,86399,0.7615204453468323,0.7615204453468323,,,,,,,
431,86399,,,0.5200253129005432,0.852068305015564,0.852068305015564,0.6405482292175293,1.009547472000122,0.7453250288963318,0.6243612170219421
432,86449,0.9472917914390564,0.9472917914390564,,,,,,,
432,86499,0.897938072681427,0.897938072681427,,,,,,,
432,86549,0.8201409578323364,0.8201409578323364,,,,,,,
432,86599,0.894393801689148,0.894393801689148,,,,,,,
432,86599,,,0.5206437706947327,0.8568048477172852,0.8568048477172852,0.6406189799308777,1.0093766450881958,0.7482713460922241,0.6235707402229309
433,86649,0.7948475480079651,0.7948475480079651,,,,,,,
433,86699,0.8323006629943848,0.8323006629943848,,,,,,,
433,86749,0.8125807642936707,0.8125807642936707,,,,,,,
433,86799,0.8835048079490662,0.8835048079490662,,,,,,,
433,86799,,,0.5168631076812744,0.8497645854949951,0.8497645854949951,0.6349185705184937,1.0078290700912476,0.7437870502471924,0.6246681213378906
434,86849,0.7799348831176758,0.7799348831176758,,,,,,,
434,86899,0.9062120914459229,0.9062120914459229,,,,,,,
434,86949,0.8142112493515015,0.8142112493515015,,,,,,,
434,86999,0.8111712336540222,0.8111712336540222,,,,,,,
434,86999,,,0.5202041864395142,0.8551918864250183,0.8551918864250183,0.6507777571678162,1.0041180849075317,0.7459006905555725,0.6307651400566101
435,87049,0.8234145641326904,0.8234145641326904,,,,,,,
435,87099,0.8967170715332031,0.8967170715332031,,,,,,,
435,87149,0.8729478120803833,0.8729478120803833,,,,,,,
435,87199,0.8786500096321106,0.8786500096321106,,,,,,,
435,87199,,,0.5150684714317322,0.8562094569206238,0.8562094569206238,0.6374348402023315,1.0188149213790894,0.7471374869346619,0.6174512505531311
436,87249,0.9429134726524353,0.9429134726524353,,,,,,,
436,87299,0.9469560980796814,0.9469560980796814,,,,,,,
436,87349,0.8858104348182678,0.8858104348182678,,,,,,,
436,87399,0.9243491291999817,0.9243491291999817,,,,,,,
436,87399,,,0.5114908218383789,0.8505185842514038,0.8505185842514038,0.6370950937271118,1.0135051012039185,0.7430779337882996,0.6090807318687439
437,87449,0.7725406289100647,0.7725406289100647,,,,,,,
437,87499,0.6987937688827515,0.6987937688827515,,,,,,,
437,87549,0.7786156535148621,0.7786156535148621,,,,,,,
437,87599,0.8953501582145691,0.8953501582145691,,,,,,,
437,87599,,,0.5158697962760925,0.8537380695343018,0.8537380695343018,0.6446277499198914,1.0108308792114258,0.7458400130271912,0.6236189007759094
438,87649,0.8283175826072693,0.8283175826072693,,,,,,,
438,87699,0.8668633699417114,0.8668633699417114,,,,,,,
438,87749,0.7969834208488464,0.7969834208488464,,,,,,,
438,87799,0.8961055874824524,0.8961055874824524,,,,,,,
438,87799,,,0.5237764716148376,0.8636234402656555,0.8636234402656555,0.6450897455215454,1.0006999969482422,0.7560853362083435,0.6263459920883179
439,87849,0.9026327729225159,0.9026327729225159,,,,,,,
439,87899,0.8016882538795471,0.8016882538795471,,,,,,,
439,87949,0.7748793363571167,0.7748793363571167,,,,,,,
439,87999,0.8057246208190918,0.8057246208190918,,,,,,,
439,87999,,,0.5183733701705933,0.857894778251648,0.857894778251648,0.6352571845054626,1.009699821472168,0.7473461627960205,0.6236407160758972
440,88049,0.895353376865387,0.895353376865387,,,,,,,
440,88099,0.8883888721466064,0.8883888721466064,,,,,,,
440,88149,0.8032200336456299,0.8032200336456299,,,,,,,
440,88199,0.9106296300888062,0.9106296300888062,,,,,,,
440,88199,,,0.5161212682723999,0.8482676148414612,0.8482676148414612,0.6382886171340942,0.9913184642791748,0.7445505857467651,0.639182448387146
441,88249,0.8326748013496399,0.8326748013496399,,,,,,,
441,88299,0.8512430787086487,0.8512430787086487,,,,,,,
441,88349,0.7813151478767395,0.7813151478767395,,,,,,,
441,88399,0.8770617246627808,0.8770617246627808,,,,,,,
441,88399,,,0.5200952291488647,0.8569096922874451,0.8569096922874451,0.6408347487449646,1.0138581991195679,0.7478140592575073,0.6152040362358093
442,88449,0.7626546025276184,0.7626546025276184,,,,,,,
442,88499,0.9051482081413269,0.9051482081413269,,,,,,,
442,88549,0.7275515794754028,0.7275515794754028,,,,,,,
442,88599,0.9314590096473694,0.9314590096473694,,,,,,,
442,88599,,,0.520196259021759,0.8560870289802551,0.8560870289802551,0.6338249444961548,0.9995254278182983,0.7477474212646484,0.6386875510215759
443,88649,0.8436126708984375,0.8436126708984375,,,,,,,
443,88699,0.9039366245269775,0.9039366245269775,,,,,,,
443,88749,0.9038944840431213,0.9038944840431213,,,,,,,
443,88799,0.8319304585456848,0.8319304585456848,,,,,,,
443,88799,,,0.5117703676223755,0.849926769733429,0.849926769733429,0.6293776631355286,1.0181291103363037,0.7457457780838013,0.6138781905174255
444,88849,0.858956515789032,0.858956515789032,,,,,,,
444,88899,0.8751990795135498,0.8751990795135498,,,,,,,
444,88949,0.8369579315185547,0.8369579315185547,,,,,,,
444,88999,0.9076674580574036,0.9076674580574036,,,,,,,
444,88999,,,0.5168682932853699,0.8537888526916504,0.8537888526916504,0.6373583078384399,0.9989722371101379,0.7509368062019348,0.6278502345085144
445,89049,0.7647548317909241,0.7647548317909241,,,,,,,
445,89099,0.8593636751174927,0.8593636751174927,,,,,,,
445,89149,0.8343707919120789,0.8343707919120789,,,,,,,
445,89199,0.904889702796936,0.904889702796936,,,,,,,
445,89199,,,0.5166175961494446,0.8575995564460754,0.8575995564460754,0.6348990201950073,1.0153526067733765,0.7489699721336365,0.6214457154273987
446,89249,0.8968175053596497,0.8968175053596497,,,,,,,
446,89299,0.7860924005508423,0.7860924005508423,,,,,,,
446,89349,0.8173914551734924,0.8173914551734924,,,,,,,
446,89399,0.797358512878418,0.797358512878418,,,,,,,
446,89399,,,0.5214753150939941,0.8477683067321777,0.8477683067321777,0.6327771544456482,1.0009959936141968,0.7462449073791504,0.6283301711082458
447,89449,0.8721798658370972,0.8721798658370972,,,,,,,
447,89499,0.790838897228241,0.790838897228241,,,,,,,
447,89549,0.863311231136322,0.863311231136322,,,,,,,
447,89599,0.9637757539749146,0.9637757539749146,,,,,,,
447,89599,,,0.5136839151382446,0.851711094379425,0.851711094379425,0.629364013671875,1.0072306394577026,0.7467743158340454,0.627717137336731
448,89649,0.8858994245529175,0.8858994245529175,,,,,,,
448,89699,0.8580312728881836,0.8580312728881836,,,,,,,
448,89749,0.9109196662902832,0.9109196662902832,,,,,,,
448,89799,0.8594405651092529,0.8594405651092529,,,,,,,
448,89799,,,0.5248134732246399,0.8494755625724792,0.8494755625724792,0.6390640139579773,0.9872620105743408,0.7470970153808594,0.6381399035453796
449,89849,0.9459288120269775,0.9459288120269775,,,,,,,
449,89899,0.761193037033081,0.761193037033081,,,,,,,
449,89949,0.8720871210098267,0.8720871210098267,,,,,,,
449,89999,0.8138650059700012,0.8138650059700012,,,,,,,
449,89999,,,0.5133421421051025,0.8420129418373108,0.8420129418373108,0.6335062384605408,1.0015506744384766,0.7453649044036865,0.6216884255409241
450,90049,0.7896677851676941,0.7896677851676941,,,,,,,
450,90099,0.7898536920547485,0.7898536920547485,,,,,,,
450,90149,0.8321659564971924,0.8321659564971924,,,,,,,
450,90199,0.7756687998771667,0.7756687998771667,,,,,,,
450,90199,,,0.5175266861915588,0.8485132455825806,0.8485132455825806,0.6366522908210754,0.9917348027229309,0.7447458505630493,0.636145293712616
451,90249,0.8295235633850098,0.8295235633850098,,,,,,,
451,90299,0.8846198320388794,0.8846198320388794,,,,,,,
451,90349,0.8933494091033936,0.8933494091033936,,,,,,,
451,90399,0.9314002990722656,0.9314002990722656,,,,,,,
451,90399,,,0.5138411521911621,0.8484284281730652,0.8484284281730652,0.6409474611282349,1.0100789070129395,0.7459660172462463,0.6260365843772888
452,90449,0.8869029879570007,0.8869029879570007,,,,,,,
452,90499,0.8003358840942383,0.8003358840942383,,,,,,,
452,90549,0.8481859564781189,0.8481859564781189,,,,,,,
452,90599,0.867967426776886,0.867967426776886,,,,,,,
452,90599,,,0.5179478526115417,0.8544206023216248,0.8544206023216248,0.6377429962158203,1.0195268392562866,0.7454719543457031,0.6264824271202087
453,90649,0.8136016130447388,0.8136016130447388,,,,,,,
453,90699,0.9471983909606934,0.9471983909606934,,,,,,,
453,90749,0.8793859481811523,0.8793859481811523,,,,,,,
453,90799,0.868955671787262,0.868955671787262,,,,,,,
453,90799,,,0.5153976678848267,0.8495942950248718,0.8495942950248718,0.6440296769142151,1.0090335607528687,0.7487630248069763,0.619439423084259
454,90849,0.8013487458229065,0.8013487458229065,,,,,,,
454,90899,0.8808018565177917,0.8808018565177917,,,,,,,
454,90949,0.8039621710777283,0.8039621710777283,,,,,,,
454,90999,0.8431154489517212,0.8431154489517212,,,,,,,
454,90999,,,0.5078598856925964,0.8547559976577759,0.8547559976577759,0.6489664316177368,1.0425375699996948,0.7495843768119812,0.6048069596290588
455,91049,0.8112472295761108,0.8112472295761108,,,,,,,
455,91099,0.8367409110069275,0.8367409110069275,,,,,,,
455,91149,0.8280684947967529,0.8280684947967529,,,,,,,
455,91199,0.8221117854118347,0.8221117854118347,,,,,,,
455,91199,,,0.5076552033424377,0.8451260924339294,0.8451260924339294,0.6377784609794617,0.9986482858657837,0.7420374751091003,0.6296442747116089
456,91249,0.8617706894874573,0.8617706894874573,,,,,,,
456,91299,0.9306931495666504,0.9306931495666504,,,,,,,
456,91349,0.8607161641120911,0.8607161641120911,,,,,,,
456,91399,0.8672915101051331,0.8672915101051331,,,,,,,
456,91399,,,0.5155119299888611,0.8423138856887817,0.8423138856887817,0.6369993686676025,1.0093235969543457,0.7479022145271301,0.6263990998268127
457,91449,0.9763792157173157,0.9763792157173157,,,,,,,
457,91499,0.772720456123352,0.772720456123352,,,,,,,
457,91549,0.8953231573104858,0.8953231573104858,,,,,,,
457,91599,0.8496941328048706,0.8496941328048706,,,,,,,
457,91599,,,0.5147294402122498,0.8406969904899597,0.8406969904899597,0.6316831111907959,1.0155171155929565,0.744590163230896,0.6190420985221863
458,91649,0.8431888818740845,0.8431888818740845,,,,,,,
458,91699,0.9156168103218079,0.9156168103218079,,,,,,,
458,91749,0.8299155831336975,0.8299155831336975,,,,,,,
458,91799,0.8659840822219849,0.8659840822219849,,,,,,,
458,91799,,,0.5184040665626526,0.8499631285667419,0.8499631285667419,0.6412941813468933,0.9860698580741882,0.7461526393890381,0.635195255279541
459,91849,0.9937262535095215,0.9937262535095215,,,,,,,
459,91899,0.8736942410469055,0.8736942410469055,,,,,,,
459,91949,0.8435565233230591,0.8435565233230591,,,,,,,
459,91999,0.8999176025390625,0.8999176025390625,,,,,,,
459,91999,,,0.5203507542610168,0.8433920741081238,0.8433920741081238,0.6407333016395569,0.9931708574295044,0.7420638203620911,0.6385948061943054
460,92049,0.8616843223571777,0.8616843223571777,,,,,,,
460,92099,0.8384943008422852,0.8384943008422852,,,,,,,
460,92149,0.813073456287384,0.813073456287384,,,,,,,
460,92199,0.8591777682304382,0.8591777682304382,,,,,,,
460,92199,,,0.5151373147964478,0.8511416912078857,0.8511416912078857,0.6321665644645691,1.0059196949005127,0.7446303963661194,0.6216177940368652
461,92249,0.8145495653152466,0.8145495653152466,,,,,,,
461,92299,0.8955079317092896,0.8955079317092896,,,,,,,
461,92349,0.8629267811775208,0.8629267811775208,,,,,,,
461,92399,0.8770925998687744,0.8770925998687744,,,,,,,
461,92399,,,0.5097214579582214,0.8407685160636902,0.8407685160636902,0.6331788897514343,1.0078634023666382,0.74407958984375,0.626213014125824
462,92449,0.8639283180236816,0.8639283180236816,,,,,,,
462,92499,0.9453162550926208,0.9453162550926208,,,,,,,
462,92549,0.8486986756324768,0.8486986756324768,,,,,,,
462,92599,0.8410611152648926,0.8410611152648926,,,,,,,
462,92599,,,0.5175759792327881,0.8427598476409912,0.8427598476409912,0.6366286873817444,1.000820517539978,0.7461837530136108,0.6287968754768372
463,92649,0.8652201294898987,0.8652201294898987,,,,,,,
463,92699,0.8534389734268188,0.8534389734268188,,,,,,,
463,92749,0.863277792930603,0.863277792930603,,,,,,,
463,92799,0.8846627473831177,0.8846627473831177,,,,,,,
463,92799,,,0.5149973630905151,0.8435949683189392,0.8435949683189392,0.6384581923484802,1.004469394683838,0.7439867854118347,0.6297111511230469
464,92849,0.8526893854141235,0.8526893854141235,,,,,,,
464,92899,0.9354821443557739,0.9354821443557739,,,,,,,
464,92949,0.774176299571991,0.774176299571991,,,,,,,
464,92999,0.9097188115119934,0.9097188115119934,,,,,,,
464,92999,,,0.5124966502189636,0.843716025352478,0.843716025352478,0.644801676273346,1.0088739395141602,0.7452807426452637,0.6136190891265869
465,93049,0.8613114356994629,0.8613114356994629,,,,,,,
465,93099,0.8534164428710938,0.8534164428710938,,,,,,,
465,93149,0.8830202221870422,0.8830202221870422,,,,,,,
465,93199,0.8277245759963989,0.8277245759963989,,,,,,,
465,93199,,,0.5114732980728149,0.8476925492286682,0.8476925492286682,0.6424307227134705,1.019970178604126,0.7434242963790894,0.616454005241394
466,93249,0.8185701966285706,0.8185701966285706,,,,,,,
466,93299,0.8291645646095276,0.8291645646095276,,,,,,,
466,93349,0.7318554520606995,0.7318554520606995,,,,,,,
466,93399,0.8457691073417664,0.8457691073417664,,,,,,,
466,93399,,,0.5120394825935364,0.8470041751861572,0.8470041751861572,0.6411697864532471,1.006360650062561,0.7423893213272095,0.628487765789032
467,93449,0.8581497669219971,0.8581497669219971,,,,,,,
467,93499,0.7914798259735107,0.7914798259735107,,,,,,,
467,93549,0.8510889410972595,0.8510889410972595,,,,,,,
467,93599,0.7415526509284973,0.7415526509284973,,,,,,,
467,93599,,,0.5078250169754028,0.8539257645606995,0.8539257645606995,0.6491677165031433,1.0188474655151367,0.7514587640762329,0.621087372303009
468,93649,0.8634147644042969,0.8634147644042969,,,,,,,
468,93699,0.8531392216682434,0.8531392216682434,,,,,,,
468,93749,0.864249050617218,0.864249050617218,,,,,,,
468,93799,0.8943496942520142,0.8943496942520142,,,,,,,
468,93799,,,0.514301061630249,0.8510982990264893,0.8510982990264893,0.6377791166305542,0.9920839071273804,0.7447808980941772,0.6334881782531738
469,93849,0.8956809043884277,0.8956809043884277,,,,,,,
469,93899,0.8397986888885498,0.8397986888885498,,,,,,,
469,93949,0.8980269432067871,0.8980269432067871,,,,,,,
469,93999,0.7934845685958862,0.7934845685958862,,,,,,,
469,93999,,,0.5098944306373596,0.8462443947792053,0.8462443947792053,0.636030912399292,0.9946447610855103,0.7403269410133362,0.6276594996452332
470,94049,0.782128095626831,0.782128095626831,,,,,,,
470,94099,0.8480480313301086,0.8480480313301086,,,,,,,
470,94149,0.7781492471694946,0.7781492471694946,,,,,,,
470,94199,0.7783126831054688,0.7783126831054688,,,,,,,
470,94199,,,0.5073199272155762,0.842927873134613,0.842927873134613,0.6385983228683472,1.0133535861968994,0.7440654039382935,0.6149138808250427
471,94249,0.7318905591964722,0.7318905591964722,,,,,,,
471,94299,0.760820209980011,0.760820209980011,,,,,,,
471,94349,0.8309547901153564,0.8309547901153564,,,,,,,
471,94399,0.9150091409683228,0.9150091409683228,,,,,,,
471,94399,,,0.5091174244880676,0.8460317254066467,0.8460317254066467,0.6285368204116821,1.0146154165267944,0.7445423603057861,0.6134304404258728
472,94449,0.929085910320282,0.929085910320282,,,,,,,
472,94499,0.9020100235939026,0.9020100235939026,,,,,,,
472,94549,0.7972850799560547,0.7972850799560547,,,,,,,
472,94599,0.8569855690002441,0.8569855690002441,,,,,,,
472,94599,,,0.5124558210372925,0.8452290296554565,0.8452290296554565,0.6337484121322632,0.9875877499580383,0.7440357208251953,0.6342035531997681
473,94649,0.7043712139129639,0.7043712139129639,,,,,,,
473,94699,0.9183133244514465,0.9183133244514465,,,,,,,
473,94749,0.799972653388977,0.799972653388977,,,,,,,
473,94799,0.7300662398338318,0.7300662398338318,,,,,,,
473,94799,,,0.5056384205818176,0.841505765914917,0.841505765914917,0.6275252103805542,1.002713680267334,0.7421241402626038,0.6210873126983643
474,94849,0.8450525403022766,0.8450525403022766,,,,,,,
474,94899,0.768719494342804,0.768719494342804,,,,,,,
474,94949,0.8633596897125244,0.8633596897125244,,,,,,,
474,94999,0.8678315281867981,0.8678315281867981,,,,,,,
474,94999,,,0.5126129388809204,0.8456807136535645,0.8456807136535645,0.6372069120407104,0.9961777329444885,0.7474229335784912,0.6312370896339417
475,95049,0.8208821415901184,0.8208821415901184,,,,,,,
475,95099,0.8340638279914856,0.8340638279914856,,,,,,,
475,95149,0.8204825520515442,0.8204825520515442,,,,,,,
475,95199,0.7485650181770325,0.7485650181770325,,,,,,,
475,95199,,,0.5115373730659485,0.8406287431716919,0.8406287431716919,0.634731650352478,1.0057264566421509,0.7443845868110657,0.6256189346313477
476,95249,0.8717578053474426,0.8717578053474426,,,,,,,
476,95299,0.8946839570999146,0.8946839570999146,,,,,,,
476,95349,0.8065837025642395,0.8065837025642395,,,,,,,
476,95399,0.8180760145187378,0.8180760145187378,,,,,,,
476,95399,,,0.5086809992790222,0.8469897508621216,0.8469897508621216,0.6317718625068665,1.0128326416015625,0.7451769709587097,0.612541139125824
477,95449,0.7892265915870667,0.7892265915870667,,,,,,,
477,95499,0.8254919052124023,0.8254919052124023,,,,,,,
477,95549,0.8329196572303772,0.8329196572303772,,,,,,,
477,95599,0.8435495495796204,0.8435495495796204,,,,,,,
477,95599,,,0.5116286277770996,0.8432101607322693,0.8432101607322693,0.6303215622901917,1.010137915611267,0.7447371482849121,0.6185933947563171
478,95649,0.8396351933479309,0.8396351933479309,,,,,,,
478,95699,0.9014894962310791,0.9014894962310791,,,,,,,
478,95749,0.8347644209861755,0.8347644209861755,,,,,,,
478,95799,0.8481895327568054,0.8481895327568054,,,,,,,
478,95799,,,0.5072317123413086,0.8394773006439209,0.8394773006439209,0.6315407752990723,1.0010592937469482,0.7421419620513916,0.6270724534988403
479,95849,0.8156855702400208,0.8156855702400208,,,,,,,
479,95899,0.818073570728302,0.818073570728302,,,,,,,
479,95949,0.9961286783218384,0.9961286783218384,,,,,,,
479,95999,0.8045117259025574,0.8045117259025574,,,,,,,
479,95999,,,0.5075082182884216,0.8370833396911621,0.8370833396911621,0.6252866983413696,0.9938080906867981,0.74312824010849,0.6236287951469421
480,96049,0.8444507718086243,0.8444507718086243,,,,,,,
480,96099,0.7439097762107849,0.7439097762107849,,,,,,,
480,96149,0.8890496492385864,0.8890496492385864,,,,,,,
480,96199,0.8407883644104004,0.8407883644104004,,,,,,,
480,96199,,,0.5075337886810303,0.8463382124900818,0.8463382124900818,0.6292181015014648,1.007598638534546,0.7420346736907959,0.6219713687896729
481,96249,0.8126230835914612,0.8126230835914612,,,,,,,
481,96299,0.8755002021789551,0.8755002021789551,,,,,,,
481,96349,0.9321933388710022,0.9321933388710022,,,,,,,
481,96399,0.7776333093643188,0.7776333093643188,,,,,,,
481,96399,,,0.5101597905158997,0.8432734608650208,0.8432734608650208,0.6259339451789856,1.0047023296356201,0.7452196478843689,0.621438205242157
482,96449,0.8342278003692627,0.8342278003692627,,,,,,,
482,96499,0.744938313961029,0.744938313961029,,,,,,,
482,96549,0.8819335103034973,0.8819335103034973,,,,,,,
482,96599,0.8123484253883362,0.8123484253883362,,,,,,,
482,96599,,,0.5087738633155823,0.8368619680404663,0.8368619680404663,0.6201598644256592,1.0155519247055054,0.741727352142334,0.6120632290840149
483,96649,0.8259893655776978,0.8259893655776978,,,,,,,
483,96699,0.779227077960968,0.779227077960968,,,,,,,
483,96749,0.9536964297294617,0.9536964297294617,,,,,,,
483,96799,0.854529619216919,0.854529619216919,,,,,,,
483,96799,,,0.509357750415802,0.8418677449226379,0.8418677449226379,0.6301363706588745,0.9928748607635498,0.7414860725402832,0.6314815282821655
484,96849,0.8619261384010315,0.8619261384010315,,,,,,,
484,96899,0.8633379936218262,0.8633379936218262,,,,,,,
484,96949,0.905822217464447,0.905822217464447,,,,,,,
484,96999,0.808719277381897,0.808719277381897,,,,,,,
484,96999,,,0.5106008648872375,0.846065878868103,0.846065878868103,0.6318443417549133,1.0055651664733887,0.7431676387786865,0.6212618350982666
485,97049,0.8421167731285095,0.8421167731285095,,,,,,,
485,97099,0.8147745132446289,0.8147745132446289,,,,,,,
485,97149,0.783580482006073,0.783580482006073,,,,,,,
485,97199,0.7984912991523743,0.7984912991523743,,,,,,,
485,97199,,,0.5048460960388184,0.848417341709137,0.848417341709137,0.633834183216095,1.019431710243225,0.7430140376091003,0.6165761947631836
486,97249,0.8424962162971497,0.8424962162971497,,,,,,,
486,97299,0.8359315991401672,0.8359315991401672,,,,,,,
486,97349,0.8113540410995483,0.8113540410995483,,,,,,,
486,97399,0.880008339881897,0.880008339881897,,,,,,,
486,97399,,,0.5065343976020813,0.8426507115364075,0.8426507115364075,0.6307761073112488,1.0127695798873901,0.7456606030464172,0.6174331307411194
487,97449,0.9221266508102417,0.9221266508102417,,,,,,,
487,97499,0.9593707919120789,0.9593707919120789,,,,,,,
487,97549,0.7771526575088501,0.7771526575088501,,,,,,,
487,97599,0.8377604484558105,0.8377604484558105,,,,,,,
487,97599,,,0.5058766007423401,0.8376456499099731,0.8376456499099731,0.6265918612480164,1.0109734535217285,0.7420462369918823,0.6161616444587708
488,97649,0.8166744112968445,0.8166744112968445,,,,,,,
488,97699,0.7900715470314026,0.7900715470314026,,,,,,,
488,97749,0.8316559791564941,0.8316559791564941,,,,,,,
488,97799,0.8578414916992188,0.8578414916992188,,,,,,,
488,97799,,,0.5017077326774597,0.8405542373657227,0.8405542373657227,0.6270487904548645,1.0215177536010742,0.7403401732444763,0.6020215749740601
489,97849,0.7882173657417297,0.7882173657417297,,,,,,,
489,97899,0.8575261235237122,0.8575261235237122,,,,,,,
489,97949,0.7824184894561768,0.7824184894561768,,,,,,,
489,97999,0.8363621830940247,0.8363621830940247,,,,,,,
489,97999,,,0.5048086643218994,0.8407803773880005,0.8407803773880005,0.6298649907112122,1.0103161334991455,0.7449133396148682,0.6201678514480591
490,98049,0.844730794429779,0.844730794429779,,,,,,,
490,98099,0.8540711402893066,0.8540711402893066,,,,,,,
490,98149,0.8315825462341309,0.8315825462341309,,,,,,,
490,98199,0.925538957118988,0.925538957118988,,,,,,,
490,98199,,,0.5091685652732849,0.8346612453460693,0.8346612453460693,0.6224837303161621,0.9955776333808899,0.7439918518066406,0.6291636824607849
491,98249,0.8799405097961426,0.8799405097961426,,,,,,,
491,98299,0.8722671270370483,0.8722671270370483,,,,,,,
491,98349,0.7903826832771301,0.7903826832771301,,,,,,,
491,98399,0.8991257548332214,0.8991257548332214,,,,,,,
491,98399,,,0.5025210380554199,0.8328486680984497,0.8328486680984497,0.6265791058540344,0.9887933135032654,0.7463026642799377,0.6256463527679443
492,98449,0.8592568635940552,0.8592568635940552,,,,,,,
492,98499,0.8419818878173828,0.8419818878173828,,,,,,,
492,98549,0.7993466258049011,0.7993466258049011,,,,,,,
492,98599,0.8508100509643555,0.8508100509643555,,,,,,,
492,98599,,,0.5113800764083862,0.8461925387382507,0.8461925387382507,0.6412949562072754,1.006985068321228,0.7446557283401489,0.6215686202049255
493,98649,0.8537974953651428,0.8537974953651428,,,,,,,
493,98699,0.8679097294807434,0.8679097294807434,,,,,,,
493,98749,0.8505730628967285,0.8505730628967285,,,,,,,
493,98799,0.9048472046852112,0.9048472046852112,,,,,,,
493,98799,,,0.5070291757583618,0.8424543142318726,0.8424543142318726,0.6248418092727661,1.0089837312698364,0.7457044124603271,0.6176450848579407
494,98849,0.8372675776481628,0.8372675776481628,,,,,,,
494,98899,0.7788204550743103,0.7788204550743103,,,,,,,
494,98949,0.8210734724998474,0.8210734724998474,,,,,,,
494,98999,0.8965393304824829,0.8965393304824829,,,,,,,
494,98999,,,0.5065353512763977,0.8344590663909912,0.8344590663909912,0.6269921064376831,1.005878210067749,0.7400332093238831,0.6232987642288208
495,99049,0.841430127620697,0.841430127620697,,,,,,,
495,99099,0.7677287459373474,0.7677287459373474,,,,,,,
495,99149,0.746241569519043,0.746241569519043,,,,,,,
495,99199,0.8329165577888489,0.8329165577888489,,,,,,,
495,99199,,,0.5094395875930786,0.8414450287818909,0.8414450287818909,0.6349665522575378,0.9945204257965088,0.7442377209663391,0.6304338574409485
496,99249,0.8229494690895081,0.8229494690895081,,,,,,,
496,99299,0.7707998752593994,0.7707998752593994,,,,,,,
496,99349,0.8631254434585571,0.8631254434585571,,,,,,,
496,99399,0.9378700256347656,0.9378700256347656,,,,,,,
496,99399,,,0.510560154914856,0.8364568948745728,0.8364568948745728,0.6255610585212708,0.9941079616546631,0.7438839673995972,0.6312748193740845
497,99449,0.7293878793716431,0.7293878793716431,,,,,,,
497,99499,0.8974180221557617,0.8974180221557617,,,,,,,
497,99549,0.7755318880081177,0.7755318880081177,,,,,,,
497,99599,0.8705500364303589,0.8705500364303589,,,,,,,
497,99599,,,0.5075292587280273,0.8292315006256104,0.8292315006256104,0.6264944672584534,1.0078519582748413,0.7442382574081421,0.6157605051994324
498,99649,0.7843828201293945,0.7843828201293945,,,,,,,
498,99699,0.9234472513198853,0.9234472513198853,,,,,,,
498,99749,0.7956608533859253,0.7956608533859253,,,,,,,
498,99799,0.8382145762443542,0.8382145762443542,,,,,,,
498,99799,,,0.5055151581764221,0.8374403119087219,0.8374403119087219,0.6342741847038269,0.9875426888465881,0.7462926506996155,0.6331678032875061
499,99849,0.8842402100563049,0.8842402100563049,,,,,,,
499,99899,0.8712462186813354,0.8712462186813354,,,,,,,
499,99949,0.8327509760856628,0.8327509760856628,,,,,,,
499,99999,0.8484137058258057,0.8484137058258057,,,,,,,
499,99999,,,0.5081765055656433,0.836022138595581,0.836022138595581,0.6200781464576721,0.9973071813583374,0.7440017461776733,0.6219505071640015
500,100049,0.8422389626502991,0.8422389626502991,,,,,,,
500,100099,0.8489096164703369,0.8489096164703369,,,,,,,
500,100149,0.7357515692710876,0.7357515692710876,,,,,,,
500,100199,0.7884281277656555,0.7884281277656555,,,,,,,
500,100199,,,0.5041483640670776,0.8328258395195007,0.8328258395195007,0.6259905099868774,1.0102399587631226,0.7396528720855713,0.6209307312965393
501,100249,0.921757161617279,0.921757161617279,,,,,,,
501,100299,0.8893688321113586,0.8893688321113586,,,,,,,
501,100349,0.7820807695388794,0.7820807695388794,,,,,,,
501,100399,0.7964450716972351,0.7964450716972351,,,,,,,
501,100399,,,0.5046777725219727,0.8314544558525085,0.8314544558525085,0.6255984902381897,1.0147531032562256,0.7458837032318115,0.6154958605766296
502,100449,0.8023203015327454,0.8023203015327454,,,,,,,
502,100499,0.9063213467597961,0.9063213467597961,,,,,,,
502,100549,0.8414729237556458,0.8414729237556458,,,,,,,
502,100599,0.7995482683181763,0.7995482683181763,,,,,,,
502,100599,,,0.5085926055908203,0.8304140567779541,0.8304140567779541,0.6292890310287476,0.9995213747024536,0.7419837713241577,0.6243019104003906
503,100649,0.8070352673530579,0.8070352673530579,,,,,,,
503,100699,0.7540473937988281,0.7540473937988281,,,,,,,
503,100749,0.8011685609817505,0.8011685609817505,,,,,,,
503,100799,0.91084223985672,0.91084223985672,,,,,,,
503,100799,,,0.5088704824447632,0.8419866561889648,0.8419866561889648,0.6239060163497925,1.0109031200408936,0.744932234287262,0.6142743825912476
504,100849,0.8276374340057373,0.8276374340057373,,,,,,,
504,100899,0.8097578287124634,0.8097578287124634,,,,,,,
504,100949,0.8993307948112488,0.8993307948112488,,,,,,,
504,100999,0.9111930727958679,0.9111930727958679,,,,,,,
504,100999,,,0.4997933506965637,0.8440877199172974,0.8440877199172974,0.624563992023468,1.0285688638687134,0.7407562136650085,0.604023814201355
505,101049,0.8495805859565735,0.8495805859565735,,,,,,,
505,101099,0.854703962802887,0.854703962802887,,,,,,,
505,101149,0.8184984922409058,0.8184984922409058,,,,,,,
505,101199,0.8844223022460938,0.8844223022460938,,,,,,,
505,101199,,,0.5042052865028381,0.8376872539520264,0.8376872539520264,0.6236928701400757,1.0045726299285889,0.7454701066017151,0.62021404504776
506,101249,0.8561825156211853,0.8561825156211853,,,,,,,
506,101299,0.91994708776474,0.91994708776474,,,,,,,
506,101349,0.8124813437461853,0.8124813437461853,,,,,,,
506,101399,0.7976058125495911,0.7976058125495911,,,,,,,
506,101399,,,0.4975055158138275,0.8289218544960022,0.8289218544960022,0.6211569309234619,1.0145007371902466,0.7432171702384949,0.6131954193115234
507,101449,0.8133562803268433,0.8133562803268433,,,,,,,
507,101499,0.764409065246582,0.764409065246582,,,,,,,
507,101549,0.8630876541137695,0.8630876541137695,,,,,,,
507,101599,0.8687830567359924,0.8687830567359924,,,,,,,
507,101599,,,0.5002917647361755,0.8300907015800476,0.8300907015800476,0.6306269764900208,1.016782283782959,0.7413304448127747,0.6110565066337585
508,101649,0.8609578013420105,0.8609578013420105,,,,,,,
508,101699,0.8502399325370789,0.8502399325370789,,,,,,,
508,101749,0.7967005372047424,0.7967005372047424,,,,,,,
508,101799,0.7367255687713623,0.7367255687713623,,,,,,,
508,101799,,,0.5093515515327454,0.8273611068725586,0.8273611068725586,0.6308179497718811,0.9956420063972473,0.7411882281303406,0.6284626126289368
509,101849,0.8062967658042908,0.8062967658042908,,,,,,,
509,101899,0.8210861682891846,0.8210861682891846,,,,,,,
509,101949,0.8465604782104492,0.8465604782104492,,,,,,,
509,101999,0.9045029878616333,0.9045029878616333,,,,,,,
509,101999,,,0.5085249543190002,0.8335992693901062,0.8335992693901062,0.6284394860267639,1.0039156675338745,0.7420324683189392,0.6169430017471313
510,102049,0.9158426523208618,0.9158426523208618,,,,,,,
510,102099,0.7867878079414368,0.7867878079414368,,,,,,,
510,102149,0.7702552676200867,0.7702552676200867,,,,,,,
510,102199,0.8833311200141907,0.8833311200141907,,,,,,,
510,102199,,,0.5035975575447083,0.8268165588378906,0.8268165588378906,0.6172122955322266,0.9771511554718018,0.7366193532943726,0.6315752863883972
511,102249,0.7422274947166443,0.7422274947166443,,,,,,,
511,102299,0.912453293800354,0.912453293800354,,,,,,,
511,102349,0.8422714471817017,0.8422714471817017,,,,,,,
511,102399,0.7411524653434753,0.7411524653434753,,,,,,,
511,102399,,,0.500969648361206,0.8367295861244202,0.8367295861244202,0.6219697594642639,1.01942777633667,0.7429364323616028,0.6133124828338623
512,102449,0.8496325612068176,0.8496325612068176,,,,,,,
512,102499,0.8862194418907166,0.8862194418907166,,,,,,,
512,102549,0.6745434403419495,0.6745434403419495,,,,,,,
512,102599,0.7406606078147888,0.7406606078147888,,,,,,,
512,102599,,,0.5045583248138428,0.8405353426933289,0.8405353426933289,0.6296727061271667,1.016076683998108,0.7472631931304932,0.6135570406913757
513,102649,0.8850723505020142,0.8850723505020142,,,,,,,
513,102699,0.8624000549316406,0.8624000549316406,,,,,,,
513,102749,0.8066447377204895,0.8066447377204895,,,,,,,
513,102799,0.8208684921264648,0.8208684921264648,,,,,,,
513,102799,,,0.49878355860710144,0.8263698816299438,0.8263698816299438,0.6293841600418091,1.011461615562439,0.7406724095344543,0.6103799939155579
514,102849,0.7674477100372314,0.7674477100372314,,,,,,,
514,102899,0.8394946455955505,0.8394946455955505,,,,,,,
514,102949,0.7320924997329712,0.7320924997329712,,,,,,,
514,102999,0.8489489555358887,0.8489489555358887,,,,,,,
514,102999,,,0.507228672504425,0.8346284031867981,0.8346284031867981,0.6252377033233643,0.9938101172447205,0.7414203882217407,0.6190707087516785
515,103049,0.8116660118103027,0.8116660118103027,,,,,,,
515,103099,0.9168896079063416,0.9168896079063416,,,,,,,
515,103149,0.818475067615509,0.818475067615509,,,,,,,
515,103199,0.8014842867851257,0.8014842867851257,,,,,,,
515,103199,,,0.4990008771419525,0.8263258337974548,0.8263258337974548,0.6294185519218445,1.0201067924499512,0.7440780401229858,0.6039460897445679
516,103249,0.8650937080383301,0.8650937080383301,,,,,,,
516,103299,0.8250813484191895,0.8250813484191895,,,,,,,
516,103349,0.806104302406311,0.806104302406311,,,,,,,
516,103399,0.8980095386505127,0.8980095386505127,,,,,,,
516,103399,,,0.5029327273368835,0.8286633491516113,0.8286633491516113,0.630237340927124,1.006152868270874,0.7400595545768738,0.6247528791427612
517,103449,0.9471580982208252,0.9471580982208252,,,,,,,
517,103499,0.8806701898574829,0.8806701898574829,,,,,,,
517,103549,0.7984400391578674,0.7984400391578674,,,,,,,
517,103599,0.8230467438697815,0.8230467438697815,,,,,,,
517,103599,,,0.5043087601661682,0.8278297185897827,0.8278297185897827,0.621974527835846,1.0049058198928833,0.7398768663406372,0.6208570003509521
518,103649,0.8278414607048035,0.8278414607048035,,,,,,,
518,103699,0.7861275672912598,0.7861275672912598,,,,,,,
518,103749,0.822943389415741,0.822943389415741,,,,,,,
518,103799,0.885987401008606,0.885987401008606,,,,,,,
518,103799,,,0.4928835332393646,0.8266735672950745,0.8266735672950745,0.6211397051811218,1.0082106590270996,0.7387610077857971,0.6141433715820312
519,103849,0.8553707003593445,0.8553707003593445,,,,,,,
519,103899,0.7698803544044495,0.7698803544044495,,,,,,,
519,103949,0.8653460144996643,0.8653460144996643,,,,,,,
519,103999,0.871088981628418,0.871088981628418,,,,,,,
519,103999,,,0.49984416365623474,0.835332453250885,0.835332453250885,0.6188063621520996,1.0023231506347656,0.7382561564445496,0.6169247031211853
520,104049,0.866615891456604,0.866615891456604,,,,,,,
520,104099,0.84234619140625,0.84234619140625,,,,,,,
520,104149,0.8315026164054871,0.8315026164054871,,,,,,,
520,104199,0.7979113459587097,0.7979113459587097,,,,,,,
520,104199,,,0.5041136741638184,0.8270702958106995,0.8270702958106995,0.6189783215522766,1.0085675716400146,0.7410918474197388,0.6185133457183838
521,104249,0.8853720426559448,0.8853720426559448,,,,,,,
521,104299,0.8238620162010193,0.8238620162010193,,,,,,,
521,104349,0.911745548248291,0.911745548248291,,,,,,,
521,104399,0.8321448564529419,0.8321448564529419,,,,,,,
521,104399,,,0.5073283910751343,0.8281731009483337,0.8281731009483337,0.6172446608543396,0.9947459101676941,0.7365207672119141,0.621912956237793
522,104449,0.8179572820663452,0.8179572820663452,,,,,,,
522,104499,0.841027021408081,0.841027021408081,,,,,,,
522,104549,0.8284069299697876,0.8284069299697876,,,,,,,
522,104599,0.8532026410102844,0.8532026410102844,,,,,,,
522,104599,,,0.5033305883407593,0.824644923210144,0.824644923210144,0.6312913298606873,1.004356861114502,0.7386544942855835,0.6260663866996765
523,104649,0.8424267172813416,0.8424267172813416,,,,,,,
523,104699,0.8030396103858948,0.8030396103858948,,,,,,,
523,104749,0.830951988697052,0.830951988697052,,,,,,,
523,104799,0.8391273021697998,0.8391273021697998,,,,,,,
523,104799,,,0.4993974566459656,0.8218626976013184,0.8218626976013184,0.630655825138092,0.9938991665840149,0.740931510925293,0.6230790615081787
524,104849,0.8681381940841675,0.8681381940841675,,,,,,,
524,104899,0.8474850058555603,0.8474850058555603,,,,,,,
524,104949,0.8680315017700195,0.8680315017700195,,,,,,,
524,104999,0.8052859902381897,0.8052859902381897,,,,,,,
524,104999,,,0.50102299451828,0.8269645571708679,0.8269645571708679,0.6187620759010315,1.0079593658447266,0.7388893365859985,0.609613299369812
525,105049,0.8701759576797485,0.8701759576797485,,,,,,,
525,105099,0.8049293756484985,0.8049293756484985,,,,,,,
525,105149,0.8097625970840454,0.8097625970840454,,,,,,,
525,105199,0.7069408297538757,0.7069408297538757,,,,,,,
525,105199,,,0.5036689043045044,0.8266523480415344,0.8266523480415344,0.6194359660148621,0.989606499671936,0.740607500076294,0.6287837624549866
526,105249,0.8409556150436401,0.8409556150436401,,,,,,,
526,105299,0.8332023024559021,0.8332023024559021,,,,,,,
526,105349,0.699787437915802,0.699787437915802,,,,,,,
526,105399,0.87816321849823,0.87816321849823,,,,,,,
526,105399,,,0.5006392002105713,0.8270582556724548,0.8270582556724548,0.6194437742233276,1.0258709192276,0.7403697967529297,0.6132265329360962
527,105449,0.8528921604156494,0.8528921604156494,,,,,,,
527,105499,0.8136505484580994,0.8136505484580994,,,,,,,
527,105549,0.753642201423645,0.753642201423645,,,,,,,
527,105599,0.8696987628936768,0.8696987628936768,,,,,,,
527,105599,,,0.4995097517967224,0.8241443037986755,0.8241443037986755,0.6229895949363708,1.0067663192749023,0.7396105527877808,0.61148601770401
528,105649,0.7809890508651733,0.7809890508651733,,,,,,,
528,105699,0.7850657105445862,0.7850657105445862,,,,,,,
528,105749,0.7854204177856445,0.7854204177856445,,,,,,,
528,105799,0.7634539008140564,0.7634539008140564,,,,,,,
528,105799,,,0.5003638863563538,0.8247690200805664,0.8247690200805664,0.6194658875465393,1.006440281867981,0.7406626343727112,0.6165540218353271
529,105849,0.825106680393219,0.825106680393219,,,,,,,
529,105899,0.8268254399299622,0.8268254399299622,,,,,,,
529,105949,0.7654616832733154,0.7654616832733154,,,,,,,
529,105999,0.8251297473907471,0.8251297473907471,,,,,,,
529,105999,,,0.4936543405056,0.8233440518379211,0.8233440518379211,0.6156720519065857,1.0212798118591309,0.739456057548523,0.6002302169799805
530,106049,0.7573196887969971,0.7573196887969971,,,,,,,
530,106099,0.8873010873794556,0.8873010873794556,,,,,,,
530,106149,0.9127204418182373,0.9127204418182373,,,,,,,
530,106199,0.8230738043785095,0.8230738043785095,,,,,,,
530,106199,,,0.5010804533958435,0.8230647444725037,0.8230647444725037,0.6160144209861755,1.0147825479507446,0.7386085391044617,0.6105858683586121
531,106249,0.8320553302764893,0.8320553302764893,,,,,,,
531,106299,0.8390987515449524,0.8390987515449524,,,,,,,
531,106349,0.7806981205940247,0.7806981205940247,,,,,,,
531,106399,0.8069683909416199,0.8069683909416199,,,,,,,
531,106399,,,0.5025291442871094,0.8392857909202576,0.8392857909202576,0.6198080778121948,1.0080710649490356,0.7431666851043701,0.6184345483779907
532,106449,0.8265465497970581,0.8265465497970581,,,,,,,
532,106499,0.8118480443954468,0.8118480443954468,,,,,,,
532,106549,0.8761131167411804,0.8761131167411804,,,,,,,
532,106599,0.8017774820327759,0.8017774820327759,,,,,,,
532,106599,,,0.49774158000946045,0.820936918258667,0.820936918258667,0.6137762069702148,0.9955028891563416,0.7377181649208069,0.623684287071228
533,106649,0.8622254133224487,0.8622254133224487,,,,,,,
533,106699,0.7657425999641418,0.7657425999641418,,,,,,,
533,106749,0.831231415271759,0.831231415271759,,,,,,,
533,106799,0.809661328792572,0.809661328792572,,,,,,,
533,106799,,,0.5012522339820862,0.830362856388092,0.830362856388092,0.6271369457244873,1.0094562768936157,0.7458500266075134,0.6128385663032532
534,106849,0.8140726089477539,0.8140726089477539,,,,,,,
534,106899,0.8003075122833252,0.8003075122833252,,,,,,,
534,106949,0.7910881638526917,0.7910881638526917,,,,,,,
534,106999,0.8167520761489868,0.8167520761489868,,,,,,,
534,106999,,,0.49524587392807007,0.81924968957901,0.81924968957901,0.6216954588890076,1.0088117122650146,0.7391468286514282,0.6068310737609863
535,107049,0.7304825782775879,0.7304825782775879,,,,,,,
535,107099,0.7496702671051025,0.7496702671051025,,,,,,,
535,107149,0.8223415017127991,0.8223415017127991,,,,,,,
535,107199,0.8781771063804626,0.8781771063804626,,,,,,,
535,107199,,,0.49220532178878784,0.8200955986976624,0.8200955986976624,0.6153963208198547,1.019104242324829,0.739493727684021,0.6017512083053589
536,107249,0.7971006631851196,0.7971006631851196,,,,,,,
536,107299,0.7508236765861511,0.7508236765861511,,,,,,,
536,107349,0.8358950614929199,0.8358950614929199,,,,,,,
536,107399,0.7769356966018677,0.7769356966018677,,,,,,,
536,107399,,,0.5060967803001404,0.8324264287948608,0.8324264287948608,0.617355465888977,1.0175514221191406,0.7420440912246704,0.6122739911079407
537,107449,0.7541634440422058,0.7541634440422058,,,,,,,
537,107499,0.7826594710350037,0.7826594710350037,,,,,,,
537,107549,0.8641811013221741,0.8641811013221741,,,,,,,
537,107599,0.7834067940711975,0.7834067940711975,,,,,,,
537,107599,,,0.49965164065361023,0.820934534072876,0.820934534072876,0.6124799251556396,0.9819243550300598,0.7378279566764832,0.6265372037887573
538,107649,0.7918311953544617,0.7918311953544617,,,,,,,
538,107699,0.825476348400116,0.825476348400116,,,,,,,
538,107749,0.9202628135681152,0.9202628135681152,,,,,,,
538,107799,0.8159100413322449,0.8159100413322449,,,,,,,
538,107799,,,0.49164843559265137,0.8174585700035095,0.8174585700035095,0.6197050213813782,1.0083417892456055,0.7407721877098083,0.6110879778862
539,107849,0.8388094902038574,0.8388094902038574,,,,,,,
539,107899,0.8001899719238281,0.8001899719238281,,,,,,,
539,107949,0.962693989276886,0.962693989276886,,,,,,,
539,107999,0.8930121660232544,0.8930121660232544,,,,,,,
539,107999,,,0.4971473813056946,0.8173117637634277,0.8173117637634277,0.613914430141449,0.9898067712783813,0.7341581583023071,0.6258001327514648
540,108049,0.771770179271698,0.771770179271698,,,,,,,
540,108099,0.8381502628326416,0.8381502628326416,,,,,,,
540,108149,0.8205021619796753,0.8205021619796753,,,,,,,
540,108199,0.7481886148452759,0.7481886148452759,,,,,,,
540,108199,,,0.4932403862476349,0.8166566491127014,0.8166566491127014,0.6119804978370667,0.9999037384986877,0.7348487377166748,0.608919084072113
541,108249,0.8957203030586243,0.8957203030586243,,,,,,,
541,108299,0.8349233865737915,0.8349233865737915,,,,,,,
541,108349,0.764270007610321,0.764270007610321,,,,,,,
541,108399,0.7779743671417236,0.7779743671417236,,,,,,,
541,108399,,,0.4904786944389343,0.8232880234718323,0.8232880234718323,0.619947075843811,1.0242334604263306,0.7413737177848816,0.603970468044281
542,108449,0.8022184371948242,0.8022184371948242,,,,,,,
542,108499,0.7695522904396057,0.7695522904396057,,,,,,,
542,108549,0.8225597739219666,0.8225597739219666,,,,,,,
542,108599,0.8952122330665588,0.8952122330665588,,,,,,,
542,108599,,,0.49483662843704224,0.8183283805847168,0.8183283805847168,0.6098459362983704,1.0092251300811768,0.7335304021835327,0.61236572265625
543,108649,0.7954034805297852,0.7954034805297852,,,,,,,
543,108699,0.8846149444580078,0.8846149444580078,,,,,,,
543,108749,0.8337460160255432,0.8337460160255432,,,,,,,
543,108799,0.9135531783103943,0.9135531783103943,,,,,,,
543,108799,,,0.5018931031227112,0.8254629373550415,0.8254629373550415,0.6151630282402039,1.000922679901123,0.739485502243042,0.6215487718582153
544,108849,0.7815098762512207,0.7815098762512207,,,,,,,
544,108899,0.8111099004745483,0.8111099004745483,,,,,,,
544,108949,0.8151306509971619,0.8151306509971619,,,,,,,
544,108999,0.8402512073516846,0.8402512073516846,,,,,,,
544,108999,,,0.48806503415107727,0.8230464458465576,0.8230464458465576,0.6218135356903076,1.0124740600585938,0.7386071085929871,0.6004140377044678
545,109049,0.8150564432144165,0.8150564432144165,,,,,,,
545,109099,0.800649106502533,0.800649106502533,,,,,,,
545,109149,0.9059565663337708,0.9059565663337708,,,,,,,
545,109199,0.8339946269989014,0.8339946269989014,,,,,,,
545,109199,,,0.5048655867576599,0.8223156929016113,0.8223156929016113,0.6215067505836487,0.9993309378623962,0.7409974336624146,0.6231074929237366
546,109249,0.7376326322555542,0.7376326322555542,,,,,,,
546,109299,0.7267971634864807,0.7267971634864807,,,,,,,
546,109349,0.8686388731002808,0.8686388731002808,,,,,,,
546,109399,0.7172645330429077,0.7172645330429077,,,,,,,
546,109399,,,0.49914175271987915,0.8219896554946899,0.8219896554946899,0.615032970905304,0.9952886700630188,0.7367933392524719,0.6156914830207825
547,109449,0.7595584988594055,0.7595584988594055,,,,,,,
547,109499,0.7502482533454895,0.7502482533454895,,,,,,,
547,109549,0.7635825872421265,0.7635825872421265,,,,,,,
547,109599,0.7519325017929077,0.7519325017929077,,,,,,,
547,109599,,,0.49400827288627625,0.817529559135437,0.817529559135437,0.609546959400177,0.9987086653709412,0.7411973476409912,0.6133505702018738
548,109649,0.7913153171539307,0.7913153171539307,,,,,,,
548,109699,0.858280599117279,0.858280599117279,,,,,,,
548,109749,0.7107523083686829,0.7107523083686829,,,,,,,
548,109799,0.853994607925415,0.853994607925415,,,,,,,
548,109799,,,0.4952620565891266,0.8160668611526489,0.8160668611526489,0.6187152862548828,1.0142426490783691,0.7413376569747925,0.5986210703849792
549,109849,0.7710263133049011,0.7710263133049011,,,,,,,
549,109899,0.8133455514907837,0.8133455514907837,,,,,,,
549,109949,0.7857505083084106,0.7857505083084106,,,,,,,
549,109999,0.8271389603614807,0.8271389603614807,,,,,,,
549,109999,,,0.49027392268180847,0.8131802082061768,0.8131802082061768,0.6162701845169067,0.9960020780563354,0.7330788969993591,0.618439257144928
550,110049,0.844764769077301,0.844764769077301,,,,,,,
550,110099,0.8530013561248779,0.8530013561248779,,,,,,,
550,110149,0.8408641815185547,0.8408641815185547,,,,,,,
550,110199,0.7890502214431763,0.7890502214431763,,,,,,,
550,110199,,,0.4993469715118408,0.8151439428329468,0.8151439428329468,0.6118266582489014,0.9934970140457153,0.7367768287658691,0.6195713877677917
551,110249,0.798974335193634,0.798974335193634,,,,,,,
551,110299,0.841869056224823,0.841869056224823,,,,,,,
551,110349,0.7413745522499084,0.7413745522499084,,,,,,,
551,110399,0.9249483942985535,0.9249483942985535,,,,,,,
551,110399,,,0.4960373640060425,0.8159132599830627,0.8159132599830627,0.6235897541046143,0.9980155229568481,0.7392174005508423,0.6180314421653748
552,110449,0.7476685047149658,0.7476685047149658,,,,,,,
552,110499,0.844092071056366,0.844092071056366,,,,,,,
552,110549,0.9022078514099121,0.9022078514099121,,,,,,,
552,110599,0.736929178237915,0.736929178237915,,,,,,,
552,110599,,,0.5022293925285339,0.814505934715271,0.814505934715271,0.6193497180938721,0.9945592284202576,0.7392986416816711,0.6242952346801758
553,110649,0.7885737419128418,0.7885737419128418,,,,,,,
553,110699,0.9086723923683167,0.9086723923683167,,,,,,,
553,110749,0.7388340830802917,0.7388340830802917,,,,,,,
553,110799,0.8792277574539185,0.8792277574539185,,,,,,,
553,110799,,,0.4980737268924713,0.8122360110282898,0.8122360110282898,0.6099333763122559,0.9813016057014465,0.7361335754394531,0.6320734024047852
554,110849,0.8398953676223755,0.8398953676223755,,,,,,,
554,110899,0.7862787246704102,0.7862787246704102,,,,,,,
554,110949,0.7929195761680603,0.7929195761680603,,,,,,,
554,110999,0.7444210648536682,0.7444210648536682,,,,,,,
554,110999,,,0.4950418770313263,0.8151107430458069,0.8151107430458069,0.6187805533409119,1.0066596269607544,0.7388131618499756,0.6110422611236572
555,111049,0.8000906109809875,0.8000906109809875,,,,,,,
555,111099,0.8320709466934204,0.8320709466934204,,,,,,,
555,111149,0.8776660561561584,0.8776660561561584,,,,,,,
555,111199,0.7957224249839783,0.7957224249839783,,,,,,,
555,111199,,,0.4928101897239685,0.8111199140548706,0.8111199140548706,0.6176450848579407,1.0159965753555298,0.7380281686782837,0.6066728830337524
556,111249,0.8417617678642273,0.8417617678642273,,,,,,,
556,111299,0.773415207862854,0.773415207862854,,,,,,,
556,111349,0.7747616171836853,0.7747616171836853,,,,,,,
556,111399,0.8050414323806763,0.8050414323806763,,,,,,,
556,111399,,,0.49249473214149475,0.8171772956848145,0.8171772956848145,0.6141787767410278,0.9933264851570129,0.7369011640548706,0.6219631433486938
557,111449,0.7879672050476074,0.7879672050476074,,,,,,,
557,111499,0.8644079566001892,0.8644079566001892,,,,,,,
557,111549,0.8120894432067871,0.8120894432067871,,,,,,,
557,111599,0.798936665058136,0.798936665058136,,,,,,,
557,111599,,,0.4969608187675476,0.8252613544464111,0.8252613544464111,0.6270766854286194,1.0088287591934204,0.7415980696678162,0.6192046999931335
558,111649,0.7649006247520447,0.7649006247520447,,,,,,,
558,111699,0.841539204120636,0.841539204120636,,,,,,,
558,111749,0.8985787630081177,0.8985787630081177,,,,,,,
558,111799,0.8396068215370178,0.8396068215370178,,,,,,,
558,111799,,,0.4942837059497833,0.8142479062080383,0.8142479062080383,0.6188607215881348,0.9985821843147278,0.73456209897995,0.6171552538871765
559,111849,0.8761568069458008,0.8761568069458008,,,,,,,
559,111899,0.786982536315918,0.786982536315918,,,,,,,
559,111949,0.9616162180900574,0.9616162180900574,,,,,,,
559,111999,0.8720434904098511,0.8720434904098511,,,,,,,
559,111999,,,0.4962015450000763,0.8117455840110779,0.8117455840110779,0.6180406808853149,1.0012634992599487,0.7402516007423401,0.614836573600769
560,112049,0.838206946849823,0.838206946849823,,,,,,,
560,112099,0.8900461792945862,0.8900461792945862,,,,,,,
560,112149,0.7101097106933594,0.7101097106933594,,,,,,,
560,112199,0.8079719543457031,0.8079719543457031,,,,,,,
560,112199,,,0.48859235644340515,0.8126821517944336,0.8126821517944336,0.6169160008430481,1.0142722129821777,0.7394210696220398,0.6137155294418335
561,112249,0.8965259194374084,0.8965259194374084,,,,,,,
561,112299,0.829104483127594,0.829104483127594,,,,,,,
561,112349,0.9129021167755127,0.9129021167755127,,,,,,,
561,112399,0.7923014163970947,0.7923014163970947,,,,,,,
561,112399,,,0.4969913065433502,0.8102442026138306,0.8102442026138306,0.6099832057952881,0.9924183487892151,0.7353649139404297,0.6207241415977478
562,112449,0.834632158279419,0.834632158279419,,,,,,,
562,112499,0.7971845865249634,0.7971845865249634,,,,,,,
562,112549,0.8572481274604797,0.8572481274604797,,,,,,,
562,112599,0.7837940454483032,0.7837940454483032,,,,,,,
562,112599,,,0.4961029291152954,0.8122254610061646,0.8122254610061646,0.6201195120811462,1.0088080167770386,0.7371101379394531,0.6117004156112671
563,112649,0.7855179309844971,0.7855179309844971,,,,,,,
563,112699,0.7786904573440552,0.7786904573440552,,,,,,,
563,112749,0.7149558067321777,0.7149558067321777,,,,,,,
563,112799,0.8237277865409851,0.8237277865409851,,,,,,,
563,112799,,,0.494456022977829,0.8143043518066406,0.8143043518066406,0.6163724064826965,1.008908748626709,0.7385337948799133,0.6098952293395996
564,112849,0.6809096336364746,0.6809096336364746,,,,,,,
564,112899,0.8851722478866577,0.8851722478866577,,,,,,,
564,112949,0.7963576316833496,0.7963576316833496,,,,,,,
564,112999,0.7560148239135742,0.7560148239135742,,,,,,,
564,112999,,,0.49241921305656433,0.8123213648796082,0.8123213648796082,0.615009069442749,1.0082671642303467,0.735245943069458,0.6151255369186401
565,113049,0.8108744025230408,0.8108744025230408,,,,,,,
565,113099,0.7384144067764282,0.7384144067764282,,,,,,,
565,113149,0.8354783058166504,0.8354783058166504,,,,,,,
565,113199,0.9043542146682739,0.9043542146682739,,,,,,,
565,113199,,,0.49078941345214844,0.8092859983444214,0.8092859983444214,0.6157926917076111,1.014813780784607,0.7366704940795898,0.5960826277732849
566,113249,0.7601593732833862,0.7601593732833862,,,,,,,
566,113299,0.8358051776885986,0.8358051776885986,,,,,,,
566,113349,0.7588924765586853,0.7588924765586853,,,,,,,
566,113399,0.8580126166343689,0.8580126166343689,,,,,,,
566,113399,,,0.49317601323127747,0.8239403963088989,0.8239403963088989,0.614093005657196,1.011413335800171,0.734157919883728,0.6085031628608704
567,113449,0.8384729623794556,0.8384729623794556,,,,,,,
567,113499,0.8021042943000793,0.8021042943000793,,,,,,,
567,113549,0.8211227059364319,0.8211227059364319,,,,,,,
567,113599,0.8001503348350525,0.8001503348350525,,,,,,,
567,113599,,,0.48433634638786316,0.8060527443885803,0.8060527443885803,0.6102392673492432,1.0142368078231812,0.7345923185348511,0.600792407989502
568,113649,0.7970961332321167,0.7970961332321167,,,,,,,
568,113699,0.8113415837287903,0.8113415837287903,,,,,,,
568,113749,0.8382013440132141,0.8382013440132141,,,,,,,
568,113799,0.8331868052482605,0.8331868052482605,,,,,,,
568,113799,,,0.4890510141849518,0.8120833039283752,0.8120833039283752,0.6135452389717102,1.0043634176254272,0.7353448867797852,0.6101565361022949
569,113849,0.7987712025642395,0.7987712025642395,,,,,,,
569,113899,0.8175161480903625,0.8175161480903625,,,,,,,
569,113949,0.8006317019462585,0.8006317019462585,,,,,,,
569,113999,0.8533318042755127,0.8533318042755127,,,,,,,
569,113999,,,0.48670637607574463,0.8076732754707336,0.8076732754707336,0.6093304753303528,1.0037589073181152,0.735890805721283,0.6119590401649475
570,114049,0.7913609147071838,0.7913609147071838,,,,,,,
570,114099,0.7551959156990051,0.7551959156990051,,,,,,,
570,114149,0.7693248391151428,0.7693248391151428,,,,,,,
570,114199,0.7696409225463867,0.7696409225463867,,,,,,,
570,114199,,,0.49114561080932617,0.8157744407653809,0.8157744407653809,0.6142893433570862,1.0015894174575806,0.7391002774238586,0.6168808937072754
571,114249,0.8100608587265015,0.8100608587265015,,,,,,,
571,114299,0.8028675317764282,0.8028675317764282,,,,,,,
571,114349,0.7533854246139526,0.7533854246139526,,,,,,,
571,114399,0.8058725595474243,0.8058725595474243,,,,,,,
571,114399,,,0.49214521050453186,0.8158816695213318,0.8158816695213318,0.6181922554969788,1.019167423248291,0.7400620579719543,0.6100649833679199
572,114449,0.8224512934684753,0.8224512934684753,,,,,,,
572,114499,0.7800543308258057,0.7800543308258057,,,,,,,
572,114549,0.8105682134628296,0.8105682134628296,,,,,,,
572,114599,0.7700574994087219,0.7700574994087219,,,,,,,
572,114599,,,0.48701098561286926,0.8125565648078918,0.8125565648078918,0.6048694252967834,1.0056370496749878,0.7417293190956116,0.6052573919296265
573,114649,0.8741393685340881,0.8741393685340881,,,,,,,
573,114699,0.8681507110595703,0.8681507110595703,,,,,,,
573,114749,0.8285971879959106,0.8285971879959106,,,,,,,
573,114799,0.84880131483078,0.84880131483078,,,,,,,
573,114799,,,0.49048128724098206,0.8101622462272644,0.8101622462272644,0.6089656352996826,1.0135568380355835,0.7379361391067505,0.603214681148529
574,114849,0.8142642378807068,0.8142642378807068,,,,,,,
574,114899,0.9011529088020325,0.9011529088020325,,,,,,,
574,114949,0.7972801923751831,0.7972801923751831,,,,,,,
574,114999,0.7477017641067505,0.7477017641067505,,,,,,,
574,114999,,,0.490392804145813,0.8071743249893188,0.8071743249893188,0.6094799041748047,1.000855803489685,0.735243022441864,0.6165231466293335
575,115049,0.770021915435791,0.770021915435791,,,,,,,
575,115099,0.791069507598877,0.791069507598877,,,,,,,
575,115149,0.8591915965080261,0.8591915965080261,,,,,,,
575,115199,0.730758547782898,0.730758547782898,,,,,,,
575,115199,,,0.4924975037574768,0.8114269971847534,0.8114269971847534,0.6169753074645996,0.9963529706001282,0.733361005783081,0.6138352751731873
576,115249,0.853288471698761,0.853288471698761,,,,,,,
576,115299,0.8051034212112427,0.8051034212112427,,,,,,,
576,115349,0.7463161945343018,0.7463161945343018,,,,,,,
576,115399,0.7011820673942566,0.7011820673942566,,,,,,,
576,115399,,,0.4934617280960083,0.8108982443809509,0.8108982443809509,0.6114370226860046,1.008393406867981,0.7365639209747314,0.6104798316955566
577,115449,0.8046287298202515,0.8046287298202515,,,,,,,
577,115499,0.8910230994224548,0.8910230994224548,,,,,,,
577,115549,0.7742353677749634,0.7742353677749634,,,,,,,
577,115599,0.8004196882247925,0.8004196882247925,,,,,,,
577,115599,,,0.497249037027359,0.8093515634536743,0.8093515634536743,0.6143436431884766,0.9993026256561279,0.7404590845108032,0.6156492233276367
578,115649,0.8369626998901367,0.8369626998901367,,,,,,,
578,115699,0.8855611085891724,0.8855611085891724,,,,,,,
578,115749,0.8235556483268738,0.8235556483268738,,,,,,,
578,115799,0.7859047651290894,0.7859047651290894,,,,,,,
578,115799,,,0.48597249388694763,0.8064546585083008,0.8064546585083008,0.612236499786377,0.998647153377533,0.733024537563324,0.6081573367118835
579,115849,0.7820910215377808,0.7820910215377808,,,,,,,
579,115899,0.8025042414665222,0.8025042414665222,,,,,,,
579,115949,0.7838201522827148,0.7838201522827148,,,,,,,
579,115999,0.8342524766921997,0.8342524766921997,,,,,,,
579,115999,,,0.4878216087818146,0.8111929297447205,0.8111929297447205,0.6085237860679626,0.9971699118614197,0.7368593215942383,0.6168253421783447
580,116049,0.7223674654960632,0.7223674654960632,,,,,,,
580,116099,0.8910757899284363,0.8910757899284363,,,,,,,
580,116149,0.8695944547653198,0.8695944547653198,,,,,,,
580,116199,0.8603797554969788,0.8603797554969788,,,,,,,
580,116199,,,0.4884639084339142,0.8124824166297913,0.8124824166297913,0.6095232963562012,1.0049601793289185,0.7363598346710205,0.6107856035232544
581,116249,0.8620005249977112,0.8620005249977112,,,,,,,
581,116299,0.7901604771614075,0.7901604771614075,,,,,,,
581,116349,0.8284738659858704,0.8284738659858704,,,,,,,
581,116399,0.8163203597068787,0.8163203597068787,,,,,,,
581,116399,,,0.49273285269737244,0.817724347114563,0.817724347114563,0.6131225824356079,1.0092424154281616,0.7380948662757874,0.6032341122627258
582,116449,0.8440676927566528,0.8440676927566528,,,,,,,
582,116499,0.8586729764938354,0.8586729764938354,,,,,,,
582,116549,0.8210597634315491,0.8210597634315491,,,,,,,
582,116599,0.7306891679763794,0.7306891679763794,,,,,,,
582,116599,,,0.48781394958496094,0.8165011405944824,0.8165011405944824,0.6188430786132812,0.9985974431037903,0.739630937576294,0.6173379421234131
583,116649,0.8409409523010254,0.8409409523010254,,,,,,,
583,116699,0.7420310378074646,0.7420310378074646,,,,,,,
583,116749,0.7932510375976562,0.7932510375976562,,,,,,,
583,116799,0.8673133254051208,0.8673133254051208,,,,,,,
583,116799,,,0.4927889108657837,0.8080599308013916,0.8080599308013916,0.6044978499412537,0.9916602373123169,0.7382863759994507,0.6174261569976807
584,116849,0.8641155958175659,0.8641155958175659,,,,,,,
584,116899,0.8243922591209412,0.8243922591209412,,,,,,,
584,116949,0.8411192893981934,0.8411192893981934,,,,,,,
584,116999,0.773701012134552,0.773701012134552,,,,,,,
584,116999,,,0.48908349871635437,0.8074334263801575,0.8074334263801575,0.6115054488182068,1.0004355907440186,0.7353547215461731,0.6051595211029053
585,117049,0.8416473865509033,0.8416473865509033,,,,,,,
585,117099,0.871249794960022,0.871249794960022,,,,,,,
585,117149,0.7998900413513184,0.7998900413513184,,,,,,,
585,117199,0.8275992274284363,0.8275992274284363,,,,,,,
585,117199,,,0.48828044533729553,0.8072143197059631,0.8072143197059631,0.6094443798065186,1.0033032894134521,0.7327585220336914,0.6064052581787109
586,117249,0.8433520197868347,0.8433520197868347,,,,,,,
586,117299,0.7609306573867798,0.7609306573867798,,,,,,,
586,117349,0.7900089621543884,0.7900089621543884,,,,,,,
586,117399,0.7716920971870422,0.7716920971870422,,,,,,,
586,117399,,,0.4817935526371002,0.8025906682014465,0.8025906682014465,0.6078920960426331,1.0084060430526733,0.7353248000144958,0.6039659976959229
587,117449,0.8127513527870178,0.8127513527870178,,,,,,,
587,117499,0.8338500261306763,0.8338500261306763,,,,,,,
587,117549,0.7766613364219666,0.7766613364219666,,,,,,,
587,117599,0.8020034432411194,0.8020034432411194,,,,,,,
587,117599,,,0.4853174388408661,0.8031615614891052,0.8031615614891052,0.6057253479957581,1.008074164390564,0.7350830435752869,0.6030294895172119
588,117649,0.8113407492637634,0.8113407492637634,,,,,,,
588,117699,0.8306313753128052,0.8306313753128052,,,,,,,
588,117749,0.7592527866363525,0.7592527866363525,,,,,,,
588,117799,0.8183020353317261,0.8183020353317261,,,,,,,
588,117799,,,0.4886614978313446,0.8076461553573608,0.8076461553573608,0.6031858921051025,1.0033272504806519,0.7331202030181885,0.6126292943954468
589,117849,0.7706276178359985,0.7706276178359985,,,,,,,
589,117899,0.7947390079498291,0.7947390079498291,,,,,,,
589,117949,0.8123529553413391,0.8123529553413391,,,,,,,
589,117999,0.802424967288971,0.802424967288971,,,,,,,
589,117999,,,0.4895271956920624,0.8096114993095398,0.8096114993095398,0.6147486567497253,1.0059224367141724,0.73515784740448,0.6075668931007385
590,118049,0.7579861283302307,0.7579861283302307,,,,,,,
590,118099,0.8540161848068237,0.8540161848068237,,,,,,,
590,118149,0.8213688731193542,0.8213688731193542,,,,,,,
590,118199,0.9534598588943481,0.9534598588943481,,,,,,,
590,118199,,,0.4927052855491638,0.8112461566925049,0.8112461566925049,0.6185006499290466,1.0095607042312622,0.7375619411468506,0.6066653728485107
591,118249,0.8200344443321228,0.8200344443321228,,,,,,,
591,118299,0.7449486255645752,0.7449486255645752,,,,,,,
591,118349,0.824390709400177,0.824390709400177,,,,,,,
591,118399,0.8492475748062134,0.8492475748062134,,,,,,,
591,118399,,,0.48323944211006165,0.8040337562561035,0.8040337562561035,0.6071709990501404,1.0087275505065918,0.7350167632102966,0.6001971364021301
592,118449,0.8234251737594604,0.8234251737594604,,,,,,,
592,118499,0.8120051622390747,0.8120051622390747,,,,,,,
592,118549,0.8060866594314575,0.8060866594314575,,,,,,,
592,118599,0.7383318543434143,0.7383318543434143,,,,,,,
592,118599,,,0.4871593713760376,0.8030951619148254,0.8030951619148254,0.6063854098320007,0.9971927404403687,0.7351206541061401,0.6106377243995667
593,118649,0.7642152905464172,0.7642152905464172,,,,,,,
593,118699,0.7883158326148987,0.7883158326148987,,,,,,,
593,118749,0.7910994291305542,0.7910994291305542,,,,,,,
593,118799,0.7854626774787903,0.7854626774787903,,,,,,,
593,118799,,,0.4896867573261261,0.8065178990364075,0.8065178990364075,0.6075977683067322,1.00363290309906,0.7362518906593323,0.6091113686561584
594,118849,0.8182525634765625,0.8182525634765625,,,,,,,
594,118899,0.8431454300880432,0.8431454300880432,,,,,,,
594,118949,0.7835097908973694,0.7835097908973694,,,,,,,
594,118999,0.8862953186035156,0.8862953186035156,,,,,,,
594,118999,,,0.4886842966079712,0.8058435916900635,0.8058435916900635,0.609119713306427,0.995741605758667,0.7343453764915466,0.609431803226471
595,119049,0.8595889210700989,0.8595889210700989,,,,,,,
595,119099,0.8355470895767212,0.8355470895767212,,,,,,,
595,119149,0.7695308327674866,0.7695308327674866,,,,,,,
595,119199,0.7420973777770996,0.7420973777770996,,,,,,,
595,119199,,,0.4875093698501587,0.8015021085739136,0.8015021085739136,0.6124919056892395,1.002925157546997,0.7339061498641968,0.6052285432815552
596,119249,0.9066711664199829,0.9066711664199829,,,,,,,
596,119299,0.8029645085334778,0.8029645085334778,,,,,,,
596,119349,0.7674959301948547,0.7674959301948547,,,,,,,
596,119399,0.8372332453727722,0.8372332453727722,,,,,,,
596,119399,,,0.4848625361919403,0.8038738965988159,0.8038738965988159,0.6072869896888733,1.0072358846664429,0.733334481716156,0.6088371276855469
597,119449,0.8102076053619385,0.8102076053619385,,,,,,,
597,119499,0.8765336275100708,0.8765336275100708,,,,,,,
597,119549,0.844022274017334,0.844022274017334,,,,,,,
597,119599,0.7498577237129211,0.7498577237129211,,,,,,,
597,119599,,,0.4820035994052887,0.8104297518730164,0.8104297518730164,0.6089901328086853,1.0196707248687744,0.7370049357414246,0.5973239541053772
598,119649,0.7576289176940918,0.7576289176940918,,,,,,,
598,119699,0.8702747225761414,0.8702747225761414,,,,,,,
598,119749,0.8214064240455627,0.8214064240455627,,,,,,,
598,119799,0.8607037663459778,0.8607037663459778,,,,,,,
598,119799,,,0.484956830739975,0.8065676093101501,0.8065676093101501,0.6078629493713379,1.0042113065719604,0.7347702980041504,0.6072648763656616
599,119849,0.7638644576072693,0.7638644576072693,,,,,,,
599,119899,0.8378517627716064,0.8378517627716064,,,,,,,
599,119949,0.7996512651443481,0.7996512651443481,,,,,,,
599,119999,0.8516631126403809,0.8516631126403809,,,,,,,
599,119999,,,0.4839690029621124,0.8045400381088257,0.8045400381088257,0.6143700480461121,1.0080350637435913,0.7322258949279785,0.6010998487472534
600,120049,0.785341203212738,0.785341203212738,,,,,,,
600,120099,0.877643883228302,0.877643883228302,,,,,,,
600,120149,0.7342175841331482,0.7342175841331482,,,,,,,
600,120199,0.8196186423301697,0.8196186423301697,,,,,,,
600,120199,,,0.48730024695396423,0.8064979910850525,0.8064979910850525,0.6069554686546326,1.0062236785888672,0.7350150346755981,0.6086190342903137
601,120249,0.8366568088531494,0.8366568088531494,,,,,,,
601,120299,0.9088945984840393,0.9088945984840393,,,,,,,
601,120349,0.7693888545036316,0.7693888545036316,,,,,,,
601,120399,0.7970534563064575,0.7970534563064575,,,,,,,
601,120399,,,0.4961203932762146,0.8087016940116882,0.8087016940116882,0.6055158972740173,0.9883357286453247,0.7352186441421509,0.6238016486167908
602,120449,0.8354883790016174,0.8354883790016174,,,,,,,
602,120499,0.7060425281524658,0.7060425281524658,,,,,,,
602,120549,0.7320197820663452,0.7320197820663452,,,,,,,
602,120599,0.754347562789917,0.754347562789917,,,,,,,
602,120599,,,0.4831206500530243,0.799374520778656,0.799374520778656,0.6032427549362183,0.9950863122940063,0.7299619913101196,0.6063026189804077
603,120649,0.689108669757843,0.689108669757843,,,,,,,
603,120699,0.7895378470420837,0.7895378470420837,,,,,,,
603,120749,0.8314817547798157,0.8314817547798157,,,,,,,
603,120799,0.7645976543426514,0.7645976543426514,,,,,,,
603,120799,,,0.4866103529930115,0.804473340511322,0.804473340511322,0.6041393280029297,1.0109310150146484,0.735633134841919,0.6073871850967407
604,120849,0.7544471621513367,0.7544471621513367,,,,,,,
604,120899,0.8454226851463318,0.8454226851463318,,,,,,,
604,120949,0.6820162534713745,0.6820162534713745,,,,,,,
604,120999,0.759492814540863,0.759492814540863,,,,,,,
604,120999,,,0.487786203622818,0.8011629581451416,0.8011629581451416,0.6075102090835571,1.0084288120269775,0.7349262833595276,0.6008980870246887
605,121049,0.7577579617500305,0.7577579617500305,,,,,,,
605,121099,0.792479932308197,0.792479932308197,,,,,,,
605,121149,0.7891414761543274,0.7891414761543274,,,,,,,
605,121199,0.7556725740432739,0.7556725740432739,,,,,,,
605,121199,,,0.48441335558891296,0.8001408576965332,0.8001408576965332,0.6098495125770569,1.024924397468567,0.7310183048248291,0.5964491367340088
606,121249,0.794520378112793,0.794520378112793,,,,,,,
606,121299,0.8011741042137146,0.8011741042137146,,,,,,,
606,121349,0.840901255607605,0.840901255607605,,,,,,,
606,121399,0.6573988795280457,0.6573988795280457,,,,,,,
606,121399,,,0.48476642370224,0.8056928515434265,0.8056928515434265,0.6124500036239624,1.0247249603271484,0.7349517345428467,0.5967695116996765
607,121449,0.8923428654670715,0.8923428654670715,,,,,,,
607,121499,0.8622600436210632,0.8622600436210632,,,,,,,
607,121549,0.8110642433166504,0.8110642433166504,,,,,,,
607,121599,0.8068355917930603,0.8068355917930603,,,,,,,
607,121599,,,0.48313984274864197,0.8017776608467102,0.8017776608467102,0.606067955493927,1.0216134786605835,0.7346060872077942,0.5959032773971558
608,121649,0.7865082621574402,0.7865082621574402,,,,,,,
608,121699,0.7417421936988831,0.7417421936988831,,,,,,,
608,121749,0.7744693756103516,0.7744693756103516,,,,,,,
608,121799,0.8097354769706726,0.8097354769706726,,,,,,,
608,121799,,,0.4791069030761719,0.7976862192153931,0.7976862192153931,0.6056054830551147,1.021323323249817,0.7340285181999207,0.5968060493469238
609,121849,0.8173196911811829,0.8173196911811829,,,,,,,
609,121899,0.7549843788146973,0.7549843788146973,,,,,,,
609,121949,0.8129475712776184,0.8129475712776184,,,,,,,
609,121999,0.7763949036598206,0.7763949036598206,,,,,,,
609,121999,,,0.4776604473590851,0.7955087423324585,0.7955087423324585,0.6021899580955505,1.0078108310699463,0.735873281955719,0.6039586663246155
610,122049,0.9074757695198059,0.9074757695198059,,,,,,,
610,122099,0.7872457504272461,0.7872457504272461,,,,,,,
610,122149,0.917305588722229,0.917305588722229,,,,,,,
610,122199,0.7975628972053528,0.7975628972053528,,,,,,,
610,122199,,,0.48338961601257324,0.7984167337417603,0.7984167337417603,0.6105195879936218,1.0023163557052612,0.7341947555541992,0.6067746877670288
611,122249,0.7528430223464966,0.7528430223464966,,,,,,,
611,122299,0.7569464445114136,0.7569464445114136,,,,,,,
611,122349,0.9461569786071777,0.9461569786071777,,,,,,,
611,122399,0.8503566980361938,0.8503566980361938,,,,,,,
611,122399,,,0.4813559651374817,0.801079273223877,0.801079273223877,0.607674777507782,1.015674352645874,0.7383220791816711,0.5976340770721436
612,122449,0.7835133671760559,0.7835133671760559,,,,,,,
612,122499,0.7550749182701111,0.7550749182701111,,,,,,,
612,122549,0.8707907199859619,0.8707907199859619,,,,,,,
612,122599,0.6993649005889893,0.6993649005889893,,,,,,,
612,122599,,,0.4853516221046448,0.8017887473106384,0.8017887473106384,0.612322986125946,1.015718698501587,0.736870527267456,0.6037390232086182
613,122649,0.8260076642036438,0.8260076642036438,,,,,,,
613,122699,0.7338508367538452,0.7338508367538452,,,,,,,
613,122749,0.8043783903121948,0.8043783903121948,,,,,,,
613,122799,0.8852055072784424,0.8852055072784424,,,,,,,
613,122799,,,0.48449572920799255,0.802800178527832,0.802800178527832,0.6033084988594055,0.9984741806983948,0.7344284057617188,0.6069374680519104
614,122849,0.8006888031959534,0.8006888031959534,,,,,,,
614,122899,0.7469416260719299,0.7469416260719299,,,,,,,
614,122949,0.7967804670333862,0.7967804670333862,,,,,,,
614,122999,0.8369669914245605,0.8369669914245605,,,,,,,
614,122999,,,0.4854455590248108,0.8019726872444153,0.8019726872444153,0.6102592945098877,0.9869831204414368,0.7353808283805847,0.6179859042167664
615,123049,0.8055018782615662,0.8055018782615662,,,,,,,
615,123099,0.785306990146637,0.785306990146637,,,,,,,
615,123149,0.8363388776779175,0.8363388776779175,,,,,,,
615,123199,0.7871947288513184,0.7871947288513184,,,,,,,
615,123199,,,0.48252254724502563,0.8006896376609802,0.8006896376609802,0.6074960231781006,1.005083441734314,0.73298579454422,0.6079468727111816
616,123249,0.8081545233726501,0.8081545233726501,,,,,,,
616,123299,0.7287890911102295,0.7287890911102295,,,,,,,
616,123349,0.7422304749488831,0.7422304749488831,,,,,,,
616,123399,0.7272395491600037,0.7272395491600037,,,,,,,
616,123399,,,0.48113107681274414,0.8018166422843933,0.8018166422843933,0.6084503531455994,1.0178899765014648,0.733630895614624,0.5944702625274658
617,123449,0.7748186588287354,0.7748186588287354,,,,,,,
617,123499,0.7619063854217529,0.7619063854217529,,,,,,,
617,123549,0.755623459815979,0.755623459815979,,,,,,,
617,123599,0.6933810114860535,0.6933810114860535,,,,,,,
617,123599,,,0.48461660742759705,0.8002803325653076,0.8002803325653076,0.5979599952697754,0.9841504096984863,0.7302350997924805,0.6190437078475952
618,123649,0.7587123513221741,0.7587123513221741,,,,,,,
618,123699,0.7942726016044617,0.7942726016044617,,,,,,,
618,123749,0.8681694865226746,0.8681694865226746,,,,,,,
618,123799,0.7555817365646362,0.7555817365646362,,,,,,,
618,123799,,,0.4846894443035126,0.7993428111076355,0.7993428111076355,0.6043000221252441,1.0000755786895752,0.7378301024436951,0.611813485622406
619,123849,0.8106884360313416,0.8106884360313416,,,,,,,
619,123899,0.7746590375900269,0.7746590375900269,,,,,,,
619,123949,0.7628130316734314,0.7628130316734314,,,,,,,
619,123999,0.7372424602508545,0.7372424602508545,,,,,,,
619,123999,,,0.47899213433265686,0.8040147423744202,0.8040147423744202,0.6203252673149109,1.013032078742981,0.7351825833320618,0.6040711998939514
620,124049,0.7341976761817932,0.7341976761817932,,,,,,,
620,124099,0.9190951585769653,0.9190951585769653,,,,,,,
620,124149,0.8163166642189026,0.8163166642189026,,,,,,,
620,124199,0.715736985206604,0.715736985206604,,,,,,,
620,124199,,,0.48635929822921753,0.7953505516052246,0.7953505516052246,0.5939761996269226,0.9962598085403442,0.731830894947052,0.6110789179801941
621,124249,0.7553870677947998,0.7553870677947998,,,,,,,
621,124299,0.7788899540901184,0.7788899540901184,,,,,,,
621,124349,0.8048411011695862,0.8048411011695862,,,,,,,
621,124399,0.7909804582595825,0.7909804582595825,,,,,,,
621,124399,,,0.48694509267807007,0.7966296076774597,0.7966296076774597,0.6090030074119568,0.9981592297554016,0.7319704294204712,0.6169213652610779
622,124449,0.7771098613739014,0.7771098613739014,,,,,,,
622,124499,0.7463638186454773,0.7463638186454773,,,,,,,
622,124549,0.7987048625946045,0.7987048625946045,,,,,,,
622,124599,0.8482608795166016,0.8482608795166016,,,,,,,
622,124599,,,0.47843703627586365,0.7924121618270874,0.7924121618270874,0.6037803292274475,1.0094305276870728,0.7327411770820618,0.6024994850158691
623,124649,0.7795387506484985,0.7795387506484985,,,,,,,
623,124699,0.8045870661735535,0.8045870661735535,,,,,,,
623,124749,0.8439202308654785,0.8439202308654785,,,,,,,
623,124799,0.7306804656982422,0.7306804656982422,,,,,,,
623,124799,,,0.4850473701953888,0.7982301712036133,0.7982301712036133,0.6032776832580566,0.989752471446991,0.7304268479347229,0.6180144548416138
624,124849,0.7776468396186829,0.7776468396186829,,,,,,,
624,124899,0.7599273920059204,0.7599273920059204,,,,,,,
624,124949,0.8339856266975403,0.8339856266975403,,,,,,,
624,124999,0.8243317604064941,0.8243317604064941,,,,,,,
624,124999,,,0.4825785160064697,0.7950894832611084,0.7950894832611084,0.6003481149673462,1.0008695125579834,0.731627881526947,0.6055323481559753
625,125049,0.7438808083534241,0.7438808083534241,,,,,,,
625,125099,0.7608702182769775,0.7608702182769775,,,,,,,
625,125149,0.7206067442893982,0.7206067442893982,,,,,,,
625,125199,0.7632758617401123,0.7632758617401123,,,,,,,
625,125199,,,0.4812981188297272,0.7935622930526733,0.7935622930526733,0.6016089916229248,1.0124741792678833,0.7302344441413879,0.6057193875312805
626,125249,0.7143219113349915,0.7143219113349915,,,,,,,
626,125299,0.8369429707527161,0.8369429707527161,,,,,,,
626,125349,0.7983341813087463,0.7983341813087463,,,,,,,
626,125399,0.8285201787948608,0.8285201787948608,,,,,,,
626,125399,,,0.48893725872039795,0.7977418899536133,0.7977418899536133,0.6015322804450989,0.9992801547050476,0.7321491837501526,0.6127105951309204
627,125449,0.8448959589004517,0.8448959589004517,,,,,,,
627,125499,0.7371864318847656,0.7371864318847656,,,,,,,
627,125549,0.7935972809791565,0.7935972809791565,,,,,,,
627,125599,0.8350880742073059,0.8350880742073059,,,,,,,
627,125599,,,0.478748619556427,0.7968413829803467,0.7968413829803467,0.6061157584190369,1.0023361444473267,0.7302183508872986,0.6042711734771729
628,125649,0.9161494374275208,0.9161494374275208,,,,,,,
628,125699,0.7012415528297424,0.7012415528297424,,,,,,,
628,125749,0.7743054032325745,0.7743054032325745,,,,,,,
628,125799,0.7729403376579285,0.7729403376579285,,,,,,,
628,125799,,,0.48125168681144714,0.8019590377807617,0.8019590377807617,0.602753221988678,1.0166152715682983,0.7333157658576965,0.5972350239753723
629,125849,0.887763500213623,0.887763500213623,,,,,,,
629,125899,0.8062047958374023,0.8062047958374023,,,,,,,
629,125949,0.8169040083885193,0.8169040083885193,,,,,,,
629,125999,0.7457483410835266,0.7457483410835266,,,,,,,
629,125999,,,0.4800889790058136,0.793450117111206,0.793450117111206,0.6109074950218201,0.9979203939437866,0.7334194183349609,0.6111938953399658
630,126049,0.696182131767273,0.696182131767273,,,,,,,
630,126099,0.7543583512306213,0.7543583512306213,,,,,,,
630,126149,0.7273669838905334,0.7273669838905334,,,,,,,
630,126199,0.8366804122924805,0.8366804122924805,,,,,,,
630,126199,,,0.48504605889320374,0.8022388815879822,0.8022388815879822,0.6160061359405518,1.0019835233688354,0.7335319519042969,0.6135983467102051
631,126249,0.7506598234176636,0.7506598234176636,,,,,,,
631,126299,0.75679612159729,0.75679612159729,,,,,,,
631,126349,0.8781555891036987,0.8781555891036987,,,,,,,
631,126399,0.775623619556427,0.775623619556427,,,,,,,
631,126399,,,0.4777389168739319,0.7980409860610962,0.7980409860610962,0.6018609404563904,1.00790536403656,0.7333458065986633,0.5994098782539368
632,126449,0.889892041683197,0.889892041683197,,,,,,,
632,126499,0.8436646461486816,0.8436646461486816,,,,,,,
632,126549,0.7632330060005188,0.7632330060005188,,,,,,,
632,126599,0.847029447555542,0.847029447555542,,,,,,,
632,126599,,,0.48426657915115356,0.8039510846138,0.8039510846138,0.6185349225997925,1.0039499998092651,0.7321502566337585,0.6125925183296204
633,126649,0.766719400882721,0.766719400882721,,,,,,,
633,126699,0.8385299444198608,0.8385299444198608,,,,,,,
633,126749,0.8602505922317505,0.8602505922317505,,,,,,,
633,126799,0.8177013397216797,0.8177013397216797,,,,,,,
633,126799,,,0.48189643025398254,0.7937787771224976,0.7937787771224976,0.6015579700469971,0.997563362121582,0.729729175567627,0.6108148694038391
634,126849,0.7902682423591614,0.7902682423591614,,,,,,,
634,126899,0.866359293460846,0.866359293460846,,,,,,,
634,126949,0.8161126375198364,0.8161126375198364,,,,,,,
634,126999,0.7527920603752136,0.7527920603752136,,,,,,,
634,126999,,,0.4778408408164978,0.7935657501220703,0.7935657501220703,0.6048614978790283,0.9995509386062622,0.7342100143432617,0.6123230457305908
635,127049,0.8218474984169006,0.8218474984169006,,,,,,,
635,127099,0.8110737204551697,0.8110737204551697,,,,,,,
635,127149,0.8423560261726379,0.8423560261726379,,,,,,,
635,127199,0.8392760157585144,0.8392760157585144,,,,,,,
635,127199,,,0.4776008427143097,0.7902522683143616,0.7902522683143616,0.6028745174407959,1.0101613998413086,0.7325324416160583,0.6018810868263245
636,127249,0.7195796370506287,0.7195796370506287,,,,,,,
636,127299,0.7518330216407776,0.7518330216407776,,,,,,,
636,127349,0.772530734539032,0.772530734539032,,,,,,,
636,127399,0.7803031802177429,0.7803031802177429,,,,,,,
636,127399,,,0.48186418414115906,0.7997655868530273,0.7997655868530273,0.6022161841392517,0.9987974762916565,0.7330090403556824,0.6062090396881104
637,127449,0.7237148880958557,0.7237148880958557,,,,,,,
637,127499,0.7593371868133545,0.7593371868133545,,,,,,,
637,127549,0.8104341626167297,0.8104341626167297,,,,,,,
637,127599,0.7102042436599731,0.7102042436599731,,,,,,,
637,127599,,,0.48141026496887207,0.7933977246284485,0.7933977246284485,0.6075387001037598,1.002341866493225,0.7303304076194763,0.602932870388031
638,127649,0.861223578453064,0.861223578453064,,,,,,,
638,127699,0.828680157661438,0.828680157661438,,,,,,,
638,127749,0.7567499279975891,0.7567499279975891,,,,,,,
638,127799,0.7648264765739441,0.7648264765739441,,,,,,,
638,127799,,,0.4856199622154236,0.8031046390533447,0.8031046390533447,0.603912353515625,0.9912111163139343,0.7298895120620728,0.6177915334701538
639,127849,0.7306690216064453,0.7306690216064453,,,,,,,
639,127899,0.9113979935646057,0.9113979935646057,,,,,,,
639,127949,0.7430710196495056,0.7430710196495056,,,,,,,
639,127999,0.7354709506034851,0.7354709506034851,,,,,,,
639,127999,,,0.47976601123809814,0.7938031554222107,0.7938031554222107,0.6012917757034302,1.0028725862503052,0.7295633554458618,0.6087351441383362
640,128049,0.8211634755134583,0.8211634755134583,,,,,,,
640,128099,0.7357005476951599,0.7357005476951599,,,,,,,
640,128149,0.7056859135627747,0.7056859135627747,,,,,,,
640,128199,0.803527295589447,0.803527295589447,,,,,,,
640,128199,,,0.476004421710968,0.7970376014709473,0.7970376014709473,0.6079187989234924,1.0104906558990479,0.7321900129318237,0.6032106876373291
641,128249,0.8169078826904297,0.8169078826904297,,,,,,,
641,128299,0.7432693839073181,0.7432693839073181,,,,,,,
641,128349,0.6701259613037109,0.6701259613037109,,,,,,,
641,128399,0.7374915480613708,0.7374915480613708,,,,,,,
641,128399,,,0.47397810220718384,0.7935535907745361,0.7935535907745361,0.607741117477417,1.0063904523849487,0.7312164306640625,0.5998136401176453
642,128449,0.8346477150917053,0.8346477150917053,,,,,,,
642,128499,0.7147162556648254,0.7147162556648254,,,,,,,
642,128549,0.8101188540458679,0.8101188540458679,,,,,,,
642,128599,0.8391600847244263,0.8391600847244263,,,,,,,
642,128599,,,0.47937262058258057,0.7993474006652832,0.7993474006652832,0.6049981117248535,1.0038470029830933,0.7313752770423889,0.6013098359107971
643,128649,0.7781322598457336,0.7781322598457336,,,,,,,
643,128699,0.799102246761322,0.799102246761322,,,,,,,
643,128749,0.7972738742828369,0.7972738742828369,,,,,,,
643,128799,0.8751183748245239,0.8751183748245239,,,,,,,
643,128799,,,0.47861331701278687,0.7905862331390381,0.7905862331390381,0.6084014177322388,1.0159058570861816,0.7304102182388306,0.5979803800582886
644,128849,0.8475590944290161,0.8475590944290161,,,,,,,
644,128899,0.9207871556282043,0.9207871556282043,,,,,,,
644,128949,0.7561588287353516,0.7561588287353516,,,,,,,
644,128999,0.7793660163879395,0.7793660163879395,,,,,,,
644,128999,,,0.4754621982574463,0.7924355268478394,0.7924355268478394,0.6056601405143738,1.0070643424987793,0.7263253331184387,0.6004260182380676
645,129049,0.8223028779029846,0.8223028779029846,,,,,,,
645,129099,0.8140335083007812,0.8140335083007812,,,,,,,
645,129149,0.7985740900039673,0.7985740900039673,,,,,,,
645,129199,0.757866621017456,0.757866621017456,,,,,,,
645,129199,,,0.47736334800720215,0.7870228886604309,0.7870228886604309,0.6000206470489502,1.0111050605773926,0.7287694811820984,0.5949287414550781
646,129249,0.8503180742263794,0.8503180742263794,,,,,,,
646,129299,0.7710742354393005,0.7710742354393005,,,,,,,
646,129349,0.7819526195526123,0.7819526195526123,,,,,,,
646,129399,0.8225451111793518,0.8225451111793518,,,,,,,
646,129399,,,0.47717031836509705,0.7880949378013611,0.7880949378013611,0.6004186868667603,1.010854721069336,0.7327478528022766,0.5948069095611572
647,129449,0.8848612904548645,0.8848612904548645,,,,,,,
647,129499,0.7618311047554016,0.7618311047554016,,,,,,,
647,129549,0.9217565655708313,0.9217565655708313,,,,,,,
647,129599,0.8611873984336853,0.8611873984336853,,,,,,,
647,129599,,,0.4786047339439392,0.7897802591323853,0.7897802591323853,0.6041697263717651,1.0173310041427612,0.7320958375930786,0.5906050205230713
648,129649,0.775833010673523,0.775833010673523,,,,,,,
648,129699,0.9340020418167114,0.9340020418167114,,,,,,,
648,129749,0.7789223790168762,0.7789223790168762,,,,,,,
648,129799,0.7861476540565491,0.7861476540565491,,,,,,,
648,129799,,,0.4819389283657074,0.7904934883117676,0.7904934883117676,0.5978460311889648,1.0049347877502441,0.7348088026046753,0.6057983636856079
649,129849,0.7333935499191284,0.7333935499191284,,,,,,,
649,129899,0.7239950895309448,0.7239950895309448,,,,,,,
649,129949,0.8964172601699829,0.8964172601699829,,,,,,,
649,129999,0.7761513590812683,0.7761513590812683,,,,,,,
649,129999,,,0.4746246039867401,0.7872006893157959,0.7872006893157959,0.599095344543457,1.0018094778060913,0.7320588231086731,0.6016584634780884
650,130049,0.8706610798835754,0.8706610798835754,,,,,,,
650,130099,0.8074602484703064,0.8074602484703064,,,,,,,
650,130149,0.789118766784668,0.789118766784668,,,,,,,
650,130199,0.8370946049690247,0.8370946049690247,,,,,,,
650,130199,,,0.47656917572021484,0.7868353724479675,0.7868353724479675,0.5971240997314453,0.9955276846885681,0.7319952249526978,0.6058496832847595
651,130249,0.7441855669021606,0.7441855669021606,,,,,,,
651,130299,0.8275362253189087,0.8275362253189087,,,,,,,
651,130349,0.6925387978553772,0.6925387978553772,,,,,,,
651,130399,0.8486437201499939,0.8486437201499939,,,,,,,
651,130399,,,0.48122262954711914,0.7890426516532898,0.7890426516532898,0.604805588722229,1.000337839126587,0.7343758344650269,0.6071028709411621
652,130449,0.7409518361091614,0.7409518361091614,,,,,,,
652,130499,0.7636541724205017,0.7636541724205017,,,,,,,
652,130549,0.757209062576294,0.757209062576294,,,,,,,
652,130599,0.7799282670021057,0.7799282670021057,,,,,,,
652,130599,,,0.47121289372444153,0.785129725933075,0.785129725933075,0.6019151210784912,1.0147316455841064,0.7298805713653564,0.5955749750137329
653,130649,0.8063925504684448,0.8063925504684448,,,,,,,
653,130699,0.8494730591773987,0.8494730591773987,,,,,,,
653,130749,0.7351593971252441,0.7351593971252441,,,,,,,
653,130799,0.8184084296226501,0.8184084296226501,,,,,,,
653,130799,,,0.4795404374599457,0.7882121205329895,0.7882121205329895,0.6036961674690247,0.9961631298065186,0.7294313907623291,0.6016748547554016
654,130849,0.813850462436676,0.813850462436676,,,,,,,
654,130899,0.7660218477249146,0.7660218477249146,,,,,,,
654,130949,0.7700172662734985,0.7700172662734985,,,,,,,
654,130999,0.7623375654220581,0.7623375654220581,,,,,,,
654,130999,,,0.47927573323249817,0.7900769114494324,0.7900769114494324,0.5986819267272949,1.0062544345855713,0.7324516773223877,0.5996885895729065
655,131049,0.8071029782295227,0.8071029782295227,,,,,,,
655,131099,0.7610037326812744,0.7610037326812744,,,,,,,
655,131149,0.7495450973510742,0.7495450973510742,,,,,,,
655,131199,0.8228195905685425,0.8228195905685425,,,,,,,
655,131199,,,0.47835126519203186,0.783538818359375,0.783538818359375,0.5945838093757629,0.9885157346725464,0.7276871204376221,0.6140915155410767
656,131249,0.8095675110816956,0.8095675110816956,,,,,,,
656,131299,0.7900294661521912,0.7900294661521912,,,,,,,
656,131349,0.6448870301246643,0.6448870301246643,,,,,,,
656,131399,0.8092809915542603,0.8092809915542603,,,,,,,
656,131399,,,0.475646048784256,0.7923271059989929,0.7923271059989929,0.5929691791534424,1.0073283910751343,0.7290313243865967,0.5984816551208496
657,131449,0.6873621344566345,0.6873621344566345,,,,,,,
657,131499,0.7118762135505676,0.7118762135505676,,,,,,,
657,131549,0.7863916754722595,0.7863916754722595,,,,,,,
657,131599,0.8000414371490479,0.8000414371490479,,,,,,,
657,131599,,,0.47762012481689453,0.7978627681732178,0.7978627681732178,0.5959877371788025,1.0067604780197144,0.7329812049865723,0.6001279950141907
658,131649,0.751625120639801,0.751625120639801,,,,,,,
658,131699,0.7611027956008911,0.7611027956008911,,,,,,,
658,131749,0.7772374153137207,0.7772374153137207,,,,,,,
658,131799,0.7533941268920898,0.7533941268920898,,,,,,,
658,131799,,,0.4733501374721527,0.786054790019989,0.786054790019989,0.5975709557533264,1.0056921243667603,0.7265528440475464,0.6000702977180481
659,131849,0.7568882703781128,0.7568882703781128,,,,,,,
659,131899,0.7322405576705933,0.7322405576705933,,,,,,,
659,131949,0.8787221908569336,0.8787221908569336,,,,,,,
659,131999,0.630556046962738,0.630556046962738,,,,,,,
659,131999,,,0.47918257117271423,0.7949804663658142,0.7949804663658142,0.5994967222213745,0.9941906332969666,0.7295124530792236,0.6040153503417969
660,132049,0.7731771469116211,0.7731771469116211,,,,,,,
660,132099,0.7860226631164551,0.7860226631164551,,,,,,,
660,132149,0.7328163385391235,0.7328163385391235,,,,,,,
660,132199,0.7553192377090454,0.7553192377090454,,,,,,,
660,132199,,,0.47338271141052246,0.7860780358314514,0.7860780358314514,0.5950119495391846,1.0114790201187134,0.7269609570503235,0.5972313284873962
661,132249,0.8322060108184814,0.8322060108184814,,,,,,,
661,132299,0.7737491726875305,0.7737491726875305,,,,,,,
661,132349,0.7857407331466675,0.7857407331466675,,,,,,,
661,132399,0.8138359785079956,0.8138359785079956,,,,,,,
661,132399,,,0.4763389527797699,0.7912533283233643,0.7912533283233643,0.6003440618515015,1.0170228481292725,0.7298356294631958,0.5992799401283264
662,132449,0.7797828316688538,0.7797828316688538,,,,,,,
662,132499,0.7095046043395996,0.7095046043395996,,,,,,,
662,132549,0.8308020830154419,0.8308020830154419,,,,,,,
662,132599,0.8420073986053467,0.8420073986053467,,,,,,,
662,132599,,,0.4742223918437958,0.7893797159194946,0.7893797159194946,0.5945874452590942,0.9981183409690857,0.7287372350692749,0.6036275029182434
663,132649,0.8368014693260193,0.8368014693260193,,,,,,,
663,132699,0.7343153953552246,0.7343153953552246,,,,,,,
663,132749,0.8067585825920105,0.8067585825920105,,,,,,,
663,132799,0.7819092869758606,0.7819092869758606,,,,,,,
663,132799,,,0.4713362157344818,0.7896718382835388,0.7896718382835388,0.6021661162376404,0.9971475005149841,0.7294819355010986,0.6059728264808655
664,132849,0.6743199229240417,0.6743199229240417,,,,,,,
664,132899,0.83868408203125,0.83868408203125,,,,,,,
664,132949,0.8359893560409546,0.8359893560409546,,,,,,,
664,132999,0.8133460283279419,0.8133460283279419,,,,,,,
664,132999,,,0.47831499576568604,0.7856080532073975,0.7856080532073975,0.5954448580741882,1.0023175477981567,0.7299321293830872,0.6018407344818115
665,133049,0.7721775770187378,0.7721775770187378,,,,,,,
665,133099,0.8354479670524597,0.8354479670524597,,,,,,,
665,133149,0.8364754915237427,0.8364754915237427,,,,,,,
665,133199,0.7200269103050232,0.7200269103050232,,,,,,,
665,133199,,,0.4731963872909546,0.784403383731842,0.784403383731842,0.5999285578727722,0.9946510195732117,0.7292429208755493,0.6077075004577637
666,133249,0.7741265296936035,0.7741265296936035,,,,,,,
666,133299,0.8389374613761902,0.8389374613761902,,,,,,,
666,133349,0.8113287687301636,0.8113287687301636,,,,,,,
666,133399,0.7907715439796448,0.7907715439796448,,,,,,,
666,133399,,,0.4719618558883667,0.7861878871917725,0.7861878871917725,0.6043474078178406,1.0004878044128418,0.7282342910766602,0.6039385795593262
667,133449,0.833258330821991,0.833258330821991,,,,,,,
667,133499,0.6655063033103943,0.6655063033103943,,,,,,,
667,133549,0.9165678024291992,0.9165678024291992,,,,,,,
667,133599,0.701371967792511,0.701371967792511,,,,,,,
667,133599,,,0.47945305705070496,0.7865018248558044,0.7865018248558044,0.6004598140716553,0.9936556220054626,0.7298011779785156,0.611265242099762
668,133649,0.7979624271392822,0.7979624271392822,,,,,,,
668,133699,0.8012081384658813,0.8012081384658813,,,,,,,
668,133749,0.747076690196991,0.747076690196991,,,,,,,
668,133799,0.8669063448905945,0.8669063448905945,,,,,,,
668,133799,,,0.4666494131088257,0.7839049696922302,0.7839049696922302,0.5975944399833679,1.0085557699203491,0.7247073650360107,0.5949625968933105
669,133849,0.8520970344543457,0.8520970344543457,,,,,,,
669,133899,0.6986485123634338,0.6986485123634338,,,,,,,
669,133949,0.8489143252372742,0.8489143252372742,,,,,,,
669,133999,0.7561413645744324,0.7561413645744324,,,,,,,
669,133999,,,0.47713422775268555,0.7922324538230896,0.7922324538230896,0.594372034072876,1.0105962753295898,0.7331358790397644,0.5988838076591492
670,134049,0.7966974377632141,0.7966974377632141,,,,,,,
670,134099,0.8005094528198242,0.8005094528198242,,,,,,,
670,134149,0.7989464402198792,0.7989464402198792,,,,,,,
670,134199,0.7705760598182678,0.7705760598182678,,,,,,,
670,134199,,,0.47522735595703125,0.7877877950668335,0.7877877950668335,0.5973230600357056,1.0127345323562622,0.7327079772949219,0.5946520566940308
671,134249,0.7947866916656494,0.7947866916656494,,,,,,,
671,134299,0.8126221895217896,0.8126221895217896,,,,,,,
671,134349,0.7995773553848267,0.7995773553848267,,,,,,,
671,134399,0.8195309638977051,0.8195309638977051,,,,,,,
671,134399,,,0.4735000431537628,0.7886728048324585,0.7886728048324585,0.5978060960769653,0.9985136985778809,0.7288838624954224,0.6022261381149292
672,134449,0.7105453610420227,0.7105453610420227,,,,,,,
672,134499,0.8363530039787292,0.8363530039787292,,,,,,,
672,134549,0.7608529329299927,0.7608529329299927,,,,,,,
672,134599,0.7987449765205383,0.7987449765205383,,,,,,,
672,134599,,,0.47569942474365234,0.7816883325576782,0.7816883325576782,0.5974783301353455,0.9989972114562988,0.7271690368652344,0.6042131781578064
673,134649,0.7498683333396912,0.7498683333396912,,,,,,,
673,134699,0.8303595781326294,0.8303595781326294,,,,,,,
673,134749,0.7222500443458557,0.7222500443458557,,,,,,,
673,134799,0.7674898505210876,0.7674898505210876,,,,,,,
673,134799,,,0.4763891398906708,0.7891205549240112,0.7891205549240112,0.5955987572669983,1.0027388334274292,0.7336055636405945,0.6065564751625061
674,134849,0.8097065091133118,0.8097065091133118,,,,,,,
674,134899,0.767773449420929,0.767773449420929,,,,,,,
674,134949,0.7275630831718445,0.7275630831718445,,,,,,,
674,134999,0.8021613359451294,0.8021613359451294,,,,,,,
674,134999,,,0.472298800945282,0.7843326330184937,0.7843326330184937,0.5952807664871216,1.005849003791809,0.7287988662719727,0.5993377566337585
675,135049,0.6972874999046326,0.6972874999046326,,,,,,,
675,135099,0.8401935696601868,0.8401935696601868,,,,,,,
675,135149,0.8250473141670227,0.8250473141670227,,,,,,,
675,135199,0.7170588374137878,0.7170588374137878,,,,,,,
675,135199,,,0.4765555262565613,0.7855089902877808,0.7855089902877808,0.5966647267341614,1.0113770961761475,0.7313105463981628,0.597040593624115
676,135249,0.7948837876319885,0.7948837876319885,,,,,,,
676,135299,0.7947486639022827,0.7947486639022827,,,,,,,
676,135349,0.7473743557929993,0.7473743557929993,,,,,,,
676,135399,0.7323761582374573,0.7323761582374573,,,,,,,
676,135399,,,0.47831231355667114,0.785189688205719,0.785189688205719,0.596163809299469,0.9999868869781494,0.730444610118866,0.6102214455604553
677,135449,0.8118017315864563,0.8118017315864563,,,,,,,
677,135499,0.8100430369377136,0.8100430369377136,,,,,,,
677,135549,0.7539892196655273,0.7539892196655273,,,,,,,
677,135599,0.7978731393814087,0.7978731393814087,,,,,,,
677,135599,,,0.46841681003570557,0.7898038029670715,0.7898038029670715,0.5922491550445557,1.0146008729934692,0.7268157005310059,0.5911458730697632
678,135649,0.6991265416145325,0.6991265416145325,,,,,,,
678,135699,0.7378054261207581,0.7378054261207581,,,,,,,
678,135749,0.7605690956115723,0.7605690956115723,,,,,,,
678,135799,0.8242201209068298,0.8242201209068298,,,,,,,
678,135799,,,0.4717898964881897,0.7778374552726746,0.7778374552726746,0.5914702415466309,1.0100018978118896,0.7252374291419983,0.5959530472755432
679,135849,0.6798845529556274,0.6798845529556274,,,,,,,
679,135899,0.7157708406448364,0.7157708406448364,,,,,,,
679,135949,0.7760965824127197,0.7760965824127197,,,,,,,
679,135999,0.7855441570281982,0.7855441570281982,,,,,,,
679,135999,,,0.47722211480140686,0.7783583402633667,0.7783583402633667,0.6038024425506592,0.9903290271759033,0.7273027300834656,0.6040952205657959
680,136049,0.6472212076187134,0.6472212076187134,,,,,,,
680,136099,0.7256593108177185,0.7256593108177185,,,,,,,
680,136149,0.7287886142730713,0.7287886142730713,,,,,,,
680,136199,0.7627493143081665,0.7627493143081665,,,,,,,
680,136199,,,0.47390392422676086,0.7843202948570251,0.7843202948570251,0.5970631241798401,1.0123919248580933,0.7338427305221558,0.593133807182312
681,136249,0.8680232167243958,0.8680232167243958,,,,,,,
681,136299,0.7131320834159851,0.7131320834159851,,,,,,,
681,136349,0.777804434299469,0.777804434299469,,,,,,,
681,136399,0.7847884297370911,0.7847884297370911,,,,,,,
681,136399,,,0.47099003195762634,0.7838866114616394,0.7838866114616394,0.592774510383606,0.9996441602706909,0.7285254001617432,0.6039117574691772
682,136449,0.7338091731071472,0.7338091731071472,,,,,,,
682,136499,0.6926514506340027,0.6926514506340027,,,,,,,
682,136549,0.7462895512580872,0.7462895512580872,,,,,,,
682,136599,0.7771756052970886,0.7771756052970886,,,,,,,
682,136599,,,0.47301608324050903,0.7848836779594421,0.7848836779594421,0.5971628427505493,1.0022625923156738,0.7308092713356018,0.59916090965271
683,136649,0.714174211025238,0.714174211025238,,,,,,,
683,136699,0.8666769862174988,0.8666769862174988,,,,,,,
683,136749,0.810677707195282,0.810677707195282,,,,,,,
683,136799,0.7859395146369934,0.7859395146369934,,,,,,,
683,136799,,,0.4705066978931427,0.7842442989349365,0.7842442989349365,0.5987635850906372,1.0198512077331543,0.7295525670051575,0.5996999740600586
684,136849,0.888488233089447,0.888488233089447,,,,,,,
684,136899,0.743108332157135,0.743108332157135,,,,,,,
684,136949,0.6874282360076904,0.6874282360076904,,,,,,,
684,136999,0.8417807817459106,0.8417807817459106,,,,,,,
684,136999,,,0.4670601487159729,0.7839332818984985,0.7839332818984985,0.5979443192481995,1.019423246383667,0.7288212180137634,0.5906097888946533
685,137049,0.7829623222351074,0.7829623222351074,,,,,,,
685,137099,0.7121626734733582,0.7121626734733582,,,,,,,
685,137149,0.7873587608337402,0.7873587608337402,,,,,,,
685,137199,0.7843722105026245,0.7843722105026245,,,,,,,
685,137199,,,0.46940314769744873,0.7817509770393372,0.7817509770393372,0.5983359813690186,1.0104049444198608,0.7278764843940735,0.5922106504440308
686,137249,0.8034639954566956,0.8034639954566956,,,,,,,
686,137299,0.7853729724884033,0.7853729724884033,,,,,,,
686,137349,0.7837381958961487,0.7837381958961487,,,,,,,
686,137399,0.8995485305786133,0.8995485305786133,,,,,,,
686,137399,,,0.47413763403892517,0.7849121689796448,0.7849121689796448,0.602898120880127,1.0119564533233643,0.731681227684021,0.5990662574768066
687,137449,0.7392881512641907,0.7392881512641907,,,,,,,
687,137499,0.764040470123291,0.764040470123291,,,,,,,
687,137549,0.7025107145309448,0.7025107145309448,,,,,,,
687,137599,0.7468302845954895,0.7468302845954895,,,,,,,
687,137599,,,0.4746573865413666,0.7785311937332153,0.7785311937332153,0.5928127765655518,1.006309151649475,0.7275885939598083,0.5994868874549866
688,137649,0.8784363269805908,0.8784363269805908,,,,,,,
688,137699,0.7268967628479004,0.7268967628479004,,,,,,,
688,137749,0.8301013708114624,0.8301013708114624,,,,,,,
688,137799,0.8784533739089966,0.8784533739089966,,,,,,,
688,137799,,,0.4665555953979492,0.7765423655509949,0.7765423655509949,0.5917698740959167,1.011049747467041,0.7310795783996582,0.5928877592086792
689,137849,0.8407322764396667,0.8407322764396667,,,,,,,
689,137899,0.7736822366714478,0.7736822366714478,,,,,,,
689,137949,0.7237136363983154,0.7237136363983154,,,,,,,
689,137999,0.8317831754684448,0.8317831754684448,,,,,,,
689,137999,,,0.4709664583206177,0.7820760607719421,0.7820760607719421,0.5964118242263794,0.9889355897903442,0.7250970005989075,0.6046878695487976
690,138049,0.6950095891952515,0.6950095891952515,,,,,,,
690,138099,0.7803045511245728,0.7803045511245728,,,,,,,
690,138149,0.7747231125831604,0.7747231125831604,,,,,,,
690,138199,0.8017052412033081,0.8017052412033081,,,,,,,
690,138199,,,0.46953803300857544,0.7810757160186768,0.7810757160186768,0.5930618047714233,0.9976309537887573,0.7287535071372986,0.6014648079872131
691,138249,0.8251989483833313,0.8251989483833313,,,,,,,
691,138299,0.7436698079109192,0.7436698079109192,,,,,,,
691,138349,0.8562766313552856,0.8562766313552856,,,,,,,
691,138399,0.7202072143554688,0.7202072143554688,,,,,,,
691,138399,,,0.46555089950561523,0.782207727432251,0.782207727432251,0.5981584191322327,1.0299813747406006,0.7295251488685608,0.5798419713973999
692,138449,0.770464301109314,0.770464301109314,,,,,,,
692,138499,0.7370024919509888,0.7370024919509888,,,,,,,
692,138549,0.813414990901947,0.813414990901947,,,,,,,
692,138599,0.7070978879928589,0.7070978879928589,,,,,,,
692,138599,,,0.47337448596954346,0.7784009575843811,0.7784009575843811,0.5954444408416748,1.0171993970870972,0.7302625179290771,0.5920788049697876
693,138649,0.6982172131538391,0.6982172131538391,,,,,,,
693,138699,0.7309672832489014,0.7309672832489014,,,,,,,
693,138749,0.6897827386856079,0.6897827386856079,,,,,,,
693,138799,0.7211436033248901,0.7211436033248901,,,,,,,
693,138799,,,0.46737515926361084,0.7783647775650024,0.7783647775650024,0.5893599390983582,1.0185270309448242,0.7264838814735413,0.5868832468986511
694,138849,0.755661129951477,0.755661129951477,,,,,,,
694,138899,0.7156834602355957,0.7156834602355957,,,,,,,
694,138949,0.7577605843544006,0.7577605843544006,,,,,,,
694,138999,0.766590416431427,0.766590416431427,,,,,,,
694,138999,,,0.46900901198387146,0.7754958271980286,0.7754958271980286,0.5889475345611572,1.0038659572601318,0.7249246835708618,0.5922642946243286
695,139049,0.8073661923408508,0.8073661923408508,,,,,,,
695,139099,0.7724772691726685,0.7724772691726685,,,,,,,
695,139149,0.7502323985099792,0.7502323985099792,,,,,,,
695,139199,0.8279559016227722,0.8279559016227722,,,,,,,
695,139199,,,0.4681587815284729,0.7826133966445923,0.7826133966445923,0.5984839200973511,1.0013610124588013,0.7297875285148621,0.600510835647583
696,139249,0.8495754599571228,0.8495754599571228,,,,,,,
696,139299,0.8304194808006287,0.8304194808006287,,,,,,,
696,139349,0.7383449077606201,0.7383449077606201,,,,,,,
696,139399,0.7401134371757507,0.7401134371757507,,,,,,,
696,139399,,,0.4694826602935791,0.7757136225700378,0.7757136225700378,0.5974600315093994,1.0053352117538452,0.7310627102851868,0.5986183881759644
697,139449,0.6683678030967712,0.6683678030967712,,,,,,,
697,139499,0.8226554989814758,0.8226554989814758,,,,,,,
697,139549,0.7040359973907471,0.7040359973907471,,,,,,,
697,139599,0.7079952955245972,0.7079952955245972,,,,,,,
697,139599,,,0.4683178961277008,0.777833878993988,0.777833878993988,0.5934068560600281,1.005391001701355,0.7266708016395569,0.5946460366249084
698,139649,0.7447487115859985,0.7447487115859985,,,,,,,
698,139699,0.8290759921073914,0.8290759921073914,,,,,,,
698,139749,0.7392634153366089,0.7392634153366089,,,,,,,
698,139799,0.7726491093635559,0.7726491093635559,,,,,,,
698,139799,,,0.471287339925766,0.7815055251121521,0.7815055251121521,0.588938295841217,1.0008519887924194,0.7274886965751648,0.5987266898155212
699,139849,0.7946957349777222,0.7946957349777222,,,,,,,
699,139899,0.7645946145057678,0.7645946145057678,,,,,,,
699,139949,0.8382311463356018,0.8382311463356018,,,,,,,
699,139999,0.8261975049972534,0.8261975049972534,,,,,,,
699,139999,,,0.4742380380630493,0.7808231711387634,0.7808231711387634,0.5977767705917358,1.0018638372421265,0.7299588322639465,0.6032875776290894
700,140049,0.7901670932769775,0.7901670932769775,,,,,,,
700,140099,0.7788408994674683,0.7788408994674683,,,,,,,
700,140149,0.7317332625389099,0.7317332625389099,,,,,,,
700,140199,0.7443786263465881,0.7443786263465881,,,,,,,
700,140199,,,0.4720062017440796,0.7791800498962402,0.7791800498962402,0.5941287279129028,1.0141369104385376,0.7293215990066528,0.5921393036842346
701,140249,0.722335696220398,0.722335696220398,,,,,,,
701,140299,0.7901532053947449,0.7901532053947449,,,,,,,
701,140349,0.7408728003501892,0.7408728003501892,,,,,,,
701,140399,0.7972843050956726,0.7972843050956726,,,,,,,
701,140399,,,0.4675824046134949,0.7742510437965393,0.7742510437965393,0.5918927192687988,1.0168465375900269,0.7297547459602356,0.5884782671928406
702,140449,0.713799238204956,0.713799238204956,,,,,,,
702,140499,0.7194424271583557,0.7194424271583557,,,,,,,
702,140549,0.8058609962463379,0.8058609962463379,,,,,,,
702,140599,0.7886435985565186,0.7886435985565186,,,,,,,
702,140599,,,0.4715370237827301,0.7776486873626709,0.7776486873626709,0.5925968289375305,1.0087088346481323,0.7282527685165405,0.6027243733406067
703,140649,0.6868889331817627,0.6868889331817627,,,,,,,
703,140699,0.7673469185829163,0.7673469185829163,,,,,,,
703,140749,0.89781653881073,0.89781653881073,,,,,,,
703,140799,0.7593554854393005,0.7593554854393005,,,,,,,
703,140799,,,0.47077006101608276,0.7776011228561401,0.7776011228561401,0.5941475629806519,1.0028425455093384,0.7274162173271179,0.6017776131629944
704,140849,0.7673259377479553,0.7673259377479553,,,,,,,
704,140899,0.884248673915863,0.884248673915863,,,,,,,
704,140949,0.779438853263855,0.779438853263855,,,,,,,
704,140999,0.7383424043655396,0.7383424043655396,,,,,,,
704,140999,,,0.47134870290756226,0.7718473672866821,0.7718473672866821,0.5906506180763245,1.0020604133605957,0.7228336334228516,0.5979586243629456
705,141049,0.7157769203186035,0.7157769203186035,,,,,,,
705,141099,0.7746697664260864,0.7746697664260864,,,,,,,
705,141149,0.852042019367218,0.852042019367218,,,,,,,
705,141199,0.7516586780548096,0.7516586780548096,,,,,,,
705,141199,,,0.46797773241996765,0.7747005820274353,0.7747005820274353,0.5892435908317566,1.0063109397888184,0.7254956364631653,0.5971582531929016
706,141249,0.7689008712768555,0.7689008712768555,,,,,,,
706,141299,0.7718225717544556,0.7718225717544556,,,,,,,
706,141349,0.738338053226471,0.738338053226471,,,,,,,
706,141399,0.834685742855072,0.834685742855072,,,,,,,
706,141399,,,0.47520363330841064,0.7772226333618164,0.7772226333618164,0.594201385974884,0.99704909324646,0.7290997505187988,0.6037896275520325
707,141449,0.7540173530578613,0.7540173530578613,,,,,,,
707,141499,0.8927705883979797,0.8927705883979797,,,,,,,
707,141549,0.7842941284179688,0.7842941284179688,,,,,,,
707,141599,0.6789817810058594,0.6789817810058594,,,,,,,
707,141599,,,0.4665108323097229,0.7731224894523621,0.7731224894523621,0.5920824408531189,1.0058989524841309,0.7293369770050049,0.5923351645469666
708,141649,0.846413254737854,0.846413254737854,,,,,,,
708,141699,0.8326712846755981,0.8326712846755981,,,,,,,
708,141749,0.8124251961708069,0.8124251961708069,,,,,,,
708,141799,0.8429253697395325,0.8429253697395325,,,,,,,
708,141799,,,0.46933677792549133,0.7750909924507141,0.7750909924507141,0.5921179056167603,0.983721911907196,0.7250811457633972,0.6120754480361938
709,141849,0.7243655323982239,0.7243655323982239,,,,,,,
709,141899,0.7571375966072083,0.7571375966072083,,,,,,,
709,141949,0.669343888759613,0.669343888759613,,,,,,,
709,141999,0.813461422920227,0.813461422920227,,,,,,,
709,141999,,,0.46696004271507263,0.7723254561424255,0.7723254561424255,0.5967996120452881,1.0063161849975586,0.7286548614501953,0.593300461769104
710,142049,0.7480326294898987,0.7480326294898987,,,,,,,
710,142099,0.8002737164497375,0.8002737164497375,,,,,,,
710,142149,0.7653740644454956,0.7653740644454956,,,,,,,
710,142199,0.7642901539802551,0.7642901539802551,,,,,,,
710,142199,,,0.4676339626312256,0.7730602622032166,0.7730602622032166,0.5889502763748169,1.0064531564712524,0.7241652607917786,0.5971424579620361
711,142249,0.8179901242256165,0.8179901242256165,,,,,,,
711,142299,0.7237992286682129,0.7237992286682129,,,,,,,
711,142349,0.8023664951324463,0.8023664951324463,,,,,,,
711,142399,0.7608775496482849,0.7608775496482849,,,,,,,
711,142399,,,0.47423312067985535,0.7792544364929199,0.7792544364929199,0.5905327200889587,1.0038566589355469,0.7289160490036011,0.5986686944961548
712,142449,0.7678292393684387,0.7678292393684387,,,,,,,
712,142499,0.792417049407959,0.792417049407959,,,,,,,
712,142549,0.7404943704605103,0.7404943704605103,,,,,,,
712,142599,0.7720844745635986,0.7720844745635986,,,,,,,
712,142599,,,0.46686482429504395,0.7734458446502686,0.7734458446502686,0.594323456287384,0.9957764744758606,0.7288194298744202,0.6018717885017395
713,142649,0.7314497232437134,0.7314497232437134,,,,,,,
713,142699,0.8053837418556213,0.8053837418556213,,,,,,,
713,142749,0.7729288935661316,0.7729288935661316,,,,,,,
713,142799,0.7322852611541748,0.7322852611541748,,,,,,,
713,142799,,,0.4641125500202179,0.7737097144126892,0.7737097144126892,0.5966923832893372,1.0209097862243652,0.7309976816177368,0.5867383480072021
714,142849,0.8284034132957458,0.8284034132957458,,,,,,,
714,142899,0.7140800952911377,0.7140800952911377,,,,,,,
714,142949,0.8373160362243652,0.8373160362243652,,,,,,,
714,142999,0.7356418967247009,0.7356418967247009,,,,,,,
714,142999,,,0.46866658329963684,0.7717535495758057,0.7717535495758057,0.5892497301101685,0.9964221715927124,0.7272048592567444,0.6027686595916748
715,143049,0.8309512734413147,0.8309512734413147,,,,,,,
715,143099,0.7604357004165649,0.7604357004165649,,,,,,,
715,143149,0.7177020907402039,0.7177020907402039,,,,,,,
715,143199,0.6990926861763,0.6990926861763,,,,,,,
715,143199,,,0.47017115354537964,0.7803813815116882,0.7803813815116882,0.5972462296485901,0.9965437054634094,0.7289267182350159,0.6074561476707458
716,143249,0.8121774792671204,0.8121774792671204,,,,,,,
716,143299,0.7971253395080566,0.7971253395080566,,,,,,,
716,143349,0.7405144572257996,0.7405144572257996,,,,,,,
716,143399,0.7203264832496643,0.7203264832496643,,,,,,,
716,143399,,,0.467386931180954,0.772002637386322,0.772002637386322,0.585624635219574,0.9897183179855347,0.7260202765464783,0.6046057939529419
717,143449,0.7552962303161621,0.7552962303161621,,,,,,,
717,143499,0.7347586750984192,0.7347586750984192,,,,,,,
717,143549,0.7994347810745239,0.7994347810745239,,,,,,,
717,143599,0.7319188117980957,0.7319188117980957,,,,,,,
717,143599,,,0.4724655747413635,0.77784663438797,0.77784663438797,0.5963917970657349,1.0047242641448975,0.7314879894256592,0.5950452089309692
718,143649,0.8096679449081421,0.8096679449081421,,,,,,,
718,143699,0.7682465314865112,0.7682465314865112,,,,,,,
718,143749,0.7128196954727173,0.7128196954727173,,,,,,,
718,143799,0.8678756952285767,0.8678756952285767,,,,,,,
718,143799,,,0.4665747880935669,0.7747025489807129,0.7747025489807129,0.5883939266204834,1.0105695724487305,0.7291610240936279,0.5919157862663269
719,143849,0.7186871767044067,0.7186871767044067,,,,,,,
719,143899,0.8027769327163696,0.8027769327163696,,,,,,,
719,143949,0.7404736280441284,0.7404736280441284,,,,,,,
719,143999,0.7839577794075012,0.7839577794075012,,,,,,,
719,143999,,,0.47254741191864014,0.7794009447097778,0.7794009447097778,0.5933703184127808,0.9915142059326172,0.7331506013870239,0.6118780970573425
720,144049,0.8126171231269836,0.8126171231269836,,,,,,,
720,144099,0.7748489379882812,0.7748489379882812,,,,,,,
720,144149,0.7342489957809448,0.7342489957809448,,,,,,,
720,144199,0.7238499522209167,0.7238499522209167,,,,,,,
720,144199,,,0.4654209613800049,0.7735600471496582,0.7735600471496582,0.5917374491691589,1.0113648176193237,0.7272074818611145,0.5910114645957947
721,144249,0.7775816917419434,0.7775816917419434,,,,,,,
721,144299,0.7716546058654785,0.7716546058654785,,,,,,,
721,144349,0.7335506081581116,0.7335506081581116,,,,,,,
721,144399,0.8619053959846497,0.8619053959846497,,,,,,,
721,144399,,,0.4687705636024475,0.7755051851272583,0.7755051851272583,0.602066695690155,1.0142312049865723,0.7273895144462585,0.5899502635002136
722,144449,0.7707405090332031,0.7707405090332031,,,,,,,
722,144499,0.8089191317558289,0.8089191317558289,,,,,,,
722,144549,0.7082946300506592,0.7082946300506592,,,,,,,
722,144599,0.7792420387268066,0.7792420387268066,,,,,,,
722,144599,,,0.46665140986442566,0.7741852402687073,0.7741852402687073,0.588559091091156,1.015526533126831,0.7249512672424316,0.5907074213027954
723,144649,0.774368405342102,0.774368405342102,,,,,,,
723,144699,0.709905743598938,0.709905743598938,,,,,,,
723,144749,0.8381370306015015,0.8381370306015015,,,,,,,
723,144799,0.7059850096702576,0.7059850096702576,,,,,,,
723,144799,,,0.46366623044013977,0.771803081035614,0.771803081035614,0.5860874056816101,0.9983969330787659,0.7269973754882812,0.5985478162765503
724,144849,0.7296857237815857,0.7296857237815857,,,,,,,
724,144899,0.7942561507225037,0.7942561507225037,,,,,,,
724,144949,0.7721853256225586,0.7721853256225586,,,,,,,
724,144999,0.7131441831588745,0.7131441831588745,,,,,,,
724,144999,,,0.4678927958011627,0.771480917930603,0.771480917930603,0.5919956564903259,0.999796450138092,0.7291226387023926,0.5938960909843445
725,145049,0.7634996771812439,0.7634996771812439,,,,,,,
725,145099,0.7561884522438049,0.7561884522438049,,,,,,,
725,145149,0.7430625557899475,0.7430625557899475,,,,,,,
725,145199,0.7665964365005493,0.7665964365005493,,,,,,,
725,145199,,,0.462407648563385,0.7744938135147095,0.7744938135147095,0.5937951803207397,1.0101791620254517,0.728052020072937,0.5917953848838806
726,145249,0.7546508312225342,0.7546508312225342,,,,,,,
726,145299,0.7328173518180847,0.7328173518180847,,,,,,,
726,145349,0.6775723099708557,0.6775723099708557,,,,,,,
726,145399,0.8298522233963013,0.8298522233963013,,,,,,,
726,145399,,,0.4686809182167053,0.7769306302070618,0.7769306302070618,0.5945651531219482,0.9974189400672913,0.7287022471427917,0.6022908091545105
727,145449,0.8612860441207886,0.8612860441207886,,,,,,,
727,145499,0.7383021116256714,0.7383021116256714,,,,,,,
727,145549,0.7683010697364807,0.7683010697364807,,,,,,,
727,145599,0.7524410486221313,0.7524410486221313,,,,,,,
727,145599,,,0.46848243474960327,0.771692156791687,0.771692156791687,0.5909832119941711,1.0064876079559326,0.7266594171524048,0.5963477492332458
728,145649,0.7572128176689148,0.7572128176689148,,,,,,,
728,145699,0.6623389720916748,0.6623389720916748,,,,,,,
728,145749,0.7390766143798828,0.7390766143798828,,,,,,,
728,145799,0.786175012588501,0.786175012588501,,,,,,,
728,145799,,,0.46512097120285034,0.7727307677268982,0.7727307677268982,0.5900459885597229,1.0069926977157593,0.7262844443321228,0.5901377201080322
729,145849,0.7439699172973633,0.7439699172973633,,,,,,,
729,145899,0.8470419645309448,0.8470419645309448,,,,,,,
729,145949,0.7870931625366211,0.7870931625366211,,,,,,,
729,145999,0.832239031791687,0.832239031791687,,,,,,,
729,145999,,,0.4635833501815796,0.7698110342025757,0.7698110342025757,0.5976340770721436,1.0111050605773926,0.7267318367958069,0.5905255675315857
730,146049,0.8390381932258606,0.8390381932258606,,,,,,,
730,146099,0.744810163974762,0.744810163974762,,,,,,,
730,146149,0.7488757371902466,0.7488757371902466,,,,,,,
730,146199,0.8611683249473572,0.8611683249473572,,,,,,,
730,146199,,,0.46566474437713623,0.7718660235404968,0.7718660235404968,0.5958535671234131,1.008213758468628,0.7304432988166809,0.5949771404266357
731,146249,0.801016628742218,0.801016628742218,,,,,,,
731,146299,0.7774690985679626,0.7774690985679626,,,,,,,
731,146349,0.8396714329719543,0.8396714329719543,,,,,,,
731,146399,0.7217151522636414,0.7217151522636414,,,,,,,
731,146399,,,0.46903276443481445,0.7747372388839722,0.7747372388839722,0.5959274768829346,1.0014426708221436,0.7305719256401062,0.5979191660881042
732,146449,0.7727376222610474,0.7727376222610474,,,,,,,
732,146499,0.748481035232544,0.748481035232544,,,,,,,
732,146549,0.7344905734062195,0.7344905734062195,,,,,,,
732,146599,0.7794284224510193,0.7794284224510193,,,,,,,
732,146599,,,0.46814846992492676,0.7764728665351868,0.7764728665351868,0.5883662104606628,0.9988855123519897,0.7288686633110046,0.5989547371864319
733,146649,0.7370057106018066,0.7370057106018066,,,,,,,
733,146699,0.8761625289916992,0.8761625289916992,,,,,,,
733,146749,0.7398121356964111,0.7398121356964111,,,,,,,
733,146799,0.7499716281890869,0.7499716281890869,,,,,,,
733,146799,,,0.46537211537361145,0.776253879070282,0.776253879070282,0.5969356894493103,1.004212498664856,0.7260797619819641,0.5990586280822754
734,146849,0.8376896977424622,0.8376896977424622,,,,,,,
734,146899,0.7947107553482056,0.7947107553482056,,,,,,,
734,146949,0.6962192058563232,0.6962192058563232,,,,,,,
734,146999,0.8028170466423035,0.8028170466423035,,,,,,,
734,146999,,,0.46650052070617676,0.775459885597229,0.775459885597229,0.5884729027748108,1.0173944234848022,0.7265006303787231,0.5875270962715149
735,147049,0.8057022094726562,0.8057022094726562,,,,,,,
735,147099,0.7514995336532593,0.7514995336532593,,,,,,,
735,147149,0.7890282869338989,0.7890282869338989,,,,,,,
735,147199,0.8350016474723816,0.8350016474723816,,,,,,,
735,147199,,,0.46720895171165466,0.7753641605377197,0.7753641605377197,0.5972371101379395,0.9937873482704163,0.7289263606071472,0.6064081788063049
736,147249,0.7421996593475342,0.7421996593475342,,,,,,,
736,147299,0.7499286532402039,0.7499286532402039,,,,,,,
736,147349,0.8324936032295227,0.8324936032295227,,,,,,,
736,147399,0.7602428793907166,0.7602428793907166,,,,,,,
736,147399,,,0.46356096863746643,0.7701311111450195,0.7701311111450195,0.590912401676178,1.0086475610733032,0.7261891961097717,0.589521586894989
737,147449,0.7417925000190735,0.7417925000190735,,,,,,,
737,147499,0.8271008133888245,0.8271008133888245,,,,,,,
737,147549,0.6892962455749512,0.6892962455749512,,,,,,,
737,147599,0.7719233632087708,0.7719233632087708,,,,,,,
737,147599,,,0.465533047914505,0.7745903134346008,0.7745903134346008,0.5963499546051025,1.008236050605774,0.7288116812705994,0.5960018038749695
738,147649,0.7177115678787231,0.7177115678787231,,,,,,,
738,147699,0.7867514491081238,0.7867514491081238,,,,,,,
738,147749,0.7404679656028748,0.7404679656028748,,,,,,,
738,147799,0.7504221796989441,0.7504221796989441,,,,,,,
738,147799,,,0.4643669128417969,0.7700263857841492,0.7700263857841492,0.5899770855903625,0.998720109462738,0.7254184484481812,0.598220705986023
739,147849,0.7396034002304077,0.7396034002304077,,,,,,,
739,147899,0.8373039364814758,0.8373039364814758,,,,,,,
739,147949,0.742118775844574,0.742118775844574,,,,,,,
739,147999,0.8144121170043945,0.8144121170043945,,,,,,,
739,147999,,,0.46820658445358276,0.7710806131362915,0.7710806131362915,0.588826596736908,0.9929373860359192,0.7258841395378113,0.6043581962585449
740,148049,0.7121949195861816,0.7121949195861816,,,,,,,
740,148099,0.805111289024353,0.805111289024353,,,,,,,
740,148149,0.8012592196464539,0.8012592196464539,,,,,,,
740,148199,0.7608149647712708,0.7608149647712708,,,,,,,
740,148199,,,0.4636823832988739,0.7752798795700073,0.7752798795700073,0.5924274325370789,1.0070103406906128,0.7294929027557373,0.5946329832077026
741,148249,0.8126205205917358,0.8126205205917358,,,,,,,
741,148299,0.6748227477073669,0.6748227477073669,,,,,,,
741,148349,0.8193026185035706,0.8193026185035706,,,,,,,
741,148399,0.7843303084373474,0.7843303084373474,,,,,,,
741,148399,,,0.46724382042884827,0.7732443809509277,0.7732443809509277,0.5873668789863586,0.9970150589942932,0.7310013771057129,0.5961446166038513
742,148449,0.8211466073989868,0.8211466073989868,,,,,,,
742,148499,0.7738287448883057,0.7738287448883057,,,,,,,
742,148549,0.734451413154602,0.734451413154602,,,,,,,
742,148599,0.7534206509590149,0.7534206509590149,,,,,,,
742,148599,,,0.4678611159324646,0.7690545320510864,0.7690545320510864,0.5893368721008301,0.9920527935028076,0.7257646918296814,0.6056549549102783
743,148649,0.7813621759414673,0.7813621759414673,,,,,,,
743,148699,0.7503101229667664,0.7503101229667664,,,,,,,
743,148749,0.7409601211547852,0.7409601211547852,,,,,,,
743,148799,0.851958692073822,0.851958692073822,,,,,,,
743,148799,,,0.46340081095695496,0.7685142755508423,0.7685142755508423,0.5859208703041077,1.0030773878097534,0.7245506048202515,0.5914156436920166
744,148849,0.8156530857086182,0.8156530857086182,,,,,,,
744,148899,0.7616889476776123,0.7616889476776123,,,,,,,
744,148949,0.719232439994812,0.719232439994812,,,,,,,
744,148999,0.8486225008964539,0.8486225008964539,,,,,,,
744,148999,,,0.459919810295105,0.769391655921936,0.769391655921936,0.5880422592163086,1.0024099349975586,0.7215999364852905,0.5906765460968018
745,149049,0.7696051001548767,0.7696051001548767,,,,,,,
745,149099,0.7483093738555908,0.7483093738555908,,,,,,,
745,149149,0.7213971018791199,0.7213971018791199,,,,,,,
745,149199,0.8939390182495117,0.8939390182495117,,,,,,,
745,149199,,,0.4628722667694092,0.7709477543830872,0.7709477543830872,0.5868751406669617,0.9963651299476624,0.7253725528717041,0.595630943775177
746,149249,0.8136663436889648,0.8136663436889648,,,,,,,
746,149299,0.726516842842102,0.726516842842102,,,,,,,
746,149349,0.7519453763961792,0.7519453763961792,,,,,,,
746,149399,0.7520254850387573,0.7520254850387573,,,,,,,
746,149399,,,0.4634205102920532,0.7704631090164185,0.7704631090164185,0.5873641967773438,1.0037921667099,0.7239299416542053,0.5929504036903381
747,149449,0.8354400396347046,0.8354400396347046,,,,,,,
747,149499,0.7619652152061462,0.7619652152061462,,,,,,,
747,149549,0.8329543471336365,0.8329543471336365,,,,,,,
747,149599,0.7239792943000793,0.7239792943000793,,,,,,,
747,149599,,,0.46647214889526367,0.7687596678733826,0.7687596678733826,0.5863495469093323,1.0011595487594604,0.7254711985588074,0.5956397652626038
748,149649,0.7763220071792603,0.7763220071792603,,,,,,,
748,149699,0.7605812549591064,0.7605812549591064,,,,,,,
748,149749,0.6466054320335388,0.6466054320335388,,,,,,,
748,149799,0.7508398294448853,0.7508398294448853,,,,,,,
748,149799,,,0.462224543094635,0.7691472172737122,0.7691472172737122,0.5855613350868225,1.0196776390075684,0.7258889675140381,0.5840619206428528
749,149849,0.7775476574897766,0.7775476574897766,,,,,,,
749,149899,0.7842347025871277,0.7842347025871277,,,,,,,
749,149949,0.7808310985565186,0.7808310985565186,,,,,,,
749,149999,0.7981429100036621,0.7981429100036621,,,,,,,
749,149999,,,0.46311047673225403,0.7671388983726501,0.7671388983726501,0.5885457396507263,0.9920164942741394,0.722367525100708,0.6019830703735352
750,150049,0.7462069392204285,0.7462069392204285,,,,,,,
750,150099,0.8079572916030884,0.8079572916030884,,,,,,,
750,150149,0.8204780220985413,0.8204780220985413,,,,,,,
750,150199,0.6533530354499817,0.6533530354499817,,,,,,,
750,150199,,,0.4614145755767822,0.7673976421356201,0.7673976421356201,0.5875574350357056,1.0077948570251465,0.7268689870834351,0.5950429439544678
751,150249,0.7210707664489746,0.7210707664489746,,,,,,,
751,150299,0.7965686321258545,0.7965686321258545,,,,,,,
751,150349,0.7600487470626831,0.7600487470626831,,,,,,,
751,150399,0.7729114890098572,0.7729114890098572,,,,,,,
751,150399,,,0.46131399273872375,0.7665366530418396,0.7665366530418396,0.5843276977539062,1.00571608543396,0.7261022925376892,0.5904965996742249
752,150449,0.7576652765274048,0.7576652765274048,,,,,,,
752,150499,0.802363395690918,0.802363395690918,,,,,,,
752,150549,0.7746540904045105,0.7746540904045105,,,,,,,
752,150599,0.6836152076721191,0.6836152076721191,,,,,,,
752,150599,,,0.46538153290748596,0.765118420124054,0.765118420124054,0.5852872133255005,1.0083411931991577,0.7239030599594116,0.5937418341636658
753,150649,0.7602584362030029,0.7602584362030029,,,,,,,
753,150699,0.7533018589019775,0.7533018589019775,,,,,,,
753,150749,0.7552183866500854,0.7552183866500854,,,,,,,
753,150799,0.7533240914344788,0.7533240914344788,,,,,,,
753,150799,,,0.4671327471733093,0.7671683430671692,0.7671683430671692,0.5858464241027832,1.0028976202011108,0.7237961888313293,0.5989416241645813
754,150849,0.7946882247924805,0.7946882247924805,,,,,,,
754,150899,0.7727182507514954,0.7727182507514954,,,,,,,
754,150949,0.7793068885803223,0.7793068885803223,,,,,,,
754,150999,0.6900390982627869,0.6900390982627869,,,,,,,
754,150999,,,0.46408310532569885,0.7653170824050903,0.7653170824050903,0.5867211222648621,1.003679633140564,0.724175214767456,0.5949611663818359
755,151049,0.7988139390945435,0.7988139390945435,,,,,,,
755,151099,0.7866336107254028,0.7866336107254028,,,,,,,
755,151149,0.8367227911949158,0.8367227911949158,,,,,,,
755,151199,0.7504904866218567,0.7504904866218567,,,,,,,
755,151199,,,0.4601353108882904,0.7644249200820923,0.7644249200820923,0.5843861103057861,1.01268470287323,0.7239242196083069,0.5889549851417542
756,151249,0.6992049813270569,0.6992049813270569,,,,,,,
756,151299,0.768288791179657,0.768288791179657,,,,,,,
756,151349,0.8339501619338989,0.8339501619338989,,,,,,,
756,151399,0.712142825126648,0.712142825126648,,,,,,,
756,151399,,,0.46268343925476074,0.7628188133239746,0.7628188133239746,0.5855779051780701,0.9946417808532715,0.726440966129303,0.5992697477340698
757,151449,0.7642149925231934,0.7642149925231934,,,,,,,
757,151499,0.7785282135009766,0.7785282135009766,,,,,,,
757,151549,0.7561976313591003,0.7561976313591003,,,,,,,
757,151599,0.6762674450874329,0.6762674450874329,,,,,,,
757,151599,,,0.4592669904232025,0.7644082307815552,0.7644082307815552,0.5825150012969971,0.9977042078971863,0.7251589894294739,0.5930169224739075
758,151649,0.875281035900116,0.875281035900116,,,,,,,
758,151699,0.699194073677063,0.699194073677063,,,,,,,
758,151749,0.7402527332305908,0.7402527332305908,,,,,,,
758,151799,0.7905932068824768,0.7905932068824768,,,,,,,
758,151799,,,0.4620259404182434,0.7676049470901489,0.7676049470901489,0.5871326923370361,0.9973947405815125,0.7248908281326294,0.5957103371620178
759,151849,0.7209768891334534,0.7209768891334534,,,,,,,
759,151899,0.7112285494804382,0.7112285494804382,,,,,,,
759,151949,0.7133448123931885,0.7133448123931885,,,,,,,
759,151999,0.7648801803588867,0.7648801803588867,,,,,,,
759,151999,,,0.45915666222572327,0.7677919864654541,0.7677919864654541,0.5841616988182068,1.0129122734069824,0.7256874442100525,0.5838509798049927
760,152049,0.8101428151130676,0.8101428151130676,,,,,,,
760,152099,0.8677158951759338,0.8677158951759338,,,,,,,
760,152149,0.6950337290763855,0.6950337290763855,,,,,,,
760,152199,0.7783538103103638,0.7783538103103638,,,,,,,
760,152199,,,0.46094638109207153,0.766635537147522,0.766635537147522,0.5910150408744812,1.0001652240753174,0.7259036898612976,0.596187174320221
761,152249,0.8034258484840393,0.8034258484840393,,,,,,,
761,152299,0.7607626914978027,0.7607626914978027,,,,,,,
761,152349,0.7169786691665649,0.7169786691665649,,,,,,,
761,152399,0.6636955738067627,0.6636955738067627,,,,,,,
761,152399,,,0.46101483702659607,0.7701546549797058,0.7701546549797058,0.58876633644104,0.998451292514801,0.7262994050979614,0.5959348082542419
762,152449,0.7372211217880249,0.7372211217880249,,,,,,,
762,152499,0.7299158573150635,0.7299158573150635,,,,,,,
762,152549,0.7474002838134766,0.7474002838134766,,,,,,,
762,152599,0.7759912610054016,0.7759912610054016,,,,,,,
762,152599,,,0.4610211253166199,0.7646257877349854,0.7646257877349854,0.5883088707923889,1.0105185508728027,0.7257275581359863,0.5850461721420288
763,152649,0.8197065591812134,0.8197065591812134,,,,,,,
763,152699,0.8063023686408997,0.8063023686408997,,,,,,,
763,152749,0.7564971446990967,0.7564971446990967,,,,,,,
763,152799,0.7479708790779114,0.7479708790779114,,,,,,,
763,152799,,,0.46112215518951416,0.7659265398979187,0.7659265398979187,0.5885158777236938,1.0107777118682861,0.7257229089736938,0.5898877382278442
764,152849,0.7632747292518616,0.7632747292518616,,,,,,,
764,152899,0.8364214301109314,0.8364214301109314,,,,,,,
764,152949,0.6628322005271912,0.6628322005271912,,,,,,,
764,152999,0.7411839365959167,0.7411839365959167,,,,,,,
764,152999,,,0.46477049589157104,0.7649195790290833,0.7649195790290833,0.5844083428382874,1.0035836696624756,0.7216643691062927,0.5920411348342896
765,153049,0.8389247059822083,0.8389247059822083,,,,,,,
765,153099,0.6981586813926697,0.6981586813926697,,,,,,,
765,153149,0.6366756558418274,0.6366756558418274,,,,,,,
765,153199,0.7763888239860535,0.7763888239860535,,,,,,,
765,153199,,,0.46337640285491943,0.7642165422439575,0.7642165422439575,0.5868297815322876,1.0017775297164917,0.7264238595962524,0.596538245677948
766,153249,0.7164953947067261,0.7164953947067261,,,,,,,
766,153299,0.8210582137107849,0.8210582137107849,,,,,,,
766,153349,0.8100970387458801,0.8100970387458801,,,,,,,
766,153399,0.7828527688980103,0.7828527688980103,,,,,,,
766,153399,,,0.4637337327003479,0.7613158226013184,0.7613158226013184,0.5811787247657776,1.0031541585922241,0.7259114384651184,0.5938462615013123
767,153449,0.8225551247596741,0.8225551247596741,,,,,,,
767,153499,0.6478381752967834,0.6478381752967834,,,,,,,
767,153549,0.6984676122665405,0.6984676122665405,,,,,,,
767,153599,0.7094153165817261,0.7094153165817261,,,,,,,
767,153599,,,0.45967897772789,0.764756977558136,0.764756977558136,0.5851828455924988,1.0023109912872314,0.7247835993766785,0.5920266509056091
768,153649,0.7385650873184204,0.7385650873184204,,,,,,,
768,153699,0.6900184154510498,0.6900184154510498,,,,,,,
768,153749,0.766005277633667,0.766005277633667,,,,,,,
768,153799,0.711654782295227,0.711654782295227,,,,,,,
768,153799,,,0.46265876293182373,0.7625884413719177,0.7625884413719177,0.5822389125823975,0.9955158233642578,0.72520512342453,0.597284734249115
769,153849,0.7435076832771301,0.7435076832771301,,,,,,,
769,153899,0.7639984488487244,0.7639984488487244,,,,,,,
769,153949,0.6829836964607239,0.6829836964607239,,,,,,,
769,153999,0.7201999425888062,0.7201999425888062,,,,,,,
769,153999,,,0.4608786404132843,0.7617942690849304,0.7617942690849304,0.5814387798309326,0.9996411800384521,0.724741518497467,0.5952024459838867
770,154049,0.722951352596283,0.722951352596283,,,,,,,
770,154099,0.7778121829032898,0.7778121829032898,,,,,,,
770,154149,0.8167551159858704,0.8167551159858704,,,,,,,
770,154199,0.7162632942199707,0.7162632942199707,,,,,,,
770,154199,,,0.46237367391586304,0.7632654309272766,0.7632654309272766,0.5857842564582825,1.0038702487945557,0.7235990762710571,0.5914697647094727
771,154249,0.7362179160118103,0.7362179160118103,,,,,,,
771,154299,0.7486782670021057,0.7486782670021057,,,,,,,
771,154349,0.81344074010849,0.81344074010849,,,,,,,
771,154399,0.8060173988342285,0.8060173988342285,,,,,,,
771,154399,,,0.4596171975135803,0.7654244899749756,0.7654244899749756,0.5824989676475525,1.01066255569458,0.7235801815986633,0.5877097845077515
772,154449,0.8376650810241699,0.8376650810241699,,,,,,,
772,154499,0.6875497102737427,0.6875497102737427,,,,,,,
772,154549,0.656648576259613,0.656648576259613,,,,,,,
772,154599,0.6466975212097168,0.6466975212097168,,,,,,,
772,154599,,,0.4611726999282837,0.7662872076034546,0.7662872076034546,0.5861392617225647,1.0072100162506104,0.7264057993888855,0.5900648236274719
773,154649,0.6244661808013916,0.6244661808013916,,,,,,,
773,154699,0.7651533484458923,0.7651533484458923,,,,,,,
773,154749,0.8022232055664062,0.8022232055664062,,,,,,,
773,154799,0.7432859539985657,0.7432859539985657,,,,,,,
773,154799,,,0.45994246006011963,0.7646098136901855,0.7646098136901855,0.5833821296691895,1.0014228820800781,0.7283568382263184,0.5924819707870483
774,154849,0.7428098917007446,0.7428098917007446,,,,,,,
774,154899,0.6824705600738525,0.6824705600738525,,,,,,,
774,154949,0.7592229843139648,0.7592229843139648,,,,,,,
774,154999,0.8574053645133972,0.8574053645133972,,,,,,,
774,154999,,,0.4616977572441101,0.7670655250549316,0.7670655250549316,0.5892698168754578,1.0089925527572632,0.7259096503257751,0.5858607888221741
775,155049,0.769813060760498,0.769813060760498,,,,,,,
775,155099,0.7294766306877136,0.7294766306877136,,,,,,,
775,155149,0.8109752535820007,0.8109752535820007,,,,,,,
775,155199,0.7400417923927307,0.7400417923927307,,,,,,,
775,155199,,,0.4604378342628479,0.7633411884307861,0.7633411884307861,0.5850210189819336,1.001276969909668,0.7245680689811707,0.5945925116539001
776,155249,0.7832339406013489,0.7832339406013489,,,,,,,
776,155299,0.7703525424003601,0.7703525424003601,,,,,,,
776,155349,0.7420996427536011,0.7420996427536011,,,,,,,
776,155399,0.8313223123550415,0.8313223123550415,,,,,,,
776,155399,,,0.4573565721511841,0.7660971879959106,0.7660971879959106,0.586298406124115,1.0080112218856812,0.7265740633010864,0.5888171792030334
777,155449,0.7326237559318542,0.7326237559318542,,,,,,,
777,155499,0.7546207308769226,0.7546207308769226,,,,,,,
777,155549,0.6855514049530029,0.6855514049530029,,,,,,,
777,155599,0.8095391392707825,0.8095391392707825,,,,,,,
777,155599,,,0.4616837203502655,0.7646476030349731,0.7646476030349731,0.5833836197853088,1.0033692121505737,0.7220767140388489,0.5901789665222168
778,155649,0.8018538951873779,0.8018538951873779,,,,,,,
778,155699,0.71638023853302,0.71638023853302,,,,,,,
778,155749,0.7334250807762146,0.7334250807762146,,,,,,,
778,155799,0.7422710061073303,0.7422710061073303,,,,,,,
778,155799,,,0.461112916469574,0.7638252377510071,0.7638252377510071,0.5850478410720825,1.005030870437622,0.724866509437561,0.5918962359428406
779,155849,0.8211236000061035,0.8211236000061035,,,,,,,
779,155899,0.6384449005126953,0.6384449005126953,,,,,,,
779,155949,0.748947024345398,0.748947024345398,,,,,,,
779,155999,0.7154728770256042,0.7154728770256042,,,,,,,
779,155999,,,0.4592650830745697,0.7656610608100891,0.7656610608100891,0.5802250504493713,1.0086578130722046,0.7242905497550964,0.5892037153244019
780,156049,0.6667744517326355,0.6667744517326355,,,,,,,
780,156099,0.7835020422935486,0.7835020422935486,,,,,,,
780,156149,0.7918665409088135,0.7918665409088135,,,,,,,
780,156199,0.7267102599143982,0.7267102599143982,,,,,,,
780,156199,,,0.45919716358184814,0.7650288343429565,0.7650288343429565,0.584588348865509,0.9943596720695496,0.7230668663978577,0.5966761708259583
781,156249,0.8418528437614441,0.8418528437614441,,,,,,,
781,156299,0.7077475786209106,0.7077475786209106,,,,,,,
781,156349,0.8205509781837463,0.8205509781837463,,,,,,,
781,156399,0.748903751373291,0.748903751373291,,,,,,,
781,156399,,,0.4566603899002075,0.7642942070960999,0.7642942070960999,0.587622880935669,1.0050110816955566,0.7254055738449097,0.5935519337654114
782,156449,0.7362049221992493,0.7362049221992493,,,,,,,
782,156499,0.7307490706443787,0.7307490706443787,,,,,,,
782,156549,0.755552351474762,0.755552351474762,,,,,,,
782,156599,0.7917690873146057,0.7917690873146057,,,,,,,
782,156599,,,0.4565786123275757,0.7612486481666565,0.7612486481666565,0.5828508734703064,0.9976542592048645,0.7239310145378113,0.5944565534591675
783,156649,0.7417582869529724,0.7417582869529724,,,,,,,
783,156699,0.8560667037963867,0.8560667037963867,,,,,,,
783,156749,0.7827515602111816,0.7827515602111816,,,,,,,
783,156799,0.8106703758239746,0.8106703758239746,,,,,,,
783,156799,,,0.4628998637199402,0.7661056518554688,0.7661056518554688,0.5847088098526001,1.0008301734924316,0.7253419160842896,0.5956361293792725
784,156849,0.6762439608573914,0.6762439608573914,,,,,,,
784,156899,0.6919410824775696,0.6919410824775696,,,,,,,
784,156949,0.77998948097229,0.77998948097229,,,,,,,
784,156999,0.7787216901779175,0.7787216901779175,,,,,,,
784,156999,,,0.45925337076187134,0.763312578201294,0.763312578201294,0.5836219191551208,0.9978029727935791,0.724132776260376,0.5951288938522339
785,157049,0.8073744773864746,0.8073744773864746,,,,,,,
785,157099,0.847405195236206,0.847405195236206,,,,,,,
785,157149,0.7274552583694458,0.7274552583694458,,,,,,,
785,157199,0.8305745124816895,0.8305745124816895,,,,,,,
785,157199,,,0.45716211199760437,0.7608796954154968,0.7608796954154968,0.5862512588500977,1.0038480758666992,0.7238894104957581,0.5915672183036804
786,157249,0.7140991687774658,0.7140991687774658,,,,,,,
786,157299,0.7863687872886658,0.7863687872886658,,,,,,,
786,157349,0.701188862323761,0.701188862323761,,,,,,,
786,157399,0.8458113670349121,0.8458113670349121,,,,,,,
786,157399,,,0.46115604043006897,0.7631877660751343,0.7631877660751343,0.5841065645217896,0.9926413893699646,0.7249041795730591,0.5984436869621277
787,157449,0.7554064393043518,0.7554064393043518,,,,,,,
787,157499,0.7134854197502136,0.7134854197502136,,,,,,,
787,157549,0.7510870695114136,0.7510870695114136,,,,,,,
787,157599,0.814777672290802,0.814777672290802,,,,,,,
787,157599,,,0.4578396677970886,0.7637196183204651,0.7637196183204651,0.5843968391418457,1.0034385919570923,0.7246263027191162,0.5903558135032654
788,157649,0.7760916948318481,0.7760916948318481,,,,,,,
788,157699,0.8720886707305908,0.8720886707305908,,,,,,,
788,157749,0.6966605186462402,0.6966605186462402,,,,,,,
788,157799,0.7740032076835632,0.7740032076835632,,,,,,,
788,157799,,,0.45897793769836426,0.7610517144203186,0.7610517144203186,0.5875396132469177,1.0042901039123535,0.7251550555229187,0.5892645120620728
789,157849,0.750924289226532,0.750924289226532,,,,,,,
789,157899,0.652705729007721,0.652705729007721,,,,,,,
789,157949,0.7294283509254456,0.7294283509254456,,,,,,,
789,157999,0.7403972148895264,0.7403972148895264,,,,,,,
789,157999,,,0.4601845443248749,0.7612100839614868,0.7612100839614868,0.5823308229446411,1.0076243877410889,0.7248532176017761,0.5936744213104248
790,158049,0.7310661673545837,0.7310661673545837,,,,,,,
790,158099,0.6753124594688416,0.6753124594688416,,,,,,,
790,158149,0.6783875823020935,0.6783875823020935,,,,,,,
790,158199,0.6641026139259338,0.6641026139259338,,,,,,,
790,158199,,,0.457944393157959,0.7651713490486145,0.7651713490486145,0.581696629524231,0.9998409748077393,0.7259581089019775,0.5934827327728271
791,158249,0.7028578519821167,0.7028578519821167,,,,,,,
791,158299,0.7336260080337524,0.7336260080337524,,,,,,,
791,158349,0.6933254599571228,0.6933254599571228,,,,,,,
791,158399,0.7826889753341675,0.7826889753341675,,,,,,,
791,158399,,,0.459670752286911,0.7608263492584229,0.7608263492584229,0.5828250646591187,1.002490758895874,0.7218914031982422,0.5897806286811829
792,158449,0.7929770946502686,0.7929770946502686,,,,,,,
792,158499,0.7285239696502686,0.7285239696502686,,,,,,,
792,158549,0.7044792175292969,0.7044792175292969,,,,,,,
792,158599,0.8621169328689575,0.8621169328689575,,,,,,,
792,158599,,,0.45773229002952576,0.7617690563201904,0.7617690563201904,0.5847432017326355,1.0137178897857666,0.7258985638618469,0.5848966240882874
793,158649,0.7849053144454956,0.7849053144454956,,,,,,,
793,158699,0.7304457426071167,0.7304457426071167,,,,,,,
793,158749,0.6970268487930298,0.6970268487930298,,,,,,,
793,158799,0.7027812600135803,0.7027812600135803,,,,,,,
793,158799,,,0.45816439390182495,0.7615965604782104,0.7615965604782104,0.5839548110961914,1.007102370262146,0.7261016368865967,0.5883551239967346
794,158849,0.748053789138794,0.748053789138794,,,,,,,
794,158899,0.7981235980987549,0.7981235980987549,,,,,,,
794,158949,0.7906290888786316,0.7906290888786316,,,,,,,
794,158999,0.6632775068283081,0.6632775068283081,,,,,,,
794,158999,,,0.4589117765426636,0.7639959454536438,0.7639959454536438,0.5874394178390503,1.008705973625183,0.7248018980026245,0.5883768796920776
795,159049,0.7907306551933289,0.7907306551933289,,,,,,,
795,159099,0.7985828518867493,0.7985828518867493,,,,,,,
795,159149,0.7992896437644958,0.7992896437644958,,,,,,,
795,159199,0.7574526071548462,0.7574526071548462,,,,,,,
795,159199,,,0.45774009823799133,0.7651300430297852,0.7651300430297852,0.5863194465637207,1.0172632932662964,0.72518390417099,0.5835926532745361
796,159249,0.7465723752975464,0.7465723752975464,,,,,,,
796,159299,0.7368820905685425,0.7368820905685425,,,,,,,
796,159349,0.8638465404510498,0.8638465404510498,,,,,,,
796,159399,0.8079424500465393,0.8079424500465393,,,,,,,
796,159399,,,0.46153873205184937,0.7603674530982971,0.7603674530982971,0.5893625020980835,1.0039736032485962,0.7251240611076355,0.5920574069023132
797,159449,0.7547107338905334,0.7547107338905334,,,,,,,
797,159499,0.6757569313049316,0.6757569313049316,,,,,,,
797,159549,0.7707476615905762,0.7707476615905762,,,,,,,
797,159599,0.7826672196388245,0.7826672196388245,,,,,,,
797,159599,,,0.46217748522758484,0.7621232867240906,0.7621232867240906,0.5885896682739258,0.9982869029045105,0.7232016324996948,0.5929135084152222
798,159649,0.7277666330337524,0.7277666330337524,,,,,,,
798,159699,0.7494326233863831,0.7494326233863831,,,,,,,
798,159749,0.8439399003982544,0.8439399003982544,,,,,,,
798,159799,0.7196224331855774,0.7196224331855774,,,,,,,
798,159799,,,0.4581315815448761,0.7592031359672546,0.7592031359672546,0.5796589255332947,1.0003719329833984,0.724963903427124,0.5944048762321472
799,159849,0.7712392807006836,0.7712392807006836,,,,,,,
799,159899,0.6261200904846191,0.6261200904846191,,,,,,,
799,159949,0.7254462838172913,0.7254462838172913,,,,,,,
799,159999,0.7830677628517151,0.7830677628517151,,,,,,,
799,159999,,,0.4562663733959198,0.7584378123283386,0.7584378123283386,0.5809605121612549,1.0027097463607788,0.7232189178466797,0.5903833508491516
800,160049,0.8090851306915283,0.8090851306915283,,,,,,,
800,160099,0.6508610844612122,0.6508610844612122,,,,,,,
800,160149,0.7605530023574829,0.7605530023574829,,,,,,,
800,160199,0.6944133043289185,0.6944133043289185,,,,,,,
800,160199,,,0.45911961793899536,0.7594953775405884,0.7594953775405884,0.5822374820709229,1.003967523574829,0.7241053581237793,0.5905672907829285
801,160249,0.7329428195953369,0.7329428195953369,,,,,,,
801,160299,0.8017816543579102,0.8017816543579102,,,,,,,
801,160349,0.7619065046310425,0.7619065046310425,,,,,,,
801,160399,0.7400895357131958,0.7400895357131958,,,,,,,
801,160399,,,0.46026110649108887,0.7595335841178894,0.7595335841178894,0.5859989523887634,0.9964476227760315,0.7244145274162292,0.593532919883728
802,160449,0.6980074048042297,0.6980074048042297,,,,,,,
802,160499,0.7823260426521301,0.7823260426521301,,,,,,,
802,160549,0.7192550897598267,0.7192550897598267,,,,,,,
802,160599,0.6823124289512634,0.6823124289512634,,,,,,,
802,160599,,,0.4548879563808441,0.7602752447128296,0.7602752447128296,0.5831319093704224,1.0015909671783447,0.7228118181228638,0.5921907424926758
803,160649,0.6500994563102722,0.6500994563102722,,,,,,,
803,160699,0.7253208756446838,0.7253208756446838,,,,,,,
803,160749,0.752008318901062,0.752008318901062,,,,,,,
803,160799,0.6974003314971924,0.6974003314971924,,,,,,,
803,160799,,,0.45736241340637207,0.7602062821388245,0.7602062821388245,0.5810400247573853,0.9976866245269775,0.7211067080497742,0.5938538312911987
804,160849,0.7311206459999084,0.7311206459999084,,,,,,,
804,160899,0.7891972064971924,0.7891972064971924,,,,,,,
804,160949,0.8856447339057922,0.8856447339057922,,,,,,,
804,160999,0.8398402333259583,0.8398402333259583,,,,,,,
804,160999,,,0.45672738552093506,0.7597337961196899,0.7597337961196899,0.5865260362625122,1.011465072631836,0.7234567999839783,0.5869972705841064
805,161049,0.8098472356796265,0.8098472356796265,,,,,,,
805,161099,0.787161648273468,0.787161648273468,,,,,,,
805,161149,0.7139625549316406,0.7139625549316406,,,,,,,
805,161199,0.7338286638259888,0.7338286638259888,,,,,,,
805,161199,,,0.45851022005081177,0.7607762217521667,0.7607762217521667,0.5874056220054626,0.9970225095748901,0.7271699905395508,0.5923810005187988
806,161249,0.7695285081863403,0.7695285081863403,,,,,,,
806,161299,0.8597750663757324,0.8597750663757324,,,,,,,
806,161349,0.686579167842865,0.686579167842865,,,,,,,
806,161399,0.682756245136261,0.682756245136261,,,,,,,
806,161399,,,0.4556865096092224,0.7573932409286499,0.7573932409286499,0.5863293409347534,1.0086593627929688,0.7222367525100708,0.5862312316894531
807,161449,0.7738887667655945,0.7738887667655945,,,,,,,
807,161499,0.6148092746734619,0.6148092746734619,,,,,,,
807,161549,0.7228308320045471,0.7228308320045471,,,,,,,
807,161599,0.7449916005134583,0.7449916005134583,,,,,,,
807,161599,,,0.46202462911605835,0.7616747617721558,0.7616747617721558,0.5812077522277832,1.0018317699432373,0.7235432863235474,0.5919483304023743
808,161649,0.8127338290214539,0.8127338290214539,,,,,,,
808,161699,0.7831591963768005,0.7831591963768005,,,,,,,
808,161749,0.6491600275039673,0.6491600275039673,,,,,,,
808,161799,0.7191550731658936,0.7191550731658936,,,,,,,
808,161799,,,0.45765751600265503,0.7595364451408386,0.7595364451408386,0.5825113654136658,1.00588858127594,0.7224046587944031,0.5894503593444824
809,161849,0.7146418690681458,0.7146418690681458,,,,,,,
809,161899,0.8980060815811157,0.8980060815811157,,,,,,,
809,161949,0.756032407283783,0.756032407283783,,,,,,,
809,161999,0.8620036244392395,0.8620036244392395,,,,,,,
809,161999,,,0.45895153284072876,0.7610373497009277,0.7610373497009277,0.5834762454032898,0.9967249631881714,0.7241908311843872,0.5948946475982666
810,162049,0.7543055415153503,0.7543055415153503,,,,,,,
810,162099,0.745610237121582,0.745610237121582,,,,,,,
810,162149,0.7641383409500122,0.7641383409500122,,,,,,,
810,162199,0.7370544075965881,0.7370544075965881,,,,,,,
810,162199,,,0.4548413157463074,0.7577680945396423,0.7577680945396423,0.5805727243423462,1.001600742340088,0.7248731851577759,0.5904442071914673
811,162249,0.7690852284431458,0.7690852284431458,,,,,,,
811,162299,0.7382735013961792,0.7382735013961792,,,,,,,
811,162349,0.6442816853523254,0.6442816853523254,,,,,,,
811,162399,0.7489585876464844,0.7489585876464844,,,,,,,
811,162399,,,0.45818865299224854,0.7599185109138489,0.7599185109138489,0.5835297703742981,0.9901403784751892,0.7210113406181335,0.5958768725395203
812,162449,0.7959905862808228,0.7959905862808228,,,,,,,
812,162499,0.7149344086647034,0.7149344086647034,,,,,,,
812,162549,0.7762492299079895,0.7762492299079895,,,,,,,
812,162599,0.7699488401412964,0.7699488401412964,,,,,,,
812,162599,,,0.45584091544151306,0.7570246458053589,0.7570246458053589,0.5819211602210999,1.0101696252822876,0.7235968708992004,0.5864171981811523
813,162649,0.7153488397598267,0.7153488397598267,,,,,,,
813,162699,0.7787298560142517,0.7787298560142517,,,,,,,
813,162749,0.7501885294914246,0.7501885294914246,,,,,,,
813,162799,0.7358429431915283,0.7358429431915283,,,,,,,
813,162799,,,0.4553830325603485,0.7597495913505554,0.7597495913505554,0.582980751991272,1.00151526927948,0.7239910960197449,0.5893356800079346
814,162849,0.6878035068511963,0.6878035068511963,,,,,,,
814,162899,0.7207869291305542,0.7207869291305542,,,,,,,
814,162949,0.7219679355621338,0.7219679355621338,,,,,,,
814,162999,0.7601627111434937,0.7601627111434937,,,,,,,
814,162999,,,0.4547332227230072,0.7599303126335144,0.7599303126335144,0.5830751061439514,1.005846619606018,0.7226441502571106,0.5845676064491272
815,163049,0.6692737936973572,0.6692737936973572,,,,,,,
815,163099,0.7399287223815918,0.7399287223815918,,,,,,,
815,163149,0.7671785950660706,0.7671785950660706,,,,,,,
815,163199,0.7479328513145447,0.7479328513145447,,,,,,,
815,163199,,,0.4609702229499817,0.7610609531402588,0.7610609531402588,0.5841590762138367,0.9995869398117065,0.7232113480567932,0.5950231552124023
816,163249,0.8226407170295715,0.8226407170295715,,,,,,,
816,163299,0.7120737433433533,0.7120737433433533,,,,,,,
816,163349,0.7163740992546082,0.7163740992546082,,,,,,,
816,163399,0.7347368597984314,0.7347368597984314,,,,,,,
816,163399,,,0.4585244953632355,0.7580151557922363,0.7580151557922363,0.5853080153465271,1.0012186765670776,0.7217926383018494,0.5927853584289551
817,163449,0.7409189343452454,0.7409189343452454,,,,,,,
817,163499,0.7438129186630249,0.7438129186630249,,,,,,,
817,163549,0.7596560120582581,0.7596560120582581,,,,,,,
817,163599,0.703062117099762,0.703062117099762,,,,,,,
817,163599,,,0.4570130407810211,0.7567410469055176,0.7567410469055176,0.5824817419052124,1.0006097555160522,0.724068284034729,0.5883341431617737
818,163649,0.9086169600486755,0.9086169600486755,,,,,,,
818,163699,0.7697656750679016,0.7697656750679016,,,,,,,
818,163749,0.6436299681663513,0.6436299681663513,,,,,,,
818,163799,0.7704513669013977,0.7704513669013977,,,,,,,
818,163799,,,0.45523014664649963,0.7579919695854187,0.7579919695854187,0.5848026871681213,1.0049976110458374,0.7215127944946289,0.5835773348808289
819,163849,0.6560459733009338,0.6560459733009338,,,,,,,
819,163899,0.7668026685714722,0.7668026685714722,,,,,,,
819,163949,0.6933978796005249,0.6933978796005249,,,,,,,
819,163999,0.7070761919021606,0.7070761919021606,,,,,,,
819,163999,,,0.45427194237709045,0.7581297755241394,0.7581297755241394,0.5802240967750549,0.9991893768310547,0.7218894362449646,0.5931927561759949
820,164049,0.7612164616584778,0.7612164616584778,,,,,,,
820,164099,0.8120241761207581,0.8120241761207581,,,,,,,
820,164149,0.7485809922218323,0.7485809922218323,,,,,,,
820,164199,0.6396504640579224,0.6396504640579224,,,,,,,
820,164199,,,0.45617973804473877,0.7574649453163147,0.7574649453163147,0.5840988755226135,0.9989410638809204,0.7245933413505554,0.5926593542098999
821,164249,0.7016589045524597,0.7016589045524597,,,,,,,
821,164299,0.598527729511261,0.598527729511261,,,,,,,
821,164349,0.8418823480606079,0.8418823480606079,,,,,,,
821,164399,0.7383308410644531,0.7383308410644531,,,,,,,
821,164399,,,0.4571089744567871,0.7576611042022705,0.7576611042022705,0.5816391706466675,0.997558057308197,0.7209891676902771,0.5931611657142639
822,164449,0.7042667269706726,0.7042667269706726,,,,,,,
822,164499,0.7050661444664001,0.7050661444664001,,,,,,,
822,164549,0.7643183469772339,0.7643183469772339,,,,,,,
822,164599,0.6830611228942871,0.6830611228942871,,,,,,,
822,164599,,,0.4544411599636078,0.7593753933906555,0.7593753933906555,0.5838568210601807,1.0084890127182007,0.7223009467124939,0.5849776268005371
823,164649,0.696679413318634,0.696679413318634,,,,,,,
823,164699,0.7166275978088379,0.7166275978088379,,,,,,,
823,164749,0.7227708101272583,0.7227708101272583,,,,,,,
823,164799,0.7194771766662598,0.7194771766662598,,,,,,,
823,164799,,,0.4569862484931946,0.7551742196083069,0.7551742196083069,0.5820502638816833,1.0037294626235962,0.7225896120071411,0.5872118473052979
824,164849,0.683763325214386,0.683763325214386,,,,,,,
824,164899,0.7495433688163757,0.7495433688163757,,,,,,,
824,164949,0.8531118631362915,0.8531118631362915,,,,,,,
824,164999,0.7928714156150818,0.7928714156150818,,,,,,,
824,164999,,,0.4563702940940857,0.7578719258308411,0.7578719258308411,0.5851390361785889,1.008415937423706,0.7209450006484985,0.5874601006507874
825,165049,0.7165875434875488,0.7165875434875488,,,,,,,
825,165099,0.7791197299957275,0.7791197299957275,,,,,,,
825,165149,0.7114512920379639,0.7114512920379639,,,,,,,
825,165199,0.7697982788085938,0.7697982788085938,,,,,,,
825,165199,,,0.4556716978549957,0.7593838572502136,0.7593838572502136,0.5849842429161072,1.0016288757324219,0.7209308743476868,0.5902212858200073
826,165249,0.7933805584907532,0.7933805584907532,,,,,,,
826,165299,0.8003840446472168,0.8003840446472168,,,,,,,
826,165349,0.8196327090263367,0.8196327090263367,,,,,,,
826,165399,0.7424374222755432,0.7424374222755432,,,,,,,
826,165399,,,0.45545855164527893,0.7583770751953125,0.7583770751953125,0.5824718475341797,1.0012390613555908,0.7240999937057495,0.5910691618919373
827,165449,0.6575698256492615,0.6575698256492615,,,,,,,
827,165499,0.7371836304664612,0.7371836304664612,,,,,,,
827,165549,0.7286344766616821,0.7286344766616821,,,,,,,
827,165599,0.7892361283302307,0.7892361283302307,,,,,,,
827,165599,,,0.4562312960624695,0.7541486620903015,0.7541486620903015,0.5858811140060425,1.00443434715271,0.7233952879905701,0.5866516828536987
828,165649,0.7000482678413391,0.7000482678413391,,,,,,,
828,165699,0.7160889506340027,0.7160889506340027,,,,,,,
828,165749,0.7680215835571289,0.7680215835571289,,,,,,,
828,165799,0.843867838382721,0.843867838382721,,,,,,,
828,165799,,,0.4556961953639984,0.7577979564666748,0.7577979564666748,0.5813272595405579,1.0005249977111816,0.7257423400878906,0.5890471935272217
829,165849,0.7047291398048401,0.7047291398048401,,,,,,,
829,165899,0.8020815253257751,0.8020815253257751,,,,,,,
829,165949,0.8019804358482361,0.8019804358482361,,,,,,,
829,165999,0.6990920305252075,0.6990920305252075,,,,,,,
829,165999,,,0.4548308551311493,0.7570730447769165,0.7570730447769165,0.5797321796417236,1.0016037225723267,0.7178007960319519,0.589487612247467
830,166049,0.7061877846717834,0.7061877846717834,,,,,,,
830,166099,0.8137369751930237,0.8137369751930237,,,,,,,
830,166149,0.8047464489936829,0.8047464489936829,,,,,,,
830,166199,0.8043117523193359,0.8043117523193359,,,,,,,
830,166199,,,0.4555559456348419,0.7577943801879883,0.7577943801879883,0.583074688911438,1.0027248859405518,0.7219310402870178,0.5907676219940186
831,166249,0.7551575303077698,0.7551575303077698,,,,,,,
831,166299,0.7321915030479431,0.7321915030479431,,,,,,,
831,166349,0.6825909614562988,0.6825909614562988,,,,,,,
831,166399,0.7473647594451904,0.7473647594451904,,,,,,,
831,166399,,,0.4556782841682434,0.7555645704269409,0.7555645704269409,0.5841460824012756,1.0021709203720093,0.7234432101249695,0.5907405018806458
832,166449,0.6690269112586975,0.6690269112586975,,,,,,,
832,166499,0.8278433084487915,0.8278433084487915,,,,,,,
832,166549,0.7907511591911316,0.7907511591911316,,,,,,,
832,166599,0.7425655126571655,0.7425655126571655,,,,,,,
832,166599,,,0.4540134072303772,0.7571669220924377,0.7571669220924377,0.5815723538398743,1.0065029859542847,0.7250474691390991,0.5853134393692017
833,166649,0.8165091872215271,0.8165091872215271,,,,,,,
833,166699,0.7570641040802002,0.7570641040802002,,,,,,,
833,166749,0.7507818937301636,0.7507818937301636,,,,,,,
833,166799,0.7336464524269104,0.7336464524269104,,,,,,,
833,166799,,,0.4545333683490753,0.7572872638702393,0.7572872638702393,0.5855757594108582,1.0036531686782837,0.7223730087280273,0.5873398780822754
834,166849,0.6999034285545349,0.6999034285545349,,,,,,,
834,166899,0.8487581610679626,0.8487581610679626,,,,,,,
834,166949,0.7533717155456543,0.7533717155456543,,,,,,,
834,166999,0.8259629011154175,0.8259629011154175,,,,,,,
834,166999,,,0.45239633321762085,0.7560201287269592,0.7560201287269592,0.5849393010139465,0.9939035773277283,0.7194001078605652,0.5924933552742004
835,167049,0.7217722535133362,0.7217722535133362,,,,,,,
835,167099,0.7947471141815186,0.7947471141815186,,,,,,,
835,167149,0.6825814247131348,0.6825814247131348,,,,,,,
835,167199,0.7015467286109924,0.7015467286109924,,,,,,,
835,167199,,,0.45351722836494446,0.7559182643890381,0.7559182643890381,0.5816070437431335,1.003247618675232,0.7233362197875977,0.5895243883132935
836,167249,0.7687243819236755,0.7687243819236755,,,,,,,
836,167299,0.8299236297607422,0.8299236297607422,,,,,,,
836,167349,0.8638904690742493,0.8638904690742493,,,,,,,
836,167399,0.8613598942756653,0.8613598942756653,,,,,,,
836,167399,,,0.4577716886997223,0.7540122270584106,0.7540122270584106,0.5817665457725525,0.9963668584823608,0.7226923704147339,0.5920932292938232
837,167449,0.8053138256072998,0.8053138256072998,,,,,,,
837,167499,0.6766385436058044,0.6766385436058044,,,,,,,
837,167549,0.8391180038452148,0.8391180038452148,,,,,,,
837,167599,0.7305085062980652,0.7305085062980652,,,,,,,
837,167599,,,0.4546718895435333,0.7542691826820374,0.7542691826820374,0.5843614935874939,1.0024036169052124,0.7256171107292175,0.5897527933120728
838,167649,0.757708728313446,0.757708728313446,,,,,,,
838,167699,0.7786393165588379,0.7786393165588379,,,,,,,
838,167749,0.7945326566696167,0.7945326566696167,,,,,,,
838,167799,0.6923763751983643,0.6923763751983643,,,,,,,
838,167799,,,0.4526766240596771,0.7541243433952332,0.7541243433952332,0.5835118293762207,1.006854772567749,0.7249637842178345,0.5861502885818481
839,167849,0.7512091398239136,0.7512091398239136,,,,,,,
839,167899,0.783180832862854,0.783180832862854,,,,,,,
839,167949,0.8703193068504333,0.8703193068504333,,,,,,,
839,167999,0.7262299656867981,0.7262299656867981,,,,,,,
839,167999,,,0.45551592111587524,0.7532243132591248,0.7532243132591248,0.5799172520637512,1.00315523147583,0.7232187390327454,0.5922487378120422
840,168049,0.650443971157074,0.650443971157074,,,,,,,
840,168099,0.789925754070282,0.789925754070282,,,,,,,
840,168149,0.7849905490875244,0.7849905490875244,,,,,,,
840,168199,0.7658277750015259,0.7658277750015259,,,,,,,
840,168199,,,0.4598453640937805,0.7544583082199097,0.7544583082199097,0.584568202495575,0.9954748153686523,0.720780611038208,0.5949047207832336
841,168249,0.7663850784301758,0.7663850784301758,,,,,,,
841,168299,0.7724819183349609,0.7724819183349609,,,,,,,
841,168349,0.7679358720779419,0.7679358720779419,,,,,,,
841,168399,0.6642946600914001,0.6642946600914001,,,,,,,
841,168399,,,0.45434412360191345,0.7554770112037659,0.7554770112037659,0.583183765411377,1.003528356552124,0.7277212142944336,0.5899203419685364
842,168449,0.7403419613838196,0.7403419613838196,,,,,,,
842,168499,0.6572489142417908,0.6572489142417908,,,,,,,
842,168549,0.6633168458938599,0.6633168458938599,,,,,,,
842,168599,0.7155143618583679,0.7155143618583679,,,,,,,
842,168599,,,0.45710888504981995,0.7545092105865479,0.7545092105865479,0.580595850944519,1.000656247138977,0.7235788702964783,0.5903450846672058
843,168649,0.6785888671875,0.6785888671875,,,,,,,
843,168699,0.7399645447731018,0.7399645447731018,,,,,,,
843,168749,0.7549029588699341,0.7549029588699341,,,,,,,
843,168799,0.791121780872345,0.791121780872345,,,,,,,
843,168799,,,0.4574130177497864,0.7543409466743469,0.7543409466743469,0.5781154036521912,0.9970336556434631,0.7221481204032898,0.5900394320487976
844,168849,0.7918567657470703,0.7918567657470703,,,,,,,
844,168899,0.7631601691246033,0.7631601691246033,,,,,,,
844,168949,0.7241414189338684,0.7241414189338684,,,,,,,
844,168999,0.7605753540992737,0.7605753540992737,,,,,,,
844,168999,,,0.4583609104156494,0.7560950517654419,0.7560950517654419,0.5796657800674438,1.0009280443191528,0.7221250534057617,0.5897417664527893
845,169049,0.7138169407844543,0.7138169407844543,,,,,,,
845,169099,0.7231486439704895,0.7231486439704895,,,,,,,
845,169149,0.7159689664840698,0.7159689664840698,,,,,,,
845,169199,0.8026373982429504,0.8026373982429504,,,,,,,
845,169199,,,0.4564017057418823,0.7551463842391968,0.7551463842391968,0.5790743827819824,0.9987756609916687,0.7209471464157104,0.5918909311294556
846,169249,0.7862861156463623,0.7862861156463623,,,,,,,
846,169299,0.6994097232818604,0.6994097232818604,,,,,,,
846,169349,0.7039783000946045,0.7039783000946045,,,,,,,
846,169399,0.6972580552101135,0.6972580552101135,,,,,,,
846,169399,,,0.45341047644615173,0.7533069252967834,0.7533069252967834,0.5811486840248108,1.0048089027404785,0.7230605483055115,0.5861645340919495
847,169449,0.7602437138557434,0.7602437138557434,,,,,,,
847,169499,0.8667919635772705,0.8667919635772705,,,,,,,
847,169549,0.6798424124717712,0.6798424124717712,,,,,,,
847,169599,0.7884398102760315,0.7884398102760315,,,,,,,
847,169599,,,0.45112094283103943,0.7533265352249146,0.7533265352249146,0.5760982632637024,1.0030133724212646,0.7200512290000916,0.5888051390647888
848,169649,0.6624404191970825,0.6624404191970825,,,,,,,
848,169699,0.7210728526115417,0.7210728526115417,,,,,,,
848,169749,0.796770453453064,0.796770453453064,,,,,,,
848,169799,0.8531740307807922,0.8531740307807922,,,,,,,
848,169799,,,0.4574345648288727,0.7546501159667969,0.7546501159667969,0.5835283994674683,1.0009698867797852,0.7242938876152039,0.5899304151535034
849,169849,0.6811302900314331,0.6811302900314331,,,,,,,
849,169899,0.7426485419273376,0.7426485419273376,,,,,,,
849,169949,0.7581295967102051,0.7581295967102051,,,,,,,
849,169999,0.7361531257629395,0.7361531257629395,,,,,,,
849,169999,,,0.45376792550086975,0.7528060674667358,0.7528060674667358,0.5810317993164062,0.9975274205207825,0.7215260863304138,0.5913971662521362
850,170049,0.7340399026870728,0.7340399026870728,,,,,,,
850,170099,0.758821427822113,0.758821427822113,,,,,,,
850,170149,0.7946133017539978,0.7946133017539978,,,,,,,
850,170199,0.810204267501831,0.810204267501831,,,,,,,
850,170199,,,0.4523468017578125,0.7531582117080688,0.7531582117080688,0.5812235474586487,1.0022783279418945,0.7208333611488342,0.5893245339393616
851,170249,0.6886070370674133,0.6886070370674133,,,,,,,
851,170299,0.6236911416053772,0.6236911416053772,,,,,,,
851,170349,0.6653907299041748,0.6653907299041748,,,,,,,
851,170399,0.7147936224937439,0.7147936224937439,,,,,,,
851,170399,,,0.4512164294719696,0.7541881799697876,0.7541881799697876,0.5818332433700562,1.0021716356277466,0.7217363119125366,0.5869856476783752
852,170449,0.757938802242279,0.757938802242279,,,,,,,
852,170499,0.6869288682937622,0.6869288682937622,,,,,,,
852,170549,0.8130356669425964,0.8130356669425964,,,,,,,
852,170599,0.74888676404953,0.74888676404953,,,,,,,
852,170599,,,0.4549962878227234,0.7546804547309875,0.7546804547309875,0.5805038809776306,1.0016978979110718,0.7197005748748779,0.5883506536483765
853,170649,0.7719480991363525,0.7719480991363525,,,,,,,
853,170699,0.777865469455719,0.777865469455719,,,,,,,
853,170749,0.7113650441169739,0.7113650441169739,,,,,,,
853,170799,0.7630384564399719,0.7630384564399719,,,,,,,
853,170799,,,0.4542253017425537,0.7535867094993591,0.7535867094993591,0.5810794830322266,1.003269910812378,0.7205753922462463,0.5868100523948669
854,170849,0.7762527465820312,0.7762527465820312,,,,,,,
854,170899,0.651840329170227,0.651840329170227,,,,,,,
854,170949,0.807948112487793,0.807948112487793,,,,,,,
854,170999,0.742466390132904,0.742466390132904,,,,,,,
854,170999,,,0.4517818093299866,0.7537065148353577,0.7537065148353577,0.577147364616394,1.0048606395721436,0.7224870324134827,0.5882259011268616
855,171049,0.7440638542175293,0.7440638542175293,,,,,,,
855,171099,0.7532973289489746,0.7532973289489746,,,,,,,
855,171149,0.7120978832244873,0.7120978832244873,,,,,,,
855,171199,0.6811514496803284,0.6811514496803284,,,,,,,
855,171199,,,0.45482343435287476,0.7537438273429871,0.7537438273429871,0.5806823968887329,1.0017756223678589,0.7242923974990845,0.5916708707809448
856,171249,0.7016285061836243,0.7016285061836243,,,,,,,
856,171299,0.6740058660507202,0.6740058660507202,,,,,,,
856,171349,0.7786329984664917,0.7786329984664917,,,,,,,
856,171399,0.7224695682525635,0.7224695682525635,,,,,,,
856,171399,,,0.4560212790966034,0.7519407272338867,0.7519407272338867,0.5805795192718506,1.0000320672988892,0.7176476120948792,0.5920594334602356
857,171449,0.8209015727043152,0.8209015727043152,,,,,,,
857,171499,0.7553257346153259,0.7553257346153259,,,,,,,
857,171549,0.7198923230171204,0.7198923230171204,,,,,,,
857,171599,0.7527206540107727,0.7527206540107727,,,,,,,
857,171599,,,0.4569821357727051,0.7517402768135071,0.7517402768135071,0.583983838558197,1.0020473003387451,0.7247493863105774,0.5888732671737671
858,171649,0.794837236404419,0.794837236404419,,,,,,,
858,171699,0.7886889576911926,0.7886889576911926,,,,,,,
858,171749,0.6845481991767883,0.6845481991767883,,,,,,,
858,171799,0.8066017627716064,0.8066017627716064,,,,,,,
858,171799,,,0.4526817202568054,0.7520061731338501,0.7520061731338501,0.5813485383987427,1.0036795139312744,0.7243760824203491,0.587954580783844
859,171849,0.6699529886245728,0.6699529886245728,,,,,,,
859,171899,0.7665165066719055,0.7665165066719055,,,,,,,
859,171949,0.8125714063644409,0.8125714063644409,,,,,,,
859,171999,0.7564144730567932,0.7564144730567932,,,,,,,
859,171999,,,0.4509360194206238,0.7508808374404907,0.7508808374404907,0.5773688554763794,1.010831356048584,0.7237316966056824,0.5840539336204529
860,172049,0.6804770827293396,0.6804770827293396,,,,,,,
860,172099,0.6863426566123962,0.6863426566123962,,,,,,,
860,172149,0.7904314994812012,0.7904314994812012,,,,,,,
860,172199,0.8301231861114502,0.8301231861114502,,,,,,,
860,172199,,,0.4548475742340088,0.751875102519989,0.751875102519989,0.5829768180847168,0.9944082498550415,0.7222171425819397,0.5928966999053955
861,172249,0.7281787991523743,0.7281787991523743,,,,,,,
861,172299,0.7280272245407104,0.7280272245407104,,,,,,,
861,172349,0.7266566753387451,0.7266566753387451,,,,,,,
861,172399,0.7206833362579346,0.7206833362579346,,,,,,,
861,172399,,,0.4531737267971039,0.7507039904594421,0.7507039904594421,0.5802331566810608,1.0034722089767456,0.7231264710426331,0.5896478891372681
862,172449,0.8614609241485596,0.8614609241485596,,,,,,,
862,172499,0.7264038324356079,0.7264038324356079,,,,,,,
862,172549,0.7689646482467651,0.7689646482467651,,,,,,,
862,172599,0.6879737377166748,0.6879737377166748,,,,,,,
862,172599,,,0.450579971075058,0.7516977787017822,0.7516977787017822,0.5782601833343506,1.0065962076187134,0.7205280661582947,0.5857759118080139
863,172649,0.7702016830444336,0.7702016830444336,,,,,,,
863,172699,0.7005135416984558,0.7005135416984558,,,,,,,
863,172749,0.7314719557762146,0.7314719557762146,,,,,,,
863,172799,0.7446087002754211,0.7446087002754211,,,,,,,
863,172799,,,0.4524127244949341,0.752468466758728,0.752468466758728,0.5780482292175293,0.998760461807251,0.7206828594207764,0.5901339650154114
864,172849,0.7128684520721436,0.7128684520721436,,,,,,,
864,172899,0.8363333344459534,0.8363333344459534,,,,,,,
864,172949,0.7896521687507629,0.7896521687507629,,,,,,,
864,172999,0.6688367128372192,0.6688367128372192,,,,,,,
864,172999,,,0.44918498396873474,0.7519869804382324,0.7519869804382324,0.5810961723327637,1.0004451274871826,0.7226399183273315,0.591203510761261
865,173049,0.7194811105728149,0.7194811105728149,,,,,,,
865,173099,0.6282762885093689,0.6282762885093689,,,,,,,
865,173149,0.8028247952461243,0.8028247952461243,,,,,,,
865,173199,0.7193554043769836,0.7193554043769836,,,,,,,
865,173199,,,0.45201027393341064,0.7508694529533386,0.7508694529533386,0.577213704586029,0.9945469498634338,0.7199625372886658,0.5918201804161072
866,173249,0.7676184177398682,0.7676184177398682,,,,,,,
866,173299,0.7046867609024048,0.7046867609024048,,,,,,,
866,173349,0.7951021790504456,0.7951021790504456,,,,,,,
866,173399,0.7410265207290649,0.7410265207290649,,,,,,,
866,173399,,,0.451801598072052,0.7525923848152161,0.7525923848152161,0.5811862349510193,0.9973169565200806,0.720032274723053,0.5928603410720825
867,173449,0.7872195839881897,0.7872195839881897,,,,,,,
867,173499,0.7993360757827759,0.7993360757827759,,,,,,,
867,173549,0.7374828457832336,0.7374828457832336,,,,,,,
867,173599,0.6985347867012024,0.6985347867012024,,,,,,,
867,173599,,,0.4533543586730957,0.7516101002693176,0.7516101002693176,0.5805107951164246,1.001029133796692,0.7225999236106873,0.5883516073226929
868,173649,0.7196283936500549,0.7196283936500549,,,,,,,
868,173699,0.7953036427497864,0.7953036427497864,,,,,,,
868,173749,0.7385591864585876,0.7385591864585876,,,,,,,
868,173799,0.7848950028419495,0.7848950028419495,,,,,,,
868,173799,,,0.45137524604797363,0.7519940733909607,0.7519940733909607,0.5783076286315918,1.001605749130249,0.7200505137443542,0.587372899055481
869,173849,0.7657763957977295,0.7657763957977295,,,,,,,
869,173899,0.7877446413040161,0.7877446413040161,,,,,,,
869,173949,0.7208461165428162,0.7208461165428162,,,,,,,
869,173999,0.7551513910293579,0.7551513910293579,,,,,,,
869,173999,,,0.45278117060661316,0.7494882941246033,0.7494882941246033,0.5759536027908325,0.9983615875244141,0.7155104875564575,0.589519202709198
870,174049,0.7976306080818176,0.7976306080818176,,,,,,,
870,174099,0.808417797088623,0.808417797088623,,,,,,,
870,174149,0.756216824054718,0.756216824054718,,,,,,,
870,174199,0.88060462474823,0.88060462474823,,,,,,,
870,174199,,,0.4482274651527405,0.7500765919685364,0.7500765919685364,0.5788605213165283,1.0022038221359253,0.7222681045532227,0.5860376954078674
871,174249,0.6673556566238403,0.6673556566238403,,,,,,,
871,174299,0.8361333012580872,0.8361333012580872,,,,,,,
871,174349,0.718948483467102,0.718948483467102,,,,,,,
871,174399,0.7610703706741333,0.7610703706741333,,,,,,,
871,174399,,,0.452432245016098,0.7519704103469849,0.7519704103469849,0.5805135369300842,0.9983017444610596,0.7203808426856995,0.591740071773529
872,174449,0.7418752908706665,0.7418752908706665,,,,,,,
872,174499,0.7220519185066223,0.7220519185066223,,,,,,,
872,174549,0.8171399235725403,0.8171399235725403,,,,,,,
872,174599,0.7608049511909485,0.7608049511909485,,,,,,,
872,174599,,,0.45111083984375,0.7521878480911255,0.7521878480911255,0.5807241797447205,1.0057358741760254,0.7202328443527222,0.5881044268608093
873,174649,0.8164352178573608,0.8164352178573608,,,,,,,
873,174699,0.7609332203865051,0.7609332203865051,,,,,,,
873,174749,0.779880166053772,0.779880166053772,,,,,,,
873,174799,0.7972452640533447,0.7972452640533447,,,,,,,
873,174799,,,0.45462873578071594,0.7514647245407104,0.7514647245407104,0.577813446521759,1.0041303634643555,0.72495037317276,0.5885773301124573
874,174849,0.8685017824172974,0.8685017824172974,,,,,,,
874,174899,0.7628679871559143,0.7628679871559143,,,,,,,
874,174949,0.7862704992294312,0.7862704992294312,,,,,,,
874,174999,0.7855380177497864,0.7855380177497864,,,,,,,
874,174999,,,0.45101016759872437,0.7522497177124023,0.7522497177124023,0.5786842107772827,0.995215654373169,0.7225924730300903,0.5917472839355469
875,175049,0.6434515118598938,0.6434515118598938,,,,,,,
875,175099,0.6249669194221497,0.6249669194221497,,,,,,,
875,175149,0.7513008713722229,0.7513008713722229,,,,,,,
875,175199,0.761955738067627,0.761955738067627,,,,,,,
875,175199,,,0.45216870307922363,0.7517004013061523,0.7517004013061523,0.5803130865097046,1.001061201095581,0.7230156064033508,0.5899575352668762
876,175249,0.6841057538986206,0.6841057538986206,,,,,,,
876,175299,0.7665348649024963,0.7665348649024963,,,,,,,
876,175349,0.7970781326293945,0.7970781326293945,,,,,,,
876,175399,0.6860561966896057,0.6860561966896057,,,,,,,
876,175399,,,0.4507575035095215,0.749871551990509,0.749871551990509,0.5784334540367126,1.009401559829712,0.7216528654098511,0.5845759510993958
877,175449,0.6866157650947571,0.6866157650947571,,,,,,,
877,175499,0.7873608469963074,0.7873608469963074,,,,,,,
877,175549,0.7879915833473206,0.7879915833473206,,,,,,,
877,175599,0.766231119632721,0.766231119632721,,,,,,,
877,175599,,,0.45146602392196655,0.750655472278595,0.750655472278595,0.5827445387840271,1.0049185752868652,0.7240226864814758,0.586561918258667
878,175649,0.7130534052848816,0.7130534052848816,,,,,,,
878,175699,0.7787348628044128,0.7787348628044128,,,,,,,
878,175749,0.7421820163726807,0.7421820163726807,,,,,,,
878,175799,0.7072885632514954,0.7072885632514954,,,,,,,
878,175799,,,0.4519585371017456,0.7513844966888428,0.7513844966888428,0.5806503891944885,1.0006355047225952,0.7200252413749695,0.5874983072280884
879,175849,0.8122951984405518,0.8122951984405518,,,,,,,
879,175899,0.8659340739250183,0.8659340739250183,,,,,,,
879,175949,0.7664755582809448,0.7664755582809448,,,,,,,
879,175999,0.7555922269821167,0.7555922269821167,,,,,,,
879,175999,,,0.4506389796733856,0.7498835325241089,0.7498835325241089,0.5810033082962036,1.0077756643295288,0.7243218421936035,0.5846729874610901
880,176049,0.6671019792556763,0.6671019792556763,,,,,,,
880,176099,0.8296400904655457,0.8296400904655457,,,,,,,
880,176149,0.666445255279541,0.666445255279541,,,,,,,
880,176199,0.7693893909454346,0.7693893909454346,,,,,,,
880,176199,,,0.44956666231155396,0.7501831650733948,0.7501831650733948,0.580778181552887,1.0037691593170166,0.7188255786895752,0.5864733457565308
881,176249,0.8811618089675903,0.8811618089675903,,,,,,,
881,176299,0.7740226984024048,0.7740226984024048,,,,,,,
881,176349,0.7476723790168762,0.7476723790168762,,,,,,,
881,176399,0.720718264579773,0.720718264579773,,,,,,,
881,176399,,,0.45002880692481995,0.7508836984634399,0.7508836984634399,0.5792613625526428,1.0042762756347656,0.7205324769020081,0.584594190120697
882,176449,0.7711841464042664,0.7711841464042664,,,,,,,
882,176499,0.7272754311561584,0.7272754311561584,,,,,,,
882,176549,0.7431004047393799,0.7431004047393799,,,,,,,
882,176599,0.6757194995880127,0.6757194995880127,,,,,,,
882,176599,,,0.45297881960868835,0.7507250905036926,0.7507250905036926,0.5769856572151184,0.9954787492752075,0.7225508689880371,0.5919334888458252
883,176649,0.7292932868003845,0.7292932868003845,,,,,,,
883,176699,0.7744700312614441,0.7744700312614441,,,,,,,
883,176749,0.819416344165802,0.819416344165802,,,,,,,
883,176799,0.747981607913971,0.747981607913971,,,,,,,
883,176799,,,0.45202580094337463,0.7509912848472595,0.7509912848472595,0.579721212387085,1.0051543712615967,0.7199780941009521,0.585203230381012
884,176849,0.6990163922309875,0.6990163922309875,,,,,,,
884,176899,0.7236829996109009,0.7236829996109009,,,,,,,
884,176949,0.7443172931671143,0.7443172931671143,,,,,,,
884,176999,0.7678146362304688,0.7678146362304688,,,,,,,
884,176999,,,0.4533226191997528,0.7502866387367249,0.7502866387367249,0.5818989276885986,1.0027328729629517,0.7193291783332825,0.5874574184417725
885,177049,0.7724159955978394,0.7724159955978394,,,,,,,
885,177099,0.6855930685997009,0.6855930685997009,,,,,,,
885,177149,0.7741871476173401,0.7741871476173401,,,,,,,
885,177199,0.7019558548927307,0.7019558548927307,,,,,,,
885,177199,,,0.4537152051925659,0.7503629326820374,0.7503629326820374,0.5773410201072693,1.0039474964141846,0.7214667797088623,0.585506796836853
886,177249,0.7410718202590942,0.7410718202590942,,,,,,,
886,177299,0.7857775092124939,0.7857775092124939,,,,,,,
886,177349,0.7315497398376465,0.7315497398376465,,,,,,,
886,177399,0.8081119656562805,0.8081119656562805,,,,,,,
886,177399,,,0.4489685297012329,0.7505118250846863,0.7505118250846863,0.5793045163154602,0.9998533129692078,0.718472421169281,0.5879439115524292
887,177449,0.7979980111122131,0.7979980111122131,,,,,,,
887,177499,0.8159971237182617,0.8159971237182617,,,,,,,
887,177549,0.7377633452415466,0.7377633452415466,,,,,,,
887,177599,0.7037650346755981,0.7037650346755981,,,,,,,
887,177599,,,0.45332303643226624,0.7501723766326904,0.7501723766326904,0.5797457098960876,1.001651644706726,0.7241717576980591,0.5867494344711304
888,177649,0.8206861615180969,0.8206861615180969,,,,,,,
888,177699,0.724061131477356,0.724061131477356,,,,,,,
888,177749,0.8483560681343079,0.8483560681343079,,,,,,,
888,177799,0.7250443696975708,0.7250443696975708,,,,,,,
888,177799,,,0.446965754032135,0.7508525848388672,0.7508525848388672,0.5767120122909546,1.0053975582122803,0.7201794981956482,0.5838257670402527
889,177849,0.7659181952476501,0.7659181952476501,,,,,,,
889,177899,0.6900637745857239,0.6900637745857239,,,,,,,
889,177949,0.7392531633377075,0.7392531633377075,,,,,,,
889,177999,0.759059488773346,0.759059488773346,,,,,,,
889,177999,,,0.4509894847869873,0.7499222159385681,0.7499222159385681,0.581351637840271,1.0026137828826904,0.722545325756073,0.5878860354423523
890,178049,0.724949300289154,0.724949300289154,,,,,,,
890,178099,0.795678436756134,0.795678436756134,,,,,,,
890,178149,0.804925262928009,0.804925262928009,,,,,,,
890,178199,0.7772886753082275,0.7772886753082275,,,,,,,
890,178199,,,0.45006853342056274,0.7507684230804443,0.7507684230804443,0.5810719728469849,1.0024555921554565,0.7207314968109131,0.5858778357505798
891,178249,0.7762058973312378,0.7762058973312378,,,,,,,
891,178299,0.820891261100769,0.820891261100769,,,,,,,
891,178349,0.7777721881866455,0.7777721881866455,,,,,,,
891,178399,0.7423272132873535,0.7423272132873535,,,,,,,
891,178399,,,0.45108237862586975,0.7512868642807007,0.7512868642807007,0.5829101204872131,1.003852367401123,0.7224675416946411,0.5867695808410645
892,178449,0.7902141213417053,0.7902141213417053,,,,,,,
892,178499,0.8192523717880249,0.8192523717880249,,,,,,,
892,178549,0.7243732810020447,0.7243732810020447,,,,,,,
892,178599,0.803778886795044,0.803778886795044,,,,,,,
892,178599,,,0.45188647508621216,0.7490612864494324,0.7490612864494324,0.5779697895050049,0.9937061071395874,0.716164231300354,0.5916458964347839
893,178649,0.7777244448661804,0.7777244448661804,,,,,,,
893,178699,0.6517180800437927,0.6517180800437927,,,,,,,
893,178749,0.7794227004051208,0.7794227004051208,,,,,,,
893,178799,0.7391300797462463,0.7391300797462463,,,,,,,
893,178799,,,0.4501534104347229,0.749961256980896,0.749961256980896,0.5813277363777161,1.0025100708007812,0.721960186958313,0.5851203799247742
894,178849,0.7323447465896606,0.7323447465896606,,,,,,,
894,178899,0.7954882979393005,0.7954882979393005,,,,,,,
894,178949,0.7090746164321899,0.7090746164321899,,,,,,,
894,178999,0.8033190965652466,0.8033190965652466,,,,,,,
894,178999,,,0.4484727084636688,0.7481570243835449,0.7481570243835449,0.5801040530204773,0.9991729855537415,0.720473051071167,0.5889172554016113
895,179049,0.8094674348831177,0.8094674348831177,,,,,,,
895,179099,0.692371666431427,0.692371666431427,,,,,,,
895,179149,0.7368252873420715,0.7368252873420715,,,,,,,
895,179199,0.8013612031936646,0.8013612031936646,,,,,,,
895,179199,,,0.4513034224510193,0.7483827471733093,0.7483827471733093,0.5791704058647156,1.0039476156234741,0.7204936742782593,0.5849635601043701
896,179249,0.6347016096115112,0.6347016096115112,,,,,,,
896,179299,0.6868106126785278,0.6868106126785278,,,,,,,
896,179349,0.8438445329666138,0.8438445329666138,,,,,,,
896,179399,0.7747586369514465,0.7747586369514465,,,,,,,
896,179399,,,0.4497493505477905,0.7483717799186707,0.7483717799186707,0.5781551599502563,0.9981043934822083,0.7204558253288269,0.5884061455726624
897,179449,0.8096815347671509,0.8096815347671509,,,,,,,
897,179499,0.7402016520500183,0.7402016520500183,,,,,,,
897,179549,0.7209429740905762,0.7209429740905762,,,,,,,
897,179599,0.6915181279182434,0.6915181279182434,,,,,,,
897,179599,,,0.4545953571796417,0.7480077743530273,0.7480077743530273,0.5827155709266663,0.9982073307037354,0.7185515761375427,0.5892704725265503
898,179649,0.7583981156349182,0.7583981156349182,,,,,,,
898,179699,0.7552169561386108,0.7552169561386108,,,,,,,
898,179749,0.7166604399681091,0.7166604399681091,,,,,,,
898,179799,0.7669966220855713,0.7669966220855713,,,,,,,
898,179799,,,0.45244112610816956,0.7492622137069702,0.7492622137069702,0.5793917179107666,0.9964626431465149,0.7208122611045837,0.5925109386444092
899,179849,0.6721797585487366,0.6721797585487366,,,,,,,
899,179899,0.6789017915725708,0.6789017915725708,,,,,,,
899,179949,0.6542184948921204,0.6542184948921204,,,,,,,
899,179999,0.7984278202056885,0.7984278202056885,,,,,,,
899,179999,,,0.45170989632606506,0.7498770952224731,0.7498770952224731,0.5775581002235413,0.9997032284736633,0.7226679921150208,0.5889422297477722
900,180049,0.687218427658081,0.687218427658081,,,,,,,
900,180099,0.8243954181671143,0.8243954181671143,,,,,,,
900,180149,0.7322915196418762,0.7322915196418762,,,,,,,
900,180199,0.7069042325019836,0.7069042325019836,,,,,,,
900,180199,,,0.4504539370536804,0.7494165897369385,0.7494165897369385,0.5785128474235535,1.0050493478775024,0.7223377823829651,0.5858743786811829
901,180249,0.7595363259315491,0.7595363259315491,,,,,,,
901,180299,0.8868495225906372,0.8868495225906372,,,,,,,
901,180349,0.7380509376525879,0.7380509376525879,,,,,,,
901,180399,0.8812747597694397,0.8812747597694397,,,,,,,
901,180399,,,0.45541098713874817,0.7488598227500916,0.7488598227500916,0.5784918665885925,0.9964904189109802,0.720758318901062,0.58879154920578
902,180449,0.6775011420249939,0.6775011420249939,,,,,,,
902,180499,0.6535418629646301,0.6535418629646301,,,,,,,
902,180549,0.766394317150116,0.766394317150116,,,,,,,
902,180599,0.7188672423362732,0.7188672423362732,,,,,,,
902,180599,,,0.4504132866859436,0.7479071617126465,0.7479071617126465,0.5784485936164856,1.003737211227417,0.7207540273666382,0.583949089050293
903,180649,0.7986416220664978,0.7986416220664978,,,,,,,
903,180699,0.6776934266090393,0.6776934266090393,,,,,,,
903,180749,0.7987930774688721,0.7987930774688721,,,,,,,
903,180799,0.6797339916229248,0.6797339916229248,,,,,,,
903,180799,,,0.4497281610965729,0.7481746673583984,0.7481746673583984,0.5795286893844604,1.0023088455200195,0.7230731248855591,0.5878267288208008
904,180849,0.7905284762382507,0.7905284762382507,,,,,,,
904,180899,0.6467934250831604,0.6467934250831604,,,,,,,
904,180949,0.7288166284561157,0.7288166284561157,,,,,,,
904,180999,0.678287923336029,0.678287923336029,,,,,,,
904,180999,,,0.45188507437705994,0.7489209175109863,0.7489209175109863,0.579376220703125,1.0035693645477295,0.7182823419570923,0.5870881080627441
905,181049,0.7408591508865356,0.7408591508865356,,,,,,,
905,181099,0.7674332857131958,0.7674332857131958,,,,,,,
905,181149,0.7853159308433533,0.7853159308433533,,,,,,,
905,181199,0.6951596140861511,0.6951596140861511,,,,,,,
905,181199,,,0.44819676876068115,0.7481089234352112,0.7481089234352112,0.576707661151886,1.005977988243103,0.7176920771598816,0.5827277302742004
906,181249,0.6980431079864502,0.6980431079864502,,,,,,,
906,181299,0.7377897500991821,0.7377897500991821,,,,,,,
906,181349,0.733035683631897,0.733035683631897,,,,,,,
906,181399,0.7440803647041321,0.7440803647041321,,,,,,,
906,181399,,,0.45426639914512634,0.7497696280479431,0.7497696280479431,0.5782234072685242,0.9948355555534363,0.720158040523529,0.5919727087020874
907,181449,0.7344365119934082,0.7344365119934082,,,,,,,
907,181499,0.6157013773918152,0.6157013773918152,,,,,,,
907,181549,0.7462867498397827,0.7462867498397827,,,,,,,
907,181599,0.7817904353141785,0.7817904353141785,,,,,,,
907,181599,,,0.44988885521888733,0.7483323216438293,0.7483323216438293,0.5829660892486572,1.0018292665481567,0.7206873297691345,0.5875298976898193
908,181649,0.7316341996192932,0.7316341996192932,,,,,,,
908,181699,0.8172627091407776,0.8172627091407776,,,,,,,
908,181749,0.7769461870193481,0.7769461870193481,,,,,,,
908,181799,0.6978344321250916,0.6978344321250916,,,,,,,
908,181799,,,0.449820876121521,0.7490367889404297,0.7490367889404297,0.5790994763374329,1.0010063648223877,0.7234572172164917,0.5878299474716187
909,181849,0.7592639327049255,0.7592639327049255,,,,,,,
909,181899,0.7771498560905457,0.7771498560905457,,,,,,,
909,181949,0.748530387878418,0.748530387878418,,,,,,,
909,181999,0.7754879593849182,0.7754879593849182,,,,,,,
909,181999,,,0.45063409209251404,0.7488307952880859,0.7488307952880859,0.5762789249420166,1.0003966093063354,0.7174738645553589,0.5876397490501404
910,182049,0.6599723696708679,0.6599723696708679,,,,,,,
910,182099,0.6785942316055298,0.6785942316055298,,,,,,,
910,182149,0.8325812816619873,0.8325812816619873,,,,,,,
910,182199,0.7290016412734985,0.7290016412734985,,,,,,,
910,182199,,,0.44823622703552246,0.7477853298187256,0.7477853298187256,0.5767852067947388,1.002028226852417,0.7218982577323914,0.5865757465362549
911,182249,0.7939640879631042,0.7939640879631042,,,,,,,
911,182299,0.7713867425918579,0.7713867425918579,,,,,,,
911,182349,0.7218359708786011,0.7218359708786011,,,,,,,
911,182399,0.8491774797439575,0.8491774797439575,,,,,,,
911,182399,,,0.4537609815597534,0.7476164102554321,0.7476164102554321,0.579026460647583,0.9984604120254517,0.7224874496459961,0.588227391242981
912,182449,0.7416353225708008,0.7416353225708008,,,,,,,
912,182499,0.780908465385437,0.780908465385437,,,,,,,
912,182549,0.7123542428016663,0.7123542428016663,,,,,,,
912,182599,0.7219648957252502,0.7219648957252502,,,,,,,
912,182599,,,0.4526689350605011,0.7494032979011536,0.7494032979011536,0.5811924338340759,1.0000728368759155,0.7175709009170532,0.5871151685714722
913,182649,0.6108633279800415,0.6108633279800415,,,,,,,
913,182699,0.7544287443161011,0.7544287443161011,,,,,,,
913,182749,0.7054905295372009,0.7054905295372009,,,,,,,
913,182799,0.8002996444702148,0.8002996444702148,,,,,,,
913,182799,,,0.448854923248291,0.7477073073387146,0.7477073073387146,0.5764018893241882,1.0033493041992188,0.7189528942108154,0.5838735699653625
914,182849,0.8318358659744263,0.8318358659744263,,,,,,,
914,182899,0.6478137969970703,0.6478137969970703,,,,,,,
914,182949,0.7532881498336792,0.7532881498336792,,,,,,,
914,182999,0.849099338054657,0.849099338054657,,,,,,,
914,182999,,,0.45129716396331787,0.7470120191574097,0.7470120191574097,0.5762765407562256,1.0009188652038574,0.7210655212402344,0.5854923725128174
915,183049,0.7437991499900818,0.7437991499900818,,,,,,,
915,183099,0.7644872665405273,0.7644872665405273,,,,,,,
915,183149,0.8076018691062927,0.8076018691062927,,,,,,,
915,183199,0.7560919523239136,0.7560919523239136,,,,,,,
915,183199,,,0.4545237720012665,0.7478689551353455,0.7478689551353455,0.5809970498085022,0.9978058934211731,0.7211276888847351,0.5904412269592285
916,183249,0.7783682346343994,0.7783682346343994,,,,,,,
916,183299,0.6516621708869934,0.6516621708869934,,,,,,,
916,183349,0.7885189652442932,0.7885189652442932,,,,,,,
916,183399,0.7850916981697083,0.7850916981697083,,,,,,,
916,183399,,,0.45134130120277405,0.7481476068496704,0.7481476068496704,0.5812386274337769,0.9983454346656799,0.7215467691421509,0.587493360042572
917,183449,0.778816819190979,0.778816819190979,,,,,,,
917,183499,0.8182674050331116,0.8182674050331116,,,,,,,
917,183549,0.7460108399391174,0.7460108399391174,,,,,,,
917,183599,0.7278541922569275,0.7278541922569275,,,,,,,
917,183599,,,0.4491148591041565,0.7481555342674255,0.7481555342674255,0.5802114009857178,1.0033636093139648,0.7208471894264221,0.5844870209693909
918,183649,0.7055917978286743,0.7055917978286743,,,,,,,
918,183699,0.7928133606910706,0.7928133606910706,,,,,,,
918,183749,0.7302308082580566,0.7302308082580566,,,,,,,
918,183799,0.6906229257583618,0.6906229257583618,,,,,,,
918,183799,,,0.44914424419403076,0.7485607266426086,0.7485607266426086,0.5777294039726257,1.0026755332946777,0.7208496928215027,0.5856971740722656
919,183849,0.7514698505401611,0.7514698505401611,,,,,,,
919,183899,0.7510849237442017,0.7510849237442017,,,,,,,
919,183949,0.7803715467453003,0.7803715467453003,,,,,,,
919,183999,0.6992213129997253,0.6992213129997253,,,,,,,
919,183999,,,0.45036447048187256,0.7474433183670044,0.7474433183670044,0.5835411548614502,1.0039139986038208,0.7246421575546265,0.5851767063140869
920,184049,0.771000862121582,0.771000862121582,,,,,,,
920,184099,0.8022934198379517,0.8022934198379517,,,,,,,
920,184149,0.7328697443008423,0.7328697443008423,,,,,,,
920,184199,0.7735015153884888,0.7735015153884888,,,,,,,
920,184199,,,0.44702139496803284,0.7475852966308594,0.7475852966308594,0.5797236561775208,1.003359079360962,0.722100555896759,0.5860424637794495
921,184249,0.7235099673271179,0.7235099673271179,,,,,,,
921,184299,0.7212604880332947,0.7212604880332947,,,,,,,
921,184349,0.8020991683006287,0.8020991683006287,,,,,,,
921,184399,0.7862583994865417,0.7862583994865417,,,,,,,
921,184399,,,0.45121702551841736,0.7479488253593445,0.7479488253593445,0.5798308849334717,1.0008165836334229,0.7198114395141602,0.5883918404579163
922,184449,0.7690264582633972,0.7690264582633972,,,,,,,
922,184499,0.7662165760993958,0.7662165760993958,,,,,,,
922,184549,0.6784729957580566,0.6784729957580566,,,,,,,
922,184599,0.7705704569816589,0.7705704569816589,,,,,,,
922,184599,,,0.4485400915145874,0.7481251955032349,0.7481251955032349,0.5776153802871704,1.0002509355545044,0.7194777131080627,0.5896209478378296
923,184649,0.7224820256233215,0.7224820256233215,,,,,,,
923,184699,0.7234516739845276,0.7234516739845276,,,,,,,
923,184749,0.7081049680709839,0.7081049680709839,,,,,,,
923,184799,0.765479326248169,0.765479326248169,,,,,,,
923,184799,,,0.4510335922241211,0.7480252981185913,0.7480252981185913,0.5756471753120422,0.9983059763908386,0.7230355739593506,0.5889900326728821
924,184849,0.6511402726173401,0.6511402726173401,,,,,,,
924,184899,0.706453800201416,0.706453800201416,,,,,,,
924,184949,0.7372360229492188,0.7372360229492188,,,,,,,
924,184999,0.6949307322502136,0.6949307322502136,,,,,,,
924,184999,,,0.45056384801864624,0.7478960752487183,0.7478960752487183,0.5778272747993469,0.9967786073684692,0.7188474535942078,0.5897202491760254
925,185049,0.7262545228004456,0.7262545228004456,,,,,,,
925,185099,0.8032335638999939,0.8032335638999939,,,,,,,
925,185149,0.6989105939865112,0.6989105939865112,,,,,,,
925,185199,0.7118175029754639,0.7118175029754639,,,,,,,
925,185199,,,0.45031964778900146,0.7479705214500427,0.7479705214500427,0.5782803893089294,0.9997915029525757,0.7214616537094116,0.5879539847373962
926,185249,0.7391847968101501,0.7391847968101501,,,,,,,
926,185299,0.7493917942047119,0.7493917942047119,,,,,,,
926,185349,0.7534145712852478,0.7534145712852478,,,,,,,
926,185399,0.725284993648529,0.725284993648529,,,,,,,
926,185399,,,0.4508933424949646,0.7478601336479187,0.7478601336479187,0.5795694589614868,1.0002285242080688,0.7188550233840942,0.5876428484916687
927,185449,0.7984073758125305,0.7984073758125305,,,,,,,
927,185499,0.6936637163162231,0.6936637163162231,,,,,,,
927,185549,0.6772494316101074,0.6772494316101074,,,,,,,
927,185599,0.6298880577087402,0.6298880577087402,,,,,,,
927,185599,,,0.4498158097267151,0.7476148009300232,0.7476148009300232,0.5783528089523315,0.9975050091743469,0.7198817729949951,0.5882084965705872
928,185649,0.7670047879219055,0.7670047879219055,,,,,,,
928,185699,0.7468951344490051,0.7468951344490051,,,,,,,
928,185749,0.7577835321426392,0.7577835321426392,,,,,,,
928,185799,0.740840494632721,0.740840494632721,,,,,,,
928,185799,,,0.44888290762901306,0.7472346425056458,0.7472346425056458,0.5795632600784302,0.9989147186279297,0.722156822681427,0.5864976048469543
929,185849,0.7587477564811707,0.7587477564811707,,,,,,,
929,185899,0.717136800289154,0.717136800289154,,,,,,,
929,185949,0.7027539014816284,0.7027539014816284,,,,,,,
929,185999,0.8435235023498535,0.8435235023498535,,,,,,,
929,185999,,,0.44796547293663025,0.746752142906189,0.746752142906189,0.5761462450027466,1.000580906867981,0.720892608165741,0.5850980877876282
930,186049,0.8204951882362366,0.8204951882362366,,,,,,,
930,186099,0.6957634091377258,0.6957634091377258,,,,,,,
930,186149,0.7675594687461853,0.7675594687461853,,,,,,,
930,186199,0.7895843386650085,0.7895843386650085,,,,,,,
930,186199,,,0.44889524579048157,0.7473136782646179,0.7473136782646179,0.5773252248764038,0.9969543218612671,0.7214915752410889,0.5887464284896851
931,186249,0.6926441192626953,0.6926441192626953,,,,,,,
931,186299,0.7326973676681519,0.7326973676681519,,,,,,,
931,186349,0.7185816764831543,0.7185816764831543,,,,,,,
931,186399,0.7093043923377991,0.7093043923377991,,,,,,,
931,186399,,,0.44716230034828186,0.7471831440925598,0.7471831440925598,0.5781814455986023,1.0025756359100342,0.719414234161377,0.5858798027038574
932,186449,0.7202556729316711,0.7202556729316711,,,,,,,
932,186499,0.7378922700881958,0.7378922700881958,,,,,,,
932,186549,0.8062971234321594,0.8062971234321594,,,,,,,
932,186599,0.6918970942497253,0.6918970942497253,,,,,,,
932,186599,,,0.45099058747291565,0.7478401064872742,0.7478401064872742,0.5771470069885254,1.0060060024261475,0.7223053574562073,0.5843433737754822
933,186649,0.7248554825782776,0.7248554825782776,,,,,,,
933,186699,0.795638918876648,0.795638918876648,,,,,,,
933,186749,0.7450444102287292,0.7450444102287292,,,,,,,
933,186799,0.7855758666992188,0.7855758666992188,,,,,,,
933,186799,,,0.45253440737724304,0.747256338596344,0.747256338596344,0.5779450535774231,0.9994848370552063,0.7199776768684387,0.587559700012207
934,186849,0.784951388835907,0.784951388835907,,,,,,,
934,186899,0.7517737746238708,0.7517737746238708,,,,,,,
934,186949,0.7660014033317566,0.7660014033317566,,,,,,,
934,186999,0.8464997410774231,0.8464997410774231,,,,,,,
934,186999,,,0.44919461011886597,0.7472092509269714,0.7472092509269714,0.5801330804824829,1.0012366771697998,0.7187228798866272,0.58540940284729
935,187049,0.8742541074752808,0.8742541074752808,,,,,,,
935,187099,0.7719786763191223,0.7719786763191223,,,,,,,
935,187149,0.7548829317092896,0.7548829317092896,,,,,,,
935,187199,0.815609335899353,0.815609335899353,,,,,,,
935,187199,,,0.44974666833877563,0.7479031682014465,0.7479031682014465,0.5763583779335022,0.9986703395843506,0.718107283115387,0.5890969038009644
936,187249,0.6817980408668518,0.6817980408668518,,,,,,,
936,187299,0.7962323427200317,0.7962323427200317,,,,,,,
936,187349,0.7649008631706238,0.7649008631706238,,,,,,,
936,187399,0.7827872037887573,0.7827872037887573,,,,,,,
936,187399,,,0.44828158617019653,0.7472219467163086,0.7472219467163086,0.5768728852272034,0.9983199238777161,0.7194584012031555,0.587428629398346
937,187449,0.6736285090446472,0.6736285090446472,,,,,,,
937,187499,0.7728668451309204,0.7728668451309204,,,,,,,
937,187549,0.7513003945350647,0.7513003945350647,,,,,,,
937,187599,0.8303261399269104,0.8303261399269104,,,,,,,
937,187599,,,0.45336875319480896,0.7466862797737122,0.7466862797737122,0.5790737271308899,1.0026973485946655,0.7226554155349731,0.5864221453666687
938,187649,0.7670741677284241,0.7670741677284241,,,,,,,
938,187699,0.7068652510643005,0.7068652510643005,,,,,,,
938,187749,0.7960978150367737,0.7960978150367737,,,,,,,
938,187799,0.7879185676574707,0.7879185676574707,,,,,,,
938,187799,,,0.45072296261787415,0.7468355894088745,0.7468355894088745,0.5799644589424133,1.0021567344665527,0.7193597555160522,0.5860294103622437
939,187849,0.7783909440040588,0.7783909440040588,,,,,,,
939,187899,0.8005078434944153,0.8005078434944153,,,,,,,
939,187949,0.8516485691070557,0.8516485691070557,,,,,,,
939,187999,0.7043801546096802,0.7043801546096802,,,,,,,
939,187999,,,0.45145899057388306,0.746691882610321,0.746691882610321,0.5741598010063171,0.9974404573440552,0.719791054725647,0.5877999067306519
940,188049,0.7998099327087402,0.7998099327087402,,,,,,,
940,188099,0.7615833878517151,0.7615833878517151,,,,,,,
940,188149,0.6588109135627747,0.6588109135627747,,,,,,,
940,188199,0.702049195766449,0.702049195766449,,,,,,,
940,188199,,,0.451733261346817,0.7462712526321411,0.7462712526321411,0.579628050327301,1.00138521194458,0.7212129831314087,0.5868575572967529
941,188249,0.7793545126914978,0.7793545126914978,,,,,,,
941,188299,0.6199361085891724,0.6199361085891724,,,,,,,
941,188349,0.7191800475120544,0.7191800475120544,,,,,,,
941,188399,0.7356451749801636,0.7356451749801636,,,,,,,
941,188399,,,0.44904401898384094,0.7463331818580627,0.7463331818580627,0.5813890695571899,0.9996045827865601,0.7194368839263916,0.5875647664070129
942,188449,0.7243378162384033,0.7243378162384033,,,,,,,
942,188499,0.7542240023612976,0.7542240023612976,,,,,,,
942,188549,0.6921219229698181,0.6921219229698181,,,,,,,
942,188599,0.7510932683944702,0.7510932683944702,,,,,,,
942,188599,,,0.446801096200943,0.7463670969009399,0.7463670969009399,0.5781006217002869,1.000412940979004,0.7186328172683716,0.5858561396598816
943,188649,0.8294799327850342,0.8294799327850342,,,,,,,
943,188699,0.6331225037574768,0.6331225037574768,,,,,,,
943,188749,0.8002948760986328,0.8002948760986328,,,,,,,
943,188799,0.7034304141998291,0.7034304141998291,,,,,,,
943,188799,,,0.44693753123283386,0.7458656430244446,0.7458656430244446,0.5767560601234436,1.0044654607772827,0.7196630239486694,0.5844893455505371
944,188849,0.6687914729118347,0.6687914729118347,,,,,,,
944,188899,0.7077832221984863,0.7077832221984863,,,,,,,
944,188949,0.692202091217041,0.692202091217041,,,,,,,
944,188999,0.6960574984550476,0.6960574984550476,,,,,,,
944,188999,,,0.45082712173461914,0.7459987998008728,0.7459987998008728,0.5780758857727051,0.999056339263916,0.7185486555099487,0.5865622758865356
945,189049,0.6342526078224182,0.6342526078224182,,,,,,,
945,189099,0.7251600623130798,0.7251600623130798,,,,,,,
945,189149,0.7132900953292847,0.7132900953292847,,,,,,,
945,189199,0.7730770707130432,0.7730770707130432,,,,,,,
945,189199,,,0.45008984208106995,0.7463314533233643,0.7463314533233643,0.5789453387260437,0.9987442493438721,0.720952033996582,0.5879793167114258
946,189249,0.757361114025116,0.757361114025116,,,,,,,
946,189299,0.6210880875587463,0.6210880875587463,,,,,,,
946,189349,0.7784453630447388,0.7784453630447388,,,,,,,
946,189399,0.7713701725006104,0.7713701725006104,,,,,,,
946,189399,,,0.4485054910182953,0.746447741985321,0.746447741985321,0.5777105689048767,1.0020638704299927,0.7203765511512756,0.5857266187667847
947,189449,0.7045812010765076,0.7045812010765076,,,,,,,
947,189499,0.7204138040542603,0.7204138040542603,,,,,,,
947,189549,0.7307232022285461,0.7307232022285461,,,,,,,
947,189599,0.7095078229904175,0.7095078229904175,,,,,,,
947,189599,,,0.4480346143245697,0.7464726567268372,0.7464726567268372,0.5808170437812805,0.9986436367034912,0.7177951335906982,0.587476372718811
948,189649,0.7637726068496704,0.7637726068496704,,,,,,,
948,189699,0.6758071780204773,0.6758071780204773,,,,,,,
948,189749,0.76546311378479,0.76546311378479,,,,,,,
948,189799,0.7605100870132446,0.7605100870132446,,,,,,,
948,189799,,,0.4498728811740875,0.7465535402297974,0.7465535402297974,0.5801162123680115,1.005505919456482,0.7225973606109619,0.5860404372215271
949,189849,0.7212975025177002,0.7212975025177002,,,,,,,
949,189899,0.7840402722358704,0.7840402722358704,,,,,,,
949,189949,0.8350197076797485,0.8350197076797485,,,,,,,
949,189999,0.8159419894218445,0.8159419894218445,,,,,,,
949,189999,,,0.44880929589271545,0.7466555833816528,0.7466555833816528,0.5807649493217468,1.0005649328231812,0.7204651236534119,0.5870229005813599
950,190049,0.8000160455703735,0.8000160455703735,,,,,,,
950,190099,0.7084331512451172,0.7084331512451172,,,,,,,
950,190149,0.8076328635215759,0.8076328635215759,,,,,,,
950,190199,0.7571566104888916,0.7571566104888916,,,,,,,
950,190199,,,0.4518440067768097,0.7462950944900513,0.7462950944900513,0.5757088661193848,1.0000423192977905,0.720242977142334,0.5868796706199646
951,190249,0.7071886658668518,0.7071886658668518,,,,,,,
951,190299,0.7561202049255371,0.7561202049255371,,,,,,,
951,190349,0.7517430186271667,0.7517430186271667,,,,,,,
951,190399,0.8403437733650208,0.8403437733650208,,,,,,,
951,190399,,,0.4462573528289795,0.7462454438209534,0.7462454438209534,0.5778231024742126,0.9992197751998901,0.7177655696868896,0.5864529013633728
952,190449,0.8205929398536682,0.8205929398536682,,,,,,,
952,190499,0.783010721206665,0.783010721206665,,,,,,,
952,190549,0.7122538685798645,0.7122538685798645,,,,,,,
952,190599,0.7511030435562134,0.7511030435562134,,,,,,,
952,190599,,,0.4503577649593353,0.7461093664169312,0.7461093664169312,0.5760836601257324,0.9991111159324646,0.7174674272537231,0.5863586664199829
953,190649,0.8114028573036194,0.8114028573036194,,,,,,,
953,190699,0.7033112049102783,0.7033112049102783,,,,,,,
953,190749,0.7408907413482666,0.7408907413482666,,,,,,,
953,190799,0.7241870760917664,0.7241870760917664,,,,,,,
953,190799,,,0.4521316587924957,0.7458450794219971,0.7458450794219971,0.5803017020225525,1.0021727085113525,0.7185150980949402,0.5856813788414001
954,190849,0.8016079068183899,0.8016079068183899,,,,,,,
954,190899,0.7410216927528381,0.7410216927528381,,,,,,,
954,190949,0.7816624641418457,0.7816624641418457,,,,,,,
954,190999,0.6874102354049683,0.6874102354049683,,,,,,,
954,190999,,,0.4511200785636902,0.74623042345047,0.74623042345047,0.5788342356681824,0.9995608329772949,0.7184311747550964,0.5872816443443298
955,191049,0.705410361289978,0.705410361289978,,,,,,,
955,191099,0.7582907676696777,0.7582907676696777,,,,,,,
955,191149,0.8486316800117493,0.8486316800117493,,,,,,,
955,191199,0.7118321657180786,0.7118321657180786,,,,,,,
955,191199,,,0.44794753193855286,0.7462238669395447,0.7462238669395447,0.5769070386886597,1.0006086826324463,0.7188204526901245,0.5858182311058044
956,191249,0.706170380115509,0.706170380115509,,,,,,,
956,191299,0.6413820385932922,0.6413820385932922,,,,,,,
956,191349,0.7497385144233704,0.7497385144233704,,,,,,,
956,191399,0.7990975379943848,0.7990975379943848,,,,,,,
956,191399,,,0.45005059242248535,0.7458770871162415,0.7458770871162415,0.5796686410903931,1.0043883323669434,0.7195332050323486,0.5844249129295349
957,191449,0.7922661900520325,0.7922661900520325,,,,,,,
957,191499,0.6911402940750122,0.6911402940750122,,,,,,,
957,191549,0.6983543634414673,0.6983543634414673,,,,,,,
957,191599,0.8370850682258606,0.8370850682258606,,,,,,,
957,191599,,,0.4467870891094208,0.7461807727813721,0.7461807727813721,0.5741274952888489,1.0023703575134277,0.7194759845733643,0.5857492089271545
958,191649,0.6816028952598572,0.6816028952598572,,,,,,,
958,191699,0.7147449851036072,0.7147449851036072,,,,,,,
958,191749,0.7238461375236511,0.7238461375236511,,,,,,,
958,191799,0.8092832565307617,0.8092832565307617,,,,,,,
958,191799,,,0.4479351341724396,0.7464514374732971,0.7464514374732971,0.5783573389053345,1.0029761791229248,0.7205182909965515,0.5844692587852478
959,191849,0.7010478377342224,0.7010478377342224,,,,,,,
959,191899,0.634976863861084,0.634976863861084,,,,,,,
959,191949,0.667183518409729,0.667183518409729,,,,,,,
959,191999,0.68242347240448,0.68242347240448,,,,,,,
959,191999,,,0.4488426446914673,0.7464262247085571,0.7464262247085571,0.577167809009552,1.0020551681518555,0.7190616130828857,0.5854752659797668
960,192049,0.7386621832847595,0.7386621832847595,,,,,,,
960,192099,0.7703003883361816,0.7703003883361816,,,,,,,
960,192149,0.7528297901153564,0.7528297901153564,,,,,,,
960,192199,0.7358081936836243,0.7358081936836243,,,,,,,
960,192199,,,0.44773492217063904,0.7462659478187561,0.7462659478187561,0.5783694982528687,1.002681851387024,0.7207485437393188,0.5857023596763611
961,192249,0.7811511158943176,0.7811511158943176,,,,,,,
961,192299,0.804878830909729,0.804878830909729,,,,,,,
961,192349,0.7735071778297424,0.7735071778297424,,,,,,,
961,192399,0.8154585957527161,0.8154585957527161,,,,,,,
961,192399,,,0.4460974633693695,0.746181309223175,0.746181309223175,0.5801790356636047,0.9998894929885864,0.7188957929611206,0.5867877006530762
962,192449,0.7253394722938538,0.7253394722938538,,,,,,,
962,192499,0.8164591789245605,0.8164591789245605,,,,,,,
962,192549,0.7674304842948914,0.7674304842948914,,,,,,,
962,192599,0.7080115079879761,0.7080115079879761,,,,,,,
962,192599,,,0.4485476315021515,0.7457751035690308,0.7457751035690308,0.5773047208786011,1.0003547668457031,0.7226570844650269,0.5862756967544556
963,192649,0.6970821022987366,0.6970821022987366,,,,,,,
963,192699,0.7469009757041931,0.7469009757041931,,,,,,,
963,192749,0.693497896194458,0.693497896194458,,,,,,,
963,192799,0.7768912315368652,0.7768912315368652,,,,,,,
963,192799,,,0.4494941830635071,0.7459359765052795,0.7459359765052795,0.5756809115409851,0.9978031516075134,0.719615638256073,0.5870607495307922
964,192849,0.6970232129096985,0.6970232129096985,,,,,,,
964,192899,0.6931458115577698,0.6931458115577698,,,,,,,
964,192949,0.7061682939529419,0.7061682939529419,,,,,,,
964,192999,0.669402003288269,0.669402003288269,,,,,,,
964,192999,,,0.44863492250442505,0.7461219429969788,0.7461219429969788,0.5777683258056641,1.0010277032852173,0.7176638245582581,0.5854606628417969
965,193049,0.7249819040298462,0.7249819040298462,,,,,,,
965,193099,0.7845617532730103,0.7845617532730103,,,,,,,
965,193149,0.7445434331893921,0.7445434331893921,,,,,,,
965,193199,0.7839472889900208,0.7839472889900208,,,,,,,
965,193199,,,0.4465356767177582,0.7459443211555481,0.7459443211555481,0.5775665044784546,1.0015006065368652,0.7176802754402161,0.5858016610145569
966,193249,0.6830848455429077,0.6830848455429077,,,,,,,
966,193299,0.7258562445640564,0.7258562445640564,,,,,,,
966,193349,0.7119988203048706,0.7119988203048706,,,,,,,
966,193399,0.7764631509780884,0.7764631509780884,,,,,,,
966,193399,,,0.4478803277015686,0.745934247970581,0.745934247970581,0.5760465264320374,1.0004048347473145,0.7203372120857239,0.5870570540428162
967,193449,0.7602370977401733,0.7602370977401733,,,,,,,
967,193499,0.7142640352249146,0.7142640352249146,,,,,,,
967,193549,0.7786369323730469,0.7786369323730469,,,,,,,
967,193599,0.7541238069534302,0.7541238069534302,,,,,,,
967,193599,,,0.4506567120552063,0.7458890676498413,0.7458890676498413,0.5792573094367981,0.9979490041732788,0.7185362577438354,0.5871334671974182
968,193649,0.7618374824523926,0.7618374824523926,,,,,,,
968,193699,0.7226628661155701,0.7226628661155701,,,,,,,
968,193749,0.7764508128166199,0.7764508128166199,,,,,,,
968,193799,0.8078051209449768,0.8078051209449768,,,,,,,
968,193799,,,0.4496052861213684,0.7457454800605774,0.7457454800605774,0.5806006789207458,1.001975417137146,0.7182459235191345,0.5861151814460754
969,193849,0.7309429049491882,0.7309429049491882,,,,,,,
969,193899,0.7481115460395813,0.7481115460395813,,,,,,,
969,193949,0.7877153754234314,0.7877153754234314,,,,,,,
969,193999,0.8047540783882141,0.8047540783882141,,,,,,,
969,193999,,,0.446200966835022,0.7458630800247192,0.7458630800247192,0.577351450920105,1.0012415647506714,0.7196062803268433,0.5855046510696411
970,194049,0.6900638341903687,0.6900638341903687,,,,,,,
970,194099,0.7118374109268188,0.7118374109268188,,,,,,,
970,194149,0.7463082075119019,0.7463082075119019,,,,,,,
970,194199,0.7484625577926636,0.7484625577926636,,,,,,,
970,194199,,,0.448214590549469,0.745806872844696,0.745806872844696,0.5783393383026123,1.0017362833023071,0.7197336554527283,0.586093544960022
971,194249,0.7127562165260315,0.7127562165260315,,,,,,,
971,194299,0.8017426133155823,0.8017426133155823,,,,,,,
971,194349,0.7858620882034302,0.7858620882034302,,,,,,,
971,194399,0.8081153035163879,0.8081153035163879,,,,,,,
971,194399,,,0.4469030201435089,0.7457602620124817,0.7457602620124817,0.5766010880470276,1.0023938417434692,0.7196366786956787,0.5863157510757446
972,194449,0.6868098974227905,0.6868098974227905,,,,,,,
972,194499,0.7549754977226257,0.7549754977226257,,,,,,,
972,194549,0.8120377063751221,0.8120377063751221,,,,,,,
972,194599,0.7494224309921265,0.7494224309921265,,,,,,,
972,194599,,,0.44880592823028564,0.7460123300552368,0.7460123300552368,0.5764625072479248,1.0005074739456177,0.717453122138977,0.5858413577079773
973,194649,0.7755106091499329,0.7755106091499329,,,,,,,
973,194699,0.7668861150741577,0.7668861150741577,,,,,,,
973,194749,0.7632583379745483,0.7632583379745483,,,,,,,
973,194799,0.8077341318130493,0.8077341318130493,,,,,,,
973,194799,,,0.44972115755081177,0.7458598613739014,0.7458598613739014,0.5774164199829102,1.000526785850525,0.7207481861114502,0.5864798426628113
974,194849,0.731688380241394,0.731688380241394,,,,,,,
974,194899,0.7141280174255371,0.7141280174255371,,,,,,,
974,194949,0.7294310927391052,0.7294310927391052,,,,,,,
974,194999,0.7796400189399719,0.7796400189399719,,,,,,,
974,194999,,,0.4489139914512634,0.7458462715148926,0.7458462715148926,0.5780734419822693,1.00009286403656,0.7204059958457947,0.5870590209960938
975,195049,0.7431671619415283,0.7431671619415283,,,,,,,
975,195099,0.7581542730331421,0.7581542730331421,,,,,,,
975,195149,0.7353127002716064,0.7353127002716064,,,,,,,
975,195199,0.6745772957801819,0.6745772957801819,,,,,,,
975,195199,,,0.45107942819595337,0.7459126114845276,0.7459126114845276,0.5803144574165344,1.0012508630752563,0.7207097411155701,0.5868504643440247
976,195249,0.7395570874214172,0.7395570874214172,,,,,,,
976,195299,0.6936720609664917,0.6936720609664917,,,,,,,
976,195349,0.7588832974433899,0.7588832974433899,,,,,,,
976,195399,0.8628917336463928,0.8628917336463928,,,,,,,
976,195399,,,0.44903823733329773,0.7459551692008972,0.7459551692008972,0.5789240002632141,1.0016143321990967,0.719938337802887,0.5861642956733704
977,195449,0.7357307076454163,0.7357307076454163,,,,,,,
977,195499,0.7404952049255371,0.7404952049255371,,,,,,,
977,195549,0.7990574240684509,0.7990574240684509,,,,,,,
977,195599,0.7857687473297119,0.7857687473297119,,,,,,,
977,195599,,,0.44768139719963074,0.7461144924163818,0.7461144924163818,0.5777099132537842,1.0002846717834473,0.7198644280433655,0.5865318775177002
978,195649,0.7677688598632812,0.7677688598632812,,,,,,,
978,195699,0.7535301446914673,0.7535301446914673,,,,,,,
978,195749,0.7516445517539978,0.7516445517539978,,,,,,,
978,195799,0.7332034707069397,0.7332034707069397,,,,,,,
978,195799,,,0.44844764471054077,0.7459811568260193,0.7459811568260193,0.5782052278518677,1.00038743019104,0.7186302542686462,0.5863159894943237
979,195849,0.6759353280067444,0.6759353280067444,,,,,,,
979,195899,0.7577806711196899,0.7577806711196899,,,,,,,
979,195949,0.6862109303474426,0.6862109303474426,,,,,,,
979,195999,0.7205594182014465,0.7205594182014465,,,,,,,
979,195999,,,0.4491022825241089,0.7459193468093872,0.7459193468093872,0.5802842974662781,0.9992703199386597,0.7176991105079651,0.5868847966194153
980,196049,0.6970433592796326,0.6970433592796326,,,,,,,
980,196099,0.6812971830368042,0.6812971830368042,,,,,,,
980,196149,0.7631717324256897,0.7631717324256897,,,,,,,
980,196199,0.7197580933570862,0.7197580933570862,,,,,,,
980,196199,,,0.4503869116306305,0.7459732890129089,0.7459732890129089,0.5775178074836731,1.002677083015442,0.7225341796875,0.5854509472846985
981,196249,0.8155093789100647,0.8155093789100647,,,,,,,
981,196299,0.7441383600234985,0.7441383600234985,,,,,,,
981,196349,0.6385189890861511,0.6385189890861511,,,,,,,
981,196399,0.7120522260665894,0.7120522260665894,,,,,,,
981,196399,,,0.4512515962123871,0.7458643317222595,0.7458643317222595,0.5771927833557129,1.0036382675170898,0.7219840288162231,0.5850878953933716
982,196449,0.7390674948692322,0.7390674948692322,,,,,,,
982,196499,0.6747833490371704,0.6747833490371704,,,,,,,
982,196549,0.7374082803726196,0.7374082803726196,,,,,,,
982,196599,0.8220202326774597,0.8220202326774597,,,,,,,
982,196599,,,0.4483201205730438,0.7459611296653748,0.7459611296653748,0.5788043141365051,1.0010309219360352,0.7173763513565063,0.5863624811172485
983,196649,0.7122740745544434,0.7122740745544434,,,,,,,
983,196699,0.7191838622093201,0.7191838622093201,,,,,,,
983,196749,0.7723900675773621,0.7723900675773621,,,,,,,
983,196799,0.7378808259963989,0.7378808259963989,,,,,,,
983,196799,,,0.44761592149734497,0.745963454246521,0.745963454246521,0.5743163228034973,1.0011314153671265,0.7204039096832275,0.5868890881538391
984,196849,0.802017867565155,0.802017867565155,,,,,,,
984,196899,0.7812857031822205,0.7812857031822205,,,,,,,
984,196949,0.7516200542449951,0.7516200542449951,,,,,,,
984,196999,0.7684764862060547,0.7684764862060547,,,,,,,
984,196999,,,0.44683173298835754,0.7458619475364685,0.7458619475364685,0.5812980532646179,1.0010981559753418,0.722787082195282,0.5862390398979187
985,197049,0.7299925088882446,0.7299925088882446,,,,,,,
985,197099,0.8518177270889282,0.8518177270889282,,,,,,,
985,197149,0.6411796808242798,0.6411796808242798,,,,,,,
985,197199,0.7434566020965576,0.7434566020965576,,,,,,,
985,197199,,,0.44940340518951416,0.7459312081336975,0.7459312081336975,0.5783175230026245,1.0019630193710327,0.719708263874054,0.5859510898590088
986,197249,0.6847076416015625,0.6847076416015625,,,,,,,
986,197299,0.774926483631134,0.774926483631134,,,,,,,
986,197349,0.766526460647583,0.766526460647583,,,,,,,
986,197399,0.7283598184585571,0.7283598184585571,,,,,,,
986,197399,,,0.4485035538673401,0.7459496259689331,0.7459496259689331,0.5792127847671509,1.0008729696273804,0.7170426845550537,0.5857638120651245
987,197449,0.8341480493545532,0.8341480493545532,,,,,,,
987,197499,0.6855278015136719,0.6855278015136719,,,,,,,
987,197549,0.8087162375450134,0.8087162375450134,,,,,,,
987,197599,0.6592154502868652,0.6592154502868652,,,,,,,
987,197599,,,0.44866853952407837,0.7459749579429626,0.7459749579429626,0.5778377652168274,1.0020180940628052,0.7193471193313599,0.5846814513206482
988,197649,0.7174639105796814,0.7174639105796814,,,,,,,
988,197699,0.8295878767967224,0.8295878767967224,,,,,,,
988,197749,0.7729058265686035,0.7729058265686035,,,,,,,
988,197799,0.7705731391906738,0.7705731391906738,,,,,,,
988,197799,,,0.4471372663974762,0.7459545135498047,0.7459545135498047,0.5752609968185425,1.0009318590164185,0.7190535068511963,0.5862756371498108
989,197849,0.841679036617279,0.841679036617279,,,,,,,
989,197899,0.7322889566421509,0.7322889566421509,,,,,,,
989,197949,0.7311462163925171,0.7311462163925171,,,,,,,
989,197999,0.7200900912284851,0.7200900912284851,,,,,,,
989,197999,,,0.44784027338027954,0.7459620833396912,0.7459620833396912,0.5770412683486938,1.0009511709213257,0.7208775281906128,0.5857701897621155
990,198049,0.7102965116500854,0.7102965116500854,,,,,,,
990,198099,0.7200417518615723,0.7200417518615723,,,,,,,
990,198149,0.6919421553611755,0.6919421553611755,,,,,,,
990,198199,0.6827527284622192,0.6827527284622192,,,,,,,
990,198199,,,0.44834327697753906,0.74592524766922,0.74592524766922,0.574083149433136,1.0018380880355835,0.7202764749526978,0.5854050517082214
991,198249,0.728396475315094,0.728396475315094,,,,,,,
991,198299,0.7833526134490967,0.7833526134490967,,,,,,,
991,198349,0.7192806601524353,0.7192806601524353,,,,,,,
991,198399,0.7195468544960022,0.7195468544960022,,,,,,,
991,198399,,,0.4489786624908447,0.7459397912025452,0.7459397912025452,0.5761411786079407,1.002916693687439,0.7198336124420166,0.585675835609436
992,198449,0.8235148191452026,0.8235148191452026,,,,,,,
992,198499,0.8914549946784973,0.8914549946784973,,,,,,,
992,198549,0.7366697788238525,0.7366697788238525,,,,,,,
992,198599,0.829515814781189,0.829515814781189,,,,,,,
992,198599,,,0.4502468407154083,0.7459401488304138,0.7459401488304138,0.5813993215560913,1.001050353050232,0.7202323079109192,0.5856245160102844
993,198649,0.7887993454933167,0.7887993454933167,,,,,,,
993,198699,0.6976577043533325,0.6976577043533325,,,,,,,
993,198749,0.7563603520393372,0.7563603520393372,,,,,,,
993,198799,0.8109729886054993,0.8109729886054993,,,,,,,
993,198799,,,0.4487591087818146,0.7459567785263062,0.7459567785263062,0.5773533582687378,1.0007716417312622,0.721014678478241,0.5863122940063477
994,198849,0.642872154712677,0.642872154712677,,,,,,,
994,198899,0.6970692276954651,0.6970692276954651,,,,,,,
994,198949,0.8067107200622559,0.8067107200622559,,,,,,,
994,198999,0.8193824887275696,0.8193824887275696,,,,,,,
994,198999,,,0.4498826861381531,0.7459502220153809,0.7459502220153809,0.5780717134475708,1.0014011859893799,0.719562292098999,0.5858107805252075
995,199049,0.6909341216087341,0.6909341216087341,,,,,,,
995,199099,0.8384445905685425,0.8384445905685425,,,,,,,
995,199149,0.7628226280212402,0.7628226280212402,,,,,,,
995,199199,0.7899600863456726,0.7899600863456726,,,,,,,
995,199199,,,0.4492538571357727,0.745949387550354,0.745949387550354,0.5742357969284058,1.0005522966384888,0.7202204465866089,0.5854426622390747
996,199249,0.7456862926483154,0.7456862926483154,,,,,,,
996,199299,0.7965309619903564,0.7965309619903564,,,,,,,
996,199349,0.6795837879180908,0.6795837879180908,,,,,,,
996,199399,0.7787925601005554,0.7787925601005554,,,,,,,
996,199399,,,0.44802454113960266,0.7459449172019958,0.7459449172019958,0.5785151124000549,1.0012402534484863,0.7192771434783936,0.5856765508651733
997,199449,0.729745090007782,0.729745090007782,,,,,,,
997,199499,0.7168232202529907,0.7168232202529907,,,,,,,
997,199549,0.6822124719619751,0.6822124719619751,,,,,,,
997,199599,0.8339794278144836,0.8339794278144836,,,,,,,
997,199599,,,0.44991421699523926,0.7459437847137451,0.7459437847137451,0.5746690630912781,1.0022307634353638,0.7210180759429932,0.5855301022529602
998,199649,0.7252853512763977,0.7252853512763977,,,,,,,
998,199699,0.7943785190582275,0.7943785190582275,,,,,,,
998,199749,0.7755289673805237,0.7755289673805237,,,,,,,
998,199799,0.7578554153442383,0.7578554153442383,,,,,,,
998,199799,,,0.45123568177223206,0.7459437251091003,0.7459437251091003,0.578583836555481,1.001287579536438,0.7214669585227966,0.5855340361595154
999,199849,0.6847742199897766,0.6847742199897766,,,,,,,
999,199899,0.7167341709136963,0.7167341709136963,,,,,,,
999,199949,0.5684566497802734,0.5684566497802734,,,,,,,
999,199999,0.7135986089706421,0.7135986089706421,,,,,,,
999,199999,,,0.44994571805000305,0.7459436058998108,0.7459436058998108,0.5735000371932983,1.0018678903579712,0.7185054421424866,0.5856565833091736
