epoch,step,train/loss,train/mu_mse,train/sigma_nll,train/weight_entropy,val/best_component_rmse,val/dominant_component_allocation,val/dominant_component_rmse,val/loss,val/mu_mse,val/sigma_nll,val/weight_entropy
0,99,2.180476427078247,1.0542834997177124,1.472766399383545,0.6931471824645996,,,,,,,
0,199,2.0895779132843018,0.9902690052986145,1.4458825588226318,0.6931471824645996,,,,,,,
0,199,,,,,0.9936702251434326,0.5,1.0075299739837646,2.100598096847534,1.0070257186889648,1.4401463270187378,0.6931474804878235
1,299,2.142324209213257,1.0381289720535278,1.4507688283920288,0.6931471824645996,,,,,,,
1,399,1.9416117668151855,0.9056235551834106,1.3825618028640747,0.6931471824645996,,,,,,,
1,399,,,,,0.9927123785018921,0.5,1.004657506942749,2.088901996612549,1.002977728843689,1.4324982166290283,0.6931474804878235
2,499,2.1692702770233154,1.051717758178711,1.4641262292861938,0.6931471824645996,,,,,,,
2,599,2.0428597927093506,0.9789161682128906,1.4105172157287598,0.6931471824645996,,,,,,,
2,599,,,,,0.9951425790786743,0.5,1.0010557174682617,2.0880141258239746,1.0023362636566162,1.4322514533996582,0.6931474804878235
3,699,2.057870388031006,0.9755057692527771,1.4289382696151733,0.6931471824645996,,,,,,,
3,799,2.0233066082000732,0.9594303965568542,1.410449743270874,0.6931471824645996,,,,,,,
3,799,,,,,0.9899556636810303,0.5,1.0034464597702026,2.084087610244751,0.9986613392829895,1.4319995641708374,0.6931474804878235
4,899,2.009080648422241,0.9511522054672241,1.4045019149780273,0.6931471824645996,,,,,,,
4,999,2.0051467418670654,0.9468637704849243,1.404856562614441,0.6931471824645996,,,,,,,
4,999,,,,,0.9905942678451538,0.5,1.0015878677368164,2.080324411392212,0.9979647994041443,1.4289326667785645,0.6931474804878235
5,1099,2.0824553966522217,1.0014169216156006,1.4276119470596313,0.6931471824645996,,,,,,,
5,1199,2.0925521850585938,1.005812168121338,1.4333136081695557,0.6931471824645996,,,,,,,
5,1199,,,,,0.9929255843162537,0.5,1.0047152042388916,2.0876657962799072,1.0029224157333374,1.4313173294067383,0.6931474804878235
6,1299,2.0496573448181152,0.9764902591705322,1.4197406768798828,0.6931471824645996,,,,,,,
6,1399,2.1914284229278564,1.082585096359253,1.4554170370101929,0.6931471824645996,,,,,,,
6,1399,,,,,0.9913979768753052,0.5,0.9986212253570557,2.074615478515625,0.9961188435554504,1.4250705242156982,0.6931474804878235
7,1499,2.0508739948272705,0.9861098527908325,1.4113377332687378,0.6931471824645996,,,,,,,
7,1599,2.1675145626068115,1.057924509048462,1.4561636447906494,0.6931471824645996,,,,,,,
7,1599,,,,,0.9908326864242554,0.5,1.0013856887817383,2.0784053802490234,0.9970207810401917,1.4279577732086182,0.6931474804878235
8,1699,2.1851940155029297,1.0740759372711182,1.4576916694641113,0.6931471824645996,,,,,,,
8,1799,2.058171272277832,0.985069215297699,1.4196757078170776,0.6931471824645996,,,,,,,
8,1799,,,,,0.9878485202789307,0.5,1.0040149688720703,2.0774548053741455,0.9963680505752563,1.427660346031189,0.6931474804878235
9,1899,2.0600082874298096,0.9894486665725708,1.417133092880249,0.6931471824645996,,,,,,,
9,1999,1.9487833976745605,0.918519914150238,1.3768370151519775,0.6931471824645996,,,,,,,
9,1999,,,,,0.9935314655303955,0.5,1.0022952556610107,2.0806000232696533,1.0018811225891113,1.4252926111221313,0.6931474804878235
10,2099,2.1398422718048096,1.0406088829040527,1.4457895755767822,0.6931124329566956,,,,,,,
10,2199,2.098771572113037,1.0089155435562134,1.436348557472229,0.6929848790168762,,,,,,,
10,2199,,,,,0.9916799068450928,0.507569432258606,0.9983149170875549,2.071312665939331,0.99472576379776,1.4231024980545044,0.6930316090583801
11,2299,2.030160427093506,0.976712703704834,1.4000064134597778,0.693117082118988,,,,,,,
11,2399,2.068232536315918,0.9993670582771301,1.4154185056686401,0.6931062936782837,,,,,,,
11,2399,,,,,0.9756546020507812,0.5031567215919495,0.9948155283927917,2.0356802940368652,0.973940908908844,1.4082977771759033,0.6931166648864746
12,2499,2.0549497604370117,0.975933849811554,1.4255688190460205,0.6931055784225464,,,,,,,
12,2599,1.8684070110321045,0.8721967935562134,1.3427135944366455,0.6930069923400879,,,,,,,
12,2599,,,,,0.9394953846931458,0.5076029300689697,0.9630746841430664,1.9085476398468018,0.907792866230011,1.3472522497177124,0.6929951906204224
13,2699,1.771728754043579,0.8139549493789673,1.3043103218078613,0.6930729150772095,,,,,,,
13,2799,1.6894049644470215,0.774826169013977,1.2611079216003418,0.6930581331253052,,,,,,,
13,2799,,,,,0.8909580707550049,0.5058079361915588,0.942951500415802,1.7698553800582886,0.8195877075195312,1.2967890501022339,0.6930431723594666
14,2899,1.640684962272644,0.7377781271934509,1.2493367195129395,0.6928598880767822,,,,,,,
14,2999,1.6156935691833496,0.7397279739379883,1.22245192527771,0.6929726600646973,,,,,,,
14,2999,,,,,0.8466996550559998,0.5059604048728943,0.9297492504119873,1.617040753364563,0.7397130727767944,1.223848819732666,0.6930423378944397
15,3099,1.5590718984603882,0.7131409645080566,1.1924926042556763,0.6931233406066895,,,,,,,
15,3199,1.4267523288726807,0.6475726366043091,1.1257092952728271,0.6930590867996216,,,,,,,
15,3199,,,,,0.8106508851051331,0.5054316520690918,0.9235987067222595,1.5086534023284912,0.6806746125221252,1.174507975578308,0.6930584907531738
16,3299,1.5092008113861084,0.6818886399269104,1.173764944076538,0.6929053068161011,,,,,,,
16,3399,1.516952633857727,0.6713569164276123,1.1921182870864868,0.6930451393127441,,,,,,,
16,3399,,,,,0.7825102210044861,0.5043284296989441,0.9389891624450684,1.4406203031539917,0.6414543390274048,1.1457111835479736,0.6930902600288391
17,3499,1.4594969749450684,0.6686575412750244,1.137357473373413,0.6930360794067383,,,,,,,
17,3599,1.3469703197479248,0.5928807854652405,1.1006090641021729,0.693039059638977,,,,,,,
17,3599,,,,,0.7629773616790771,0.5050218105316162,0.939205527305603,1.3871124982833862,0.6138840913772583,1.1197667121887207,0.6930760741233826
18,3699,1.4016404151916504,0.6398332118988037,1.108351469039917,0.6930884122848511,,,,,,,
18,3799,1.293014407157898,0.575774073600769,1.0638010501861572,0.6931214332580566,,,,,,,
18,3799,,,,,0.7473903894424438,0.5028412342071533,0.9217275977134705,1.3264998197555542,0.5916439890861511,1.0814166069030762,0.6931220293045044
19,3899,1.280630111694336,0.5633097887039185,1.063796043395996,0.6929513216018677,,,,,,,
19,3999,1.354646921157837,0.5932261943817139,1.1079825162887573,0.6931236982345581,,,,,,,
19,3999,,,,,0.7379580736160278,0.5037357211112976,0.9275886416435242,1.304559350013733,0.5788620114326477,1.072248101234436,0.693102240562439
20,4099,1.2359118461608887,0.5256317257881165,1.0568236112594604,0.693087100982666,,,,,,,
20,4199,1.3247718811035156,0.6077818274497986,1.06354820728302,0.6931161880493164,,,,,,,
20,4199,,,,,0.7292962074279785,0.5053963661193848,0.9320969581604004,1.2862730026245117,0.5679718852043152,1.0648382902145386,0.6930741667747498
21,4299,1.2829233407974243,0.5397710204124451,1.089576244354248,0.6928480267524719,,,,,,,
21,4399,1.2318964004516602,0.5218011140823364,1.056641697883606,0.6930928230285645,,,,,,,
21,4399,,,,,0.7312502861022949,0.5113124251365662,0.922203004360199,1.3077902793884277,0.5725805163383484,1.081645131111145,0.6928709149360657
22,4499,1.2901990413665771,0.5638296008110046,1.0729225873947144,0.6931060552597046,,,,,,,
22,4599,1.1558732986450195,0.5064197778701782,0.9958407282829285,0.6927744150161743,,,,,,,
22,4599,,,,,0.7232925891876221,0.5122134685516357,0.9371999502182007,1.2704681158065796,0.5611588358879089,1.0557140111923218,0.6928099989891052
23,4699,1.2428058385849,0.5633533000946045,1.0260037183761597,0.6931023597717285,,,,,,,
23,4799,1.2421438694000244,0.5384008884429932,1.0502804517745972,0.6930749416351318,,,,,,,
23,4799,,,,,0.717772901058197,0.5045620203018188,0.925693690776825,1.267549753189087,0.5533097386360168,1.0607848167419434,0.6930896043777466
24,4899,1.3767995834350586,0.6129619479179382,1.1103994846343994,0.6931238174438477,,,,,,,
24,4999,1.1046653985977173,0.4725427031517029,0.9786574840545654,0.6930696368217468,,,,,,,
24,4999,,,,,0.7144116163253784,0.5026005506515503,0.9256542325019836,1.2430076599121094,0.5489975810050964,1.040573239326477,0.6931266784667969
25,5099,1.253633975982666,0.5643870830535889,1.0357916355133057,0.6930896043777466,,,,,,,
25,5199,1.2739791870117188,0.5751999020576477,1.0451819896697998,0.6928053498268127,,,,,,,
25,5199,,,,,0.7126616835594177,0.5084226727485657,0.9351811408996582,1.240515947341919,0.5463526248931885,1.0406562089920044,0.6929859519004822
26,5299,1.3250665664672852,0.5932927131652832,1.0783072710037231,0.6930668354034424,,,,,,,
26,5399,1.1832025051116943,0.518093466758728,1.0116758346557617,0.6931334733963013,,,,,,,
26,5399,,,,,0.7116363644599915,0.5036507844924927,0.9386541247367859,1.2268803119659424,0.5464431643486023,1.026991367340088,0.6931082606315613
27,5499,1.2473878860473633,0.5630336999893188,1.030898928642273,0.6930895447731018,,,,,,,
27,5599,1.1492910385131836,0.480515718460083,1.0153391361236572,0.6931277513504028,,,,,,,
27,5599,,,,,0.71237713098526,0.5062052011489868,0.9266623854637146,1.2309587001800537,0.5464257597923279,1.0310585498809814,0.6930512189865112
28,5699,1.2720563411712646,0.5601719617843628,1.05842125415802,0.6930738091468811,,,,,,,
28,5799,1.168025016784668,0.5203450918197632,0.9942111968994141,0.6930625438690186,,,,,,,
28,5799,,,,,0.7118480205535889,0.5027929544448853,0.9249235391616821,1.224252462387085,0.5451287031173706,1.02568519115448,0.6931231617927551
29,5899,1.3002760410308838,0.5817582011222839,1.0650840997695923,0.6931325197219849,,,,,,,
29,5999,1.2733556032180786,0.5461384057998657,1.0735149383544922,0.6925954818725586,,,,,,,
29,5999,,,,,0.7058383822441101,0.5170029997825623,0.9324803352355957,1.2044821977615356,0.5379231572151184,1.0128265619277954,0.6925353407859802
30,6099,1.1673696041107178,0.503947913646698,1.0099704265594482,0.6930974721908569,,,,,,,
30,6199,1.2852143049240112,0.6011250019073486,1.0304182767868042,0.6926579475402832,,,,,,,
30,6199,,,,,0.707242488861084,0.5225672721862793,0.910555899143219,1.2154698371887207,0.5387842655181885,1.0227389335632324,0.6921070218086243
31,6299,1.1931954622268677,0.5395888686180115,1.0000666379928589,0.6929199695587158,,,,,,,
31,6399,1.2511050701141357,0.5583180785179138,1.0393496751785278,0.6931252479553223,,,,,,,
31,6399,,,,,0.7066494226455688,0.5038939118385315,0.9123860001564026,1.2357324361801147,0.5377349853515625,1.0445500612258911,0.6931057572364807
32,6499,1.1885197162628174,0.5247243642807007,1.0098916292190552,0.6921924352645874,,,,,,,
32,6599,1.2347993850708008,0.5500491857528687,1.0310804843902588,0.6926606297492981,,,,,,,
32,6599,,,,,0.7041553854942322,0.5131811499595642,0.9330071806907654,1.1989725828170776,0.5351158976554871,1.0102460384368896,0.6927786469459534
33,6699,1.190228819847107,0.521882951259613,1.0148898363113403,0.6930877566337585,,,,,,,
33,6799,1.1134134531021118,0.4995619058609009,0.9604140520095825,0.6931250095367432,,,,,,,
33,6799,,,,,0.7093496918678284,0.5039021372795105,0.9136149883270264,1.2012262344360352,0.5415017008781433,1.006274938583374,0.6931005120277405
34,6899,1.0732382535934448,0.46775534749031067,0.9520235061645508,0.6930812001228333,,,,,,,
34,6999,1.1838356256484985,0.5417317748069763,0.988661527633667,0.6931154131889343,,,,,,,
34,6999,,,,,0.7077978253364563,0.5048892498016357,0.9262512922286987,1.1946572065353394,0.5389582514762878,1.00223708152771,0.6930762529373169
35,7099,1.2122540473937988,0.5393598079681396,1.0194469690322876,0.6931054592132568,,,,,,,
35,7199,1.1281721591949463,0.486905038356781,0.9878275990486145,0.6931208968162537,,,,,,,
35,7199,,,,,0.7044907212257385,0.5051829218864441,0.9226180911064148,1.2039693593978882,0.536515474319458,1.013994812965393,0.6930819153785706
36,7299,1.3273043632507324,0.62485271692276,1.0490111112594604,0.6931190490722656,,,,,,,
36,7399,1.182916283607483,0.5242401361465454,1.005199909210205,0.6930475234985352,,,,,,,
36,7399,,,,,0.7036314010620117,0.5032240748405457,0.9162749648094177,1.1890532970428467,0.5350419282913208,1.0005683898925781,0.6931138038635254
37,7499,1.279597520828247,0.5782462358474731,1.0478585958480835,0.6930145621299744,,,,,,,
37,7599,1.211045742034912,0.5216028690338135,1.0359710454940796,0.6930563449859619,,,,,,,
37,7599,,,,,0.7047144174575806,0.5033738017082214,0.9130925536155701,1.1985653638839722,0.5358836054801941,1.0092384815216064,0.6931133270263672
38,7699,1.1810276508331299,0.5148102641105652,1.0126245021820068,0.692814290523529,,,,,,,
38,7799,1.2107304334640503,0.5471076965332031,1.010183572769165,0.693121612071991,,,,,,,
38,7799,,,,,0.7039950489997864,0.5036512613296509,0.911711573600769,1.1998798847198486,0.5344154238700867,1.012017011642456,0.6931054592132568
39,7899,1.1903374195098877,0.537833034992218,0.9990283250808716,0.6930481195449829,,,,,,,
39,7999,1.2222154140472412,0.5439403057098389,1.02480149269104,0.6930528879165649,,,,,,,
39,7999,,,,,0.6996583938598633,0.5062358975410461,0.9086596369743347,1.1872199773788452,0.5297797918319702,1.0039660930633545,0.6930515766143799
40,8099,1.102866530418396,0.4665168523788452,0.9828550219535828,0.6930105686187744,,,,,,,
40,8199,1.1286633014678955,0.5079396963119507,0.9672895669937134,0.6931318044662476,,,,,,,
40,8199,,,,,0.7019993662834167,0.5042064785957336,0.9319319128990173,1.1880007982254028,0.5326959490776062,1.0018523931503296,0.6930950284004211
41,8299,1.158935785293579,0.515755295753479,0.989659309387207,0.6929575204849243,,,,,,,
41,8399,1.1234372854232788,0.49406149983406067,0.975766122341156,0.6927807331085205,,,,,,,
41,8399,,,,,0.7003137469291687,0.5127468109130859,0.9128839373588562,1.1755236387252808,0.530604898929596,0.9913183450698853,0.6927990317344666
42,8499,1.2985823154449463,0.5849254131317139,1.0602138042449951,0.6931138038635254,,,,,,,
42,8599,1.1703548431396484,0.529096245765686,0.9878174662590027,0.6931174993515015,,,,,,,
42,8599,,,,,0.7009642124176025,0.5028214454650879,0.9219036102294922,1.1742491722106934,0.532283365726471,0.988527238368988,0.6931224465370178
43,8699,1.2133122682571411,0.5623270869255066,0.9974528551101685,0.6929352283477783,,,,,,,
43,8799,1.2237814664840698,0.5614556670188904,1.0088276863098145,0.6930038928985596,,,,,,,
43,8799,,,,,0.6991110444068909,0.5097585916519165,0.9385531544685364,1.172615885734558,0.5290987491607666,0.9899861216545105,0.6929381489753723
44,8899,1.2264008522033691,0.5543357133865356,1.0185383558273315,0.6929464340209961,,,,,,,
44,8999,1.175087332725525,0.5247088670730591,0.9969460964202881,0.6931352019309998,,,,,,,
44,8999,,,,,0.7012600898742676,0.5042182207107544,0.9359885454177856,1.1822534799575806,0.5320730209350586,0.9967311024665833,0.6931015849113464
45,9099,1.2682913541793823,0.5594145059585571,1.0554345846176147,0.6931154131889343,,,,,,,
45,9199,1.1805588006973267,0.5346570014953613,0.9924322366714478,0.6930608749389648,,,,,,,
45,9199,,,,,0.7001789212226868,0.5038286447525024,0.9253352880477905,1.1811561584472656,0.5298621654510498,0.9978472590446472,0.6931065917015076
46,9299,1.154710054397583,0.5200153589248657,0.9812604188919067,0.6931315064430237,,,,,,,
46,9399,1.0481064319610596,0.45922887325286865,0.9354349970817566,0.6931146383285522,,,,,,,
46,9399,,,,,0.700461208820343,0.5036773681640625,0.903342068195343,1.1805436611175537,0.5320055484771729,0.9950911402702332,0.6931061148643494
47,9499,1.086979627609253,0.47817856073379517,0.9550542831420898,0.6925061941146851,,,,,,,
47,9599,1.246399164199829,0.5890548229217529,1.0037950277328491,0.6929012537002563,,,,,,,
47,9599,,,,,0.7006882429122925,0.513203501701355,0.9144594669342041,1.1822731494903564,0.5313478708267212,0.9973046183586121,0.6927585005760193
48,9699,1.1508686542510986,0.5270054936408997,0.970164954662323,0.6926035284996033,,,,,,,
48,9799,1.2173432111740112,0.5847023725509644,0.9790766835212708,0.6928717494010925,,,,,,,
48,9799,,,,,0.6979745626449585,0.5113043785095215,0.9342834949493408,1.1715096235275269,0.5272740721702576,0.9906665086746216,0.6928619742393494
49,9899,1.384608268737793,0.6402726173400879,1.090895652770996,0.693120002746582,,,,,,,
49,9999,1.229621171951294,0.5474694967269897,1.028708577156067,0.6931136846542358,,,,,,,
49,9999,,,,,0.6991589069366455,0.5031734108924866,0.9202518463134766,1.1872847080230713,0.5292670726776123,1.0045757293701172,0.6931160092353821
50,10099,1.1442111730575562,0.516141414642334,0.9744661450386047,0.6927927136421204,,,,,,,
50,10199,1.146874189376831,0.5230896472930908,0.9703409075737,0.6931127309799194,,,,,,,
50,10199,,,,,0.6970237493515015,0.5051749348640442,0.9342827200889587,1.1646591424942017,0.5257304310798645,0.9854655861854553,0.6930737495422363
51,10299,1.2801084518432617,0.5698941946029663,1.0567519664764404,0.6930752992630005,,,,,,,
51,10399,1.281268835067749,0.5664201378822327,1.0614044666290283,0.6931113004684448,,,,,,,
51,10399,,,,,0.7029028534889221,0.5060913562774658,0.9399775266647339,1.1959935426712036,0.5351269841194153,1.0073953866958618,0.6930575370788574
52,10499,1.2052682638168335,0.555423378944397,0.9963210821151733,0.6929523944854736,,,,,,,
52,10599,1.2014365196228027,0.560755729675293,0.9872003197669983,0.693039059638977,,,,,,,
52,10599,,,,,0.7005359530448914,0.5051717758178711,0.9338394999504089,1.1653218269348145,0.5303822159767151,0.9814772605895996,0.6930750012397766
53,10699,1.1572189331054688,0.5052021145820618,0.9985362887382507,0.693038821220398,,,,,,,
53,10799,1.2768688201904297,0.5939590930938721,1.0294498205184937,0.6930801272392273,,,,,,,
53,10799,,,,,0.6959646344184875,0.5050092339515686,0.9164762496948242,1.163055419921875,0.5267184972763062,0.9828768968582153,0.6930798292160034
54,10899,1.0312708616256714,0.47044092416763306,0.9073938727378845,0.6931278705596924,,,,,,,
54,10999,1.215776801109314,0.5354642868041992,1.026715874671936,0.6928066611289978,,,,,,,
54,10999,,,,,0.6981374025344849,0.5156834125518799,0.9131377935409546,1.1680409908294678,0.5278398394584656,0.986516535282135,0.6926312446594238
55,11099,1.1800761222839355,0.5543704032897949,0.9722550511360168,0.6930984258651733,,,,,,,
55,11199,1.1815502643585205,0.5363128185272217,0.9916570782661438,0.6928392648696899,,,,,,,
55,11199,,,,,0.6992054581642151,0.5113487243652344,0.9101338386535645,1.168874740600586,0.5284533500671387,0.9868520498275757,0.6928614377975464
56,11299,1.1686028242111206,0.5422376990318298,0.9727569222450256,0.6927835941314697,,,,,,,
56,11399,1.2970699071884155,0.5800577998161316,1.0635639429092407,0.693103551864624,,,,,,,
56,11399,,,,,0.6939288973808289,0.5029375553131104,0.9235352873802185,1.143319845199585,0.5224530696868896,0.9674270153045654,0.693120539188385
57,11499,1.1445592641830444,0.5242619514465332,0.9666726589202881,0.6927506923675537,,,,,,,
57,11599,1.2374486923217773,0.562044620513916,1.021872878074646,0.6929377317428589,,,,,,,
57,11599,,,,,0.6955187320709229,0.5077420473098755,0.9349144697189331,1.1485131978988647,0.5246957540512085,0.9703191518783569,0.6930035352706909
58,11699,1.0457810163497925,0.4721943736076355,0.9201148152351379,0.6930563449859619,,,,,,,
58,11799,1.1665512323379517,0.5209056735038757,0.9922086596488953,0.6931261420249939,,,,,,,
58,11799,,,,,0.6970389485359192,0.5021080374717712,0.919439971446991,1.154263973236084,0.5258077383041382,0.9750223755836487,0.6931321620941162
59,11899,1.1180651187896729,0.5163697004318237,0.9482141733169556,0.6930374503135681,,,,,,,
59,11999,1.1738380193710327,0.5508866906166077,0.9694844484329224,0.6930662989616394,,,,,,,
59,11999,,,,,0.6938164234161377,0.5050731301307678,0.9300968050956726,1.1547889709472656,0.5219564437866211,0.9793729186058044,0.6930810213088989
60,12099,1.1416891813278198,0.5077112913131714,0.9805023074150085,0.6930487155914307,,,,,,,
60,12199,1.1095609664916992,0.48804229497909546,0.9679837822914124,0.6929303407669067,,,,,,,
60,12199,,,,,0.6960424780845642,0.5082032680511475,0.9372296929359436,1.1635868549346924,0.5252084732055664,0.9848686456680298,0.6929802894592285
61,12299,1.110450267791748,0.5156911015510559,0.9411646127700806,0.6928110122680664,,,,,,,
61,12399,1.0740422010421753,0.4924141764640808,0.9281499981880188,0.6930438876152039,,,,,,,
61,12399,,,,,0.6963497996330261,0.5129004716873169,0.9325860738754272,1.152404546737671,0.5247588753700256,0.9740421175956726,0.6927934885025024
62,12499,1.1992359161376953,0.5448511838912964,1.0009275674819946,0.6930857300758362,,,,,,,
62,12599,1.1333026885986328,0.5293575525283813,0.9505133032798767,0.6931363344192505,,,,,,,
62,12599,,,,,0.6968526244163513,0.5044779777526855,0.9391263723373413,1.1663330793380737,0.5264318585395813,0.9864501953125,0.6930975914001465
63,12699,1.0940804481506348,0.5000653266906738,0.9405798316001892,0.6931296586990356,,,,,,,
63,12799,1.2128627300262451,0.5384219884872437,1.0208104848861694,0.6927393674850464,,,,,,,
63,12799,,,,,0.6922848224639893,0.5087217688560486,0.9110202193260193,1.1399927139282227,0.5205585360527039,0.9659243822097778,0.6929808259010315
64,12899,1.099874496459961,0.5144968032836914,0.9318804144859314,0.6930056810379028,,,,,,,
64,12999,1.2184481620788574,0.5565226078033447,1.008493185043335,0.693135142326355,,,,,,,
64,12999,,,,,0.6949872374534607,0.5077632665634155,0.9333610534667969,1.14598548412323,0.5232569575309753,0.9692352414131165,0.6930131912231445
65,13099,1.0833396911621094,0.4873618483543396,0.9425400495529175,0.6931242346763611,,,,,,,
65,13199,1.1405160427093506,0.5268107652664185,0.960235595703125,0.6930607557296753,,,,,,,
65,13199,,,,,0.6947602033615112,0.5091902613639832,0.9317537546157837,1.141442060470581,0.5222494006156921,0.9656649827957153,0.6929447650909424
66,13299,1.1620330810546875,0.5313248634338379,0.97727370262146,0.6931309103965759,,,,,,,
66,13399,1.170408010482788,0.5412559509277344,0.9756414294242859,0.6929788589477539,,,,,,,
66,13399,,,,,0.694163978099823,0.5105655789375305,0.9364965558052063,1.160709261894226,0.5228392481803894,0.9843169450759888,0.6928938627243042
67,13499,1.2051371335983276,0.564140260219574,0.9874496459960938,0.692905604839325,,,,,,,
67,13599,1.044787883758545,0.4650457501411438,0.926294207572937,0.6931042671203613,,,,,,,
67,13599,,,,,0.6959742307662964,0.5030959844589233,0.9380094408988953,1.1589487791061401,0.5250123739242554,0.9804953932762146,0.6931177377700806
68,13699,1.0779991149902344,0.4815175533294678,0.9430496096611023,0.6931360960006714,,,,,,,
68,13799,1.177480697631836,0.5578106641769409,0.966230571269989,0.6931208372116089,,,,,,,
68,13799,,,,,0.6949149966239929,0.5034966468811035,0.9174304008483887,1.1439385414123535,0.522584855556488,0.9679096341133118,0.6931119561195374
69,13899,1.3358672857284546,0.6016518473625183,1.0807018280029297,0.6929728388786316,,,,,,,
69,13999,1.1620521545410156,0.5499477386474609,0.9584914445877075,0.6927741169929504,,,,,,,
69,13999,,,,,0.6957219839096069,0.5110431909561157,0.9075171947479248,1.1460332870483398,0.5238363146781921,0.9686389565467834,0.6928839683532715
70,14099,1.1577141284942627,0.5352416038513184,0.9689768552780151,0.6930086612701416,,,,,,,
70,14199,1.0508097410202026,0.47878605127334595,0.9184644818305969,0.6928816437721252,,,,,,,
70,14199,,,,,0.6933116912841797,0.5109140276908875,0.912778377532959,1.1338422298431396,0.5208466053009033,0.9594377875328064,0.692884087562561
71,14299,1.1140841245651245,0.5048291683197021,0.9558113813400269,0.6931127905845642,,,,,,,
71,14399,1.1126728057861328,0.5006074905395508,0.9586275219917297,0.6931241750717163,,,,,,,
71,14399,,,,,0.6923573613166809,0.5028168559074402,0.9298890829086304,1.1465283632278442,0.5205350518226624,0.9725543260574341,0.6931216716766357
72,14499,1.1993166208267212,0.5464649200439453,0.9994006156921387,0.6930978298187256,,,,,,,
72,14599,1.1314787864685059,0.5211964845657349,0.9567391872406006,0.6929138898849487,,,,,,,
72,14599,,,,,0.6928977370262146,0.5067245960235596,0.9351687431335449,1.1313166618347168,0.5212415456771851,0.9565889835357666,0.6930277347564697
73,14699,1.1382944583892822,0.528221070766449,0.9566335678100586,0.6931204795837402,,,,,,,
73,14799,1.0816168785095215,0.49139779806137085,0.9367823600769043,0.6931267976760864,,,,,,,
73,14799,,,,,0.6918314099311829,0.5024788975715637,0.9252195954322815,1.132470965385437,0.5192506909370422,0.9597843289375305,0.6931278705596924
74,14899,1.0562020540237427,0.4929236173629761,0.909830629825592,0.6931045055389404,,,,,,,
74,14999,1.028455138206482,0.4586350917816162,0.9163756966590881,0.6931112408638,,,,,,,
74,14999,,,,,0.692115306854248,0.5058751702308655,0.9097759127616882,1.1332472562789917,0.5197411775588989,0.9600386619567871,0.6930651068687439
75,15099,1.156077265739441,0.5170071125030518,0.9854865670204163,0.6928327679634094,,,,,,,
75,15199,1.1600968837738037,0.5225695371627808,0.984067976474762,0.6930814385414124,,,,,,,
75,15199,,,,,0.6904395222663879,0.505765438079834,0.9154331684112549,1.1176987886428833,0.51755690574646,0.9466756582260132,0.6930674314498901
76,15299,1.186769962310791,0.5595901608467102,0.9736942648887634,0.6930290460586548,,,,,,,
76,15399,1.117234706878662,0.5052886009216309,0.9584867358207703,0.693081259727478,,,,,,,
76,15399,,,,,0.6922321319580078,0.5034199357032776,0.9270635843276978,1.1442091464996338,0.5203597545623779,0.9704052805900574,0.6931115388870239
77,15499,1.0815712213516235,0.4876154661178589,0.9404973387718201,0.6930831074714661,,,,,,,
77,15599,1.202636957168579,0.5521243214607239,0.9969189167022705,0.6928125023841858,,,,,,,
77,15599,,,,,0.6939995288848877,0.507658839225769,0.9306941032409668,1.1415047645568848,0.5217750072479248,0.9662349820137024,0.6930108070373535
78,15699,1.0575385093688965,0.47950583696365356,0.9245753288269043,0.6930853128433228,,,,,,,
78,15799,1.1506376266479492,0.5244230031967163,0.9726712703704834,0.6929131746292114,,,,,,,
78,15799,,,,,0.6933967471122742,0.509403645992279,0.9098392724990845,1.145056962966919,0.521826446056366,0.9697056412696838,0.6929508447647095
79,15899,1.155686855316162,0.5440653562545776,0.9581524729728699,0.6930619478225708,,,,,,,
79,15999,1.1099685430526733,0.4914070963859558,0.9650909900665283,0.6930592060089111,,,,,,,
79,15999,,,,,0.6938080191612244,0.5079926252365112,0.9312949180603027,1.1444401741027832,0.5212826728820801,0.9696540832519531,0.6929934024810791
80,16099,1.2499030828475952,0.5833442807197571,1.0131253004074097,0.6931330561637878,,,,,,,
80,16199,1.0716344118118286,0.4983895719051361,0.919786810874939,0.6930840015411377,,,,,,,
80,16199,,,,,0.6930920481681824,0.5053055882453918,0.9328957796096802,1.1236586570739746,0.5215112566947937,0.9486843347549438,0.6930743455886841
81,16299,1.0407862663269043,0.460642546415329,0.9266597628593445,0.6930321455001831,,,,,,,
81,16399,1.1401256322860718,0.521368682384491,0.9653223752975464,0.6931307911872864,,,,,,,
81,16399,,,,,0.6936742663383484,0.5045049786567688,0.913100004196167,1.1470928192138672,0.5230094790458679,0.9706288576126099,0.6930909752845764
82,16499,1.148563027381897,0.5307608246803284,0.9643630981445312,0.693121612071991,,,,,,,
82,16599,0.990970253944397,0.4549160599708557,0.8826134204864502,0.6931183338165283,,,,,,,
82,16599,,,,,0.6911227703094482,0.5030644536018372,0.9171310067176819,1.1187139749526978,0.5180533528327942,0.9472191333770752,0.6931171417236328
83,16699,1.2134172916412354,0.5863900184631348,0.973591685295105,0.6931288838386536,,,,,,,
83,16799,1.207818865776062,0.5733016133308411,0.9810680747032166,0.6931016445159912,,,,,,,
83,16799,,,,,0.6923393607139587,0.5097378492355347,0.9073118567466736,1.1149437427520752,0.5192760229110718,0.9421312212944031,0.6929266452789307
84,16899,1.0544521808624268,0.4929034113883972,0.9081012606620789,0.6931049227714539,,,,,,,
84,16999,1.2355680465698242,0.5755466818809509,1.0065890550613403,0.693135142326355,,,,,,,
84,16999,,,,,0.6921418905258179,0.503944993019104,0.9282366633415222,1.125165343284607,0.519103467464447,0.9526148438453674,0.6931057572364807
85,17099,1.0509543418884277,0.48593682050704956,0.9115541577339172,0.6930731534957886,,,,,,,
85,17199,1.201011061668396,0.5346353650093079,1.0129330158233643,0.6931145787239075,,,,,,,
85,17199,,,,,0.6912484765052795,0.5033448338508606,0.9174777269363403,1.1437020301818848,0.5171898603439331,0.9730688333511353,0.6931135058403015
86,17299,1.184646487236023,0.5358418822288513,0.9953489303588867,0.6930888295173645,,,,,,,
86,17399,1.094975233078003,0.49291831254959106,0.9486016035079956,0.693089485168457,,,,,,,
86,17399,,,,,0.6909360289573669,0.5058906078338623,0.9114190936088562,1.1226595640182495,0.5187464952468872,0.950441837310791,0.6930578351020813
87,17499,1.119848608970642,0.5178576707839966,0.9485418200492859,0.6931016445159912,,,,,,,
87,17599,1.087713599205017,0.49492722749710083,0.9391881823539734,0.6928035616874695,,,,,,,
87,17599,,,,,0.6929271221160889,0.507314145565033,0.9119115471839905,1.129312515258789,0.520118772983551,0.9557034969329834,0.6930195093154907
88,17699,1.3063725233078003,0.612288236618042,1.0406488180160522,0.6931290626525879,,,,,,,
88,17799,1.0757062435150146,0.49666446447372437,0.9255937933921814,0.6931040287017822,,,,,,,
88,17799,,,,,0.6919955611228943,0.5039553642272949,0.9182018041610718,1.1241892576217651,0.5188541412353516,0.9518862962722778,0.6931024193763733
89,17899,1.1779086589813232,0.5666801929473877,0.9577915072441101,0.6931263208389282,,,,,,,
89,17999,1.1913038492202759,0.5736516714096069,0.9642097353935242,0.6931150555610657,,,,,,,
89,17999,,,,,0.6894065141677856,0.5028406977653503,0.9241263270378113,1.1177551746368408,0.5156264901161194,0.9486900568008423,0.6931227445602417
90,18099,1.1628313064575195,0.5388128161430359,0.970585823059082,0.6931349039077759,,,,,,,
90,18199,1.0966659784317017,0.5078061819076538,0.935417890548706,0.6931161880493164,,,,,,,
90,18199,,,,,0.6921850442886353,0.5022616982460022,0.9212146401405334,1.1120307445526123,0.5188804268836975,0.9397155046463013,0.6931305527687073
91,18299,1.1205259561538696,0.5182652473449707,0.948810875415802,0.6931002140045166,,,,,,,
91,18399,0.985111653804779,0.4510961174964905,0.88038170337677,0.6927324533462524,,,,,,,
91,18399,,,,,0.6905944347381592,0.5094963908195496,0.91175377368927,1.1220197677612305,0.5181254744529724,0.9503682255744934,0.6929482221603394
92,18499,1.060907244682312,0.49670442938804626,0.9105204343795776,0.6926352381706238,,,,,,,
92,18599,1.1766026020050049,0.5488459467887878,0.9742980003356934,0.6930829286575317,,,,,,,
92,18599,,,,,0.6926376819610596,0.5046831369400024,0.9074258208274841,1.1314547061920166,0.5199368000030518,0.9580596685409546,0.6930835247039795
93,18699,1.1973944902420044,0.5620405673980713,0.9818661212921143,0.6930244565010071,,,,,,,
93,18799,1.089106559753418,0.5092422962188721,0.9263350963592529,0.6929415464401245,,,,,,,
93,18799,,,,,0.6896804571151733,0.5055556297302246,0.9323932528495789,1.113070011138916,0.5165761113166809,0.9430301785469055,0.6930722594261169
94,18899,1.1683087348937988,0.5317171216011047,0.9831217527389526,0.6930602788925171,,,,,,,
94,18999,1.1212306022644043,0.5159944295883179,0.951783299446106,0.6930943727493286,,,,,,,
94,18999,,,,,0.6917071342468262,0.5025954842567444,0.9387364387512207,1.1262788772583008,0.5186942219734192,0.9541477560997009,0.6931264400482178
95,19099,1.045305609703064,0.4852750599384308,0.9065732359886169,0.6930854320526123,,,,,,,
95,19199,1.1778298616409302,0.5646127462387085,0.9597750902175903,0.6931159496307373,,,,,,,
95,19199,,,,,0.6897516250610352,0.5032128095626831,0.9226504564285278,1.1158998012542725,0.5170717239379883,0.9453856348991394,0.6931148767471313
96,19299,1.129302978515625,0.514434814453125,0.9612664580345154,0.6927966475486755,,,,,,,
96,19399,1.0540058612823486,0.4888659715652466,0.9116987586021423,0.6931177377700806,,,,,,,
96,19399,,,,,0.6901323795318604,0.5045572519302368,0.9303174614906311,1.1194274425506592,0.5171098113059998,0.9488648772239685,0.6930946707725525
97,19499,1.2314870357513428,0.5760692358016968,1.0019690990447998,0.6931024789810181,,,,,,,
97,19599,1.112138032913208,0.5092403888702393,0.9494174122810364,0.6930395364761353,,,,,,,
97,19599,,,,,0.6898505091667175,0.5045397877693176,0.9084439277648926,1.11684250831604,0.5186125636100769,0.9447759985923767,0.6930918097496033
98,19699,1.2271183729171753,0.5516514778137207,1.0219544172286987,0.6929750442504883,,,,,,,
98,19799,1.1152724027633667,0.5223621129989624,0.9393275380134583,0.6928345561027527,,,,,,,
98,19799,,,,,0.6911044716835022,0.508462131023407,0.9128205180168152,1.1254832744598389,0.5187010765075684,0.9532716870307922,0.6929793953895569
99,19899,1.0884034633636475,0.5224664807319641,0.9124920964241028,0.6931101679801941,,,,,,,
99,19999,1.1108752489089966,0.4882301092147827,0.969171941280365,0.6930534243583679,,,,,,,
99,19999,,,,,0.6923453211784363,0.5104272365570068,0.9318898916244507,1.134639024734497,0.5197765827178955,0.9613175988197327,0.692910373210907
100,20099,1.0716078281402588,0.49412164092063904,0.923995852470398,0.6930193305015564,,,,,,,
100,20199,1.07204008102417,0.5115098357200623,0.9070947170257568,0.6931291818618774,,,,,,,
100,20199,,,,,0.6934458017349243,0.5023995637893677,0.9335737228393555,1.1335409879684448,0.5224453806877136,0.9576597213745117,0.693128228187561
101,20299,1.2353459596633911,0.5649636387825012,1.0168789625167847,0.6929934024810791,,,,,,,
101,20399,1.0409475564956665,0.485086590051651,0.9023458957672119,0.6929698586463928,,,,,,,
101,20399,,,,,0.692499577999115,0.5131620764732361,0.9138852953910828,1.1164705753326416,0.521267831325531,0.9415900707244873,0.6927745342254639
102,20499,1.1844691038131714,0.562555193901062,0.9684281945228577,0.6930286884307861,,,,,,,
102,20599,1.1039985418319702,0.508669376373291,0.9418949484825134,0.693131685256958,,,,,,,
102,20599,,,,,0.6892520189285278,0.502113938331604,0.909933865070343,1.0969135761260986,0.5146903991699219,0.9287897944450378,0.6931331157684326
103,20699,1.2428741455078125,0.5772109031677246,1.0121848583221436,0.6930431723594666,,,,,,,
103,20799,1.2143080234527588,0.5542152523994446,1.0064815282821655,0.6927775740623474,,,,,,,
103,20799,,,,,0.6941603422164917,0.5135449171066284,0.9346581101417542,1.1278496980667114,0.5229355692863464,0.9512954354286194,0.692762553691864
104,20899,1.0581889152526855,0.4936930239200592,0.9110209941864014,0.6930500268936157,,,,,,,
104,20999,1.0254453420639038,0.46224865317344666,0.9092727303504944,0.6921520829200745,,,,,,,
104,20999,,,,,0.6897915601730347,0.5227985382080078,0.9078218340873718,1.1101924180984497,0.5159613490104675,0.9402683973312378,0.6920748949050903
105,21099,1.1248071193695068,0.5158448219299316,0.9554978013038635,0.6930708885192871,,,,,,,
105,21199,1.1032730340957642,0.49558496475219727,0.954206645488739,0.693037211894989,,,,,,,
105,21199,,,,,0.6874388456344604,0.5045024752616882,0.9152078628540039,1.1275014877319336,0.5141275525093079,0.959920346736908,0.6930930614471436
106,21299,1.0939289331436157,0.5038133859634399,0.9366510510444641,0.6930711269378662,,,,,,,
106,21399,1.1310737133026123,0.5091769695281982,0.9684010744094849,0.6930086612701416,,,,,,,
106,21399,,,,,0.6894633769989014,0.5049809813499451,0.9208487868309021,1.1297028064727783,0.5148850679397583,0.9613578915596008,0.6930800080299377
107,21499,1.1077476739883423,0.4996633231639862,0.9546348452568054,0.6931008696556091,,,,,,,
107,21599,1.1295589208602905,0.5464983582496643,0.9296214580535889,0.6931216716766357,,,,,,,
107,21599,,,,,0.6889390349388123,0.5028400421142578,0.9252397418022156,1.098087191581726,0.5146154761314392,0.9300329089164734,0.693122386932373
108,21699,1.1788724660873413,0.5207433700561523,1.0046043395996094,0.6929504871368408,,,,,,,
108,21799,1.0843929052352905,0.5127339363098145,0.9182096123695374,0.693101167678833,,,,,,,
108,21799,,,,,0.6900995373725891,0.5106999278068542,0.9393345713615417,1.1218106746673584,0.5181201696395874,0.9501429796218872,0.6929048299789429
109,21899,1.1387118101119995,0.5207275748252869,0.9645451307296753,0.6931216716766357,,,,,,,
109,21999,1.120667576789856,0.524360179901123,0.942787766456604,0.692960798740387,,,,,,,
109,21999,,,,,0.6900631189346313,0.5121835470199585,0.9060386419296265,1.101177453994751,0.515133798122406,0.9324533343315125,0.6928188800811768
110,22099,1.1959872245788574,0.5382519364356995,1.0043022632598877,0.6931338906288147,,,,,,,
110,22199,1.1145997047424316,0.534113883972168,0.9270474314689636,0.693123459815979,,,,,,,
110,22199,,,,,0.6884996891021729,0.5024558901786804,0.9183540940284729,1.112370491027832,0.5153903961181641,0.9435437321662903,0.6931275129318237
111,22299,1.282747745513916,0.5917420387268066,1.0375678539276123,0.6931242942810059,,,,,,,
111,22399,1.1721086502075195,0.5410091876983643,0.9776467680931091,0.6930946111679077,,,,,,,
111,22399,,,,,0.6893515586853027,0.5027062892913818,0.9276348948478699,1.1010644435882568,0.5163866281509399,0.9312400817871094,0.6931244134902954
112,22499,1.121253490447998,0.5352141261100769,0.9325363636016846,0.6929941177368164,,,,,,,
112,22599,1.1439776420593262,0.5243955850601196,0.9661327004432678,0.6931014060974121,,,,,,,
112,22599,,,,,0.6918600797653198,0.5066035389900208,0.9348827004432678,1.1232510805130005,0.5200563669204712,0.9497111439704895,0.6930328607559204
113,22699,1.1779742240905762,0.5335584282875061,0.990977942943573,0.6931243538856506,,,,,,,
113,22799,1.0950281620025635,0.5036729574203491,0.9378302693367004,0.6929503679275513,,,,,,,
113,22799,,,,,0.6880152821540833,0.5046963691711426,0.9168742895126343,1.1086843013763428,0.514478325843811,0.9407472610473633,0.6930825114250183
114,22899,1.0208795070648193,0.47708240151405334,0.8903455138206482,0.693096935749054,,,,,,,
114,22999,1.1834429502487183,0.5470306873321533,0.982936680316925,0.6930487155914307,,,,,,,
114,22999,,,,,0.6893678903579712,0.5038698315620422,0.9145311117172241,1.107593297958374,0.515634298324585,0.9385132789611816,0.6931085586547852
115,23099,1.0808188915252686,0.5029844045639038,0.9244006276130676,0.6931322813034058,,,,,,,
115,23199,1.0969182252883911,0.5146365761756897,0.9286234974861145,0.6926836967468262,,,,,,,
115,23199,,,,,0.6865182518959045,0.5100106000900269,0.9348872303962708,1.0956640243530273,0.5122717618942261,0.9298522472381592,0.6929203271865845
116,23299,1.133955955505371,0.5431159734725952,0.9374012351036072,0.6931223273277283,,,,,,,
116,23399,1.2154710292816162,0.5804369449615479,0.9815505146980286,0.6930328011512756,,,,,,,
116,23399,,,,,0.6888455152511597,0.5049262046813965,0.9286155700683594,1.099716067314148,0.5144524574279785,0.9318066239356995,0.6930864453315735
117,23499,1.1448354721069336,0.5436528325080872,0.9476376175880432,0.6929099559783936,,,,,,,
117,23599,1.0972362756729126,0.5092910528182983,0.9343594312667847,0.6928284168243408,,,,,,,
117,23599,,,,,0.690200924873352,0.5104176998138428,0.914570689201355,1.1195920705795288,0.5178837776184082,0.9481616616249084,0.6929064989089966
118,23699,1.1176230907440186,0.5287789106369019,0.9354076981544495,0.6931270956993103,,,,,,,
118,23799,0.9916578531265259,0.4650288224220276,0.873187780380249,0.6931173801422119,,,,,,,
118,23799,,,,,0.6873375773429871,0.5062780380249023,0.9092418551445007,1.1006494760513306,0.5142725110054016,0.9328988790512085,0.6930438876152039
119,23899,1.1807647943496704,0.537568211555481,0.9897515177726746,0.6931097507476807,,,,,,,
119,23999,1.0341675281524658,0.453726589679718,0.9269301891326904,0.6929783821105957,,,,,,,
119,23999,,,,,0.687635064125061,0.5063184499740601,0.9178061485290527,1.09978449344635,0.5147435069084167,0.9315654039382935,0.6930491924285889
120,24099,0.9886091351509094,0.47513800859451294,0.8599646091461182,0.6929868459701538,,,,,,,
120,24199,1.037194848060608,0.47942590713500977,0.9042786955833435,0.6930196285247803,,,,,,,
120,24199,,,,,0.6863033771514893,0.5049314498901367,0.9135046005249023,1.0966033935546875,0.5123268365859985,0.9308146834373474,0.693075954914093
121,24299,1.1204352378845215,0.5166497826576233,0.9503427147865295,0.6931145191192627,,,,,,,
121,24399,1.1288460493087769,0.5335484743118286,0.9418659210205078,0.6931366324424744,,,,,,,
121,24399,,,,,0.687063455581665,0.5029672980308533,0.9393037557601929,1.0961620807647705,0.5136860013008118,0.9290360808372498,0.6931198239326477
122,24499,1.1438696384429932,0.5504779815673828,0.9399548172950745,0.6931263208389282,,,,,,,
122,24599,1.0897048711776733,0.5064129829406738,0.9297213554382324,0.692858874797821,,,,,,,
122,24599,,,,,0.6879111528396606,0.5086625218391418,0.9260983467102051,1.1071287393569946,0.5131246447563171,0.9404917359352112,0.6929752230644226
123,24699,1.1048856973648071,0.5290243029594421,0.9222683310508728,0.6928138732910156,,,,,,,
123,24799,1.1020076274871826,0.5203745365142822,0.9281712770462036,0.6930763721466064,,,,,,,
123,24799,,,,,0.6879315972328186,0.5044252276420593,0.9372905492782593,1.0883092880249023,0.5142488479614258,0.920606255531311,0.6930916905403137
124,24899,1.1016120910644531,0.49986112117767334,0.9483091235160828,0.6931161880493164,,,,,,,
124,24999,1.0379931926727295,0.49712955951690674,0.8873999714851379,0.6930728554725647,,,,,,,
124,24999,,,,,0.686621367931366,0.5103909969329834,0.9289619326591492,1.104620337486267,0.5113603472709656,0.9397143721580505,0.692908763885498
125,25099,1.10051429271698,0.5181394815444946,0.928939163684845,0.6931288838386536,,,,,,,
125,25199,1.1082415580749512,0.527053952217102,0.9277302622795105,0.6930851936340332,,,,,,,
125,25199,,,,,0.688024640083313,0.5074848532676697,0.9352144598960876,1.110041618347168,0.5142228007316589,0.9423263072967529,0.6930152177810669
126,25299,1.1027555465698242,0.5000476241111755,0.9492702484130859,0.6931247115135193,,,,,,,
126,25399,1.0356383323669434,0.49731433391571045,0.8848771452903748,0.6931062936782837,,,,,,,
126,25399,,,,,0.6856246590614319,0.5054193735122681,0.9358126521110535,1.0848257541656494,0.5111103057861328,0.9202519059181213,0.6930728554725647
127,25499,1.1925804615020752,0.5796661376953125,0.959479033946991,0.6931295394897461,,,,,,,
127,25599,1.0290447473526,0.4788496494293213,0.8966752290725708,0.6929602026939392,,,,,,,
127,25599,,,,,0.6897661685943604,0.5094982981681824,0.9306479692459106,1.095514178276062,0.5158961415290833,0.926089882850647,0.6929436922073364
128,25699,1.077195167541504,0.5166992545127869,0.9070293307304382,0.6930669546127319,,,,,,,
128,25799,1.1822712421417236,0.5453438758850098,0.9834557175636292,0.693056583404541,,,,,,,
128,25799,,,,,0.687134861946106,0.5049796104431152,0.9081321954727173,1.085633635520935,0.5126413702964783,0.919535219669342,0.6930855512619019
129,25899,1.060379981994629,0.5044766068458557,0.9024301767349243,0.693053662776947,,,,,,,
129,25999,1.0236696004867554,0.4582805037498474,0.9119436144828796,0.6931090354919434,,,,,,,
129,25999,,,,,0.6878146529197693,0.5069792866706848,0.9086903929710388,1.0884822607040405,0.5137551426887512,0.9212443232536316,0.6930338144302368
130,26099,0.9960277676582336,0.44064396619796753,0.9019132852554321,0.6930588483810425,,,,,,,
130,26199,1.1685526371002197,0.5282324552536011,0.9868812561035156,0.693122148513794,,,,,,,
130,26199,,,,,0.6870348453521729,0.5027506351470947,0.9268239736557007,1.0953562259674072,0.5119540691375732,0.9299632906913757,0.6931222677230835
131,26299,1.052325963973999,0.48059332370758057,0.9182881712913513,0.6931110620498657,,,,,,,
131,26399,1.0460820198059082,0.498050332069397,0.8945882320404053,0.6931129693984985,,,,,,,
131,26399,,,,,0.6865864396095276,0.5038231611251831,0.9135278463363647,1.0820984840393066,0.5114719271659851,0.917176365852356,0.6930996775627136
132,26499,1.102475643157959,0.5146706104278564,0.9343617558479309,0.6931134462356567,,,,,,,
132,26599,1.0677413940429688,0.502491295337677,0.9117968678474426,0.6930936574935913,,,,,,,
132,26599,,,,,0.6876981854438782,0.504779040813446,0.9229981303215027,1.0995712280273438,0.5137077569961548,0.9324048161506653,0.6930828094482422
133,26699,1.247657299041748,0.5927738547325134,1.0012812614440918,0.6927957534790039,,,,,,,
133,26799,1.1407843828201294,0.5456688404083252,0.9416255950927734,0.6930201053619385,,,,,,,
133,26799,,,,,0.6890212297439575,0.5048307180404663,0.9274896383285522,1.092713475227356,0.514876663684845,0.9243772625923157,0.6930807828903198
134,26899,1.0853163003921509,0.5198166966438293,0.9119892716407776,0.6929793357849121,,,,,,,
134,26999,1.2015197277069092,0.579274594783783,0.9688037037849426,0.6931172609329224,,,,,,,
134,26999,,,,,0.686859667301178,0.5022446513175964,0.9074986577033997,1.0815072059631348,0.5121122598648071,0.9159605503082275,0.693131148815155
135,27099,1.1544760465621948,0.5663595795631409,0.9346041679382324,0.6929752826690674,,,,,,,
135,27199,1.1644072532653809,0.5289920568466187,0.9817366003990173,0.6926427483558655,,,,,,,
135,27199,,,,,0.6849244832992554,0.5116387605667114,0.907372772693634,1.0917973518371582,0.5101867914199829,0.928036093711853,0.6928513646125793
136,27299,1.10792076587677,0.5308789014816284,0.9236099123954773,0.6931359171867371,,,,,,,
136,27399,1.2060730457305908,0.5751103162765503,0.9774276614189148,0.6929296255111694,,,,,,,
136,27399,,,,,0.6858319044113159,0.5108060240745544,0.9369242787361145,1.0892493724822998,0.5120083689689636,0.9236904978752136,0.6928991079330444
137,27499,1.1945853233337402,0.5616869926452637,0.9794595241546631,0.693122386932373,,,,,,,
137,27599,1.0351998805999756,0.46201571822166443,0.9197410345077515,0.6931136846542358,,,,,,,
137,27599,,,,,0.6866050362586975,0.5027384161949158,0.9161188006401062,1.0896010398864746,0.5124993324279785,0.9236635565757751,0.693123996257782
138,27699,1.078244686126709,0.49271997809410095,0.9320594668388367,0.693069577217102,,,,,,,
138,27799,1.0495975017547607,0.48571518063545227,0.9103854298591614,0.6930063962936401,,,,,,,
138,27799,,,,,0.6853525638580322,0.5041229128837585,0.9123674631118774,1.0811474323272705,0.511084258556366,0.9166140556335449,0.6931020617485046
139,27899,1.0695571899414062,0.49932295083999634,0.916784942150116,0.6931015253067017,,,,,,,
139,27999,1.0666747093200684,0.49421972036361694,0.9189479351043701,0.692986011505127,,,,,,,
139,27999,,,,,0.6863840818405151,0.5079562067985535,0.9352165460586548,1.0949058532714844,0.5127381086349487,0.9286689162254333,0.6930020451545715
140,28099,0.9940464496612549,0.46244966983795166,0.8781439065933228,0.6930942535400391,,,,,,,
140,28199,0.9933165311813354,0.468301922082901,0.8714426755905151,0.6928560137748718,,,,,,,
140,28199,,,,,0.6867761015892029,0.5129218697547913,0.9157848954200745,1.1012475490570068,0.5139780044555664,0.9336599111557007,0.6927805542945862
141,28299,1.062849521636963,0.49824175238609314,0.910918116569519,0.6926206350326538,,,,,,,
141,28399,1.0846848487854004,0.5115623474121094,0.9196839928627014,0.6931229829788208,,,,,,,
141,28399,,,,,0.6855201721191406,0.5030349493026733,0.9286595582962036,1.086575984954834,0.5104167461395264,0.9227178692817688,0.693117082118988
142,28499,1.1877555847167969,0.5618962049484253,0.9723925590515137,0.6930663585662842,,,,,,,
142,28599,1.067399263381958,0.5106711387634277,0.9032658338546753,0.6930755376815796,,,,,,,
142,28599,,,,,0.6857748627662659,0.5053930282592773,0.9214528799057007,1.0881816148757935,0.5110432505607605,0.9236763119697571,0.6930755376815796
143,28699,1.0535576343536377,0.5065926313400269,0.8934968113899231,0.6930636167526245,,,,,,,
143,28799,1.0507376194000244,0.5072035789489746,0.8901005387306213,0.693132758140564,,,,,,,
143,28799,,,,,0.6854467391967773,0.5028682947158813,0.9265604019165039,1.0778121948242188,0.5102748274803162,0.9140989780426025,0.6931234002113342
144,28899,1.113250732421875,0.5129252076148987,0.9468231201171875,0.6929951310157776,,,,,,,
144,28999,0.9834017753601074,0.4735882580280304,0.8563666939735413,0.6931064128875732,,,,,,,
144,28999,,,,,0.6873109340667725,0.5027491450309753,0.9188952445983887,1.08314847946167,0.5120910406112671,0.9176191687583923,0.6931234002113342
145,29099,1.1714551448822021,0.5574102401733398,0.9606066942214966,0.6931236982345581,,,,,,,
145,29199,1.1808018684387207,0.5462022423744202,0.9807024002075195,0.6922054290771484,,,,,,,
145,29199,,,,,0.685294508934021,0.521051287651062,0.9047658443450928,1.1130545139312744,0.5105875730514526,0.9485872983932495,0.6922406554222107
146,29299,1.1241765022277832,0.5469589233398438,0.9236114025115967,0.6927875280380249,,,,,,,
146,29399,1.1244499683380127,0.5352422595024109,0.9356896877288818,0.6929641366004944,,,,,,,
146,29399,,,,,0.6856889724731445,0.504463791847229,0.911928117275238,1.080458641052246,0.5121354460716248,0.9148702621459961,0.6930943131446838
147,29499,1.1304179430007935,0.5399154424667358,0.9370586276054382,0.6931121349334717,,,,,,,
147,29599,1.0737404823303223,0.48320937156677246,0.9370396733283997,0.6930168867111206,,,,,,,
147,29599,,,,,0.6845371723175049,0.5106109976768494,0.9101642966270447,1.085504412651062,0.510425865650177,0.921532392501831,0.6929075717926025
148,29699,1.1538293361663818,0.5162041783332825,0.984090268611908,0.6929303407669067,,,,,,,
148,29799,1.0248628854751587,0.48346295952796936,0.8877615332603455,0.692723274230957,,,,,,,
148,29799,,,,,0.6868234276771545,0.5080165266990662,0.9177801609039307,1.086117148399353,0.5141592621803284,0.9184573292732239,0.6929987668991089
149,29899,1.1168524026870728,0.5312413573265076,0.9321607947349548,0.6930994391441345,,,,,,,
149,29999,1.1217306852340698,0.5203983783721924,0.9478855729103088,0.6931063532829285,,,,,,,
149,29999,,,,,0.6849862933158875,0.5035741925239563,0.9300485253334045,1.081913948059082,0.510617733001709,0.9178507924079895,0.6931090950965881
150,30099,1.1288291215896606,0.5528038740158081,0.9222127795219421,0.6923748850822449,,,,,,,
150,30199,1.1685980558395386,0.5621428489685059,0.9529492259025574,0.6929882168769836,,,,,,,
150,30199,,,,,0.6862268447875977,0.507287859916687,0.9309770464897156,1.1090006828308105,0.51218581199646,0.9433243274688721,0.6930192112922668
151,30299,1.017311692237854,0.4684748649597168,0.895378828048706,0.6930839419364929,,,,,,,
151,30399,0.9944835305213928,0.4782739281654358,0.8627661466598511,0.6931132078170776,,,,,,,
151,30399,,,,,0.6862348318099976,0.5055977702140808,0.9082134366035461,1.077681303024292,0.512001633644104,0.9122114181518555,0.6930639743804932
152,30499,1.0954773426055908,0.5334187150001526,0.908527672290802,0.6929382085800171,,,,,,,
152,30599,0.9701411724090576,0.45655572414398193,0.8599975109100342,0.692824125289917,,,,,,,
152,30599,,,,,0.6849724650382996,0.5151418447494507,0.904813826084137,1.0787609815597534,0.5092794895172119,0.9158169031143188,0.6926712989807129
153,30699,1.1037466526031494,0.5016610622406006,0.9486311078071594,0.6930907964706421,,,,,,,
153,30799,1.139282464981079,0.5226497054100037,0.963194727897644,0.6931236982345581,,,,,,,
153,30799,,,,,0.6872883439064026,0.5023236870765686,0.9236257076263428,1.0978337526321411,0.513634204864502,0.9307644963264465,0.6931302547454834
154,30899,0.9907529354095459,0.46731293201446533,0.8699927926063538,0.6931057572364807,,,,,,,
154,30999,1.1380345821380615,0.5231804847717285,0.9614193439483643,0.6931305527687073,,,,,,,
154,30999,,,,,0.6858084201812744,0.507401168346405,0.9339979290962219,1.1097556352615356,0.5112350583076477,0.9450305700302124,0.6930201649665833
155,31099,1.0600793361663818,0.5127108693122864,0.8938435316085815,0.6929502487182617,,,,,,,
155,31199,1.0851386785507202,0.5147465467453003,0.9169483184814453,0.6931124329566956,,,,,,,
155,31199,,,,,0.6848936676979065,0.504245400428772,0.9343129396438599,1.0782930850982666,0.5097576379776001,0.915082573890686,0.6930941939353943
156,31299,1.0170085430145264,0.4814580976963043,0.8820841908454895,0.6930674314498901,,,,,,,
156,31399,1.097116470336914,0.5390645265579224,0.9045999050140381,0.6930960416793823,,,,,,,
156,31399,,,,,0.6867380738258362,0.503791093826294,0.9353502988815308,1.0816841125488281,0.5132999420166016,0.9149341583251953,0.6931001543998718
157,31499,1.1876846551895142,0.578352689743042,0.9557196497917175,0.692775547504425,,,,,,,
157,31599,1.0611324310302734,0.5022215247154236,0.9054255485534668,0.6930294036865234,,,,,,,
157,31599,,,,,0.6838010549545288,0.5033976435661316,0.9128060340881348,1.0770576000213623,0.5089541077613831,0.9146609306335449,0.6931145787239075
158,31699,1.0764610767364502,0.5346459150314331,0.8883788585662842,0.6931275129318237,,,,,,,
158,31799,1.1165874004364014,0.546905517578125,0.9161377549171448,0.6929116249084473,,,,,,,
158,31799,,,,,0.6845285296440125,0.5100253820419312,0.9315996766090393,1.0883017778396606,0.5099930763244629,0.9247738122940063,0.6929304003715515
159,31899,1.0100558996200562,0.4890866279602051,0.8674787878990173,0.6930191516876221,,,,,,,
159,31999,1.0505428314208984,0.49943697452545166,0.8976244926452637,0.6930371522903442,,,,,,,
159,31999,,,,,0.6855582594871521,0.5069523453712463,0.9340770840644836,1.0732779502868652,0.5110463500022888,0.9087476134300232,0.6930317282676697
160,32099,1.087350606918335,0.504930853843689,0.9288453459739685,0.692851185798645,,,,,,,
160,32199,1.1418943405151367,0.5338413715362549,0.9545922875404358,0.6930784583091736,,,,,,,
160,32199,,,,,0.6870385408401489,0.5075163841247559,0.9108747839927673,1.0922099351882935,0.5129105448722839,0.925807774066925,0.6930163502693176
161,32299,1.1136726140975952,0.5211269855499268,0.9391027092933655,0.6931140422821045,,,,,,,
161,32399,1.2143332958221436,0.5757750272750854,0.9851039052009583,0.6930914521217346,,,,,,,
161,32399,,,,,0.6845764517784119,0.5074326992034912,0.9069986343383789,1.0722150802612305,0.5099626183509827,0.9087623953819275,0.6930199861526489
162,32499,1.1860933303833008,0.5502948760986328,0.9823548793792725,0.6931129693984985,,,,,,,
162,32599,1.0432369709014893,0.480633407831192,0.9091384410858154,0.6930696368217468,,,,,,,
162,32599,,,,,0.6876895427703857,0.5073198080062866,0.9096964001655579,1.0832246541976929,0.5133281946182251,0.9164106845855713,0.6930281519889832
163,32699,1.0262200832366943,0.47876906394958496,0.8940086364746094,0.6931151151657104,,,,,,,
163,32799,1.1078248023986816,0.5403071641921997,0.9140741229057312,0.6931129693984985,,,,,,,
163,32799,,,,,0.6866751313209534,0.5062488317489624,0.9305219054222107,1.0670645236968994,0.5119450688362122,0.9016485214233398,0.6930583715438843
164,32899,1.144343614578247,0.5388516783714294,0.9519402980804443,0.6928969621658325,,,,,,,
164,32999,1.1391477584838867,0.5217280387878418,0.9639707803726196,0.693102240562439,,,,,,,
164,32999,,,,,0.6871563196182251,0.5039598345756531,0.9263118505477905,1.0940454006195068,0.5138338208198547,0.9267609119415283,0.6930986642837524
165,33099,1.1122194528579712,0.5259647369384766,0.9325913190841675,0.6926731467247009,,,,,,,
165,33199,1.0210356712341309,0.49908727407455444,0.8685051798820496,0.6931136846542358,,,,,,,
165,33199,,,,,0.6847836971282959,0.5048426389694214,0.9089335203170776,1.0660626888275146,0.5101308226585388,0.9024730920791626,0.6930828094482422
166,33299,1.1285910606384277,0.5394144058227539,0.9357415437698364,0.6931297779083252,,,,,,,
166,33399,1.0907891988754272,0.5204201936721802,0.9169321060180664,0.6931262016296387,,,,,,,
166,33399,,,,,0.685361921787262,0.5021787881851196,0.9141284227371216,1.069525957107544,0.5104985237121582,0.9055938124656677,0.6931326985359192
167,33499,0.9993703365325928,0.4637441039085388,0.8819878697395325,0.6927233338356018,,,,,,,
167,33599,1.0733797550201416,0.50678950548172,0.9131497740745544,0.6931191682815552,,,,,,,
167,33599,,,,,0.6852518320083618,0.5035209655761719,0.9025529026985168,1.078722357749939,0.5099648237228394,0.9153116345405579,0.6931086182594299
168,33699,1.065673828125,0.5037652254104614,0.9084707498550415,0.6931241750717163,,,,,,,
168,33799,1.0583999156951904,0.5104244351387024,0.8945395946502686,0.6931281685829163,,,,,,,
168,33799,,,,,0.6841009259223938,0.502120852470398,0.9039459824562073,1.0793921947479248,0.5082876682281494,0.9176707863807678,0.6931326389312744
169,33899,1.0767717361450195,0.5205923318862915,0.9027264714241028,0.6930941343307495,,,,,,,
169,33999,1.0923712253570557,0.5419594049453735,0.896859347820282,0.6928949356079102,,,,,,,
169,33999,,,,,0.68375563621521,0.5074828863143921,0.9330433011054993,1.069762945175171,0.5088688135147095,0.9074028730392456,0.6930173635482788
170,34099,1.081108808517456,0.5181959867477417,0.9094013571739197,0.6929770112037659,,,,,,,
170,34199,1.0273332595825195,0.49577510356903076,0.878105878829956,0.6930954456329346,,,,,,,
170,34199,,,,,0.6851075291633606,0.505321204662323,0.9123415946960449,1.0841912031173706,0.5093146562576294,0.9214107394218445,0.6930685639381409
171,34299,1.0370922088623047,0.48446518182754517,0.8991925120353699,0.6931308507919312,,,,,,,
171,34399,1.037885069847107,0.49845048785209656,0.8859501481056213,0.6930310726165771,,,,,,,
171,34399,,,,,0.6829507946968079,0.5050309300422668,0.9076213240623474,1.0641067028045654,0.5070545077323914,0.903593897819519,0.693083643913269
172,34499,1.1686979532241821,0.5433734655380249,0.9718789458274841,0.6931087374687195,,,,,,,
172,34599,1.0772030353546143,0.4827622175216675,0.9410012364387512,0.6931208968162537,,,,,,,
172,34599,,,,,0.6858694553375244,0.5024941563606262,0.9109110236167908,1.0913727283477783,0.5109339952468872,0.927002489566803,0.6931276917457581
173,34699,1.090471863746643,0.5135923624038696,0.9234236478805542,0.6930882334709167,,,,,,,
173,34799,1.089007019996643,0.5258224606513977,0.9097515940666199,0.693134069442749,,,,,,,
173,34799,,,,,0.6846439242362976,0.5045966506004333,0.9102104306221008,1.0721774101257324,0.5097333788871765,0.9089900255203247,0.6930922269821167
174,34899,1.0261167287826538,0.5064219832420349,0.8662412762641907,0.6930930018424988,,,,,,,
174,34999,1.1419308185577393,0.5488283038139343,0.9395953416824341,0.6929855346679688,,,,,,,
174,34999,,,,,0.6855890154838562,0.5085285305976868,0.927379846572876,1.0814920663833618,0.5101397037506104,0.9178489446640015,0.6929930448532104
175,35099,1.023294448852539,0.4735725522041321,0.8962549567222595,0.6930660009384155,,,,,,,
175,35199,1.0528771877288818,0.4917689561843872,0.9076600670814514,0.6931039094924927,,,,,,,
175,35199,,,,,0.684573769569397,0.5054577589035034,0.914334237575531,1.0806883573532104,0.5102127194404602,0.917008638381958,0.6930660605430603
176,35299,1.0613747835159302,0.5001198053359985,0.9078114032745361,0.6931127905845642,,,,,,,
176,35399,1.0359711647033691,0.49836891889572144,0.884132981300354,0.693061351776123,,,,,,,
176,35399,,,,,0.6835694313049316,0.5104415416717529,0.9334319829940796,1.0695801973342896,0.5083901286125183,0.9076486825942993,0.6929175853729248
177,35499,1.0099096298217773,0.46212512254714966,0.8942681550979614,0.692967414855957,,,,,,,
177,35599,1.2214908599853516,0.588020384311676,0.9799813032150269,0.6930217146873474,,,,,,,
177,35599,,,,,0.6847336888313293,0.5044172406196594,0.9308964014053345,1.0651401281356812,0.5106711387634277,0.9010187387466431,0.693099856376648
178,35699,1.0755939483642578,0.4970538020133972,0.9250991344451904,0.6931180953979492,,,,,,,
178,35799,1.0416803359985352,0.4739886522293091,0.91413813829422,0.6928931474685669,,,,,,,
178,35799,,,,,0.6863812208175659,0.5103645920753479,0.9149738550186157,1.1032075881958008,0.5127958059310913,0.9368677735328674,0.6929119825363159
179,35899,0.9734391570091248,0.4590908885002136,0.8607730865478516,0.6928497552871704,,,,,,,
179,35999,0.9473468065261841,0.4319004416465759,0.8620031476020813,0.6931135654449463,,,,,,,
179,35999,,,,,0.6845174431800842,0.5031081438064575,0.9089701175689697,1.0688329935073853,0.5105665326118469,0.9048258066177368,0.6931187510490417
180,36099,0.9438607096672058,0.4476330280303955,0.8427721858024597,0.6930891275405884,,,,,,,
180,36199,1.1715385913848877,0.5627309679985046,0.9553754925727844,0.6931357979774475,,,,,,,
180,36199,,,,,0.6861562728881836,0.5028911828994751,0.9118360280990601,1.0815776586532593,0.5113998651504517,0.9167388081550598,0.6931220293045044
181,36299,1.1589604616165161,0.5731571912765503,0.932368278503418,0.6931299567222595,,,,,,,
181,36399,1.1704819202423096,0.5794097185134888,0.9376308917999268,0.6931173801422119,,,,,,,
181,36399,,,,,0.6825979351997375,0.504152238368988,0.9319061040878296,1.0607447624206543,0.5069473385810852,0.9003466963768005,0.6930988430976868
182,36499,1.1194143295288086,0.5425372123718262,0.9232871532440186,0.6928199529647827,,,,,,,
182,36599,1.212087869644165,0.5888370275497437,0.9698113203048706,0.6931209564208984,,,,,,,
182,36599,,,,,0.685951828956604,0.5036844611167908,0.9268237352371216,1.0711439847946167,0.511567234992981,0.9061315655708313,0.6931098103523254
183,36699,1.1650497913360596,0.5539038181304932,0.9577057957649231,0.693119466304779,,,,,,,
183,36799,1.150144338607788,0.5462986826896667,0.9503970146179199,0.6931027770042419,,,,,,,
183,36799,,,,,0.6854113340377808,0.5050102472305298,0.900356113910675,1.0789964199066162,0.5093066096305847,0.9162350296974182,0.6930899620056152
184,36899,1.1150648593902588,0.5484601259231567,0.9131209850311279,0.6930325627326965,,,,,,,
184,36999,1.066542625427246,0.5010243654251099,0.9120767712593079,0.6931171417236328,,,,,,,
184,36999,,,,,0.6831055879592896,0.5062440037727356,0.9384347200393677,1.0556713342666626,0.5086406469345093,0.8935542106628418,0.6930472254753113
185,37099,1.0411804914474487,0.5038001537322998,0.8838975429534912,0.6930344104766846,,,,,,,
185,37199,0.9347958564758301,0.44198599457740784,0.8393645882606506,0.6931095123291016,,,,,,,
185,37199,,,,,0.6830560564994812,0.5049014687538147,0.9111173748970032,1.0672651529312134,0.5077320337295532,0.9060717821121216,0.6930773854255676
186,37299,1.0916848182678223,0.5098487138748169,0.9283947348594666,0.6931172013282776,,,,,,,
186,37399,1.0911681652069092,0.5152522325515747,0.9224551320075989,0.6930786371231079,,,,,,,
186,37399,,,,,0.6833298802375793,0.5073140859603882,0.9030359983444214,1.061663269996643,0.5069310069084167,0.9012447595596313,0.6930249929428101
187,37499,1.1542470455169678,0.5589773058891296,0.9418224692344666,0.6931053400039673,,,,,,,
187,37599,1.1353520154953003,0.5289236307144165,0.9529896974563599,0.6931225657463074,,,,,,,
187,37599,,,,,0.6827326416969299,0.503181517124176,0.9163643717765808,1.069296956062317,0.5064601898193359,0.9093958735466003,0.6931182742118835
188,37699,1.1154439449310303,0.536815345287323,0.9251867532730103,0.6931161880493164,,,,,,,
188,37799,1.2420378923416138,0.6030231714248657,0.9855624437332153,0.6930954456329346,,,,,,,
188,37799,,,,,0.6836214661598206,0.5022255182266235,0.9239855408668518,1.065472960472107,0.5090562105178833,0.9029831290245056,0.6931325197219849
189,37899,1.041175365447998,0.5046687126159668,0.8830766081809998,0.693139910697937,,,,,,,
189,37999,1.2670979499816895,0.5957715511322021,1.0177843570709229,0.6929159760475159,,,,,,,
189,37999,,,,,0.6861023902893066,0.5102241635322571,0.9073747992515564,1.0809649229049683,0.5119381546974182,0.9154875874519348,0.6929215788841248
190,38099,0.9850035309791565,0.4804844260215759,0.8510844111442566,0.693130612373352,,,,,,,
190,38199,0.9927600622177124,0.4565313458442688,0.8827938437461853,0.6931302547454834,,,,,,,
190,38199,,,,,0.6847187280654907,0.5023857951164246,0.9096646308898926,1.0768463611602783,0.509475588798523,0.9139354825019836,0.6931295394897461
191,38299,0.9157320857048035,0.42759230732917786,0.8347094058990479,0.6931391954421997,,,,,,,
191,38399,1.2469416856765747,0.5896122455596924,1.0038753747940063,0.6930918097496033,,,,,,,
191,38399,,,,,0.6826479434967041,0.5029999017715454,0.9109662771224976,1.0679359436035156,0.5070980787277222,0.9073975086212158,0.6931192874908447
192,38499,1.0878586769104004,0.5237663388252258,0.9106520414352417,0.693119466304779,,,,,,,
192,38599,1.0914148092269897,0.48337283730506897,0.954557478427887,0.6930311322212219,,,,,,,
192,38599,,,,,0.6843379735946655,0.5066215395927429,0.9045966267585754,1.075212001800537,0.5102578401565552,0.9114742875099182,0.6930406093597412
193,38699,1.1586718559265137,0.5485556125640869,0.9566147923469543,0.6929969787597656,,,,,,,
193,38799,0.9810309410095215,0.4625018239021301,0.8649888634681702,0.6929194331169128,,,,,,,
193,38799,,,,,0.6866277456283569,0.5150749087333679,0.9361579418182373,1.0726577043533325,0.5129541754722595,0.9060402512550354,0.6926733255386353
194,38899,1.0502798557281494,0.501438558101654,0.8954026699066162,0.6931227445602417,,,,,,,
194,38999,0.9852871894836426,0.4706546366214752,0.861193060874939,0.6931209564208984,,,,,,,
194,38999,,,,,0.6863396167755127,0.5066388845443726,0.9095763564109802,1.0712006092071533,0.5121986865997314,0.9055226445198059,0.6930413842201233
195,39099,0.978520393371582,0.46282750368118286,0.8622097373008728,0.6930336356163025,,,,,,,
195,39199,1.131090521812439,0.52933669090271,0.9483195543289185,0.6931315064430237,,,,,,,
195,39199,,,,,0.6834477186203003,0.5024864673614502,0.9054021239280701,1.0698621273040771,0.5079506039619446,0.9084751605987549,0.6931273341178894
196,39299,1.2305731773376465,0.6132428050041199,0.9638299345970154,0.6929991841316223,,,,,,,
196,39399,1.0300846099853516,0.4996106028556824,0.8770352005958557,0.6931223273277283,,,,,,,
196,39399,,,,,0.6846166849136353,0.5027607679367065,0.9195612668991089,1.0704658031463623,0.508728563785553,0.9082991480827332,0.6931236982345581
197,39499,1.024939775466919,0.48250651359558105,0.8889774680137634,0.6930886507034302,,,,,,,
197,39599,1.0406758785247803,0.5028056502342224,0.8844383955001831,0.6931362748146057,,,,,,,
197,39599,,,,,0.6837769746780396,0.5033570528030396,0.9293702840805054,1.0583539009094238,0.5087864995002747,0.8961232304573059,0.6931121349334717
198,39699,0.9891867637634277,0.4516880512237549,0.884043276309967,0.6930890083312988,,,,,,,
198,39799,1.1236584186553955,0.54166579246521,0.9285226464271545,0.6930598020553589,,,,,,,
198,39799,,,,,0.6851648688316345,0.5050244331359863,0.9266918897628784,1.0751752853393555,0.5092500448226929,0.9124676585197449,0.6930849552154541
199,39899,1.0780055522918701,0.5098358392715454,0.914732813835144,0.6931260824203491,,,,,,,
199,39999,1.0016264915466309,0.45113760232925415,0.897018551826477,0.6930595636367798,,,,,,,
199,39999,,,,,0.6827223300933838,0.5033015012741089,0.9161423444747925,1.056846261024475,0.5073027610778809,0.8961002826690674,0.6931134462356567
200,40099,1.1597676277160645,0.5303682088851929,0.9759536385536194,0.6931086182594299,,,,,,,
200,40199,1.0791499614715576,0.5389611721038818,0.8866413831710815,0.6929051280021667,,,,,,,
200,40199,,,,,0.6840288639068604,0.5056588649749756,0.9354793429374695,1.057482361793518,0.5094254612922668,0.8945927619934082,0.6930717825889587
201,40299,1.0117409229278564,0.4608556032180786,0.8973641991615295,0.6929577589035034,,,,,,,
201,40399,1.0626212358474731,0.5094848871231079,0.8994609713554382,0.6926491856575012,,,,,,,
201,40399,,,,,0.6824002265930176,0.5151822566986084,0.9352744817733765,1.0707626342773438,0.5072198510169983,0.9098773002624512,0.6926688551902771
202,40499,0.951299250125885,0.4615313708782196,0.8362748026847839,0.6930137872695923,,,,,,,
202,40599,1.031097173690796,0.5115416049957275,0.8661134243011475,0.6931156516075134,,,,,,,
202,40599,,,,,0.6831287145614624,0.5028095841407776,0.9130231142044067,1.0546847581863403,0.5076090097427368,0.8936372995376587,0.6931230425834656
203,40699,1.1446278095245361,0.556323766708374,0.9348633885383606,0.6931184530258179,,,,,,,
203,40799,1.2247282266616821,0.5882844924926758,0.9829801917076111,0.6930730938911438,,,,,,,
203,40799,,,,,0.6835351586341858,0.505016028881073,0.9116693735122681,1.0672881603240967,0.5077395439147949,0.9060900807380676,0.6930831074714661
204,40899,1.0317583084106445,0.497125506401062,0.8811951875686646,0.6931247711181641,,,,,,,
204,40999,1.1316571235656738,0.5416154861450195,0.9365992546081543,0.6931151747703552,,,,,,,
204,40999,,,,,0.6834602355957031,0.5032497644424438,0.9279592633247375,1.0625636577606201,0.5080379247665405,0.9010829329490662,0.6931145191192627
205,41099,1.1297420263290405,0.5624208450317383,0.9138400554656982,0.6930378079414368,,,,,,,
205,41199,1.069529414176941,0.5205361843109131,0.8955389261245728,0.6930913329124451,,,,,,,
205,41199,,,,,0.6824739575386047,0.5046485662460327,0.9024965167045593,1.0607744455337524,0.507421612739563,0.8998992443084717,0.6930931210517883
206,41299,1.0293445587158203,0.5167187452316284,0.8591905236244202,0.6931295394897461,,,,,,,
206,41399,1.0031468868255615,0.4716050922870636,0.8781068325042725,0.6931301355361938,,,,,,,
206,41399,,,,,0.683773934841156,0.5053512454032898,0.9130154848098755,1.0581505298614502,0.5081566572189331,0.8965311050415039,0.6930745840072632
207,41499,0.9148471355438232,0.43680456280708313,0.8246008157730103,0.6931164860725403,,,,,,,
207,41599,1.0894886255264282,0.5274069309234619,0.9086206555366516,0.693077802658081,,,,,,,
207,41599,,,,,0.6822605729103088,0.5047512650489807,0.9127230644226074,1.059459924697876,0.5066499710083008,0.8993536233901978,0.6930875182151794
208,41699,1.1787145137786865,0.5853713750839233,0.9398928880691528,0.6930994987487793,,,,,,,
208,41799,1.0814898014068604,0.5158137083053589,0.912231981754303,0.6931119561195374,,,,,,,
208,41799,,,,,0.6847826838493347,0.5022931098937988,0.9206726551055908,1.0764964818954468,0.5097315907478333,0.9133303165435791,0.6931304335594177
209,41899,1.1060571670532227,0.5155514478683472,0.9370700120925903,0.6931285262107849,,,,,,,
209,41999,1.1154996156692505,0.5373094081878662,0.9245167970657349,0.6926531195640564,,,,,,,
209,41999,,,,,0.6845530867576599,0.5127122402191162,0.9089881181716919,1.0612356662750244,0.5091090202331543,0.898524820804596,0.6927966475486755
210,42099,1.1378014087677002,0.5715318322181702,0.9128324389457703,0.6931256651878357,,,,,,,
210,42199,0.9901924729347229,0.47455716133117676,0.8621960878372192,0.6931215524673462,,,,,,,
210,42199,,,,,0.6819270849227905,0.5036095380783081,0.9131900668144226,1.0543816089630127,0.5070902705192566,0.8938478827476501,0.6931134462356567
211,42299,1.1397178173065186,0.555705726146698,0.9305392503738403,0.6930543184280396,,,,,,,
211,42399,1.081368088722229,0.5242969989776611,0.9035220742225647,0.6929017901420593,,,,,,,
211,42399,,,,,0.6838613748550415,0.511276364326477,0.9315958619117737,1.057583212852478,0.5090000629425049,0.895020067691803,0.692874014377594
212,42499,1.1677229404449463,0.5562554597854614,0.9580203890800476,0.6931058168411255,,,,,,,
212,42599,1.0553936958312988,0.5174869298934937,0.8843986392021179,0.6929836869239807,,,,,,,
212,42599,,,,,0.6841421723365784,0.5123860239982605,0.9348965287208557,1.058712363243103,0.5097041130065918,0.8954126238822937,0.6928088665008545
213,42699,1.1012074947357178,0.5246260166168213,0.9231470227241516,0.6931310892105103,,,,,,,
213,42799,1.1017543077468872,0.5339723825454712,0.9142670035362244,0.6929700374603271,,,,,,,
213,42799,,,,,0.6832079887390137,0.508151113986969,0.905232310295105,1.0510525703430176,0.5082008242607117,0.8893438577651978,0.6929845809936523
214,42899,1.0133005380630493,0.49078160524368286,0.8690851926803589,0.6931326985359192,,,,,,,
214,42999,0.988185703754425,0.4606610834598541,0.8740891814231873,0.6931291818618774,,,,,,,
214,42999,,,,,0.6855789422988892,0.5038642287254333,0.931315541267395,1.0767027139663696,0.5111715197563171,0.9120853543281555,0.6931081414222717
215,43099,1.1622068881988525,0.5504431128501892,0.9582377672195435,0.6929479837417603,,,,,,,
215,43199,1.0356457233428955,0.494863897562027,0.8873444199562073,0.6931253671646118,,,,,,,
215,43199,,,,,0.6822556853294373,0.5042104125022888,0.9038780331611633,1.0623798370361328,0.5068284273147583,0.9020998477935791,0.6930969953536987
216,43299,1.1264396905899048,0.5478397607803345,0.9251466393470764,0.693093478679657,,,,,,,
216,43399,1.0381064414978027,0.5205326080322266,0.8641077876091003,0.6930681467056274,,,,,,,
216,43399,,,,,0.6837003231048584,0.5073681473731995,0.9256705641746521,1.0626311302185059,0.5083324313163757,0.9008015394210815,0.6930051445960999
217,43499,1.128371000289917,0.5597121119499207,0.9152023196220398,0.6930869221687317,,,,,,,
217,43599,1.0578553676605225,0.5148108005523682,0.8895617723464966,0.6930345296859741,,,,,,,
217,43599,,,,,0.6820336580276489,0.5078945755958557,0.9068461656570435,1.0540188550949097,0.5059990286827087,0.8945231437683105,0.693006694316864
218,43699,1.0527172088623047,0.4904698133468628,0.9087474346160889,0.6929999589920044,,,,,,,
218,43799,1.0379570722579956,0.48389747738838196,0.9005885124206543,0.6930577754974365,,,,,,,
218,43799,,,,,0.6833904981613159,0.5049282312393188,0.9065769910812378,1.0696426630020142,0.5078670382499695,0.9083174467086792,0.6930840015411377
219,43899,1.0329033136367798,0.5006135106086731,0.8788201212882996,0.6930606365203857,,,,,,,
219,43999,1.0236246585845947,0.48878416419029236,0.8813073635101318,0.6929337978363037,,,,,,,
219,43999,,,,,0.6848767399787903,0.5090036988258362,0.9098111987113953,1.0676881074905396,0.5099003911018372,0.9042741656303406,0.6929730176925659
220,44099,1.143862247467041,0.5480978488922119,0.9422624111175537,0.6929960250854492,,,,,,,
220,44199,1.0134289264678955,0.4905122220516205,0.8694592714309692,0.693085253238678,,,,,,,
220,44199,,,,,0.6857016682624817,0.5028619766235352,0.9211679697036743,1.0710840225219727,0.5105614066123962,0.9070842266082764,0.6931232810020447
221,44299,1.015900731086731,0.4789530336856842,0.8834055662155151,0.692915678024292,,,,,,,
221,44399,1.0768120288848877,0.5215624570846558,0.9017966985702515,0.6930941343307495,,,,,,,
221,44399,,,,,0.6826967000961304,0.5039631724357605,0.9127810597419739,1.0514503717422485,0.5068427324295044,0.8911612629890442,0.6931072473526001
222,44499,1.065475344657898,0.5039975643157959,0.9080002903938293,0.6930449604988098,,,,,,,
222,44599,1.1747102737426758,0.5578467845916748,0.963417649269104,0.693108320236206,,,,,,,
222,44599,,,,,0.6828774809837341,0.5018919110298157,0.8983439207077026,1.0602790117263794,0.5073118805885315,0.8995349407196045,0.6931357383728027
223,44699,0.9460979700088501,0.45842981338500977,0.8341755270957947,0.6930148005485535,,,,,,,
223,44799,1.0238831043243408,0.4984905421733856,0.8719472885131836,0.6931094527244568,,,,,,,
223,44799,,,,,0.6823694109916687,0.5034613609313965,0.9312134981155396,1.0491232872009277,0.5072733163833618,0.8884072303771973,0.6931147575378418
224,44899,1.2556252479553223,0.6132829189300537,0.9888963103294373,0.6931079626083374,,,,,,,
224,44999,0.9788011908531189,0.4753551185131073,0.850002110004425,0.6931120157241821,,,,,,,
224,44999,,,,,0.6843652129173279,0.5027844905853271,0.9069414734840393,1.054421305656433,0.5094825625419617,0.8915007710456848,0.6931241750717163
225,45099,1.0332411527633667,0.49082309007644653,0.888849139213562,0.6928622722625732,,,,,,,
225,45199,1.0442546606063843,0.4982883930206299,0.8925303220748901,0.6931281089782715,,,,,,,
225,45199,,,,,0.6833778619766235,0.501655101776123,0.90870201587677,1.0477336645126343,0.507509708404541,0.8867933750152588,0.6931385397911072
226,45299,0.992256760597229,0.47934067249298096,0.8594701886177063,0.693108320236206,,,,,,,
226,45399,0.9406915903091431,0.4316229820251465,0.8555578589439392,0.6929786801338196,,,,,,,
226,45399,,,,,0.6831148266792297,0.5072582960128784,0.9287541508674622,1.0477640628814697,0.5073899626731873,0.8868879675865173,0.6930280327796936
227,45499,1.141655445098877,0.5543596744537354,0.9338579177856445,0.6931242942810059,,,,,,,
227,45599,1.079973578453064,0.5186197757720947,0.9077996611595154,0.6928918361663818,,,,,,,
227,45599,,,,,0.683128297328949,0.5104618072509766,0.9070515036582947,1.0604407787322998,0.5073957443237305,0.8995007872581482,0.6929119229316711
228,45699,1.2413229942321777,0.5978917479515076,0.9899946451187134,0.6931265592575073,,,,,,,
228,45799,1.0128726959228516,0.4802459180355072,0.8791863322257996,0.6931189894676208,,,,,,,
228,45799,,,,,0.6829015016555786,0.5031689405441284,0.9156022667884827,1.0573227405548096,0.508004367351532,0.8958762288093567,0.6931160092353821
229,45899,1.0791993141174316,0.5029160976409912,0.922693133354187,0.6928197741508484,,,,,,,
229,45999,1.0082110166549683,0.48474371433258057,0.8700225353240967,0.6931105256080627,,,,,,,
229,45999,,,,,0.6810803413391113,0.5026519894599915,0.9223599433898926,1.0555832386016846,0.5052417516708374,0.8969040513038635,0.6931251883506775
230,46099,1.1426830291748047,0.5696196556091309,0.9196029305458069,0.6930789351463318,,,,,,,
230,46199,1.1569411754608154,0.5518279075622559,0.9516497850418091,0.6930731534957886,,,,,,,
230,46199,,,,,0.6833593249320984,0.5035847425460815,0.9314673542976379,1.0632305145263672,0.5083998441696167,0.9013856649398804,0.6931102275848389
231,46299,1.0974087715148926,0.5337363481521606,0.9101713299751282,0.6929978132247925,,,,,,,
231,46399,0.9627037048339844,0.4677564799785614,0.8414216637611389,0.6929487586021423,,,,,,,
231,46399,,,,,0.6823004484176636,0.5081592202186584,0.9347842335700989,1.0563654899597168,0.5074605345726013,0.8954058885574341,0.6930018067359924
232,46499,1.2266818284988403,0.6007038950920105,0.9725388884544373,0.6931219100952148,,,,,,,
232,46599,1.1072580814361572,0.5266994833946228,0.9271184802055359,0.6931197643280029,,,,,,,
232,46599,,,,,0.6825066208839417,0.5027564764022827,0.9307035207748413,1.057389736175537,0.5072739720344543,0.8966776132583618,0.6931231021881104
233,46699,1.0257043838500977,0.49288633465766907,0.8793374300003052,0.6930387020111084,,,,,,,
233,46799,1.063948154449463,0.5196429491043091,0.8907620906829834,0.6929137110710144,,,,,,,
233,46799,,,,,0.6818556785583496,0.5083155632019043,0.907643735408783,1.0580183267593384,0.5057893395423889,0.89871746301651,0.6929769515991211
234,46899,0.9653011560440063,0.467151939868927,0.8446524143218994,0.6930063366889954,,,,,,,
234,46999,1.09942626953125,0.5218255519866943,0.9241639971733093,0.6931265592575073,,,,,,,
234,46999,,,,,0.6820158362388611,0.5025752186775208,0.9172931909561157,1.0391403436660767,0.5062915086746216,0.8794118165969849,0.6931260824203491
235,47099,0.9977165460586548,0.4900258183479309,0.8542194366455078,0.6930572390556335,,,,,,,
235,47199,1.0368390083312988,0.48595377802848816,0.897411048412323,0.6930515170097351,,,,,,,
235,47199,,,,,0.6828063130378723,0.5028077960014343,0.9065451622009277,1.0567270517349243,0.5074882507324219,0.895800769329071,0.6931240558624268
236,47299,0.9900716543197632,0.496878057718277,0.8397487998008728,0.693110466003418,,,,,,,
236,47399,1.0167217254638672,0.4958062171936035,0.8674793839454651,0.6931276321411133,,,,,,,
236,47399,,,,,0.6830053925514221,0.5031160712242126,0.9091479182243347,1.0502532720565796,0.5072043538093567,0.8896079659461975,0.6931180953979492
237,47499,1.1032737493515015,0.5160417556762695,0.9337887167930603,0.6931135654449463,,,,,,,
237,47599,1.2005802392959595,0.5658804178237915,0.9812396764755249,0.6930797696113586,,,,,,,
237,47599,,,,,0.6819926500320435,0.5081534385681152,0.9344642162322998,1.0481593608856201,0.5058333277702332,0.8888273239135742,0.6930025815963745
238,47699,0.986766517162323,0.48267680406570435,0.8506161570549011,0.6930528879165649,,,,,,,
238,47799,1.059936285018921,0.4835073947906494,0.9228062033653259,0.6927546262741089,,,,,,,
238,47799,,,,,0.68361496925354,0.5110218524932861,0.9292389750480652,1.0609222650527954,0.5079176425933838,0.8994492888450623,0.6928898096084595
239,47899,1.0364298820495605,0.49759525060653687,0.885386049747467,0.6931028366088867,,,,,,,
239,47999,1.1433353424072266,0.540488600730896,0.9493948221206665,0.6930961012840271,,,,,,,
239,47999,,,,,0.6824512481689453,0.5037730932235718,0.9230359196662903,1.0577608346939087,0.5064009428024292,0.8979122042655945,0.6931043863296509
240,48099,0.9413170218467712,0.45003947615623474,0.8377471566200256,0.6929391622543335,,,,,,,
240,48199,1.0074810981750488,0.49089890718460083,0.8631431460380554,0.6931217908859253,,,,,,,
240,48199,,,,,0.680937647819519,0.505886971950531,0.9276586771011353,1.053889513015747,0.505042314529419,0.8953787684440613,0.6930631995201111
241,48299,1.0574349164962769,0.523841381072998,0.8801405429840088,0.69309401512146,,,,,,,
241,48399,0.9311392903327942,0.47018492221832275,0.8073930740356445,0.6928774118423462,,,,,,,
241,48399,,,,,0.6831741333007812,0.5097496509552002,0.9099476933479309,1.0590602159500122,0.5079262256622314,0.8976002931594849,0.6929324865341187
242,48499,1.0267786979675293,0.508786678314209,0.8645331263542175,0.693082332611084,,,,,,,
242,48599,1.0701932907104492,0.49475347995758057,0.9220028519630432,0.6931263208389282,,,,,,,
242,48599,,,,,0.6830490231513977,0.5033043026924133,0.9256894588470459,1.0633453130722046,0.5082857608795166,0.9016152620315552,0.693111777305603
243,48699,0.9535381197929382,0.4572165310382843,0.8428747653961182,0.6931062936782837,,,,,,,
243,48799,1.0307643413543701,0.5112522840499878,0.8660736680030823,0.6931234002113342,,,,,,,
243,48799,,,,,0.684177041053772,0.5026127696037292,0.9228078126907349,1.0598584413528442,0.5080452561378479,0.8983757495880127,0.6931250691413879
244,48899,0.9665364623069763,0.4521908760070801,0.8608929514884949,0.6930948495864868,,,,,,,
244,48999,1.2304697036743164,0.5869275331497192,0.9897426962852478,0.6924008131027222,,,,,,,
244,48999,,,,,0.6836383938789368,0.5162878036499023,0.903189480304718,1.067225456237793,0.507300853729248,0.9062201976776123,0.6925915479660034
245,49099,1.0861358642578125,0.5094481706619263,0.9231699109077454,0.6929646730422974,,,,,,,
245,49199,1.147844672203064,0.5515854358673096,0.9428234696388245,0.6931282877922058,,,,,,,
245,49199,,,,,0.6803412437438965,0.5023325085639954,0.9345288276672363,1.049153208732605,0.5045084953308105,0.8912097215652466,0.6931301951408386
246,49299,1.0422451496124268,0.49820196628570557,0.8904772996902466,0.6928683519363403,,,,,,,
246,49399,1.0396859645843506,0.5114136338233948,0.8746220469474792,0.6926993727684021,,,,,,,
246,49399,,,,,0.6812174320220947,0.5150279402732849,0.9047983884811401,1.0471255779266357,0.5045532584190369,0.888908326625824,0.6926717162132263
247,49499,1.0175652503967285,0.4823441505432129,0.8817834854125977,0.6931247711181641,,,,,,,
247,49599,1.1349763870239258,0.5334914922714233,0.9479702711105347,0.6929706931114197,,,,,,,
247,49599,,,,,0.6821810603141785,0.5060294270515442,0.9238107800483704,1.0562584400177002,0.5059781074523926,0.8968067169189453,0.6930525302886963
248,49699,1.0183827877044678,0.5052369832992554,0.8596847057342529,0.6930778622627258,,,,,,,
248,49799,1.083052158355713,0.5385755300521851,0.8910359144210815,0.6931185722351074,,,,,,,
248,49799,,,,,0.6812460422515869,0.5042325854301453,0.9200855493545532,1.040931224822998,0.5056881904602051,0.8817915320396423,0.6930966973304749
249,49899,1.026050090789795,0.49265703558921814,0.8799149990081787,0.6930438280105591,,,,,,,
249,49999,1.1151833534240723,0.5522525310516357,0.9094876050949097,0.6931136846542358,,,,,,,
249,49999,,,,,0.6816030144691467,0.5046783685684204,0.8994290828704834,1.0514553785324097,0.5057510137557983,0.892249584197998,0.6930903792381287
250,50099,1.0054737329483032,0.49539974331855774,0.8566064238548279,0.6930649876594543,,,,,,,
250,50199,1.133941888809204,0.5266753435134888,0.9538269639015198,0.693121075630188,,,,,,,
250,50199,,,,,0.6832513213157654,0.5044491291046143,0.929068922996521,1.0543577671051025,0.5081992149353027,0.8927052021026611,0.6930928826332092
251,50299,1.0559717416763306,0.490458607673645,0.9120789766311646,0.693131685256958,,,,,,,
251,50399,0.988924503326416,0.47249454259872437,0.8628630638122559,0.692866325378418,,,,,,,
251,50399,,,,,0.6818369030952454,0.5103462934494019,0.9053099155426025,1.0621429681777954,0.5049453377723694,0.903656005859375,0.6929164528846741
252,50499,1.0454843044281006,0.5074295997619629,0.8845019936561584,0.692894458770752,,,,,,,
252,50599,1.059436559677124,0.5078202486038208,0.8980836868286133,0.6929348707199097,,,,,,,
252,50599,,,,,0.6835715770721436,0.5085446238517761,0.9375053644180298,1.0382927656173706,0.5093947052955627,0.8753930926322937,0.6929897665977478
253,50699,1.075882911682129,0.5116642117500305,0.9107677936553955,0.6930981874465942,,,,,,,
253,50799,0.9983502626419067,0.49136942625045776,0.8534945249557495,0.6930273175239563,,,,,,,
253,50799,,,,,0.6835893392562866,0.5085054636001587,0.929967999458313,1.0529223680496216,0.5078083872795105,0.8916082382202148,0.692988395690918
254,50899,1.0585758686065674,0.4989152252674103,0.9061704874038696,0.6930197477340698,,,,,,,
254,50999,1.2493804693222046,0.5889685153961182,1.0069761276245117,0.6931284070014954,,,,,,,
254,50999,,,,,0.6824780702590942,0.5035601854324341,0.8974454998970032,1.058572769165039,0.5055100917816162,0.8996180891990662,0.6931107640266418
255,51099,1.0415643453598022,0.50222247838974,0.8858101963996887,0.6929366588592529,,,,,,,
255,51199,1.0252834558486938,0.4872052073478699,0.8845714330673218,0.6929863095283508,,,,,,,
255,51199,,,,,0.6816556453704834,0.5092899203300476,0.9303620457649231,1.0513519048690796,0.5058783888816833,0.8919504880905151,0.6929540634155273
256,51299,0.982062578201294,0.4855341911315918,0.8430335521697998,0.6930103302001953,,,,,,,
256,51399,1.0591144561767578,0.5040010213851929,0.9016757607460022,0.6931248307228088,,,,,,,
256,51399,,,,,0.6796107292175293,0.5043992400169373,0.9297969341278076,1.040639877319336,0.5029391050338745,0.8842454552650452,0.6930895447731018
257,51499,1.0254817008972168,0.498904824256897,0.8731393218040466,0.6931246519088745,,,,,,,
257,51599,1.030714511871338,0.49545466899871826,0.8818037509918213,0.6930878758430481,,,,,,,
257,51599,,,,,0.6822782158851624,0.503777027130127,0.9246793985366821,1.039125680923462,0.5062574744224548,0.8794229626655579,0.6931098699569702
258,51699,0.9559252858161926,0.4505525231361389,0.8519343137741089,0.6931232213973999,,,,,,,
258,51799,0.988046407699585,0.4766218066215515,0.8579881191253662,0.6931270956993103,,,,,,,
258,51799,,,,,0.68189936876297,0.5026509761810303,0.9294376373291016,1.0407345294952393,0.5067505240440369,0.8805462718009949,0.6931244730949402
259,51899,0.9559507369995117,0.43993985652923584,0.8625239133834839,0.693026065826416,,,,,,,
259,51999,1.0374858379364014,0.5003023743629456,0.8836630582809448,0.692959189414978,,,,,,,
259,51999,,,,,0.6816412210464478,0.5094975829124451,0.9060071110725403,1.0350968837738037,0.5053756237030029,0.876194179058075,0.6929457187652588
260,52099,1.0136502981185913,0.5060352683067322,0.8541772961616516,0.6931245923042297,,,,,,,
260,52199,1.0556492805480957,0.48343902826309204,0.9187372922897339,0.6930540800094604,,,,,,,
260,52199,,,,,0.6812034249305725,0.5076292753219604,0.9041991233825684,1.0563496351242065,0.5048381090164185,0.8980226516723633,0.6930224299430847
261,52299,1.023634910583496,0.488322377204895,0.8818755745887756,0.6931262016296387,,,,,,,
261,52399,0.9914547204971313,0.4768834412097931,0.8611192107200623,0.6930959224700928,,,,,,,
261,52399,,,,,0.6814785599708557,0.5059462189674377,0.9243340492248535,1.0636476278305054,0.5050930976867676,0.9050825834274292,0.6930558681488037
262,52499,1.1255837678909302,0.5443354845046997,0.9277938604354858,0.6930911540985107,,,,,,,
262,52599,0.998241662979126,0.47506415843963623,0.8696833848953247,0.6930117607116699,,,,,,,
262,52599,,,,,0.6810814142227173,0.5071278810501099,0.9349284172058105,1.0562129020690918,0.5058183073997498,0.8969109654426575,0.6930327415466309
263,52699,1.0880953073501587,0.5324199199676514,0.9022113084793091,0.6930719017982483,,,,,,,
263,52799,1.1070719957351685,0.5182112455368042,0.9353943467140198,0.6930673122406006,,,,,,,
263,52799,,,,,0.6808232069015503,0.5062921047210693,0.9092766046524048,1.053088665008545,0.5055525898933411,0.8940606117248535,0.6930493712425232
264,52899,0.9984443187713623,0.4777953624725342,0.8671969175338745,0.693095862865448,,,,,,,
264,52999,1.1282882690429688,0.5551034808158875,0.9197492599487305,0.6931290626525879,,,,,,,
264,52999,,,,,0.6812893152236938,0.5033207535743713,0.9202834963798523,1.0363343954086304,0.5049241185188293,0.877967119216919,0.6931135058403015
265,53099,0.9895139932632446,0.48918455839157104,0.846893846988678,0.693128764629364,,,,,,,
265,53199,0.975458025932312,0.44886350631713867,0.873041033744812,0.6928929686546326,,,,,,,
265,53199,,,,,0.6808273792266846,0.5081453323364258,0.9076730012893677,1.045290231704712,0.5043519735336304,0.8874379992485046,0.6929994225502014
266,53299,1.1194968223571777,0.5192206501960754,0.9468146562576294,0.6930769681930542,,,,,,,
266,53399,1.2014508247375488,0.5844852924346924,0.963512122631073,0.6930932998657227,,,,,,,
266,53399,,,,,0.6813414096832275,0.5034666657447815,0.9268521070480347,1.0429922342300415,0.5052123665809631,0.8843353390693665,0.6931106448173523
267,53499,1.0092120170593262,0.5086401700973511,0.847134530544281,0.693125307559967,,,,,,,
267,53599,1.129502534866333,0.5673088431358337,0.9087487459182739,0.6931098699569702,,,,,,,
267,53599,,,,,0.6830309629440308,0.5027674436569214,0.9084038734436035,1.0375908613204956,0.5065429210662842,0.877609133720398,0.6931224465370178
268,53699,1.1409106254577637,0.5451488494873047,0.9423169493675232,0.6931103467941284,,,,,,,
268,53799,1.0529630184173584,0.5146596431732178,0.8848684430122375,0.6931300759315491,,,,,,,
268,53799,,,,,0.6813634037971497,0.5029789209365845,0.9148449897766113,1.04509699344635,0.5058930516242981,0.8857629299163818,0.6931182146072388
269,53899,1.0487661361694336,0.5062752366065979,0.8890110850334167,0.6930404901504517,,,,,,,
269,53999,1.05592679977417,0.499319851398468,0.903174102306366,0.6931343674659729,,,,,,,
269,53999,,,,,0.6806793212890625,0.5042322278022766,0.9128543734550476,1.0355913639068604,0.5044518113136292,0.8776918649673462,0.6931043863296509
270,54099,1.024802327156067,0.49420759081840515,0.8771626353263855,0.6931357383728027,,,,,,,
270,54199,1.053438663482666,0.5079538822174072,0.8920457363128662,0.6931220293045044,,,,,,,
270,54199,,,,,0.6816752552986145,0.5025454163551331,0.9117451310157776,1.0449596643447876,0.505371630191803,0.8861517310142517,0.6931270956993103
271,54299,1.084083080291748,0.5275865793228149,0.9030327200889587,0.6930722594261169,,,,,,,
271,54399,0.9876149892807007,0.4788111448287964,0.8553597927093506,0.6931119561195374,,,,,,,
271,54399,,,,,0.6801079511642456,0.5026361346244812,0.9193083047866821,1.049574613571167,0.5038244724273682,0.8923130631446838,0.6931257843971252
272,54499,1.0868420600891113,0.5525903701782227,0.8807787299156189,0.6930541396141052,,,,,,,
272,54599,1.0991756916046143,0.5362825989723206,0.9094497561454773,0.6931132078170776,,,,,,,
272,54599,,,,,0.6816185116767883,0.5027889013290405,0.9245875477790833,1.0441633462905884,0.5063644051551819,0.8843601942062378,0.6931225657463074
273,54699,1.0654306411743164,0.5048583745956421,0.9071366786956787,0.693128764629364,,,,,,,
273,54799,0.9747098684310913,0.45536190271377563,0.8658665418624878,0.6930373311042786,,,,,,,
273,54799,,,,,0.680458128452301,0.5024164319038391,0.9129405617713928,1.0440020561218262,0.5037548542022705,0.8868114352226257,0.6931286454200745
274,54899,1.0040266513824463,0.49837756156921387,0.8521715998649597,0.6930450797080994,,,,,,,
274,54999,0.978338360786438,0.4677945673465729,0.8570727109909058,0.6930577158927917,,,,,,,
274,54999,,,,,0.6806336045265198,0.5060663223266602,0.9047960638999939,1.0421204566955566,0.5053611397743225,0.883289635181427,0.6930604577064514
275,55099,1.0698131322860718,0.5192468166351318,0.8971185088157654,0.6931045055389404,,,,,,,
275,55199,1.089268684387207,0.5241963863372803,0.9116255044937134,0.693106472492218,,,,,,,
275,55199,,,,,0.6800011992454529,0.5043042302131653,0.9220341444015503,1.0444798469543457,0.5037458539009094,0.8872833847999573,0.6930986046791077
276,55299,1.034254550933838,0.5004626512527466,0.8803507685661316,0.6931174993515015,,,,,,,
276,55399,0.9892455339431763,0.4903738498687744,0.8454378247261047,0.6931321024894714,,,,,,,
276,55399,,,,,0.6814539432525635,0.5033286213874817,0.9106481075286865,1.0444515943527222,0.5050508379936218,0.8859577178955078,0.6931138038635254
277,55499,0.982337236404419,0.4762619733810425,0.8524236679077148,0.6926968693733215,,,,,,,
277,55599,1.0185086727142334,0.47740477323532104,0.887662947177887,0.6931180357933044,,,,,,,
277,55599,,,,,0.6813159584999084,0.505999743938446,0.9063493013381958,1.0513367652893066,0.5056729912757874,0.8921945691108704,0.6930616497993469
278,55699,1.0072448253631592,0.4783395528793335,0.8753802180290222,0.6929497122764587,,,,,,,
278,55799,1.0611650943756104,0.5129719972610474,0.8946820497512817,0.6929779648780823,,,,,,,
278,55799,,,,,0.6813110113143921,0.5056354999542236,0.9278287291526794,1.0457756519317627,0.5049284100532532,0.8873817920684814,0.6930691599845886
279,55899,0.9923657774925232,0.4600767493247986,0.8788384795188904,0.6930989027023315,,,,,,,
279,55999,0.998667299747467,0.4917547106742859,0.8534788489341736,0.6931325197219849,,,,,,,
279,55999,,,,,0.6803705096244812,0.503637433052063,0.9223880171775818,1.0381553173065186,0.5039657950401306,0.880745530128479,0.6931118369102478
280,56099,1.0929309129714966,0.5310001969337463,0.9084984660148621,0.6931354403495789,,,,,,,
280,56199,1.0890569686889648,0.5147688388824463,0.9208540916442871,0.6931318044662476,,,,,,,
280,56199,,,,,0.680357813835144,0.5022368431091309,0.9110732078552246,1.0385998487472534,0.5038862228393555,0.8812792301177979,0.6931313872337341
281,56299,1.0979772806167603,0.5494903326034546,0.8950355052947998,0.6930971741676331,,,,,,,
281,56399,1.087392807006836,0.5280877351760864,0.905830979347229,0.6930519342422485,,,,,,,
281,56399,,,,,0.6811484694480896,0.508660078048706,0.9307579398155212,1.0501582622528076,0.5050529837608337,0.8915994763374329,0.6929885149002075
282,56499,1.0663158893585205,0.5189013481140137,0.8939553499221802,0.6930816173553467,,,,,,,
282,56599,1.024307131767273,0.490477055311203,0.8803618550300598,0.6930635571479797,,,,,,,
282,56599,,,,,0.681508481502533,0.5057265162467957,0.9311259984970093,1.0542447566986084,0.5048574209213257,0.8959227800369263,0.6930705308914185
283,56699,1.145111083984375,0.5517921447753906,0.939867377281189,0.6930969953536987,,,,,,,
283,56799,0.9750686883926392,0.47058939933776855,0.8510274887084961,0.6930964589118958,,,,,,,
283,56799,,,,,0.6801666617393494,0.5047929286956787,0.9070029854774475,1.0372627973556519,0.5038702487945557,0.8799362182617188,0.6930872797966003
284,56899,1.0341577529907227,0.49524861574172974,0.885475754737854,0.6931332945823669,,,,,,,
284,56999,1.1560661792755127,0.5909322500228882,0.9116972088813782,0.6931266188621521,,,,,,,
284,56999,,,,,0.6806490421295166,0.5025007128715515,0.9276082515716553,1.0444080829620361,0.5041970610618591,0.8867743611335754,0.6931267380714417
285,57099,1.029115915298462,0.49332231283187866,0.8823254108428955,0.6930638551712036,,,,,,,
285,57199,1.099205493927002,0.5251775979995728,0.9205172657966614,0.6929789781570435,,,,,,,
285,57199,,,,,0.6809678077697754,0.5126683712005615,0.9356006979942322,1.0411657094955444,0.5055927038192749,0.8819761276245117,0.6928060054779053
286,57299,1.1373867988586426,0.5342416763305664,0.9496790170669556,0.6930677890777588,,,,,,,
286,57399,1.092900037765503,0.5050921440124512,0.9343189597129822,0.6930223703384399,,,,,,,
286,57399,,,,,0.6805803179740906,0.5065773725509644,0.9037415385246277,1.0333962440490723,0.503763735294342,0.8761557936668396,0.6930463314056396
287,57499,1.0994551181793213,0.5436493158340454,0.9023086428642273,0.6930055022239685,,,,,,,
287,57599,1.0594052076339722,0.5254794359207153,0.8804938793182373,0.6931362152099609,,,,,,,
287,57599,,,,,0.6803894639015198,0.5022741556167603,0.904262363910675,1.0332916975021362,0.5037122964859009,0.8761452436447144,0.6931316256523132
288,57699,1.1469181776046753,0.5435649156570435,0.9498541951179504,0.693001925945282,,,,,,,
288,57799,1.010156512260437,0.4872327446937561,0.8694848418235779,0.693122148513794,,,,,,,
288,57799,,,,,0.6787041425704956,0.5024802088737488,0.9109538793563843,1.0326063632965088,0.501911997795105,0.8772586584091187,0.6931279897689819
289,57899,0.8726297616958618,0.41977447271347046,0.7993556261062622,0.6930004954338074,,,,,,,
289,57999,0.9825612306594849,0.48386460542678833,0.8450636863708496,0.6927340626716614,,,,,,,
289,57999,,,,,0.6797611713409424,0.5111104249954224,0.9283609986305237,1.0348824262619019,0.5024423599243164,0.8788817524909973,0.6928836107254028
290,58099,1.076805830001831,0.5065716505050659,0.9167762398719788,0.6930843591690063,,,,,,,
290,58199,1.032915472984314,0.4964864253997803,0.8829694986343384,0.6930809020996094,,,,,,,
290,58199,,,,,0.6811113953590393,0.5062251091003418,0.9334962368011475,1.0395348072052002,0.5050554275512695,0.8810076713562012,0.6930564641952515
291,58299,1.080594778060913,0.5232377052307129,0.9039152264595032,0.6931161880493164,,,,,,,
291,58399,1.0347713232040405,0.4986209273338318,0.8826004862785339,0.6929001808166504,,,,,,,
291,58399,,,,,0.6811822056770325,0.5096642971038818,0.9062904119491577,1.035685658454895,0.5048989057540894,0.8772608637809753,0.6929486989974976
292,58499,1.0919711589813232,0.524333119392395,0.9142053127288818,0.6931346654891968,,,,,,,
292,58599,1.0764576196670532,0.5398514270782471,0.8831687569618225,0.6931250095367432,,,,,,,
292,58599,,,,,0.679038405418396,0.5028750896453857,0.9100984334945679,1.0262271165847778,0.5027485489845276,0.8700391054153442,0.6931211948394775
293,58699,1.009880542755127,0.47633054852485657,0.8799705505371094,0.6928410530090332,,,,,,,
293,58799,0.981586217880249,0.4853372871875763,0.8427509665489197,0.6930041909217834,,,,,,,
293,58799,,,,,0.6805002689361572,0.5128948092460632,0.9313159584999084,1.038147211074829,0.504305362701416,0.8802393078804016,0.6927952766418457
294,58899,1.026298999786377,0.5184566974639893,0.8544037938117981,0.6931228637695312,,,,,,,
294,58999,0.9930565357208252,0.4908187985420227,0.84861159324646,0.6927476525306702,,,,,,,
294,58999,,,,,0.6803788542747498,0.508252739906311,0.9313695430755615,1.032339334487915,0.5036193132400513,0.8752173185348511,0.6929945945739746
295,59099,1.085400938987732,0.5483058094978333,0.8836511969566345,0.6931121349334717,,,,,,,
295,59199,1.0167450904846191,0.499764084815979,0.8635268807411194,0.6930919885635376,,,,,,,
295,59199,,,,,0.6798534989356995,0.5037494897842407,0.9061723351478577,1.0256603956222534,0.5032506585121155,0.8689642548561096,0.6931086182594299
296,59299,1.0326391458511353,0.5063861012458801,0.8727685213088989,0.6930310726165771,,,,,,,
296,59399,1.202188491821289,0.5877968072891235,0.9608891606330872,0.6929950714111328,,,,,,,
296,59399,,,,,0.679894208908081,0.5061011910438538,0.9290540814399719,1.0363177061080933,0.5033960938453674,0.879449188709259,0.6930552124977112
297,59499,1.0097997188568115,0.5041111707687378,0.8521751165390015,0.692973256111145,,,,,,,
297,59599,0.9412361979484558,0.4562442898750305,0.8315016031265259,0.6930195093154907,,,,,,,
297,59599,,,,,0.6791296005249023,0.5031406879425049,0.9224801063537598,1.0250881910324097,0.502587616443634,0.8690593838691711,0.6931182146072388
298,59699,1.0594642162322998,0.5342878103256226,0.8716572523117065,0.6929616928100586,,,,,,,
298,59799,1.027018666267395,0.5080502033233643,0.8655357360839844,0.6931344866752625,,,,,,,
298,59799,,,,,0.6805282235145569,0.5039035677909851,0.9376899003982544,1.0298044681549072,0.5047547817230225,0.8716029524803162,0.6931065320968628
299,59899,1.0049493312835693,0.49199914932250977,0.8595116138458252,0.6931227445602417,,,,,,,
299,59999,0.9900917410850525,0.46985700726509094,0.8668016791343689,0.6931339502334595,,,,,,,
299,59999,,,,,0.6821796298027039,0.501828670501709,0.9113118052482605,1.0356218814849854,0.5063193440437317,0.8758708238601685,0.6931368112564087
300,60099,0.9854145646095276,0.48632270097732544,0.8456074595451355,0.6930311918258667,,,,,,,
300,60199,1.00238835811615,0.46191346645355225,0.8869720101356506,0.6929942965507507,,,,,,,
300,60199,,,,,0.6802457571029663,0.5074913501739502,0.931585431098938,1.0336689949035645,0.5044133067131042,0.8757639527320862,0.693016529083252
301,60299,0.9317065477371216,0.4339103102684021,0.8442797660827637,0.6929672360420227,,,,,,,
301,60399,1.150195837020874,0.5404587388038635,0.9563007950782776,0.6931272745132446,,,,,,,
301,60399,,,,,0.6819221377372742,0.5043289661407471,0.9097940921783447,1.0484458208084106,0.5050999522209167,0.8898924589157104,0.6930931806564331
302,60499,0.9853516221046448,0.5054112076759338,0.8264068365097046,0.6929329633712769,,,,,,,
302,60599,1.1638273000717163,0.5683422088623047,0.9420158863067627,0.6930615901947021,,,,,,,
302,60599,,,,,0.6793884634971619,0.5028910636901855,0.9051517248153687,1.0336579084396362,0.502896249294281,0.8773221969604492,0.6931213140487671
303,60699,1.1434098482131958,0.578985333442688,0.9109721183776855,0.6930951476097107,,,,,,,
303,60799,1.0026273727416992,0.4794104993343353,0.8697607517242432,0.6930876970291138,,,,,,,
303,60799,,,,,0.6814697980880737,0.5032597184181213,0.9137033224105835,1.044378638267517,0.5048977732658386,0.8860380053520203,0.6931144595146179
304,60899,1.0324724912643433,0.5000336170196533,0.8789482116699219,0.6930186748504639,,,,,,,
304,60999,0.9939413070678711,0.49157774448394775,0.8489306569099426,0.6931342482566833,,,,,,,
304,60999,,,,,0.6783819794654846,0.5024874806404114,0.9159384369850159,1.0181927680969238,0.5016997456550598,0.8630573749542236,0.6931289434432983
305,61099,1.0151357650756836,0.4817582964897156,0.8798986673355103,0.6930423974990845,,,,,,,
305,61199,0.98234623670578,0.4770404100418091,0.8518710136413574,0.693130373954773,,,,,,,
305,61199,,,,,0.6796886920928955,0.5021467208862305,0.9077539443969727,1.0292158126831055,0.5027737617492676,0.8730065226554871,0.6931284070014954
306,61299,1.1161890029907227,0.5433658957481384,0.9193661212921143,0.6930861473083496,,,,,,,
306,61399,1.0858678817749023,0.5237787961959839,0.9086549282073975,0.6931317448616028,,,,,,,
306,61399,,,,,0.6799234747886658,0.5039410591125488,0.9266666173934937,1.0467594861984253,0.5031387805938721,0.8901732563972473,0.6931045055389404
307,61499,1.0801020860671997,0.5161802172660828,0.9104827046394348,0.6931217312812805,,,,,,,
307,61599,1.0661224126815796,0.5494911670684814,0.8631998300552368,0.6931371688842773,,,,,,,
307,61599,,,,,0.6779560446739197,0.5061405897140503,0.9327794313430786,1.0137733221054077,0.501392662525177,0.8589110970497131,0.6930608749389648
308,61699,0.9612510800361633,0.45234930515289307,0.8553502559661865,0.6928969621658325,,,,,,,
308,61799,0.9975616931915283,0.4877266585826874,0.8563839793205261,0.6930978894233704,,,,,,,
308,61799,,,,,0.6805951595306396,0.503503680229187,0.9038057327270508,1.0318161249160767,0.5034951567649841,0.8748769760131836,0.6931122541427612
309,61899,1.1147849559783936,0.5404667854309082,0.9208764433860779,0.6931166648864746,,,,,,,
309,61999,0.9687133431434631,0.49194109439849854,0.8233364820480347,0.6931284666061401,,,,,,,
309,61999,,,,,0.6804141402244568,0.5028260946273804,0.91009920835495,1.0205756425857544,0.5044472813606262,0.8626905679702759,0.693123996257782
310,62099,0.9684959650039673,0.4812280237674713,0.8338332772254944,0.6931307315826416,,,,,,,
310,62199,0.9299169182777405,0.4371287226676941,0.8393570780754089,0.6931377649307251,,,,,,,
310,62199,,,,,0.6798378229141235,0.5018720626831055,0.9278118014335632,1.0371044874191284,0.5036689043045044,0.880003809928894,0.6931360960006714
311,62299,1.014453411102295,0.4857267141342163,0.8752836585044861,0.6931138038635254,,,,,,,
311,62399,1.0736310482025146,0.5211102962493896,0.8990820050239563,0.6931222677230835,,,,,,,
311,62399,,,,,0.6792991757392883,0.5034303069114685,0.9211640954017639,1.0336782932281494,0.5027191638946533,0.8775157332420349,0.6931133270263672
312,62499,1.0620489120483398,0.5154798030853271,0.8930968046188354,0.6930555105209351,,,,,,,
312,62599,0.999558687210083,0.47555387020111084,0.8705708980560303,0.6931321024894714,,,,,,,
312,62599,,,,,0.6806613802909851,0.5050994157791138,0.9293643236160278,1.0433579683303833,0.504105806350708,0.8857945203781128,0.6930848956108093
313,62699,1.036911964416504,0.5033391714096069,0.8801016211509705,0.6930574774742126,,,,,,,
313,62799,1.1168034076690674,0.5542736053466797,0.9090704321861267,0.6930813193321228,,,,,,,
313,62799,,,,,0.6794481873512268,0.50711989402771,0.9069745540618896,1.0402241945266724,0.5028976202011108,0.8838421106338501,0.693031370639801
314,62899,1.0537222623825073,0.5329269766807556,0.8672997355461121,0.6930088996887207,,,,,,,
314,62999,0.9232902526855469,0.4465694725513458,0.8231817483901978,0.6929218769073486,,,,,,,
314,62999,,,,,0.6791127920150757,0.5111817717552185,0.9325111508369446,1.0300321578979492,0.502541720867157,0.8739286661148071,0.6928766369819641
315,63099,0.9164155721664429,0.4479219317436218,0.8150449395179749,0.6931025981903076,,,,,,,
315,63199,1.0201495885849,0.5124471187591553,0.8542636036872864,0.693122148513794,,,,,,,
315,63199,,,,,0.6792898178100586,0.5032135248184204,0.9179246425628662,1.0172909498214722,0.5029412508010864,0.8609088063240051,0.6931182146072388
316,63299,0.8830357789993286,0.42249614000320435,0.8071038722991943,0.6931282877922058,,,,,,,
316,63399,0.9979174733161926,0.47844505310058594,0.8660088181495667,0.6930726766586304,,,,,,,
316,63399,,,,,0.6792606115341187,0.5061818957328796,0.9032260179519653,1.0241999626159668,0.501689612865448,0.8690390586853027,0.6930578947067261
317,63499,0.9504642486572266,0.4732580780982971,0.8237389326095581,0.6930656433105469,,,,,,,
317,63599,1.0135996341705322,0.5026530027389526,0.8574943542480469,0.6930955648422241,,,,,,,
317,63599,,,,,0.678490400314331,0.5047069191932678,0.9131320118904114,1.0234261751174927,0.5020912885665894,0.867879331111908,0.6930888891220093
318,63699,0.94640052318573,0.4773748517036438,0.8155196905136108,0.6929881572723389,,,,,,,
318,63799,1.0218344926834106,0.4805138409137726,0.8878852128982544,0.6931291222572327,,,,,,,
318,63799,,,,,0.6792736053466797,0.5028560757637024,0.8956502676010132,1.0325038433074951,0.5022134184837341,0.8768514394760132,0.693122386932373
319,63899,1.0787807703018188,0.5371403694152832,0.8881752490997314,0.6930696964263916,,,,,,,
319,63999,1.063875675201416,0.50286465883255,0.9075799584388733,0.6931378841400146,,,,,,,
319,63999,,,,,0.6788432002067566,0.503123939037323,0.9298807382583618,1.0274677276611328,0.5021355152130127,0.8718918561935425,0.6931189298629761
320,64099,1.157015323638916,0.5767531991004944,0.926811933517456,0.6930994391441345,,,,,,,
320,64199,1.1072648763656616,0.5408462882041931,0.9128851294517517,0.6929330825805664,,,,,,,
320,64199,,,,,0.6800676584243774,0.5061669945716858,0.9095563888549805,1.0294904708862305,0.5041502118110657,0.8718672394752502,0.6930540800094604
321,64299,1.0427974462509155,0.5081457495689392,0.8812075853347778,0.6931117177009583,,,,,,,
321,64399,1.1406081914901733,0.5352433323860168,0.9519253969192505,0.6931211948394775,,,,,,,
321,64399,,,,,0.6785357594490051,0.5028533339500427,0.9110434651374817,1.029664158821106,0.501600444316864,0.8746243119239807,0.6931209564208984
322,64499,0.9328228235244751,0.4682709574699402,0.8111025094985962,0.6931012272834778,,,,,,,
322,64599,1.021985411643982,0.5062897205352783,0.8622314929962158,0.6930716633796692,,,,,,,
322,64599,,,,,0.6782204508781433,0.5050035715103149,0.9021818041801453,1.0145400762557983,0.5012065768241882,0.8598734140396118,0.6930798292160034
323,64699,1.0625531673431396,0.5032017230987549,0.9059128165245056,0.6931228637695312,,,,,,,
323,64799,1.0581187009811401,0.5232714414596558,0.8813998103141785,0.6931049823760986,,,,,,,
323,64799,,,,,0.678768515586853,0.5021408200263977,0.9156520366668701,1.0321553945541382,0.5022604465484619,0.8764606714248657,0.6931315660476685
324,64899,0.9974013566970825,0.4928402900695801,0.8509590029716492,0.6927960515022278,,,,,,,
324,64999,1.003350853919983,0.48036861419677734,0.8695500493049622,0.6931354999542236,,,,,,,
324,64999,,,,,0.6799679398536682,0.5023567080497742,0.923844575881958,1.0257678031921387,0.5033596158027649,0.8689731955528259,0.6931295990943909
325,65099,0.9556697607040405,0.48236578702926636,0.8198716640472412,0.6931354999542236,,,,,,,
325,65199,1.003638744354248,0.49479520320892334,0.8554014563560486,0.6931157112121582,,,,,,,
325,65199,,,,,0.6786792278289795,0.5023549795150757,0.9216520190238953,1.0283324718475342,0.5014029741287231,0.8734942674636841,0.69312983751297
326,65299,1.0960123538970947,0.5349003076553345,0.9076663851737976,0.6931085586547852,,,,,,,
326,65399,0.9875251054763794,0.4808334410190582,0.8532395958900452,0.6930959224700928,,,,,,,
326,65399,,,,,0.6787617206573486,0.5026792883872986,0.9109876751899719,1.0217722654342651,0.5017731785774231,0.8665621280670166,0.6931260824203491
327,65499,1.0719548463821411,0.512984037399292,0.9055140614509583,0.6930863261222839,,,,,,,
327,65599,0.9978715777397156,0.48247772455215454,0.8619639277458191,0.6931401491165161,,,,,,,
327,65599,,,,,0.678607702255249,0.5031344890594482,0.9077566862106323,1.0248465538024902,0.5012112259864807,0.8701955676078796,0.6931203603744507
328,65699,0.9382126927375793,0.4346640706062317,0.8500399589538574,0.69298255443573,,,,,,,
328,65799,0.9758020639419556,0.46696943044662476,0.855334460735321,0.6930036544799805,,,,,,,
328,65799,,,,,0.6804962754249573,0.5100477933883667,0.904625415802002,1.0247808694839478,0.5036016702651978,0.8676480650901794,0.6929374933242798
329,65899,1.029788613319397,0.4992404878139496,0.8770502805709839,0.6930043697357178,,,,,,,
329,65999,0.9493246078491211,0.4673280417919159,0.82856285572052,0.6931326389312744,,,,,,,
329,65999,,,,,0.6809342503547668,0.5025092363357544,0.919992983341217,1.0210720300674438,0.5049789547920227,0.8626566529273987,0.6931268572807312
330,66099,1.1077499389648438,0.5495518445968628,0.9047669768333435,0.6931377649307251,,,,,,,
330,66199,1.102785587310791,0.5285767316818237,0.9207755923271179,0.6931334733963013,,,,,,,
330,66199,,,,,0.6777365803718567,0.5023874044418335,0.9251669645309448,1.0166641473770142,0.5010911226272583,0.8621370196342468,0.6931282877922058
331,66299,1.0320310592651367,0.5011388063430786,0.8774610757827759,0.6931377649307251,,,,,,,
331,66399,1.0215595960617065,0.4949991703033447,0.8730831742286682,0.6930453777313232,,,,,,,
331,66399,,,,,0.6799102425575256,0.5060319304466248,0.9311473965644836,1.0267510414123535,0.5039838552474976,0.8692959547042847,0.6930572986602783
332,66499,1.0881080627441406,0.5357247591018677,0.8989468216896057,0.6931270360946655,,,,,,,
332,66599,1.0369634628295898,0.5180094242095947,0.8655052185058594,0.6931024789810181,,,,,,,
332,66599,,,,,0.6792594194412231,0.5063842535018921,0.9043899178504944,1.0249689817428589,0.5022204518318176,0.8692755699157715,0.6930543780326843
333,66699,1.0741991996765137,0.5258392691612244,0.8948661684989929,0.693012535572052,,,,,,,
333,66799,0.9892486333847046,0.4841855466365814,0.851631760597229,0.6931374073028564,,,,,,,
333,66799,,,,,0.6772476434707642,0.5026856660842896,0.9071524143218994,1.0163078308105469,0.49954405426979065,0.863326370716095,0.6931251883506775
334,66899,0.9367440938949585,0.4502299427986145,0.8330548405647278,0.6930813789367676,,,,,,,
334,66999,1.0102949142456055,0.488469660282135,0.8683789372444153,0.6931073069572449,,,,,,,
334,66999,,,,,0.6782549619674683,0.5031566619873047,0.9053851962089539,1.0248150825500488,0.501453161239624,0.8699206113815308,0.6931173205375671
335,67099,1.0323057174682617,0.5071371793746948,0.871733546257019,0.6931300759315491,,,,,,,
335,67199,1.0239620208740234,0.49643683433532715,0.8740761876106262,0.6931017637252808,,,,,,,
335,67199,,,,,0.6796814203262329,0.5018007159233093,0.9120304584503174,1.0261448621749878,0.5035656690597534,0.8691471815109253,0.6931363940238953
336,67299,1.0984728336334229,0.5435950756072998,0.9014403820037842,0.6931251287460327,,,,,,,
336,67399,1.0372300148010254,0.49095582962036133,0.892811119556427,0.6930738687515259,,,,,,,
336,67399,,,,,0.6801632642745972,0.5046792030334473,0.9264848828315735,1.038601279258728,0.5026522278785706,0.882493257522583,0.6930882930755615
337,67499,0.9446196556091309,0.45876187086105347,0.8323876857757568,0.6930599808692932,,,,,,,
337,67599,0.9261565208435059,0.4420662522315979,0.8306503295898438,0.6931200623512268,,,,,,,
337,67599,,,,,0.6785493493080139,0.5025380253791809,0.9113045334815979,1.0285894870758057,0.5016520619392395,0.8735007047653198,0.693126380443573
338,67699,0.9723683595657349,0.4651346802711487,0.8537802696228027,0.6930930018424988,,,,,,,
338,67799,0.8516601324081421,0.4004096984863281,0.7978153824806213,0.6931297779083252,,,,,,,
338,67799,,,,,0.679265022277832,0.5023612380027771,0.9249792695045471,1.02874755859375,0.5024696588516235,0.8728426098823547,0.6931294798851013
339,67899,1.094398856163025,0.5278599262237549,0.9130876064300537,0.6930973529815674,,,,,,,
339,67999,1.039254903793335,0.5197017192840576,0.866117537021637,0.6931284666061401,,,,,,,
339,67999,,,,,0.6785014271736145,0.5025627017021179,0.9177657961845398,1.021783471107483,0.5018614530563354,0.8664857745170593,0.693127453327179
340,68099,0.9938685297966003,0.4787997305393219,0.8615906834602356,0.6930438280105591,,,,,,,
340,68199,1.073617696762085,0.5108763575553894,0.909277617931366,0.6930724382400513,,,,,,,
340,68199,,,,,0.6790295839309692,0.5030937790870667,0.9140923619270325,1.0323683023452759,0.5032640099525452,0.8756643533706665,0.6931203603744507
341,68299,1.022666573524475,0.4887300729751587,0.8805025815963745,0.6931321620941162,,,,,,,
341,68399,1.0589606761932373,0.5125886797904968,0.8928728103637695,0.6930018067359924,,,,,,,
341,68399,,,,,0.6779020428657532,0.5075647234916687,0.933059573173523,1.0276193618774414,0.5013471245765686,0.8727822303771973,0.6930203437805176
342,68499,0.9869378805160522,0.49889832735061646,0.8345844149589539,0.6930897831916809,,,,,,,
342,68599,1.0966885089874268,0.5486674308776855,0.8945876955986023,0.6931334137916565,,,,,,,
342,68599,,,,,0.6786693334579468,0.5022332072257996,0.9047456979751587,1.0382490158081055,0.5009713768959045,0.8838433027267456,0.6931318044662476
343,68699,1.0469822883605957,0.5197949409484863,0.8737505674362183,0.6931263208389282,,,,,,,
343,68799,0.9686576128005981,0.46514150500297546,0.8500856757164001,0.6931390762329102,,,,,,,
343,68799,,,,,0.6786907911300659,0.5033661723136902,0.9050427675247192,1.021173119544983,0.5018280148506165,0.8659032583236694,0.6931162476539612
344,68899,1.0827460289001465,0.5182619690895081,0.9109833836555481,0.6929985880851746,,,,,,,
344,68999,0.9090666174888611,0.4412926137447357,0.8142170310020447,0.6928859949111938,,,,,,,
344,68999,,,,,0.6789528131484985,0.5127201676368713,0.9010769724845886,1.024623990058899,0.5015736818313599,0.8694543242454529,0.6928084492683411
345,69099,1.1695961952209473,0.568670392036438,0.9474889039993286,0.6931260824203491,,,,,,,
345,69199,1.0609204769134521,0.5252326130867004,0.88224858045578,0.6931214332580566,,,,,,,
345,69199,,,,,0.6779648065567017,0.5038273334503174,0.9181928038597107,1.0092318058013916,0.5003829002380371,0.8554020524024963,0.6931061744689941
346,69299,1.1005290746688843,0.5350545048713684,0.9120419025421143,0.6931345462799072,,,,,,,
346,69399,1.0991816520690918,0.5553411841392517,0.890317976474762,0.6929550170898438,,,,,,,
346,69399,,,,,0.6781964302062988,0.5050803422927856,0.9353578090667725,1.0215184688568115,0.5013993382453918,0.8666582703590393,0.6930788159370422
347,69499,0.9691077470779419,0.5061352252960205,0.8094660639762878,0.6929871439933777,,,,,,,
347,69599,0.9741033315658569,0.46822842955589294,0.8524229526519775,0.6930961608886719,,,,,,,
347,69599,,,,,0.6770360469818115,0.5036546587944031,0.9277052879333496,1.021056056022644,0.4999416470527649,0.867668867111206,0.6931089758872986
348,69699,0.9401406645774841,0.4575498104095459,0.8291491270065308,0.6931165456771851,,,,,,,
348,69799,1.018585205078125,0.48865747451782227,0.8764948844909668,0.6931341886520386,,,,,,,
348,69799,,,,,0.6784402132034302,0.5021485686302185,0.928347647190094,1.0252149105072021,0.5011811852455139,0.8706003427505493,0.6931330561637878
349,69899,1.0806140899658203,0.5576990246772766,0.8694172501564026,0.6930044889450073,,,,,,,
349,69999,0.9823861122131348,0.48706215620040894,0.8418446183204651,0.6930413246154785,,,,,,,
349,69999,,,,,0.6786069273948669,0.5071661472320557,0.9250014424324036,1.019853949546814,0.5008097290992737,0.8655559420585632,0.6930232644081116
350,70099,0.982430636882782,0.47732171416282654,0.8516424298286438,0.6930669546127319,,,,,,,
350,70199,1.122802734375,0.5216242074966431,0.9476662874221802,0.6929754018783569,,,,,,,
350,70199,,,,,0.6797186136245728,0.5054469108581543,0.9304743409156799,1.0230063199996948,0.5029916167259216,0.8665539622306824,0.6930785179138184
351,70299,1.049310326576233,0.520609438419342,0.8752196431159973,0.6930374503135681,,,,,,,
351,70399,1.1455979347229004,0.5360278487205505,0.9561318755149841,0.693123459815979,,,,,,,
351,70399,,,,,0.6805293560028076,0.5022677779197693,0.9127753376960754,1.0391054153442383,0.5041489601135254,0.881521999835968,0.6931310296058655
352,70499,1.0281593799591064,0.5131021738052368,0.861541211605072,0.6929680109024048,,,,,,,
352,70599,1.0625336170196533,0.5211366415023804,0.8879544734954834,0.6931151151657104,,,,,,,
352,70599,,,,,0.6782864928245544,0.5020884871482849,0.9159900546073914,1.0159531831741333,0.5013377070426941,0.8611825108528137,0.6931338906288147
353,70699,0.9465873837471008,0.45694488286972046,0.836189866065979,0.6930946111679077,,,,,,,
353,70799,0.9668542146682739,0.4777878522872925,0.8354485034942627,0.6927642226219177,,,,,,,
353,70799,,,,,0.6779310703277588,0.5132467746734619,0.907903790473938,1.014435052871704,0.5009166598320007,0.8599087595939636,0.6927804946899414
354,70899,0.9993053674697876,0.4898831844329834,0.8559439778327942,0.6930434107780457,,,,,,,
354,70999,1.0607937574386597,0.5197454690933228,0.8875961303710938,0.6930956244468689,,,,,,,
354,70999,,,,,0.6779616475105286,0.5065959095954895,0.905506432056427,1.0203673839569092,0.5010392665863037,0.8658483028411865,0.6930408477783203
355,71099,1.057701826095581,0.5298222899436951,0.8744387030601501,0.6931182146072388,,,,,,,
355,71199,1.037266731262207,0.5104408264160156,0.8733854293823242,0.6931191682815552,,,,,,,
355,71199,,,,,0.6778112053871155,0.5022180676460266,0.9204457402229309,1.0147536993026733,0.5007924437522888,0.8605268597602844,0.6931312680244446
356,71299,1.0792914628982544,0.550173282623291,0.8756846189498901,0.6931328773498535,,,,,,,
356,71399,1.1367601156234741,0.5599282383918762,0.9233824014663696,0.693101167678833,,,,,,,
356,71399,,,,,0.6785781979560852,0.5046665072441101,0.9258078932762146,1.0252434015274048,0.5018978714942932,0.8698917031288147,0.6930919289588928
357,71499,1.019282341003418,0.5154849290847778,0.8502590656280518,0.692923367023468,,,,,,,
357,71599,1.0687319040298462,0.5250567197799683,0.8901635408401489,0.6929767727851868,,,,,,,
357,71599,,,,,0.6788588166236877,0.5075273513793945,0.9092275500297546,1.0172436237335205,0.501771867275238,0.8619795441627502,0.6930153965950012
358,71699,0.9604585766792297,0.47130459547042847,0.8357207775115967,0.6931337118148804,,,,,,,
358,71799,1.0347117185592651,0.5245872735977173,0.856593906879425,0.6929389834403992,,,,,,,
358,71799,,,,,0.6775752305984497,0.5086565017700195,0.9355407357215881,1.011306881904602,0.5014775991439819,0.8563228845596313,0.6929875016212463
359,71899,0.9813932180404663,0.4869987964630127,0.8409580588340759,0.693127453327179,,,,,,,
359,71999,1.0334985256195068,0.5115716457366943,0.8684330582618713,0.6930123567581177,,,,,,,
359,71999,,,,,0.6782113909721375,0.5048911571502686,0.9114841222763062,1.0141685009002686,0.5021165609359741,0.8585948944091797,0.6930858492851257
360,72099,1.1205345392227173,0.5435352325439453,0.9235597252845764,0.6931207776069641,,,,,,,
360,72199,1.08188796043396,0.5200510621070862,0.9084053039550781,0.6931366920471191,,,,,,,
360,72199,,,,,0.6784066557884216,0.5027269124984741,0.9309437870979309,1.0205315351486206,0.5010890960693359,0.8660054206848145,0.6931257843971252
361,72299,1.025031566619873,0.5005912780761719,0.8710082769393921,0.6931359767913818,,,,,,,
361,72399,1.018357753753662,0.5013505816459656,0.863554060459137,0.6930937170982361,,,,,,,
361,72399,,,,,0.6767006516456604,0.5029872059822083,0.9149185419082642,1.015639066696167,0.49979445338249207,0.862404465675354,0.6931200623512268
362,72499,1.0114132165908813,0.4870339632034302,0.8709443211555481,0.6931302547454834,,,,,,,
362,72599,0.9590826630592346,0.4532986283302307,0.8523465394973755,0.6931251287460327,,,,,,,
362,72599,,,,,0.6781862378120422,0.5021946430206299,0.9272728562355042,1.018491268157959,0.5007403492927551,0.8643172979354858,0.6931322813034058
363,72699,1.08633291721344,0.5345643162727356,0.8982634544372559,0.6929895281791687,,,,,,,
363,72799,1.0677932500839233,0.5325288772583008,0.8817949295043945,0.693061113357544,,,,,,,
363,72799,,,,,0.6769289374351501,0.5027777552604675,0.9138964414596558,1.0048526525497437,0.4993528127670288,0.8520619869232178,0.6931242942810059
364,72899,1.091156244277954,0.5435190200805664,0.8942039012908936,0.6931333541870117,,,,,,,
364,72999,0.9916799068450928,0.4731685221195221,0.865057647228241,0.6930925250053406,,,,,,,
364,72999,,,,,0.6791563630104065,0.5072894096374512,0.9254867434501648,1.0203090906143188,0.5018730163574219,0.8649507761001587,0.6930291652679443
365,73099,1.0911588668823242,0.5284026861190796,0.9093160629272461,0.6931198835372925,,,,,,,
365,73199,1.0928878784179688,0.5160123109817505,0.9234362840652466,0.6931215524673462,,,,,,,
365,73199,,,,,0.6785948276519775,0.5063472986221313,0.9031538963317871,1.020200252532959,0.5012068152427673,0.8655222654342651,0.6930575966835022
366,73299,0.9638273119926453,0.4759645462036133,0.8344067931175232,0.693088173866272,,,,,,,
366,73399,1.0461039543151855,0.5300741791725159,0.8625906109809875,0.6931216716766357,,,,,,,
366,73399,,,,,0.677740216255188,0.5026626586914062,0.9085267186164856,1.027042031288147,0.5005407333374023,0.8730641007423401,0.6931257247924805
367,73499,1.0322331190109253,0.5084222555160522,0.8703547716140747,0.6930878162384033,,,,,,,
367,73599,0.9391300082206726,0.4658333659172058,0.8198441863059998,0.6930950880050659,,,,,,,
367,73599,,,,,0.6774210929870605,0.5046969652175903,0.9037336111068726,1.0084153413772583,0.5000402927398682,0.8549214601516724,0.6930932998657227
368,73699,1.2968419790267944,0.6430224180221558,1.0003435611724854,0.6930480003356934,,,,,,,
368,73799,0.9639877080917358,0.46721142530441284,0.8432713150978088,0.6929900646209717,,,,,,,
368,73799,,,,,0.6780713200569153,0.5079408884048462,0.9043909311294556,1.0070278644561768,0.5002429485321045,0.8532879948616028,0.6930063962936401
369,73899,0.9944097995758057,0.4921376705169678,0.8488339185714722,0.6931236386299133,,,,,,,
369,73999,0.9707603454589844,0.4843510389328003,0.8329741358757019,0.6931295394897461,,,,,,,
369,73999,,,,,0.6783950924873352,0.5021428465843201,0.9260067939758301,1.0227389335632324,0.5016517639160156,0.8676533699035645,0.6931325793266296
370,74099,1.017859935760498,0.4943643808364868,0.8700507879257202,0.6931105852127075,,,,,,,
370,74199,1.0485882759094238,0.5201810598373413,0.8748770952224731,0.6929396986961365,,,,,,,
370,74199,,,,,0.6782553195953369,0.5066183805465698,0.9068474173545837,1.0089154243469238,0.5015615820884705,0.8538746237754822,0.6930416822433472
371,74299,0.9872530698776245,0.4812498092651367,0.8525141477584839,0.6930217146873474,,,,,,,
371,74399,0.969309389591217,0.4710635244846344,0.8448048830032349,0.6931179761886597,,,,,,,
371,74399,,,,,0.6789195537567139,0.5025980472564697,0.9313008785247803,1.0210591554641724,0.5021300315856934,0.8654928207397461,0.6931273341178894
372,74499,1.1200883388519287,0.556427001953125,0.9102274179458618,0.6931320428848267,,,,,,,
372,74599,0.9757060408592224,0.47017714381217957,0.8520510792732239,0.6930443048477173,,,,,,,
372,74599,,,,,0.6777971982955933,0.5048637986183167,0.929169774055481,1.0095478296279907,0.5006415247917175,0.8554499745368958,0.6930873990058899
373,74699,0.9721615314483643,0.4686428904533386,0.8500611782073975,0.6930851936340332,,,,,,,
373,74799,0.8739829659461975,0.4256286025047302,0.79491126537323,0.6931136846542358,,,,,,,
373,74799,,,,,0.6771863698959351,0.5045555233955383,0.9053353071212769,1.014998435974121,0.49972620606422424,0.8618194460868835,0.6930944919586182
374,74899,1.0034719705581665,0.4863908588886261,0.8636190891265869,0.6930758953094482,,,,,,,
374,74999,0.9872501492500305,0.5016125440597534,0.8322004675865173,0.6931256055831909,,,,,,,
374,74999,,,,,0.675821840763092,0.5046461820602417,0.9040314555168152,1.0082929134368896,0.4983311593532562,0.856506884098053,0.6930904388427734
375,75099,1.1303132772445679,0.5505495667457581,0.926299512386322,0.6930716037750244,,,,,,,
375,75199,0.9635831117630005,0.47991007566452026,0.8302364945411682,0.6931269764900208,,,,,,,
375,75199,,,,,0.676176130771637,0.5030930042266846,0.9098023176193237,1.0105018615722656,0.49878233671188354,0.8582795858383179,0.693120002746582
376,75299,0.9912737607955933,0.4855358302593231,0.852275013923645,0.6930742263793945,,,,,,,
376,75399,1.111084222793579,0.5423009395599365,0.9153216481208801,0.6930767297744751,,,,,,,
376,75399,,,,,0.6775875091552734,0.5054512023925781,0.9059484004974365,1.011536955833435,0.5003957748413086,0.8576802015304565,0.6930781006813049
377,75499,1.1467063426971436,0.5613109469413757,0.9319486618041992,0.6931067705154419,,,,,,,
377,75599,1.0392224788665771,0.5306817293167114,0.8551075458526611,0.6931335926055908,,,,,,,
377,75599,,,,,0.6779748201370239,0.502747654914856,0.904167890548706,1.0093392133712769,0.5005412101745605,0.8553614020347595,0.6931265592575073
378,75699,0.9385948181152344,0.46488404273986816,0.820221483707428,0.6930213570594788,,,,,,,
378,75799,1.0874714851379395,0.5407921075820923,0.8932456970214844,0.6931326985359192,,,,,,,
378,75799,,,,,0.6772395968437195,0.502302348613739,0.9278922080993652,1.0018596649169922,0.49986371397972107,0.8485614061355591,0.6931310296058655
379,75899,0.973951518535614,0.4763721227645874,0.8441497683525085,0.6931406259536743,,,,,,,
379,75999,1.056364893913269,0.5164076089859009,0.8864986300468445,0.6930825710296631,,,,,,,
379,75999,,,,,0.6768745183944702,0.5068717002868652,0.9047653675079346,1.0074079036712646,0.49940094351768494,0.8545286655426025,0.6930432915687561
380,76099,0.9896659255027771,0.5000924468040466,0.8361445665359497,0.6931420564651489,,,,,,,
380,76199,1.1437541246414185,0.5866224765777588,0.9036844372749329,0.6931053996086121,,,,,,,
380,76199,,,,,0.6766583323478699,0.5062853097915649,0.9084493517875671,1.0097801685333252,0.4994586110115051,0.8568505048751831,0.6930578351020813
381,76299,0.9654573798179626,0.46467888355255127,0.8473371863365173,0.6931172609329224,,,,,,,
381,76399,1.111227035522461,0.5201537609100342,0.9375888109207153,0.6930310130119324,,,,,,,
381,76399,,,,,0.6768851280212402,0.5048352479934692,0.9113662242889404,1.009857416152954,0.4998382031917572,0.8565614819526672,0.6930848360061646
382,76499,0.9703463315963745,0.46127891540527344,0.8555895686149597,0.6930444836616516,,,,,,,
382,76599,1.0200504064559937,0.5097624659538269,0.8568533062934875,0.6931307315826416,,,,,,,
382,76599,,,,,0.6772995591163635,0.5029913187026978,0.9287049770355225,1.0061616897583008,0.49995461106300354,0.8527663946151733,0.6931185722351074
383,76699,0.9710755348205566,0.49003344774246216,0.8274759650230408,0.6928676962852478,,,,,,,
383,76799,1.0305886268615723,0.5166424512863159,0.8604050278663635,0.6929179430007935,,,,,,,
383,76799,,,,,0.6775208115577698,0.5123550891876221,0.9090240597724915,1.0046539306640625,0.5001987814903259,0.850867509841919,0.6928245425224304
384,76899,0.9870586395263672,0.4827038645744324,0.850919783115387,0.6931300163269043,,,,,,,
384,76999,1.04998779296875,0.512076735496521,0.8844057321548462,0.6929894089698792,,,,,,,
384,76999,,,,,0.6783062219619751,0.5114650130271912,0.9083570241928101,1.0130172967910767,0.5017039775848389,0.8577485084533691,0.6928703188896179
385,77099,1.0428690910339355,0.5137437582015991,0.875679612159729,0.6931085586547852,,,,,,,
385,77199,0.9822652339935303,0.4853112995624542,0.843517005443573,0.6931262016296387,,,,,,,
385,77199,,,,,0.6774758100509644,0.5022971034049988,0.9277528524398804,1.017399549484253,0.4999457597732544,0.8640189170837402,0.6931300759315491
386,77299,1.0266761779785156,0.49788978695869446,0.8753506541252136,0.6931284666061401,,,,,,,
386,77399,1.042925238609314,0.5027081966400146,0.8867703080177307,0.6931063532829285,,,,,,,
386,77399,,,,,0.6763566732406616,0.5020522475242615,0.9056199193000793,1.0068118572235107,0.49953681230545044,0.8538416624069214,0.6931335926055908
387,77499,0.9729695320129395,0.48191049695014954,0.837515115737915,0.6929120421409607,,,,,,,
387,77599,1.0964820384979248,0.5146373510360718,0.9284007549285889,0.6931120157241821,,,,,,,
387,77599,,,,,0.6786410212516785,0.5061200857162476,0.9260369539260864,1.0263102054595947,0.5016968250274658,0.8711432218551636,0.6930597424507141
388,77699,0.980508029460907,0.4640476405620575,0.8630237579345703,0.6931267976760864,,,,,,,
388,77799,1.0484249591827393,0.511691689491272,0.8832930326461792,0.6931194067001343,,,,,,,
388,77799,,,,,0.6774789094924927,0.5029855370521545,0.9242326021194458,1.0103554725646973,0.5005390644073486,0.856377124786377,0.6931215524673462
389,77899,1.0175223350524902,0.5152882933616638,0.8488011956214905,0.6931342482566833,,,,,,,
389,77999,0.8938180208206177,0.44096851348876953,0.7993983030319214,0.6930975914001465,,,,,,,
389,77999,,,,,0.6769194602966309,0.5044604539871216,0.9283754825592041,1.0100760459899902,0.4993877708911896,0.857234537601471,0.6930925250053406
390,78099,1.076828122138977,0.5188580751419067,0.9045260548591614,0.6931121349334717,,,,,,,
390,78199,0.9409893155097961,0.4768047332763672,0.8106769919395447,0.692984938621521,,,,,,,
390,78199,,,,,0.6774513721466064,0.5084424018859863,0.9285438656806946,1.0165753364562988,0.5000134110450745,0.8630555868148804,0.692987322807312
391,78299,0.996769368648529,0.5010636448860168,0.842248797416687,0.6930862665176392,,,,,,,
391,78399,1.036604642868042,0.5004144906997681,0.8826735019683838,0.6929668188095093,,,,,,,
391,78399,,,,,0.6778784990310669,0.5052991509437561,0.928159773349762,1.0120028257369995,0.5005353689193726,0.8580093383789062,0.6930837631225586
392,78499,1.0375295877456665,0.5209999084472656,0.8630702495574951,0.6930812001228333,,,,,,,
392,78599,1.074472427368164,0.5382699966430664,0.8827702403068542,0.6931358575820923,,,,,,,
392,78599,,,,,0.6769281029701233,0.5024110078811646,0.909673273563385,1.0075101852416992,0.49902912974357605,0.8550455570220947,0.6931294202804565
393,78699,0.9778034687042236,0.4782472848892212,0.8460565805435181,0.6930007934570312,,,,,,,
393,78799,1.1084133386611938,0.5374034643173218,0.9175800681114197,0.6931402683258057,,,,,,,
393,78799,,,,,0.6765919923782349,0.5031039714813232,0.9101091623306274,1.005165457725525,0.4992091953754425,0.8525159955024719,0.6931193470954895
394,78899,1.1791608333587646,0.5772807598114014,0.9484351873397827,0.6931103467941284,,,,,,,
394,78999,1.0367988348007202,0.5142526030540466,0.8690565824508667,0.6930206418037415,,,,,,,
394,78999,,,,,0.6766830086708069,0.5071114897727966,0.9298977851867676,1.0078054666519165,0.49941009283065796,0.8549104928970337,0.6930301189422607
395,79099,0.9225641489028931,0.4664090573787689,0.8027214407920837,0.6931326389312744,,,,,,,
395,79199,0.9733734726905823,0.4995047450065613,0.8203817009925842,0.6930259466171265,,,,,,,
395,79199,,,,,0.6778338551521301,0.5077265501022339,0.901293158531189,1.009713888168335,0.5002493858337402,0.8559707999229431,0.6930128931999207
396,79299,0.9943265318870544,0.477082759141922,0.8638098239898682,0.6931320428848267,,,,,,,
396,79399,1.1234511137008667,0.554884135723114,0.9149558544158936,0.6927778720855713,,,,,,,
396,79399,,,,,0.6773796677589417,0.5123351812362671,0.9297726154327393,1.0105077028274536,0.4995850920677185,0.8573337197303772,0.6928223371505737
397,79499,1.106896996498108,0.5568156242370605,0.896626889705658,0.6930911540985107,,,,,,,
397,79599,1.0192577838897705,0.5027085542678833,0.8631094694137573,0.6931204199790955,,,,,,,
397,79599,,,,,0.6766389608383179,0.5027363300323486,0.9048442244529724,0.9998210072517395,0.4992903470993042,0.8470932245254517,0.6931247711181641
398,79699,0.9606133699417114,0.47800377011299133,0.829171895980835,0.6931244730949402,,,,,,,
398,79799,0.9313653707504272,0.45955079793930054,0.8183697462081909,0.6931101679801941,,,,,,,
398,79799,,,,,0.6759046316146851,0.5064642429351807,0.9289539456367493,1.0105091333389282,0.4985482394695282,0.8584855794906616,0.6930496096611023
399,79899,0.9757791757583618,0.4941463768482208,0.828197181224823,0.6931288242340088,,,,,,,
399,79999,1.167160987854004,0.575541615486145,0.9381772875785828,0.6931157112121582,,,,,,,
399,79999,,,,,0.6771624088287354,0.5025494694709778,0.9128962159156799,1.0214154720306396,0.5004317760467529,0.8675469160079956,0.6931266784667969
400,80099,0.9250544309616089,0.4604604244232178,0.811163604259491,0.6931393146514893,,,,,,,
400,80199,0.8499685525894165,0.4296134412288666,0.7668796181678772,0.6930489540100098,,,,,,,
400,80199,,,,,0.6773742437362671,0.5067968368530273,0.9061354398727417,1.0003076791763306,0.49981746077537537,0.8470116257667542,0.6930427551269531
401,80299,1.087977409362793,0.5408148765563965,0.8937281370162964,0.6931313276290894,,,,,,,
401,80399,0.9901717901229858,0.5017020106315613,0.8350099921226501,0.6930804252624512,,,,,,,
401,80399,,,,,0.6773127317428589,0.5040289759635925,0.9243016839027405,1.003835916519165,0.4999310076236725,0.8504566550254822,0.6931036114692688
402,80499,0.9812036752700806,0.5035561919212341,0.8242149353027344,0.6931349635124207,,,,,,,
402,80599,1.0960723161697388,0.5504150390625,0.8922051787376404,0.6930959224700928,,,,,,,
402,80599,,,,,0.6768467426300049,0.5059371590614319,0.9306456446647644,1.0028941631317139,0.4996212124824524,0.8498049378395081,0.6930643320083618
403,80699,0.9452438354492188,0.4689299762248993,0.8228626251220703,0.6930975914001465,,,,,,,
403,80799,1.1177934408187866,0.5587899684906006,0.90555340051651,0.6930996775627136,,,,,,,
403,80799,,,,,0.6756542921066284,0.5043392181396484,0.908661961555481,1.0081804990768433,0.49837979674339294,0.8563506007194519,0.693100094795227
404,80899,1.1391818523406982,0.5789227485656738,0.9067667722702026,0.693015456199646,,,,,,,
404,80999,0.9246635437011719,0.456210732460022,0.8150025606155396,0.6930995583534241,,,,,,,
404,80999,,,,,0.6761993169784546,0.5033190250396729,0.9305979609489441,0.9999101161956787,0.49921345710754395,0.8472550511360168,0.693116307258606
405,81099,1.011085033416748,0.5101450681686401,0.8473780751228333,0.6928763389587402,,,,,,,
405,81199,0.9253336787223816,0.4602469503879547,0.8116442561149597,0.6931151151657104,,,,,,,
405,81199,,,,,0.677657961845398,0.5023895502090454,0.9185460805892944,1.0100181102752686,0.500558078289032,0.8560250401496887,0.6931296586990356
406,81299,0.9933144450187683,0.4987599849700928,0.8410993218421936,0.6930896043777466,,,,,,,
406,81399,1.0533742904663086,0.5360462665557861,0.8638603687286377,0.69306480884552,,,,,,,
406,81399,,,,,0.6762441396713257,0.5044399499893188,0.9088360071182251,1.0098686218261719,0.4985804557800293,0.8578375577926636,0.6930989027023315
407,81499,0.986352264881134,0.5025570392608643,0.8303226828575134,0.6930550336837769,,,,,,,
407,81599,0.9856848120689392,0.49472329020500183,0.8374514579772949,0.6929799318313599,,,,,,,
407,81599,,,,,0.6767958998680115,0.5086305737495422,0.9277863502502441,1.0043704509735107,0.4986823499202728,0.8521835803985596,0.6929912567138672
408,81699,1.0559601783752441,0.5135598182678223,0.8889524936676025,0.6931041479110718,,,,,,,
408,81799,1.0055248737335205,0.4916360378265381,0.8604556322097778,0.6931335926055908,,,,,,,
408,81799,,,,,0.6771798729896545,0.502677321434021,0.9318169951438904,1.0154731273651123,0.4995962679386139,0.8624404072761536,0.6931267380714417
409,81899,1.1475330591201782,0.5915645956993103,0.9025065302848816,0.6930761337280273,,,,,,,
409,81999,0.9872530698776245,0.48697584867477417,0.8467217683792114,0.6928890347480774,,,,,,,
409,81999,,,,,0.6796037554740906,0.5127185583114624,0.9061869978904724,1.0170295238494873,0.5029502511024475,0.8604834675788879,0.6928085088729858
410,82099,0.9602558612823486,0.4618030786514282,0.8449389934539795,0.6929724216461182,,,,,,,
410,82199,1.0691125392913818,0.5293898582458496,0.8862389922142029,0.6930326223373413,,,,,,,
410,82199,,,,,0.6774232983589172,0.5039038062095642,0.9107272624969482,1.0138109922409058,0.5003160238265991,0.8600481152534485,0.6931061744689941
411,82299,1.0068045854568481,0.5025675892829895,0.8508048057556152,0.6931354403495789,,,,,,,
411,82399,0.9598184823989868,0.4693479835987091,0.8370233774185181,0.6931057572364807,,,,,,,
411,82399,,,,,0.6757830381393433,0.5058344602584839,0.9065154790878296,0.9995576739311218,0.49850887060165405,0.8475832939147949,0.6930692195892334
412,82499,1.127058744430542,0.5660860538482666,0.9074862599372864,0.6930270195007324,,,,,,,
412,82599,1.0013184547424316,0.4991396367549896,0.8487402200698853,0.6931228637695312,,,,,,,
412,82599,,,,,0.6776778697967529,0.5019373297691345,0.9068909883499146,1.0108680725097656,0.5003060102462769,0.8571298122406006,0.6931350827217102
413,82699,1.0828206539154053,0.5207870602607727,0.9085780382156372,0.693088948726654,,,,,,,
413,82799,0.9594287276268005,0.46494752168655396,0.8410473465919495,0.6931322813034058,,,,,,,
413,82799,,,,,0.6753581166267395,0.5024771094322205,0.9131634831428528,1.001997709274292,0.49775514006614685,0.8508062958717346,0.6931276321411133
414,82899,0.9355003833770752,0.4597117304801941,0.8223322629928589,0.6930871605873108,,,,,,,
414,82999,1.03803288936615,0.5024086833000183,0.8821940422058105,0.6931398510932922,,,,,,,
414,82999,,,,,0.6775725483894348,0.5026763677597046,0.919486939907074,1.0060689449310303,0.5006833076477051,0.8519492745399475,0.6931270956993103
415,83099,1.008983850479126,0.4758363962173462,0.8797114491462708,0.6931281089782715,,,,,,,
415,83199,0.9989928007125854,0.49768853187561035,0.8477967381477356,0.6929848194122314,,,,,,,
415,83199,,,,,0.6766738891601562,0.5075492858886719,0.9076269268989563,0.9976285696029663,0.4998566508293152,0.8442816734313965,0.6930196285247803
416,83299,1.0512394905090332,0.5177948474884033,0.8800044059753418,0.6931195259094238,,,,,,,
416,83399,1.1134717464447021,0.5825715065002441,0.8774177432060242,0.6930351257324219,,,,,,,
416,83399,,,,,0.6768421530723572,0.5070691704750061,0.9280846118927002,0.9999529719352722,0.4991574287414551,0.8473122119903564,0.6930333971977234
417,83499,0.9704304933547974,0.4608307480812073,0.8561286926269531,0.6930577754974365,,,,,,,
417,83599,0.9727243781089783,0.48425373435020447,0.8349951505661011,0.6930490732192993,,,,,,,
417,83599,,,,,0.6763713359832764,0.5060344934463501,0.9285988807678223,1.0012744665145874,0.49850738048553467,0.8492981791496277,0.6930623054504395
418,83699,1.0495290756225586,0.5335341691970825,0.8625243306159973,0.6930589079856873,,,,,,,
418,83799,1.0229164361953735,0.5117533802986145,0.8577102422714233,0.6930944919586182,,,,,,,
418,83799,,,,,0.6746692061424255,0.5036934614181519,0.9044111967086792,1.0004541873931885,0.49649858474731445,0.8505117297172546,0.6931124329566956
419,83899,1.0492746829986572,0.521031379699707,0.8748093843460083,0.6931320428848267,,,,,,,
419,83999,1.052666425704956,0.5050173997879028,0.8942190408706665,0.6931401491165161,,,,,,,
419,83999,,,,,0.6778150200843811,0.5015890002250671,0.9271986484527588,1.025693416595459,0.5008884072303772,0.8713746666908264,0.6931392550468445
420,84099,1.1434082984924316,0.5663609504699707,0.9235325455665588,0.6929702758789062,,,,,,,
420,84199,1.0658071041107178,0.5352098941802979,0.8770999908447266,0.6930055618286133,,,,,,,
420,84199,,,,,0.6787277460098267,0.5106486082077026,0.9295477271080017,1.0117884874343872,0.5018173456192017,0.8564249277114868,0.6929075121879578
421,84299,1.0183587074279785,0.49431636929512024,0.8706069588661194,0.6931291818618774,,,,,,,
421,84399,1.1152150630950928,0.5797325372695923,0.8820446729660034,0.6931244134902954,,,,,,,
421,84399,,,,,0.6771230101585388,0.503322958946228,0.9149090647697449,1.0022684335708618,0.4994637668132782,0.849362850189209,0.6931161880493164
422,84499,0.987682044506073,0.494523823261261,0.839660108089447,0.69300377368927,,,,,,,
422,84599,1.0526447296142578,0.5028759241104126,0.8963316082954407,0.6931256651878357,,,,,,,
422,84599,,,,,0.6765524744987488,0.5017224550247192,0.9095107913017273,1.0087323188781738,0.4994203746318817,0.855880618095398,0.693137526512146
423,84699,0.9490073323249817,0.48022589087486267,0.8153409957885742,0.6931191682815552,,,,,,,
423,84799,1.057784914970398,0.5324766635894775,0.8718433976173401,0.693070113658905,,,,,,,
423,84799,,,,,0.6765061020851135,0.5066099166870117,0.9280979037284851,1.0010613203048706,0.4991793930530548,0.8484059572219849,0.6930482983589172
424,84899,0.9868197441101074,0.5076097249984741,0.8257798552513123,0.6931395530700684,,,,,,,
424,84999,1.0886430740356445,0.537997305393219,0.8971888422966003,0.6930862069129944,,,,,,,
424,84999,,,,,0.6762022972106934,0.503764808177948,0.9042568206787109,0.9975995421409607,0.4985095262527466,0.8456451892852783,0.6931106448173523
425,85099,1.0395722389221191,0.5071269273757935,0.8789873123168945,0.6930840611457825,,,,,,,
425,85199,0.9928333163261414,0.49027180671691895,0.8491129875183105,0.6931029558181763,,,,,,,
425,85199,,,,,0.6764411330223083,0.5055860877037048,0.9231404662132263,1.0086699724197388,0.4987115263938904,0.8564946055412292,0.6930721998214722
426,85299,1.0979137420654297,0.55545574426651,0.8889874815940857,0.6930589079856873,,,,,,,
426,85399,1.1067759990692139,0.5462886095046997,0.9070146083831787,0.6930545568466187,,,,,,,
426,85399,,,,,0.6767058968544006,0.51065993309021,0.9272406101226807,0.9987211227416992,0.4991946518421173,0.8459815382957458,0.6929097771644592
427,85499,1.0130767822265625,0.5233529210090637,0.8362443447113037,0.6930408477783203,,,,,,,
427,85599,1.084060549736023,0.5351134538650513,0.8955135941505432,0.6931331157684326,,,,,,,
427,85599,,,,,0.6761264801025391,0.5032826662063599,0.9058517217636108,1.0046156644821167,0.4983249604701996,0.8528477549552917,0.6931145191192627
428,85699,1.0086941719055176,0.49064287543296814,0.8646064400672913,0.6931102275848389,,,,,,,
428,85799,1.027938961982727,0.5133886933326721,0.8611131906509399,0.6931259036064148,,,,,,,
428,85799,,,,,0.6745566129684448,0.50245201587677,0.9049910306930542,0.9945060610771179,0.49666833877563477,0.8444019556045532,0.6931284666061401
429,85899,0.9751418828964233,0.4778001010417938,0.8439075946807861,0.6931316256523132,,,,,,,
429,85999,0.9608258605003357,0.46672213077545166,0.8406654000282288,0.693123459815979,,,,,,,
429,85999,,,,,0.6765607595443726,0.5044728517532349,0.9271011352539062,1.0077565908432007,0.4987461268901825,0.8555603623390198,0.693099856376648
430,86099,1.0515950918197632,0.5163077116012573,0.8818545341491699,0.6931343078613281,,,,,,,
430,86199,1.1075303554534912,0.5340752601623535,0.919987142086029,0.6930642127990723,,,,,,,
430,86199,,,,,0.6758652329444885,0.5048332214355469,0.9269565343856812,1.0073018074035645,0.49839410185813904,0.8554530143737793,0.6930907368659973
431,86299,1.0000104904174805,0.5015296339988708,0.8450523018836975,0.6931427717208862,,,,,,,
431,86399,0.8828081488609314,0.42159536480903625,0.8077813386917114,0.6931370496749878,,,,,,,
431,86399,,,,,0.6761806607246399,0.5026909708976746,0.9241406917572021,1.0067423582077026,0.4986461400985718,0.8546594381332397,0.6931266188621521
432,86499,1.0180211067199707,0.5298436284065247,0.8347395658493042,0.6931241750717163,,,,,,,
432,86599,1.035509705543518,0.5084473490715027,0.8736191987991333,0.6931136250495911,,,,,,,
432,86599,,,,,0.6763150095939636,0.5018585920333862,0.9114060997962952,1.0029278993606567,0.49903926253318787,0.8504567742347717,0.6931362152099609
433,86699,0.962989091873169,0.4667404294013977,0.8428088426589966,0.6931204199790955,,,,,,,
433,86799,0.9535079002380371,0.4605054259300232,0.8395583629608154,0.6931118369102478,,,,,,,
433,86799,,,,,0.6763966083526611,0.5027022361755371,0.9238940477371216,1.005263328552246,0.4985984265804291,0.8532269597053528,0.6931242942810059
434,86899,1.0012907981872559,0.49230682849884033,0.8555270433425903,0.6930860280990601,,,,,,,
434,86999,0.9243025183677673,0.4537404477596283,0.8171324729919434,0.6931408643722534,,,,,,,
434,86999,,,,,0.6767180562019348,0.5020252466201782,0.9166977405548096,1.0033704042434692,0.4990759491920471,0.8508617281913757,0.6931345462799072
435,87099,0.9848657846450806,0.49729785323143005,0.8340316414833069,0.692927360534668,,,,,,,
435,87199,1.0778770446777344,0.5202139616012573,0.9042165875434875,0.6931071281433105,,,,,,,
435,87199,,,,,0.6765908598899841,0.5050467252731323,0.9056753516197205,0.9966129660606384,0.4990096390247345,0.8441469669342041,0.693087100982666
436,87299,1.0411778688430786,0.5189672708511353,0.8687793016433716,0.6931374073028564,,,,,,,
436,87399,0.9159358143806458,0.4563775062561035,0.8060937523841858,0.6930707693099976,,,,,,,
436,87399,,,,,0.6753524541854858,0.5059414505958557,0.9081354141235352,1.004136085510254,0.4984515309333801,0.8522173166275024,0.6930652260780334
437,87499,0.9856911301612854,0.49988240003585815,0.8323680758476257,0.693118691444397,,,,,,,
437,87599,0.9020287990570068,0.45969781279563904,0.7888981699943542,0.6931343078613281,,,,,,,
437,87599,,,,,0.6765095591545105,0.5026621222496033,0.907357931137085,0.9973554611206055,0.4987352192401886,0.8451829552650452,0.6931249499320984
438,87699,1.0865576267242432,0.5210400223731995,0.9120718836784363,0.6931086778640747,,,,,,,
438,87799,1.0759046077728271,0.5286099910736084,0.8938537240028381,0.6931180357933044,,,,,,,
438,87799,,,,,0.675868570804596,0.5057841539382935,0.9017918705940247,0.9944061040878296,0.4976775646209717,0.8432632684707642,0.6930695176124573
439,87899,0.9194447994232178,0.4481659531593323,0.8178379535675049,0.6931180357933044,,,,,,,
439,87999,0.9673708081245422,0.46893787384033203,0.8449895977973938,0.6931132078170776,,,,,,,
439,87999,,,,,0.6760477423667908,0.5073778033256531,0.9279700517654419,0.9998060464859009,0.49801012873649597,0.8483097553253174,0.6930278539657593
440,88099,1.1199735403060913,0.5946613550186157,0.8718829154968262,0.6931414604187012,,,,,,,
440,88199,1.0386325120925903,0.5179329514503479,0.8672618865966797,0.693124532699585,,,,,,,
440,88199,,,,,0.6747813820838928,0.5020773410797119,0.9113008975982666,0.9897586107254028,0.49630120396614075,0.8400243520736694,0.6931337714195251
441,88299,0.9790218472480774,0.48596400022506714,0.8396234512329102,0.6931313276290894,,,,,,,
441,88399,0.9762170910835266,0.48496270179748535,0.8377689719200134,0.6930292844772339,,,,,,,
441,88399,,,,,0.6755228638648987,0.5051377415657043,0.9326991438865662,0.997330904006958,0.49830785393714905,0.8455643057823181,0.6930825710296631
442,88499,1.0508790016174316,0.5257035493850708,0.8717434406280518,0.6931360363960266,,,,,,,
442,88599,0.9117721915245056,0.4474833011627197,0.810852587223053,0.6931272745132446,,,,,,,
442,88599,,,,,0.6761214733123779,0.5020768642425537,0.9183037877082825,1.003341555595398,0.4989195466041565,0.8509883284568787,0.6931328177452087
443,88699,1.078675627708435,0.5148816108703613,0.9103634357452393,0.6931388974189758,,,,,,,
443,88799,1.0822713375091553,0.5439328551292419,0.8848922252655029,0.6931077241897583,,,,,,,
443,88799,,,,,0.6758473515510559,0.5055162906646729,0.9286003708839417,1.0032273530960083,0.4981462061405182,0.8516194820404053,0.6930769085884094
444,88899,1.0550687313079834,0.5186976194381714,0.8829342722892761,0.6931260824203491,,,,,,,
444,88999,1.0808868408203125,0.5571587085723877,0.8702799677848816,0.6931039094924927,,,,,,,
444,88999,,,,,0.6756163239479065,0.5036094188690186,0.9194037318229675,0.9946441054344177,0.4987703859806061,0.8424285054206848,0.6931096911430359
445,89099,0.9670435786247253,0.49220600724220276,0.821401059627533,0.6931270360946655,,,,,,,
445,89199,1.0098586082458496,0.4998670518398285,0.8564927577972412,0.6930025219917297,,,,,,,
445,89199,,,,,0.6765537261962891,0.5098761320114136,0.9043294191360474,0.9922399520874023,0.498640775680542,0.8400710225105286,0.6929435133934021
446,89299,0.9269776344299316,0.4559139907360077,0.8176205158233643,0.6931137442588806,,,,,,,
446,89399,1.086847186088562,0.5396612286567688,0.8937457203865051,0.6931195259094238,,,,,,,
446,89399,,,,,0.676102876663208,0.5018781423568726,0.9046985507011414,0.9978672862052917,0.4982331395149231,0.8462021946907043,0.6931361556053162
447,89499,1.0755789279937744,0.5323803424835205,0.8897383809089661,0.6930795907974243,,,,,,,
447,89599,0.8960665464401245,0.44542330503463745,0.7971978783607483,0.6931092739105225,,,,,,,
447,89599,,,,,0.6768686771392822,0.5029553174972534,0.9217977523803711,1.0098580121994019,0.49925389885902405,0.8571648001670837,0.6931214332580566
448,89699,1.1277134418487549,0.5736193656921387,0.9006239771842957,0.693060040473938,,,,,,,
448,89799,1.1046181917190552,0.5347661375999451,0.9164150953292847,0.6931259632110596,,,,,,,
448,89799,,,,,0.6748677492141724,0.5027395486831665,0.9087438583374023,0.9899414777755737,0.49695900082588196,0.839544951915741,0.6931251287460327
449,89899,0.9534845948219299,0.45761045813560486,0.8424383401870728,0.6931284666061401,,,,,,,
449,89999,1.067278265953064,0.5353693962097168,0.8784651160240173,0.6931125521659851,,,,,,,
449,89999,,,,,0.6762871742248535,0.5024232864379883,0.933655321598053,0.9943811297416687,0.4981808662414551,0.8427655696868896,0.6931304931640625
450,90099,1.2262599468231201,0.603182315826416,0.9696313142776489,0.6931073665618896,,,,,,,
450,90199,1.0105597972869873,0.4821392595767975,0.8749638795852661,0.6930866241455078,,,,,,,
450,90199,,,,,0.6751856207847595,0.5063353776931763,0.9066038727760315,0.9995628595352173,0.4973057210445404,0.8487873077392578,0.6930601596832275
451,90299,0.9706382751464844,0.49122416973114014,0.8259484171867371,0.6930684447288513,,,,,,,
451,90399,1.1557049751281738,0.5880869030952454,0.9141795039176941,0.6931229829788208,,,,,,,
451,90399,,,,,0.6767553091049194,0.502537727355957,0.9227967262268066,1.0023927688598633,0.4988628029823303,0.8500937223434448,0.6931273341178894
452,90499,1.0907986164093018,0.5081212520599365,0.9292455911636353,0.6931363940238953,,,,,,,
452,90599,0.9380220174789429,0.46620967984199524,0.8183439373970032,0.6930632591247559,,,,,,,
452,90599,,,,,0.67472243309021,0.506126344203949,0.9015589356422424,0.9956187605857849,0.49614036083221436,0.8460102081298828,0.6930633783340454
453,90699,1.03923761844635,0.5169941186904907,0.8687657117843628,0.6930444240570068,,,,,,,
453,90799,1.032737374305725,0.5493733882904053,0.8299214243888855,0.6931149959564209,,,,,,,
453,90799,,,,,0.6761344075202942,0.5051103234291077,0.905432403087616,0.9974497556686401,0.4983378052711487,0.8456541299819946,0.6930844783782959
454,90899,0.958896815776825,0.48628950119018555,0.8191743493080139,0.6931339502334595,,,,,,,
454,90999,1.0590234994888306,0.5371473431587219,0.8684169054031372,0.6930816173553467,,,,,,,
454,90999,,,,,0.6757364869117737,0.5065085887908936,0.9320408701896667,0.9912059903144836,0.49878543615341187,0.8389466404914856,0.6930520534515381
455,91099,1.020471215248108,0.5132330656051636,0.8537911772727966,0.6931059956550598,,,,,,,
455,91199,1.0904796123504639,0.5499056577682495,0.8870823383331299,0.693016767501831,,,,,,,
455,91199,,,,,0.675892174243927,0.5058527588844299,0.9308953881263733,1.0022035837173462,0.4980355203151703,0.8507028818130493,0.693069577217102
456,91299,0.9522008895874023,0.4789717197418213,0.819798469543457,0.693138599395752,,,,,,,
456,91399,1.1553529500961304,0.580596923828125,0.921313464641571,0.6931149959564209,,,,,,,
456,91399,,,,,0.6762213706970215,0.5029661655426025,0.9121448993682861,0.9975442886352539,0.49892425537109375,0.8451814651489258,0.6931225061416626
457,91499,0.9951372146606445,0.4968841075897217,0.8448122143745422,0.693118155002594,,,,,,,
457,91599,1.0521471500396729,0.5177988409996033,0.8809114098548889,0.6931260824203491,,,,,,,
457,91599,,,,,0.676529586315155,0.5020540952682495,0.9278031587600708,1.0098326206207275,0.49931514263153076,0.857084333896637,0.6931335926055908
458,91699,1.0507030487060547,0.515488862991333,0.8817793726921082,0.693130612373352,,,,,,,
458,91799,1.158210277557373,0.6057605743408203,0.8990138173103333,0.693128228187561,,,,,,,
458,91799,,,,,0.675740122795105,0.5040076375007629,0.9266996383666992,0.9900773763656616,0.49808359146118164,0.8385456800460815,0.6931039690971375
459,91899,1.020611047744751,0.5215127468109131,0.8456562757492065,0.6931160688400269,,,,,,,
459,91999,1.109787940979004,0.5352791547775269,0.9210805892944336,0.6931434869766235,,,,,,,
459,91999,,,,,0.6755521893501282,0.5020105838775635,0.9053511619567871,1.0026886463165283,0.49839580059051514,0.8508604168891907,0.693135142326355
460,92099,0.9759848713874817,0.4843500256538391,0.838180661201477,0.6930917501449585,,,,,,,
460,92199,1.0496737957000732,0.5151724219322205,0.881071925163269,0.6931409239768982,,,,,,,
460,92199,,,,,0.6745487451553345,0.5034407377243042,0.9049860239028931,0.9923130869865417,0.4965439438819885,0.8423264622688293,0.6931145191192627
461,92299,0.8806402087211609,0.4599716365337372,0.7672370672225952,0.6931370496749878,,,,,,,
461,92399,1.1078834533691406,0.5596227645874023,0.8948089480400085,0.6930967569351196,,,,,,,
461,92399,,,,,0.6751216650009155,0.5035715103149414,0.9309099912643433,0.9861795902252197,0.49733999371528625,0.8353947401046753,0.6931101679801941
462,92499,0.9559411406517029,0.47498318552970886,0.8275237679481506,0.6931315660476685,,,,,,,
462,92599,1.0891377925872803,0.5698386430740356,0.865863025188446,0.6931277513504028,,,,,,,
462,92599,,,,,0.6764201521873474,0.5030947923660278,0.9160428643226624,1.0051075220108032,0.4984654486179352,0.8532015681266785,0.693119466304779
463,92699,0.9704675674438477,0.4878894090652466,0.8291435241699219,0.6931306719779968,,,,,,,
463,92799,0.8960071802139282,0.44837063550949097,0.7941566109657288,0.6930400729179382,,,,,,,
463,92799,,,,,0.6759311556816101,0.5071521401405334,0.904895007610321,0.990500271320343,0.4980676770210266,0.8389511704444885,0.6930369734764099
464,92899,1.0525293350219727,0.5364686250686646,0.8626042008399963,0.6930871605873108,,,,,,,
464,92999,0.9388975501060486,0.4815785586833954,0.8038767576217651,0.6931155920028687,,,,,,,
464,92999,,,,,0.6764992475509644,0.5042675137519836,0.9294018149375916,0.99993497133255,0.498524010181427,0.8479621410369873,0.6931027173995972
465,93099,1.0286109447479248,0.5171058773994446,0.8580664396286011,0.693122923374176,,,,,,,
465,93199,1.04848313331604,0.5247360467910767,0.8703117966651917,0.6931296586990356,,,,,,,
465,93199,,,,,0.6759833693504333,0.501670777797699,0.9192972183227539,0.9952479004859924,0.49771061539649963,0.8441066741943359,0.693138599395752
466,93299,1.0093176364898682,0.5156097412109375,0.8402354121208191,0.6930550336837769,,,,,,,
466,93399,0.8698200583457947,0.4292862117290497,0.7870742678642273,0.6930807828903198,,,,,,,
466,93399,,,,,0.676266074180603,0.5045879483222961,0.928912878036499,1.0034500360488892,0.49872887134552,0.85126793384552,0.6930934190750122
467,93499,1.159742832183838,0.5924296379089355,0.9138802289962769,0.6931341290473938,,,,,,,
467,93599,0.9406096339225769,0.47237730026245117,0.8147588968276978,0.693053126335144,,,,,,,
467,93599,,,,,0.6745207905769348,0.5073894262313843,0.9059053659439087,0.9859054684638977,0.49666285514831543,0.8357546925544739,0.6930240392684937
468,93699,1.0841366052627563,0.5429643392562866,0.8877407908439636,0.6931368708610535,,,,,,,
468,93799,1.0815730094909668,0.5102505087852478,0.9178423285484314,0.6930395364761353,,,,,,,
468,93799,,,,,0.6762104630470276,0.5068035125732422,0.904047429561615,0.9973132014274597,0.49823686480522156,0.8455988764762878,0.6930449604988098
469,93899,0.986579418182373,0.4984654486179352,0.8346728086471558,0.693117618560791,,,,,,,
469,93999,1.0115784406661987,0.5093604326248169,0.8487858176231384,0.6931354999542236,,,,,,,
469,93999,,,,,0.6763046383857727,0.5017049908638,0.9303354620933533,0.9924885630607605,0.4985319972038269,0.8405256271362305,0.6931385397911072
470,94099,1.0240819454193115,0.5411451458930969,0.8294900059700012,0.6931064128875732,,,,,,,
470,94199,1.004534125328064,0.47929054498672485,0.8717992901802063,0.6931114196777344,,,,,,,
470,94199,,,,,0.6753855347633362,0.5086133480072021,0.9035981893539429,0.9990895986557007,0.49769607186317444,0.8478861451148987,0.6929851770401001
471,94299,0.9775525331497192,0.501764714717865,0.8223038911819458,0.6930320262908936,,,,,,,
471,94399,0.9840790629386902,0.4870527386665344,0.843576192855835,0.6930996179580688,,,,,,,
471,94399,,,,,0.6759840250015259,0.5033140778541565,0.9290899038314819,1.011322259902954,0.4983285665512085,0.8595516085624695,0.6931155920028687
472,94499,1.0558303594589233,0.5240606069564819,0.8783285617828369,0.6931175589561462,,,,,,,
472,94599,0.960587739944458,0.4779420793056488,0.8291438221931458,0.6929962635040283,,,,,,,
472,94599,,,,,0.6763814687728882,0.507780134677887,0.930413007736206,0.9910941123962402,0.4984142780303955,0.8391855955123901,0.6930117607116699
473,94699,0.9759775400161743,0.4780697822570801,0.8444750308990479,0.6931344866752625,,,,,,,
473,94799,1.0727001428604126,0.5368688702583313,0.8823738098144531,0.6930848956108093,,,,,,,
473,94799,,,,,0.675815224647522,0.5073294639587402,0.9321168065071106,0.9974517822265625,0.4982362687587738,0.8457304239273071,0.693030059337616
474,94899,0.9831194877624512,0.4873165190219879,0.842305600643158,0.6930053234100342,,,,,,,
474,94999,1.0183627605438232,0.5220474004745483,0.8428642153739929,0.6930975914001465,,,,,,,
474,94999,,,,,0.6756734848022461,0.5040022730827332,0.9147931337356567,0.9946945309638977,0.4985123574733734,0.8427312970161438,0.6930983066558838
475,95099,1.1809403896331787,0.6079626083374023,0.91947340965271,0.6929911971092224,,,,,,,
475,95199,1.0372940301895142,0.5131587982177734,0.8706849217414856,0.6930992603302002,,,,,,,
475,95199,,,,,0.6759855151176453,0.5035147070884705,0.9066731929779053,1.0004900693893433,0.49832043051719666,0.8487269878387451,0.6931148767471313
476,95299,1.0237301588058472,0.5154526829719543,0.8548364639282227,0.6931178569793701,,,,,,,
476,95399,0.9921618103981018,0.4887320399284363,0.8499950766563416,0.693130612373352,,,,,,,
476,95399,,,,,0.6755619049072266,0.5023287534713745,0.9130069613456726,0.9860697984695435,0.4980545938014984,0.8345804810523987,0.6931308507919312
477,95499,1.0475263595581055,0.5132755637168884,0.8807425498962402,0.6929835677146912,,,,,,,
477,95599,1.0719199180603027,0.5195666551589966,0.8988817930221558,0.6930570602416992,,,,,,,
477,95599,,,,,0.6754180192947388,0.5034525394439697,0.9093077778816223,0.9922316074371338,0.4972369968891144,0.8415526151657104,0.6931158900260925
478,95699,1.0075929164886475,0.5120841264724731,0.8420761823654175,0.6931347846984863,,,,,,,
478,95799,1.090671181678772,0.5466887354850769,0.8904480338096619,0.6929311752319336,,,,,,,
478,95799,,,,,0.6764637231826782,0.509719729423523,0.9021417498588562,0.9983986616134644,0.4981158673763275,0.8467549085617065,0.6929440498352051
479,95899,1.0883758068084717,0.5449000000953674,0.8900150656700134,0.6930785775184631,,,,,,,
479,95999,0.9203096628189087,0.47503501176834106,0.7918428778648376,0.69313645362854,,,,,,,
479,95999,,,,,0.6751838326454163,0.5024240612983704,0.920154869556427,0.9858277440071106,0.4966591000556946,0.83573317527771,0.6931289434432983
480,96099,1.0256569385528564,0.5095437169075012,0.8626469373703003,0.6930676698684692,,,,,,,
480,96199,1.0297105312347412,0.509053647518158,0.867224395275116,0.6931350231170654,,,,,,,
480,96199,,,,,0.674976110458374,0.5025712251663208,0.9103699326515198,0.9963061809539795,0.4968043565750122,0.8460655212402344,0.6931273341178894
481,96299,1.0108139514923096,0.5104838609695435,0.8468984961509705,0.6931366920471191,,,,,,,
481,96399,1.0521817207336426,0.5229169130325317,0.8758141994476318,0.6930986642837524,,,,,,,
481,96399,,,,,0.6747032403945923,0.5042337775230408,0.9292894005775452,0.9875628352165222,0.4963316321372986,0.8377808332443237,0.6930996775627136
482,96499,1.0175056457519531,0.5107883214950562,0.853289008140564,0.693143367767334,,,,,,,
482,96599,0.9680622816085815,0.4929238557815552,0.8216904997825623,0.6931040287017822,,,,,,,
482,96599,,,,,0.6761712431907654,0.5040593147277832,0.9180611968040466,0.9918091297149658,0.49807634949684143,0.8402848839759827,0.6931043863296509
483,96699,1.030160665512085,0.519127368927002,0.8575999140739441,0.6931333541870117,,,,,,,
483,96799,1.0273053646087646,0.5064759254455566,0.8673989176750183,0.6931390762329102,,,,,,,
483,96799,,,,,0.6747506260871887,0.5016545653343201,0.9458522796630859,0.9926356077194214,0.4965530037879944,0.8426516056060791,0.6931383013725281
484,96899,0.9276733994483948,0.4800577759742737,0.7941829562187195,0.6931346654891968,,,,,,,
484,96999,0.9585546851158142,0.49459028244018555,0.8105036616325378,0.6930786371231079,,,,,,,
484,96999,,,,,0.6750794649124146,0.5041319727897644,0.9315460920333862,0.9862882494926453,0.4966945946216583,0.8361453413963318,0.6931034326553345
485,97099,1.0120265483856201,0.5063663721084595,0.8522265553474426,0.693132758140564,,,,,,,
485,97199,0.9083753824234009,0.4581792950630188,0.796761155128479,0.6931303143501282,,,,,,,
485,97199,,,,,0.6762058138847351,0.5029780268669128,0.9182762503623962,0.9947798252105713,0.49778345227241516,0.8435578346252441,0.6931226849555969
486,97299,1.0186054706573486,0.5282551646232605,0.8368067145347595,0.6929128170013428,,,,,,,
486,97399,0.8908616900444031,0.43824636936187744,0.7991774082183838,0.6931241750717163,,,,,,,
486,97399,,,,,0.676198422908783,0.5017343163490295,0.927288293838501,0.9938721060752869,0.49830272793769836,0.8421380519866943,0.6931374073028564
487,97499,0.9511899352073669,0.4976162314414978,0.8001014590263367,0.6930555105209351,,,,,,,
487,97599,1.0138945579528809,0.5123311281204224,0.8481329083442688,0.6931389570236206,,,,,,,
487,97599,,,,,0.674964427947998,0.5031746625900269,0.9313328266143799,0.986630380153656,0.4973877966403961,0.835801899433136,0.6931190490722656
488,97699,1.0092017650604248,0.5131113529205322,0.8426451086997986,0.6931095123291016,,,,,,,
488,97799,1.0201363563537598,0.5172866582870483,0.8494181632995605,0.693136990070343,,,,,,,
488,97799,,,,,0.675672173500061,0.5021271705627441,0.9096124768257141,0.9957977533340454,0.4976414442062378,0.8447227478027344,0.6931331753730774
489,97899,1.0084168910980225,0.5176082849502563,0.8373054265975952,0.6929935216903687,,,,,,,
489,97999,1.1366066932678223,0.5554913282394409,0.927611231803894,0.6929916143417358,,,,,,,
489,97999,,,,,0.6758232712745667,0.5094151496887207,0.9280120730400085,0.9990419149398804,0.49774056673049927,0.8477786779403687,0.6929544806480408
490,98099,1.0108771324157715,0.5105624794960022,0.8468849062919617,0.6931403875350952,,,,,,,
490,98199,0.9776315689086914,0.5118764042854309,0.8123223781585693,0.6931343078613281,,,,,,,
490,98199,,,,,0.6751403212547302,0.5027956962585449,0.924656867980957,0.9883583188056946,0.49742591381073,0.8374948501586914,0.6931249499320984
491,98299,0.9628072381019592,0.4858153462409973,0.8235539197921753,0.6931241750717163,,,,,,,
491,98399,1.0984123945236206,0.563705325126648,0.8812519907951355,0.6930896639823914,,,,,,,
491,98399,,,,,0.6749681234359741,0.5037811994552612,0.9257810115814209,0.989141047000885,0.4974232017993927,0.8382741808891296,0.693112850189209
492,98499,1.0731772184371948,0.5283679962158203,0.8913209438323975,0.6930234432220459,,,,,,,
492,98599,0.953735888004303,0.476179838180542,0.8240812420845032,0.6930502653121948,,,,,,,
492,98599,,,,,0.6740625500679016,0.5063976049423218,0.9319751858711243,0.9861528277397156,0.4961238205432892,0.8365559577941895,0.6930537819862366
493,98699,0.9341123700141907,0.4701383113861084,0.810533881187439,0.6931196451187134,,,,,,,
493,98799,0.9380847215652466,0.47723978757858276,0.8074114322662354,0.6931331753730774,,,,,,,
493,98799,,,,,0.6753767132759094,0.502750039100647,0.9123173356056213,0.9890583753585815,0.4977082312107086,0.8379135131835938,0.6931267380714417
494,98899,0.9729874134063721,0.48485705256462097,0.8346908092498779,0.6931208968162537,,,,,,,
494,98999,0.8977994918823242,0.4546295404434204,0.7896774411201477,0.6930150389671326,,,,,,,
494,98999,,,,,0.6739175915718079,0.5073842406272888,0.9328296780586243,0.9817728400230408,0.4962870180606842,0.8319981694221497,0.6930242776870728
495,99099,0.995989978313446,0.5045610070228577,0.837986409664154,0.6931148767471313,,,,,,,
495,99199,1.038287878036499,0.5026745200157166,0.8821461796760559,0.6930657029151917,,,,,,,
495,99199,,,,,0.6753288507461548,0.5067567229270935,0.9036647081375122,0.9961309432983398,0.49726638197898865,0.8453854322433472,0.6930418610572815
496,99299,1.02838134765625,0.5208681225776672,0.8540683388710022,0.6931102275848389,,,,,,,
496,99399,0.911856472492218,0.4635488986968994,0.7948736548423767,0.6931322813034058,,,,,,,
496,99399,,,,,0.675356924533844,0.5026807188987732,0.9087665677070618,0.9843336939811707,0.49727576971054077,0.8336209654808044,0.693126380443573
497,99499,0.8980917930603027,0.4623100757598877,0.7823478579521179,0.6931324005126953,,,,,,,
497,99599,1.0293378829956055,0.5275346040725708,0.8483721613883972,0.6931376457214355,,,,,,,
497,99599,,,,,0.6742554903030396,0.5021900534629822,0.9194076657295227,0.9945582747459412,0.4964485764503479,0.8446762561798096,0.6931329965591431
498,99699,0.93986976146698,0.4736301600933075,0.8128076195716858,0.6931359171867371,,,,,,,
498,99799,0.9547839760780334,0.482502281665802,0.8188501000404358,0.6931368112564087,,,,,,,
498,99799,,,,,0.6743131875991821,0.5013884902000427,0.9238867163658142,0.9938351511955261,0.49587830901145935,0.8445273041725159,0.6931411027908325
499,99899,1.0560601949691772,0.5369815826416016,0.8656449913978577,0.6931325793266296,,,,,,,
499,99999,0.9943784475326538,0.5084753632545471,0.8324702978134155,0.693134605884552,,,,,,,
499,99999,,,,,0.6746748685836792,0.5025352239608765,0.9330492615699768,0.9887188673019409,0.4976060092449188,0.8376767039299011,0.6931275725364685
500,100099,0.9585554003715515,0.48346084356307983,0.8216455578804016,0.6931020021438599,,,,,,,
500,100199,0.954743504524231,0.4728010892868042,0.8285104036331177,0.6931359767913818,,,,,,,
500,100199,,,,,0.6745781302452087,0.5035421252250671,0.9247987866401672,0.9866264462471008,0.4970760643482208,0.836108386516571,0.6931156516075134
501,100299,0.917495608329773,0.4630756974220276,0.800990104675293,0.6931402087211609,,,,,,,
501,100399,1.0305454730987549,0.5157555341720581,0.8613568544387817,0.6931337714195251,,,,,,,
501,100399,,,,,0.6739441752433777,0.5014874339103699,0.9035806655883789,0.9754774570465088,0.49587422609329224,0.8261733055114746,0.693139910697937
502,100499,0.9628780484199524,0.49529993534088135,0.8141371011734009,0.6931179761886597,,,,,,,
502,100599,0.8670893907546997,0.43688416481018066,0.7767733335494995,0.6931361556053162,,,,,,,
502,100599,,,,,0.67427659034729,0.5016993284225464,0.9060372710227966,0.9855413436889648,0.4963538348674774,0.8357564210891724,0.6931377649307251
503,100699,0.8729442358016968,0.45302537083625793,0.7664846777915955,0.693131685256958,,,,,,,
503,100799,1.00465989112854,0.5078591704368591,0.8433529734611511,0.6931043863296509,,,,,,,
503,100799,,,,,0.6741260886192322,0.5026028156280518,0.9255955815315247,0.9842447638511658,0.4958547353744507,0.8349539637565613,0.6931279301643372
504,100899,1.0546149015426636,0.5359858870506287,0.8651992678642273,0.69314044713974,,,,,,,
504,100999,0.8928858041763306,0.4395328164100647,0.7999075651168823,0.6931093335151672,,,,,,,
504,100999,,,,,0.6746050119400024,0.5045180916786194,0.9073038697242737,0.9805891513824463,0.49703362584114075,0.8301049470901489,0.6930986642837524
505,101099,0.9805928468704224,0.488037645816803,0.8391219973564148,0.693133533000946,,,,,,,
505,101199,1.0505183935165405,0.5304164886474609,0.8666384816169739,0.6930730938911438,,,,,,,
505,101199,,,,,0.675085186958313,0.5057682394981384,0.9289025664329529,0.9874497652053833,0.4970850348472595,0.8368997573852539,0.6930696368217468
506,101299,0.9624782204627991,0.4946633279323578,0.8143477439880371,0.6930657625198364,,,,,,,
506,101399,1.1291308403015137,0.57700514793396,0.8986914157867432,0.6931314468383789,,,,,,,
506,101399,,,,,0.6751389503479004,0.5023401975631714,0.9224328994750977,0.9923737645149231,0.4969005584716797,0.8420381546020508,0.6931300163269043
507,101499,0.9254751205444336,0.47594982385635376,0.79595547914505,0.6928604245185852,,,,,,,
507,101599,1.0333456993103027,0.5033639073371887,0.8765420317649841,0.6931205987930298,,,,,,,
507,101599,,,,,0.6754422187805176,0.502988874912262,0.928059995174408,0.9982119202613831,0.4975396692752838,0.8472345471382141,0.693124532699585
508,101699,0.908605694770813,0.46304789185523987,0.7921274304389954,0.693139374256134,,,,,,,
508,101799,0.9691863656044006,0.5048267245292664,0.8109269738197327,0.6931346654891968,,,,,,,
508,101799,,,,,0.6748366355895996,0.5019984245300293,0.9232385754585266,0.9842802286148071,0.49688878655433655,0.8339585065841675,0.6931339502334595
509,101899,1.0329272747039795,0.5008242726325989,0.8786681890487671,0.6931304931640625,,,,,,,
509,101999,0.9956443309783936,0.49328410625457764,0.8489102721214294,0.6930999755859375,,,,,,,
509,101999,,,,,0.6748616695404053,0.5039277672767639,0.9246727824211121,0.984794557094574,0.49668654799461365,0.8346600532531738,0.6931045651435852
510,102099,1.1051125526428223,0.5645560026168823,0.8870676755905151,0.6930223107337952,,,,,,,
510,102199,0.9777947068214417,0.49377235770225525,0.8305123448371887,0.6929799318313599,,,,,,,
510,102199,,,,,0.6744102835655212,0.5076961517333984,0.9276875853538513,0.9859907627105713,0.4959027171134949,0.8365992307662964,0.6930222511291504
511,102299,1.0058387517929077,0.5049142241477966,0.8474939465522766,0.693138837814331,,,,,,,
511,102399,0.8850195407867432,0.45230430364608765,0.7792488932609558,0.6930673122406006,,,,,,,
511,102399,,,,,0.6751521229743958,0.5046166181564331,0.9084112048149109,0.9867518544197083,0.4969247281551361,0.836376428604126,0.693098783493042
512,102499,1.0292714834213257,0.5006023645401001,0.8752334117889404,0.6931285858154297,,,,,,,
512,102599,1.1068633794784546,0.5627615451812744,0.8906651139259338,0.6931264400482178,,,,,,,
512,102599,,,,,0.6746114492416382,0.503591001033783,0.9243578910827637,0.988693118095398,0.4964759051799774,0.8387735486030579,0.693112850189209
513,102699,1.0361807346343994,0.5303590297698975,0.8523664474487305,0.6930893659591675,,,,,,,
513,102799,1.0184739828109741,0.5090904831886292,0.8559516668319702,0.69313645362854,,,,,,,
513,102799,,,,,0.6754111647605896,0.5022100806236267,0.9094008803367615,0.9914570450782776,0.4977424144744873,0.8402810096740723,0.6931325793266296
514,102899,1.0328017473220825,0.5303648710250854,0.8488993644714355,0.692924976348877,,,,,,,
514,102999,1.1392773389816284,0.5765649080276489,0.9092810750007629,0.6931373476982117,,,,,,,
514,102999,,,,,0.6759239435195923,0.5029128789901733,0.9241504669189453,0.9874038696289062,0.4979885518550873,0.83597731590271,0.6931240558624268
515,103099,0.9569156169891357,0.4833417534828186,0.8200899958610535,0.6930322647094727,,,,,,,
515,103199,0.9892062544822693,0.49691054224967957,0.8388454914093018,0.6930996179580688,,,,,,,
515,103199,,,,,0.6732449531555176,0.5022128820419312,0.9294410943984985,0.980084240436554,0.4949052929878235,0.8317447304725647,0.6931313276290894
516,103299,0.8963348269462585,0.4723455309867859,0.7705444097518921,0.6931101083755493,,,,,,,
516,103399,0.9897055625915527,0.5043724775314331,0.8318611979484558,0.6930561661720276,,,,,,,
516,103399,,,,,0.6741554141044617,0.5058181285858154,0.9046769142150879,0.9836645722389221,0.4958048462867737,0.8343947529792786,0.6930707097053528
517,103499,0.9334909915924072,0.4918075203895569,0.7882527112960815,0.6931385397911072,,,,,,,
517,103599,1.0194368362426758,0.5144616365432739,0.8514887094497681,0.6930270195007324,,,,,,,
517,103599,,,,,0.6735561490058899,0.5075135827064514,0.9304128289222717,0.9810423254966736,0.4953899085521698,0.8321641683578491,0.6930235028266907
518,103699,0.9694498181343079,0.4756816625595093,0.8403070569038391,0.6930779218673706,,,,,,,
518,103799,1.0316630601882935,0.5210306644439697,0.8571670055389404,0.6930692791938782,,,,,,,
518,103799,,,,,0.6750091910362244,0.5067369937896729,0.9333839416503906,0.9843133091926575,0.4973507821559906,0.8334853649139404,0.693045973777771
519,103899,1.0751821994781494,0.5397347211837769,0.8820145726203918,0.6931343078613281,,,,,,,
519,103999,0.964435338973999,0.4775237739086151,0.8334826231002808,0.6931422352790833,,,,,,,
519,103999,,,,,0.6742375493049622,0.5018609166145325,0.917672872543335,0.9777595400810242,0.4958842992782593,0.8284433484077454,0.69313645362854
520,104099,1.0280369520187378,0.5204585790634155,0.8540090918540955,0.6928613185882568,,,,,,,
520,104199,1.052350401878357,0.5225472450256348,0.8763452172279358,0.6930840015411377,,,,,,,
520,104199,,,,,0.6750008463859558,0.5050657391548157,0.9010642766952515,0.9807975888252258,0.49586886167526245,0.8314734697341919,0.6930895447731018
521,104299,1.0604329109191895,0.5425684452056885,0.8644301891326904,0.6931313276290894,,,,,,,
521,104399,0.9548271298408508,0.48970112204551697,0.8116810917854309,0.6931101083755493,,,,,,,
521,104399,,,,,0.6741040945053101,0.5028714537620544,0.9327744245529175,0.9790840744972229,0.4957364499568939,0.8299093246459961,0.6931231617927551
522,104499,0.9811346530914307,0.500076174736023,0.8276282548904419,0.6931394934654236,,,,,,,
522,104599,0.9929817914962769,0.4865524172782898,0.8529952764511108,0.6931316256523132,,,,,,,
522,104599,,,,,0.675292432308197,0.5018420219421387,0.9242701530456543,0.988975465297699,0.4975453019142151,0.8379984498023987,0.6931365132331848
523,104699,1.030860424041748,0.5310211181640625,0.8464084267616272,0.6931381225585938,,,,,,,
523,104799,1.0221037864685059,0.5210813879966736,0.8475894927978516,0.6931344270706177,,,,,,,
523,104799,,,,,0.6736790537834167,0.5015853643417358,0.9138875603675842,0.9792795777320862,0.49536874890327454,0.83048015832901,0.6931388974189758
524,104899,1.0436487197875977,0.5258523225784302,0.8643573522567749,0.6931217908859253,,,,,,,
524,104999,0.9094843864440918,0.47699084877967834,0.779061496257782,0.6931359767913818,,,,,,,
524,104999,,,,,0.6735843420028687,0.5028998255729675,0.9057455658912659,0.9847874045372009,0.4953341782093048,0.8360157012939453,0.6931247711181641
525,105099,0.9614834785461426,0.502434492111206,0.8056093454360962,0.6931207180023193,,,,,,,
525,105199,0.9364888668060303,0.4891393780708313,0.7939121723175049,0.6931252479553223,,,,,,,
525,105199,,,,,0.6742565035820007,0.5020440220832825,0.9067749977111816,0.983245849609375,0.49602559208869934,0.8337875604629517,0.6931343674659729
526,105299,1.1369683742523193,0.5773702263832092,0.9061093926429749,0.6930223703384399,,,,,,,
526,105399,0.8535847067832947,0.41758209466934204,0.7825664281845093,0.6931277513504028,,,,,,,
526,105399,,,,,0.6741806268692017,0.5017109513282776,0.9209591746330261,0.9820241928100586,0.49666786193847656,0.8319253325462341,0.6931377053260803
527,105499,1.0330307483673096,0.5253307819366455,0.8541470766067505,0.6928942799568176,,,,,,,
527,105599,0.9204888343811035,0.4692405164241791,0.797816276550293,0.6931360363960266,,,,,,,
527,105599,,,,,0.6750859022140503,0.5026297569274902,0.9034416675567627,0.9860569834709167,0.4970817565917969,0.835538387298584,0.6931269764900208
528,105699,1.04226815700531,0.5236228704452515,0.8652001619338989,0.6931096911430359,,,,,,,
528,105799,0.8872367143630981,0.46420082449913025,0.7694399952888489,0.6928080916404724,,,,,,,
528,105799,,,,,0.6752634644508362,0.5104644894599915,0.9294846057891846,0.9830276966094971,0.4972096085548401,0.832274317741394,0.6929123997688293
529,105899,0.9930905103683472,0.5126726627349854,0.8269888758659363,0.6931421160697937,,,,,,,
529,105999,0.9778059720993042,0.48923471570014954,0.8351241946220398,0.6931059956550598,,,,,,,
529,105999,,,,,0.6747525334358215,0.5037932991981506,0.9298347234725952,0.9973261952400208,0.4967228174209595,0.8471605777740479,0.693114161491394
530,106099,1.0045207738876343,0.5110412836074829,0.8400231003761292,0.6930873394012451,,,,,,,
530,106199,0.9960685968399048,0.4989711344242096,0.84366774559021,0.6931405663490295,,,,,,,
530,106199,,,,,0.6748899221420288,0.501781165599823,0.908640444278717,0.9785597920417786,0.49709856510162354,0.8280299305915833,0.6931377649307251
531,106299,1.1237685680389404,0.5610167980194092,0.9092391729354858,0.6929749250411987,,,,,,,
531,106399,0.9650378227233887,0.5107419490814209,0.8008660078048706,0.6931402683258057,,,,,,,
531,106399,,,,,0.6746348142623901,0.5018429160118103,0.9160794615745544,0.9770899415016174,0.49642395973205566,0.8272345066070557,0.693136990070343
532,106499,0.9585988521575928,0.45799553394317627,0.8471633791923523,0.6931200623512268,,,,,,,
532,106599,0.8871152400970459,0.4391654431819916,0.7944864630699158,0.6930732131004333,,,,,,,
532,106599,,,,,0.6741964817047119,0.505721926689148,0.9043091535568237,0.9768022894859314,0.49548766016960144,0.8278515934944153,0.6930743455886841
533,106699,1.0466653108596802,0.5284969806671143,0.8647265434265137,0.6931163668632507,,,,,,,
533,106799,1.0667250156402588,0.5424247980117798,0.8708613514900208,0.6931224465370178,,,,,,,
533,106799,,,,,0.6744781136512756,0.5034366250038147,0.9252952933311462,0.9800825119018555,0.4963752329349518,0.8302661776542664,0.6931177973747253
534,106899,0.9836838841438293,0.4826609492301941,0.8475919961929321,0.6931380033493042,,,,,,,
534,106999,0.9011220335960388,0.4579014182090759,0.7897863388061523,0.6931315660476685,,,,,,,
534,106999,,,,,0.6745401620864868,0.5020873546600342,0.9306886196136475,0.9809471368789673,0.49637681245803833,0.8311372995376587,0.6931337714195251
535,107099,1.0916023254394531,0.5667948722839355,0.871315062046051,0.6930149793624878,,,,,,,
535,107199,0.9010070562362671,0.4646044075489044,0.7829573154449463,0.6931092143058777,,,,,,,
535,107199,,,,,0.6746071577072144,0.5038750767707825,0.9056258201599121,0.9764978885650635,0.4965779781341553,0.8264753222465515,0.6931108236312866
536,107299,0.9600301384925842,0.4820338487625122,0.8245381116867065,0.693083643913269,,,,,,,
536,107399,1.0688692331314087,0.5501174926757812,0.8652698993682861,0.6930362582206726,,,,,,,
536,107399,,,,,0.674440324306488,0.505802571773529,0.9300362467765808,0.9819220304489136,0.49607744812965393,0.8323798179626465,0.6930708289146423
537,107499,1.0743927955627441,0.5629665851593018,0.8579737544059753,0.693095326423645,,,,,,,
537,107599,0.972118079662323,0.4930168092250824,0.8256441950798035,0.693085789680481,,,,,,,
537,107599,,,,,0.674502432346344,0.5050191879272461,0.9042519927024841,0.9807128310203552,0.49632585048675537,0.8309326171875,0.6930914521217346
538,107699,0.9145972728729248,0.46364110708236694,0.797482430934906,0.6930525898933411,,,,,,,
538,107799,1.0344316959381104,0.5324239730834961,0.8485775589942932,0.6931396126747131,,,,,,,
538,107799,,,,,0.6745022535324097,0.5019705891609192,0.9108493328094482,0.9779878854751587,0.49641871452331543,0.828136682510376,0.6931352019309998
539,107899,1.027597427368164,0.5487019419670105,0.8254494071006775,0.6931077241897583,,,,,,,
539,107999,0.972672700881958,0.4829491376876831,0.8362895846366882,0.6931319236755371,,,,,,,
539,107999,,,,,0.6739048957824707,0.5016831755638123,0.914515495300293,0.9791138172149658,0.49599868059158325,0.8296842575073242,0.6931381821632385
540,108099,0.9652764201164246,0.493510901927948,0.8183242082595825,0.6931172609329224,,,,,,,
540,108199,0.9369914531707764,0.4788873791694641,0.8046744465827942,0.6931408047676086,,,,,,,
540,108199,,,,,0.6739687919616699,0.5015507936477661,0.9247162938117981,0.9806421399116516,0.4953509569168091,0.8318607807159424,0.6931390762329102
541,108299,0.9317153692245483,0.48109129071235657,0.7971886992454529,0.6931292414665222,,,,,,,
541,108399,1.0418860912322998,0.5199608206748962,0.8684942722320557,0.693138062953949,,,,,,,
541,108399,,,,,0.6748218536376953,0.5031716227531433,0.9254617691040039,0.9842035174369812,0.4966936707496643,0.8340694904327393,0.6931192874908447
542,108499,0.9701378345489502,0.48751476407051086,0.8291622996330261,0.6930785179138184,,,,,,,
542,108599,1.0897417068481445,0.5413315296173096,0.8949792385101318,0.6931382417678833,,,,,,,
542,108599,,,,,0.6745009422302246,0.5021674633026123,0.9262776374816895,0.9866762757301331,0.4969063699245453,0.8363361954689026,0.6931328773498535
543,108699,0.995760440826416,0.5076262950897217,0.8346702456474304,0.6930723786354065,,,,,,,
543,108799,1.1002392768859863,0.5635824203491211,0.8832229971885681,0.6931325197219849,,,,,,,
543,108799,,,,,0.6740666627883911,0.5014676451683044,0.9128636121749878,0.9741737842559814,0.495982825756073,0.8247612714767456,0.6931405663490295
544,108899,1.002967119216919,0.49663910269737244,0.8528944849967957,0.693132758140564,,,,,,,
544,108999,1.0631356239318848,0.5243064165115356,0.8853914737701416,0.6931246519088745,,,,,,,
544,108999,,,,,0.6757344007492065,0.5036885142326355,0.9224991798400879,0.985527515411377,0.4974062442779541,0.8346781730651855,0.6931139230728149
545,109099,1.0411263704299927,0.5054959058761597,0.8822018504142761,0.6931426525115967,,,,,,,
545,109199,1.0357682704925537,0.5125830173492432,0.8697496056556702,0.6931285858154297,,,,,,,
545,109199,,,,,0.6739765405654907,0.5032413005828857,0.9258118271827698,0.976711630821228,0.495430588722229,0.8278415203094482,0.6931208372116089
546,109299,1.0621581077575684,0.5612897872924805,0.8473867774009705,0.6930369138717651,,,,,,,
546,109399,1.0292593240737915,0.5236994028091431,0.8521073460578918,0.6930949687957764,,,,,,,
546,109399,,,,,0.6743601560592651,0.5032540559768677,0.930829644203186,0.9768410325050354,0.49566665291786194,0.8277321457862854,0.6931157112121582
547,109499,1.0921361446380615,0.547850489616394,0.8908544778823853,0.693137526512146,,,,,,,
547,109599,0.9109469652175903,0.4640456736087799,0.7934712767601013,0.6931399703025818,,,,,,,
547,109599,,,,,0.6742874979972839,0.5017152428627014,0.915664792060852,0.9759584665298462,0.4961360991001129,0.8263915777206421,0.6931383013725281
548,109699,0.933809757232666,0.45966577529907227,0.8207103610038757,0.6931328773498535,,,,,,,
548,109799,1.049795150756836,0.5187023878097534,0.877661406993866,0.6931371688842773,,,,,,,
548,109799,,,,,0.6737635731697083,0.5017849206924438,0.9059228897094727,0.9798212647438049,0.49597230553627014,0.8304176330566406,0.6931372284889221
549,109899,0.9512872695922852,0.5001330971717834,0.7977186441421509,0.6931290626525879,,,,,,,
549,109999,0.8948215246200562,0.46443551778793335,0.7769415974617004,0.6931111812591553,,,,,,,
549,109999,,,,,0.6739186644554138,0.5042545199394226,0.905982494354248,0.9776750206947327,0.4952280521392822,0.8289990425109863,0.6931039690971375
550,110099,1.0429117679595947,0.5270782709121704,0.8623943328857422,0.6931217908859253,,,,,,,
550,110199,0.9494889378547668,0.4932366609573364,0.8028008937835693,0.6930972337722778,,,,,,,
550,110199,,,,,0.6752508878707886,0.5045674443244934,0.9334918260574341,0.9733700156211853,0.4969691038131714,0.8229485750198364,0.693095862865448
551,110299,0.9027840495109558,0.45748087763786316,0.791874349117279,0.693142294883728,,,,,,,
551,110399,0.9542491436004639,0.4821819067001343,0.8186315894126892,0.6931285262107849,,,,,,,
551,110399,,,,,0.6741852760314941,0.5020804405212402,0.8966847062110901,0.9800848960876465,0.4958171844482422,0.8308350443840027,0.6931347250938416
552,110499,0.9648070335388184,0.4982292950153351,0.813137412071228,0.6931192874908447,,,,,,,
552,110599,0.9816555976867676,0.4853896498680115,0.8428289890289307,0.6931262016296387,,,,,,,
552,110599,,,,,0.67569899559021,0.5050816535949707,0.9264315962791443,0.981533408164978,0.497083842754364,0.830994188785553,0.6930891275405884
553,110699,0.9141737222671509,0.48494821786880493,0.7757895588874817,0.6931281685829163,,,,,,,
553,110799,0.8221834301948547,0.4185130000114441,0.7502389550209045,0.6931370496749878,,,,,,,
553,110799,,,,,0.6740560531616211,0.502061128616333,0.9121375679969788,0.9821121692657471,0.49567070603370667,0.8330082893371582,0.6931334733963013
554,110899,0.9518837928771973,0.4810510575771332,0.8173756003379822,0.6930856108665466,,,,,,,
554,110999,0.9795380234718323,0.5010490417480469,0.8250436186790466,0.693109393119812,,,,,,,
554,110999,,,,,0.6745731234550476,0.5067315101623535,0.9284335374832153,0.975225031375885,0.496090292930603,0.8256586790084839,0.6930477023124695
555,111099,0.9048488736152649,0.45828109979629517,0.7931380867958069,0.6931406259536743,,,,,,,
555,111199,1.021496295928955,0.5139627456665039,0.8540900945663452,0.6931131482124329,,,,,,,
555,111199,,,,,0.6743929982185364,0.5035807490348816,0.9243612289428711,0.9779077172279358,0.49591684341430664,0.828546941280365,0.6931118965148926
556,111299,0.9450404047966003,0.48691773414611816,0.8046767115592957,0.6931082010269165,,,,,,,
556,111399,0.8698448538780212,0.44661515951156616,0.769718587398529,0.692977786064148,,,,,,,
556,111399,,,,,0.6753358244895935,0.5113401412963867,0.9291931986808777,0.9767931699752808,0.4970684051513672,0.8261613249778748,0.6928734183311462
557,111499,1.0331699848175049,0.5255082845687866,0.8542296290397644,0.6931358575820923,,,,,,,
557,111599,1.0226384401321411,0.5172686576843262,0.8519394993782043,0.6931392550468445,,,,,,,
557,111599,,,,,0.6741374731063843,0.5018518567085266,0.9134969711303711,0.9720913767814636,0.4954959452152252,0.8231637477874756,0.6931365728378296
558,111699,1.014430046081543,0.5123082995414734,0.8486829996109009,0.6931225061416626,,,,,,,
558,111799,1.00099515914917,0.5204019546508789,0.827143669128418,0.6931008696556091,,,,,,,
558,111799,,,,,0.6735244393348694,0.5053165555000305,0.9064817428588867,0.9752721190452576,0.4951099753379822,0.8267033100128174,0.6930825114250183
559,111899,1.0103660821914673,0.50520920753479,0.8516996502876282,0.6930854320526123,,,,,,,
559,111999,0.972527027130127,0.4957488477230072,0.8233387470245361,0.6931212544441223,,,,,,,
559,111999,,,,,0.6746397018432617,0.5051781535148621,0.9297114610671997,0.9823248982429504,0.49632665514945984,0.8325414657592773,0.6930862069129944
560,112099,1.0100170373916626,0.5060217380523682,0.8505211472511292,0.6930515170097351,,,,,,,
560,112199,0.9003633260726929,0.44889265298843384,0.7980409860610962,0.6931408047676086,,,,,,,
560,112199,,,,,0.6737740635871887,0.5019077062606812,0.9118305444717407,0.9898403286933899,0.4952944815158844,0.8411134481430054,0.6931359171867371
561,112299,0.8367597460746765,0.41727370023727417,0.7659912109375,0.6930104494094849,,,,,,,
561,112399,0.9704875946044922,0.48887234926223755,0.8281793594360352,0.6931281685829163,,,,,,,
561,112399,,,,,0.6737606525421143,0.5017896294593811,0.9141335487365723,0.9815711379051208,0.49507397413253784,0.833065390586853,0.693136990070343
562,112499,0.9950679540634155,0.5123258829116821,0.8293084502220154,0.6931325793266296,,,,,,,
562,112599,1.0824522972106934,0.5486400127410889,0.8803799748420715,0.6931353807449341,,,,,,,
562,112599,,,,,0.6733485460281372,0.5038919448852539,0.9075146317481995,0.9746934175491333,0.49481135606765747,0.8264354467391968,0.6931070685386658
563,112699,1.0257562398910522,0.5384609699249268,0.8338342308998108,0.6930778622627258,,,,,,,
563,112799,1.1240425109863281,0.5665104985237122,0.9041016101837158,0.6931389570236206,,,,,,,
563,112799,,,,,0.6736565232276917,0.5020462870597839,0.9247536063194275,0.976525068283081,0.4952060878276825,0.8278864622116089,0.693134605884552
564,112899,0.9640771150588989,0.4973966181278229,0.8132472038269043,0.6931333541870117,,,,,,,
564,112999,0.9515588283538818,0.4978454113006592,0.8002815246582031,0.6931361556053162,,,,,,,
564,112999,,,,,0.6725193858146667,0.501448929309845,0.9063024520874023,0.9680495858192444,0.49409642815589905,0.8205233812332153,0.6931405663490295
565,113099,1.0631170272827148,0.5362465381622314,0.873432457447052,0.6931239366531372,,,,,,,
565,113199,0.9450079798698425,0.477136492729187,0.814440131187439,0.6931372880935669,,,,,,,
565,113199,,,,,0.6731265187263489,0.5017671585083008,0.9301166534423828,0.9678581953048706,0.4948749542236328,0.8195522427558899,0.6931378841400146
566,113299,1.0465948581695557,0.5094362497329712,0.8837273120880127,0.6931374073028564,,,,,,,
566,113399,0.8575098514556885,0.43923455476760864,0.7648147940635681,0.6930789947509766,,,,,,,
566,113399,,,,,0.6736123561859131,0.5061133503913879,0.9270966053009033,0.975594162940979,0.4951627552509308,0.8269658088684082,0.6930685639381409
567,113499,0.8349564075469971,0.42263561487197876,0.7588694095611572,0.6930970549583435,,,,,,,
567,113599,0.9563716053962708,0.4892081618309021,0.8137327432632446,0.6931384801864624,,,,,,,
567,113599,,,,,0.6737629771232605,0.5033389925956726,0.9099473357200623,0.9718741774559021,0.4955716133117676,0.8228611946105957,0.6931172013282776
568,113699,1.051353931427002,0.5367465019226074,0.8611242771148682,0.6930335760116577,,,,,,,
568,113799,1.0785434246063232,0.5400410890579224,0.8850698471069336,0.693135142326355,,,,,,,
568,113799,,,,,0.6726739406585693,0.5015829205513,0.9149061441421509,0.9737040400505066,0.4942573010921478,0.8260163068771362,0.6931391954421997
569,113899,0.9592922925949097,0.4799380898475647,0.8259077072143555,0.6931068897247314,,,,,,,
569,113999,1.0333844423294067,0.5263768434524536,0.8535743355751038,0.6931336522102356,,,,,,,
569,113999,,,,,0.6736142039299011,0.5020416975021362,0.9317567348480225,0.9705179333686829,0.49513155221939087,0.8219543695449829,0.693135678768158
570,114099,0.9296375513076782,0.48571932315826416,0.7904852032661438,0.6931341290473938,,,,,,,
570,114199,1.05287766456604,0.5227811932563782,0.8766642808914185,0.6931357979774475,,,,,,,
570,114199,,,,,0.6729230284690857,0.5019088983535767,0.9095409512519836,0.9736728072166443,0.49461060762405396,0.8256303071975708,0.6931362748146057
571,114299,0.9512734413146973,0.47456294298171997,0.8232752084732056,0.6931295394897461,,,,,,,
571,114399,0.9149670600891113,0.46708738803863525,0.794443666934967,0.6931281089782715,,,,,,,
571,114399,,,,,0.6735814809799194,0.5023998618125916,0.9120355248451233,0.9726987481117249,0.4954030513763428,0.823859691619873,0.6931278109550476
572,114499,0.8482459783554077,0.4443516135215759,0.7504414319992065,0.69309401512146,,,,,,,
572,114599,0.9436366558074951,0.46852022409439087,0.8216856122016907,0.6931383013725281,,,,,,,
572,114599,,,,,0.6728909611701965,0.5015016198158264,0.905194878578186,0.9692198038101196,0.4942634403705597,0.8215264678001404,0.6931399703025818
573,114699,1.0212476253509521,0.518352746963501,0.849452793598175,0.6931156516075134,,,,,,,
573,114799,1.0474231243133545,0.5309774875640869,0.8628875613212585,0.6928839087486267,,,,,,,
573,114799,,,,,0.6732216477394104,0.5114428997039795,0.9296033978462219,0.9721259474754333,0.49451297521591187,0.8240517973899841,0.6928778886795044
574,114899,1.0164697170257568,0.5196462273597717,0.8433796763420105,0.6931123733520508,,,,,,,
574,114999,1.014401912689209,0.5236175060272217,0.8373535871505737,0.6931382417678833,,,,,,,
574,114999,,,,,0.6736900210380554,0.502192497253418,0.9252831935882568,0.9675906896591187,0.49547410011291504,0.8186836838722229,0.6931344270706177
575,115099,0.9381447434425354,0.4851107895374298,0.7996055483818054,0.6931432485580444,,,,,,,
575,115199,0.9227173924446106,0.45600253343582153,0.8132851123809814,0.6931403875350952,,,,,,,
575,115199,,,,,0.6725531220436096,0.5022294521331787,0.9225538969039917,0.9676830768585205,0.4938269555568695,0.8204222917556763,0.693132221698761
576,115299,1.0216059684753418,0.5254108905792236,0.8427485227584839,0.6931067705154419,,,,,,,
576,115399,1.0948879718780518,0.5568965673446655,0.8845621347427368,0.6931415796279907,,,,,,,
576,115399,,,,,0.6732014417648315,0.5014952421188354,0.9146507978439331,0.9762417674064636,0.4947054982185364,0.8281061053276062,0.6931398510932922
577,115499,1.0868011713027954,0.5656676292419434,0.8676459789276123,0.6930249333381653,,,,,,,
577,115599,0.9150060415267944,0.4624647796154022,0.7991003394126892,0.6931180953979492,,,,,,,
577,115599,,,,,0.673229455947876,0.5039143562316895,0.929852306842804,0.9760901927947998,0.49552932381629944,0.8271156549453735,0.6931094527244568
578,115699,0.9845811724662781,0.504086434841156,0.8270594477653503,0.6931294202804565,,,,,,,
578,115799,0.9923867583274841,0.5022284984588623,0.8367022275924683,0.6930879354476929,,,,,,,
578,115799,,,,,0.6727033257484436,0.5054787397384644,0.9044367074966431,0.9717919230461121,0.4942850172519684,0.82404625415802,0.6930781602859497
579,115899,1.0000629425048828,0.5301339626312256,0.8164962530136108,0.6931344270706177,,,,,,,
579,115999,1.1004736423492432,0.5443083047866821,0.9027337431907654,0.6931368112564087,,,,,,,
579,115999,,,,,0.6732842326164246,0.5016796588897705,0.9148193001747131,0.9697898626327515,0.49533820152282715,0.821020781993866,0.6931380033493042
580,116099,0.9223448634147644,0.45924752950668335,0.8096643686294556,0.6931339502334595,,,,,,,
580,116199,1.025881052017212,0.5244462490081787,0.8480059504508972,0.6931424736976624,,,,,,,
580,116199,,,,,0.6737444400787354,0.501261293888092,0.9186843633651733,0.9719588756561279,0.4957658350467682,0.8227640390396118,0.6931421756744385
581,116299,0.9948028326034546,0.5143886804580688,0.8269762992858887,0.6931243538856506,,,,,,,
581,116399,1.0696126222610474,0.5545571446418762,0.8616093993186951,0.6931077837944031,,,,,,,
581,116399,,,,,0.6744191646575928,0.5031463503837585,0.9224251508712769,0.9770005941390991,0.49606484174728394,0.8274958729743958,0.693120539188385
582,116499,0.970881462097168,0.4859435260295868,0.8314616084098816,0.693047285079956,,,,,,,
582,116599,0.9543575048446655,0.4785810708999634,0.8223178386688232,0.693082869052887,,,,,,,
582,116599,,,,,0.6725454926490784,0.5028053522109985,0.9103034138679504,0.9671053886413574,0.493904173374176,0.8197633028030396,0.6931241750717163
583,116699,1.037035584449768,0.5317694544792175,0.851824939250946,0.6931176781654358,,,,,,,
583,116799,1.03688383102417,0.54012131690979,0.8433301448822021,0.693135142326355,,,,,,,
583,116799,,,,,0.6738370060920715,0.5015158653259277,0.9128127694129944,0.9729169011116028,0.4954372048377991,0.8240498304367065,0.693139910697937
584,116899,0.9800068736076355,0.5007761716842651,0.8257909417152405,0.6931205987930298,,,,,,,
584,116999,1.0036914348602295,0.5001880526542664,0.8500192165374756,0.6930317878723145,,,,,,,
584,116999,,,,,0.6734961271286011,0.5067542791366577,0.9315493106842041,0.9685673713684082,0.4953119158744812,0.819779098033905,0.6930480003356934
585,117099,0.9884493947029114,0.5034367442131042,0.8315768241882324,0.6931284666061401,,,,,,,
585,117199,0.9801543951034546,0.503861665725708,0.8227807283401489,0.6929759383201599,,,,,,,
585,117199,,,,,0.6730616092681885,0.5096613764762878,0.9046807289123535,0.9679582118988037,0.4948534667491913,0.819580614566803,0.6929517984390259
586,117299,1.1037487983703613,0.5734491348266602,0.8768526911735535,0.6931060552597046,,,,,,,
586,117399,0.9790167212486267,0.5125551223754883,0.8130303025245667,0.6931372880935669,,,,,,,
586,117399,,,,,0.6726883053779602,0.5020782351493835,0.905386745929718,0.9621130228042603,0.49370306730270386,0.8149767518043518,0.6931337714195251
587,117499,1.078897476196289,0.5386208295822144,0.8868474960327148,0.6931418180465698,,,,,,,
587,117599,0.8601303100585938,0.4341246783733368,0.7725727558135986,0.6931342482566833,,,,,,,
587,117599,,,,,0.6735979914665222,0.50172358751297,0.9073197841644287,0.9726557731628418,0.49453237652778625,0.8246923089027405,0.6931378841400146
588,117699,0.9780116081237793,0.5022470951080322,0.8223283290863037,0.6931276321411133,,,,,,,
588,117799,0.9609650373458862,0.49379193782806396,0.8137447834014893,0.693143367767334,,,,,,,
588,117799,,,,,0.6729142665863037,0.5017592310905457,0.9329695701599121,0.9688022136688232,0.4943522810935974,0.8210191130638123,0.6931386590003967
589,117899,1.0204983949661255,0.5068891644477844,0.8601783514022827,0.6931383609771729,,,,,,,
589,117999,1.0579779148101807,0.5460431575775146,0.8585047125816345,0.693139910697937,,,,,,,
589,117999,,,,,0.6729109287261963,0.5017087459564209,0.9209756851196289,0.9670758843421936,0.49402520060539246,0.8196196556091309,0.6931381225585938
590,118099,0.9424965381622314,0.49959686398506165,0.7894515991210938,0.6931037902832031,,,,,,,
590,118199,0.8854649066925049,0.4745818078517914,0.7574379444122314,0.6931097507476807,,,,,,,
590,118199,,,,,0.6730239391326904,0.5017377138137817,0.917298436164856,0.9700136184692383,0.4944194555282593,0.8221632242202759,0.693138062953949
591,118299,1.0075801610946655,0.5206478834152222,0.8334968090057373,0.6931291222572327,,,,,,,
591,118399,1.0104128122329712,0.5161277055740356,0.8408543467521667,0.6931383609771729,,,,,,,
591,118399,,,,,0.6734337210655212,0.502284824848175,0.9319437742233276,0.974041223526001,0.49520212411880493,0.825405478477478,0.6931326985359192
592,118499,0.8661834597587585,0.44867199659347534,0.7640830874443054,0.6931432485580444,,,,,,,
592,118599,1.0654709339141846,0.5244701504707336,0.887560248374939,0.6931191682815552,,,,,,,
592,118599,,,,,0.6747537851333618,0.5058624744415283,0.9043209552764893,0.9696506857872009,0.49597305059432983,0.820214033126831,0.6930726170539856
593,118699,0.9998123645782471,0.5175879597663879,0.8287920355796814,0.6931353211402893,,,,,,,
593,118799,1.027907371520996,0.5228412747383118,0.8516312837600708,0.693130612373352,,,,,,,
593,118799,,,,,0.6737366914749146,0.5025737285614014,0.9191302061080933,0.9676839709281921,0.4947325587272644,0.8195158243179321,0.6931290030479431
594,118899,0.9621868133544922,0.49284622073173523,0.8158954977989197,0.6931097507476807,,,,,,,
594,118999,0.9158919453620911,0.46488648653030396,0.797532320022583,0.6930536031723022,,,,,,,
594,118999,,,,,0.6733019351959229,0.5067003965377808,0.9258663058280945,0.9625614285469055,0.4945388436317444,0.8145490884780884,0.693053126335144
595,119099,0.9730620384216309,0.48844775557518005,0.8311488032341003,0.6930689215660095,,,,,,,
595,119199,1.0651624202728271,0.5336276888847351,0.8780776858329773,0.693085789680481,,,,,,,
595,119199,,,,,0.6731360554695129,0.5048277378082275,0.9021651744842529,0.9710743427276611,0.49488991498947144,0.8227319121360779,0.6930952072143555
596,119299,0.9671527147293091,0.4994296431541443,0.8142659068107605,0.6930856704711914,,,,,,,
596,119399,1.0445168018341064,0.5332822799682617,0.8577941656112671,0.6931194067001343,,,,,,,
596,119399,,,,,0.6734026074409485,0.5042255520820618,0.9027811884880066,0.9704594612121582,0.49471867084503174,0.8222931623458862,0.6931050419807434
597,119499,0.9767372012138367,0.48949193954467773,0.8338106274604797,0.693130612373352,,,,,,,
597,119599,1.071661353111267,0.551618218421936,0.8666080832481384,0.69312983751297,,,,,,,
597,119599,,,,,0.672825038433075,0.5031439661979675,0.9105895757675171,0.960337221622467,0.49425986409187317,0.8126376867294312,0.6931205987930298
598,119699,1.009836196899414,0.5232789516448975,0.8330295085906982,0.6929446458816528,,,,,,,
598,119799,0.9339025616645813,0.485459566116333,0.7950134873390198,0.6931408643722534,,,,,,,
598,119799,,,,,0.6732109785079956,0.5015017986297607,0.9150430560112,0.9641445875167847,0.4947381317615509,0.8159765005111694,0.6931402683258057
599,119899,0.8647662401199341,0.4397942125797272,0.7715374827384949,0.6931309700012207,,,,,,,
599,119999,0.9611614942550659,0.48530113697052,0.8223826885223389,0.6930446624755859,,,,,,,
599,119999,,,,,0.6732031106948853,0.5065953135490417,0.9044379591941833,0.9700789451599121,0.4946143329143524,0.8219926357269287,0.6930559277534485
600,120099,0.9027338027954102,0.45749202370643616,0.7917895317077637,0.6930954456329346,,,,,,,
600,120199,0.994836151599884,0.4890693426132202,0.8523345589637756,0.6931356191635132,,,,,,,
600,120199,,,,,0.6739912629127502,0.501761257648468,0.9189281463623047,0.9663052558898926,0.49593374133110046,0.8169404864311218,0.6931378841400146
601,120299,1.0055770874023438,0.5200332999229431,0.8320989608764648,0.6931103467941284,,,,,,,
601,120399,0.9613717198371887,0.48472318053245544,0.8232148289680481,0.6931325197219849,,,,,,,
601,120399,,,,,0.6726582050323486,0.5026660561561584,0.9229897260665894,0.9667202234268188,0.49380528926849365,0.8194780945777893,0.6931266784667969
602,120499,0.9898235201835632,0.49660202860832214,0.8397840857505798,0.6931251287460327,,,,,,,
602,120599,0.9112239480018616,0.47828054428100586,0.7795148491859436,0.6931427717208862,,,,,,,
602,120599,,,,,0.6724830269813538,0.5011946558952332,0.9166809916496277,0.9631085395812988,0.4940645098686218,0.8156152963638306,0.6931425929069519
603,120699,1.0592900514602661,0.5312666893005371,0.8745918869972229,0.6931368708610535,,,,,,,
603,120799,0.9292070269584656,0.5015764236450195,0.7741807103157043,0.693100094795227,,,,,,,
603,120799,,,,,0.6737164258956909,0.5041763186454773,0.9260452389717102,0.9655279517173767,0.49484068155288696,0.8172405958175659,0.693107008934021
604,120899,1.0065864324569702,0.5158865451812744,0.8372674584388733,0.6931350231170654,,,,,,,
604,120999,1.0257587432861328,0.5346586108207703,0.8376615047454834,0.6931228637695312,,,,,,,
604,120999,,,,,0.6731865406036377,0.5026365518569946,0.9255155324935913,0.9647696018218994,0.494568794965744,0.816765308380127,0.693128764629364
605,121099,0.9118571877479553,0.4595951437950134,0.7987527251243591,0.6929813623428345,,,,,,,
605,121199,1.0402302742004395,0.5353432893753052,0.8514467477798462,0.6931194067001343,,,,,,,
605,121199,,,,,0.6736631989479065,0.5033766627311707,0.9076768159866333,0.9705246686935425,0.4948810636997223,0.8222033381462097,0.6931190490722656
606,121299,0.9039466381072998,0.43726253509521484,0.8132475018501282,0.6931266188621521,,,,,,,
606,121399,0.9490682482719421,0.48940330743789673,0.8061979413032532,0.6930660009384155,,,,,,,
606,121399,,,,,0.6728484630584717,0.5082038044929504,0.9284961819648743,0.9639672040939331,0.49419572949409485,0.8162744641304016,0.6930059194564819
607,121499,1.07712984085083,0.5519388318061829,0.8717538118362427,0.6931256651878357,,,,,,,
607,121599,0.9804192781448364,0.5111709833145142,0.8158046007156372,0.6931126713752747,,,,,,,
607,121599,,,,,0.6724205613136292,0.5026071071624756,0.9212794303894043,0.9641490578651428,0.4936704635620117,0.8170425295829773,0.6931277513504028
608,121699,1.016119122505188,0.5263766050338745,0.8363128304481506,0.6931407451629639,,,,,,,
608,121799,0.9110767245292664,0.458673357963562,0.7989487051963806,0.693090558052063,,,,,,,
608,121799,,,,,0.6724703907966614,0.5031834840774536,0.9256872534751892,0.960191011428833,0.49375662207603455,0.8129941821098328,0.6931195855140686
609,121899,0.8540785908699036,0.45481640100479126,0.745806872844696,0.6930893659591675,,,,,,,
609,121999,1.0711486339569092,0.5494579076766968,0.8682317733764648,0.6930819749832153,,,,,,,
609,121999,,,,,0.6721065044403076,0.5053049325942993,0.9069947004318237,0.9608930349349976,0.4936743974685669,0.8137615323066711,0.6930856108665466
610,122099,1.0859043598175049,0.5478360652923584,0.8846340775489807,0.6931315660476685,,,,,,,
610,122199,1.026634693145752,0.5333670973777771,0.839838445186615,0.693141758441925,,,,,,,
610,122199,,,,,0.6730544567108154,0.5014163851737976,0.9110464453697205,0.9610227942466736,0.49432483315467834,0.8132681250572205,0.6931405663490295
611,122299,0.9425027370452881,0.4872209429740906,0.8018357157707214,0.6931078433990479,,,,,,,
611,122399,0.9555366039276123,0.4819589853286743,0.8201069235801697,0.6930584907531738,,,,,,,
611,122399,,,,,0.672278642654419,0.5057633519172668,0.9047737121582031,0.9635558128356934,0.4934358298778534,0.8166577816009521,0.6930753588676453
612,122499,0.9363102912902832,0.49062198400497437,0.7922508120536804,0.6931250095367432,,,,,,,
612,122599,0.9822798371315002,0.5121989250183105,0.8166472911834717,0.693132758140564,,,,,,,
612,122599,,,,,0.6743122339248657,0.5029988884925842,0.9256741404533386,0.9663066267967224,0.49564647674560547,0.8172209858894348,0.6931213736534119
613,122699,0.9500962495803833,0.4873938262462616,0.809266209602356,0.6931276917457581,,,,,,,
613,122799,0.9428948163986206,0.48251721262931824,0.806903064250946,0.6930508017539978,,,,,,,
613,122799,,,,,0.6732000112533569,0.5062112212181091,0.9281018376350403,0.966347873210907,0.494740754365921,0.8181378245353699,0.693061351776123
614,122899,0.9386863112449646,0.48708805441856384,0.7981647253036499,0.6931329965591431,,,,,,,
614,122999,1.0834026336669922,0.550502598285675,0.8794671297073364,0.6931344270706177,,,,,,,
614,122999,,,,,0.6733580231666565,0.5025026202201843,0.9043133854866028,0.9652442932128906,0.49457722902297974,0.8172324895858765,0.6931306719779968
615,123099,1.0761868953704834,0.5561224818229675,0.8666186332702637,0.6931085586547852,,,,,,,
615,123199,0.9204347729682922,0.4828416705131531,0.7841527462005615,0.6931194067001343,,,,,,,
615,123199,,,,,0.6723655462265015,0.5029742121696472,0.9212623238563538,0.961489737033844,0.49326783418655396,0.8147832751274109,0.6931229829788208
616,123299,1.0448362827301025,0.5316396951675415,0.8597589135169983,0.6931248903274536,,,,,,,
616,123399,0.9470803737640381,0.46907612681388855,0.8245677947998047,0.6931271553039551,,,,,,,
616,123399,,,,,0.6727527976036072,0.5018710494041443,0.9095900058746338,0.9692519307136536,0.4947592616081238,0.8210607171058655,0.6931362152099609
617,123499,0.9515271782875061,0.4930679202079773,0.8050262331962585,0.6931339502334595,,,,,,,
617,123599,0.8598992824554443,0.45698320865631104,0.7494440078735352,0.6930559277534485,,,,,,,
617,123599,,,,,0.6728338599205017,0.5083091855049133,0.9305070042610168,0.9621826410293579,0.4941016137599945,0.8145812153816223,0.6930006146430969
618,123699,1.037843108177185,0.5292582511901855,0.8551546335220337,0.6931394934654236,,,,,,,
618,123799,0.9737735986709595,0.4995175302028656,0.8208261132240295,0.6931400895118713,,,,,,,
618,123799,,,,,0.6730043888092041,0.5013265609741211,0.907153308391571,0.964266300201416,0.4940735995769501,0.8167632818222046,0.693141520023346
619,123899,1.0169034004211426,0.5156067609786987,0.8478648662567139,0.6931363940238953,,,,,,,
619,123999,1.0881564617156982,0.5553300976753235,0.879353940486908,0.6930551528930664,,,,,,,
619,123999,,,,,0.6734962463378906,0.5051500201225281,0.9062261581420898,0.9642244577407837,0.4947488307952881,0.8160181641578674,0.6930848360061646
620,124099,0.9862880706787109,0.5221847295761108,0.8106502294540405,0.6930937170982361,,,,,,,
620,124199,0.9771934151649475,0.5141265392303467,0.8096001148223877,0.6930664777755737,,,,,,,
620,124199,,,,,0.6736829280853271,0.5058419704437256,0.9260738492012024,0.966918408870697,0.49487704038619995,0.8185773491859436,0.6930718421936035
621,124299,0.8960568904876709,0.4653199315071106,0.7773072719573975,0.6931405067443848,,,,,,,
621,124399,1.0480443239212036,0.5424953103065491,0.8521165251731873,0.6931350827217102,,,,,,,
621,124399,,,,,0.6736766695976257,0.5022053718566895,0.9259515404701233,0.9673774838447571,0.4949814975261688,0.8189625144004822,0.6931330561637878
622,124499,1.051142930984497,0.5170390605926514,0.880622148513794,0.693036675453186,,,,,,,
622,124599,0.9298987984657288,0.47382330894470215,0.8026275634765625,0.6931041479110718,,,,,,,
622,124599,,,,,0.6731348633766174,0.5031706094741821,0.9335321187973022,0.9666721224784851,0.4946829676628113,0.8185499906539917,0.6931217312812805
623,124699,0.9930190443992615,0.5167461633682251,0.8227753043174744,0.6930047273635864,,,,,,,
623,124799,0.9099225997924805,0.4684992730617523,0.7879936099052429,0.6931405067443848,,,,,,,
623,124799,,,,,0.6724024415016174,0.5014516115188599,0.9240224957466125,0.9598478078842163,0.49359676241874695,0.812821090221405,0.6931402683258057
624,124899,0.8651307821273804,0.4556213319301605,0.7560594081878662,0.6930999755859375,,,,,,,
624,124999,0.8896353244781494,0.48612308502197266,0.7500585913658142,0.6930928826332092,,,,,,,
624,124999,,,,,0.673575222492218,0.5046095848083496,0.9042970538139343,0.9672343134880066,0.4948256313800812,0.8189563155174255,0.6930948495864868
625,125099,0.9460169076919556,0.5039520263671875,0.7886334657669067,0.6931371688842773,,,,,,,
625,125199,1.0622236728668213,0.5295199155807495,0.8792679309844971,0.6931284666061401,,,,,,,
625,125199,,,,,0.6730912923812866,0.5015901327133179,0.913452684879303,0.9605574607849121,0.49416664242744446,0.8129605054855347,0.693138837814331
626,125299,0.997037410736084,0.5237784385681152,0.8198118209838867,0.6931056976318359,,,,,,,
626,125399,0.8949347138404846,0.4547440707683563,0.7867425084114075,0.6931036710739136,,,,,,,
626,125399,,,,,0.6731752157211304,0.5047174692153931,0.9273777008056641,0.9674246907234192,0.49477115273475647,0.8192012906074524,0.693095326423645
627,125499,1.0323619842529297,0.5229492783546448,0.8559802174568176,0.693135142326355,,,,,,,
627,125599,0.984477162361145,0.5068804025650024,0.8241595029830933,0.6931254863739014,,,,,,,
627,125599,,,,,0.6725859642028809,0.5033232569694519,0.9120103120803833,0.9597104787826538,0.4941217005252838,0.8121482133865356,0.693118691444397
628,125699,1.057813286781311,0.545956552028656,0.8584187030792236,0.6931241154670715,,,,,,,
628,125799,1.0142614841461182,0.5138027667999268,0.8470293879508972,0.6931414008140564,,,,,,,
628,125799,,,,,0.6730659604072571,0.5014292597770691,0.919682502746582,0.9602254033088684,0.49427610635757446,0.8125196695327759,0.6931406855583191
629,125899,1.0209091901779175,0.5359110832214355,0.8315549492835999,0.6931135654449463,,,,,,,
629,125999,0.9768510460853577,0.48555001616477966,0.8378697037696838,0.6931372880935669,,,,,,,
629,125999,,,,,0.6731573343276978,0.5014996528625488,0.935701847076416,0.9631692171096802,0.49484068155288696,0.8148984313011169,0.6931400299072266
630,126099,1.0130492448806763,0.5245753526687622,0.83503657579422,0.6931255459785461,,,,,,,
630,126199,1.0003979206085205,0.49843597412109375,0.8485328555107117,0.6931419372558594,,,,,,,
630,126199,,,,,0.6731347441673279,0.502551257610321,0.9112425446510315,0.9638867378234863,0.4948229491710663,0.8156290054321289,0.6931302547454834
631,126299,1.0078825950622559,0.5257975459098816,0.8286349177360535,0.6930996179580688,,,,,,,
631,126399,0.9865016937255859,0.48500531911849976,0.8480521440505981,0.6931114196777344,,,,,,,
631,126399,,,,,0.6731925010681152,0.5037965178489685,0.9036692976951599,0.9620051383972168,0.49440571665763855,0.8141562342643738,0.6931137442588806
632,126499,0.8915090560913086,0.4521369934082031,0.7859408259391785,0.6931376457214355,,,,,,,
632,126599,0.9583032131195068,0.4963717460632324,0.8084849119186401,0.6931068897247314,,,,,,,
632,126599,,,,,0.672637939453125,0.5037800073623657,0.9287096261978149,0.9649765491485596,0.493915855884552,0.8176178932189941,0.693114161491394
633,126699,0.9946252107620239,0.5090698003768921,0.832127034664154,0.6931431293487549,,,,,,,
633,126799,1.0579450130462646,0.5546903610229492,0.8498238921165466,0.6931384801864624,,,,,,,
633,126799,,,,,0.6729269027709961,0.5015342235565186,0.9180530309677124,0.962100625038147,0.4940037727355957,0.8146665096282959,0.6931396126747131
634,126899,0.9227365851402283,0.48387110233306885,0.7854269742965698,0.6931229829788208,,,,,,,
634,126999,0.9270860552787781,0.4694018065929413,0.804186224937439,0.6930040121078491,,,,,,,
634,126999,,,,,0.6727808117866516,0.5072386264801025,0.9057997465133667,0.96141117811203,0.49408501386642456,0.8138439059257507,0.6930355429649353
635,127099,1.05473792552948,0.5324755907058716,0.8688281178474426,0.6931316256523132,,,,,,,
635,127199,0.9003337621688843,0.4852733016014099,0.7616292238235474,0.6931374669075012,,,,,,,
635,127199,,,,,0.6738325953483582,0.501491904258728,0.9180946946144104,0.9683456420898438,0.4958522617816925,0.8190633654594421,0.6931400299072266
636,127299,0.97435462474823,0.5125798583030701,0.808345377445221,0.6931412816047668,,,,,,,
636,127399,0.9654110074043274,0.5011993646621704,0.8107810020446777,0.6931387186050415,,,,,,,
636,127399,,,,,0.6727877855300903,0.5018439292907715,0.9151469469070435,0.9635939598083496,0.4937651753425598,0.8163973689079285,0.6931367516517639
637,127499,0.8907708525657654,0.45851126313209534,0.7788223624229431,0.6931256055831909,,,,,,,
637,127599,0.9957383871078491,0.5034176111221313,0.8388553261756897,0.6930692195892334,,,,,,,
637,127599,,,,,0.6723840236663818,0.505882203578949,0.9305224418640137,0.9730322360992432,0.4936072528362274,0.8259596824645996,0.6930697560310364
638,127699,0.8550173044204712,0.4395112097263336,0.7620556354522705,0.6930990219116211,,,,,,,
638,127799,0.976182758808136,0.4807412624359131,0.8420111536979675,0.6931394338607788,,,,,,,
638,127799,,,,,0.672504723072052,0.5022181868553162,0.9022578001022339,0.962397038936615,0.4934065043926239,0.8155571222305298,0.6931329965591431
639,127899,0.9739277362823486,0.4880574345588684,0.8324162364006042,0.693091869354248,,,,,,,
639,127999,0.9644510746002197,0.4921538829803467,0.818866491317749,0.6931386590003967,,,,,,,
639,127999,,,,,0.6725658774375916,0.5025092959403992,0.9278423190116882,0.9655873775482178,0.4938930571079254,0.8182592988014221,0.6931296586990356
640,128099,0.9839263558387756,0.5091591477394104,0.8213381767272949,0.6931418180465698,,,,,,,
640,128199,1.0841022729873657,0.5515477061271667,0.8791239857673645,0.6931387782096863,,,,,,,
640,128199,,,,,0.6728842854499817,0.5019950866699219,0.9057077765464783,0.9599618315696716,0.49415963888168335,0.8123698234558105,0.6931354999542236
641,128299,0.9507672190666199,0.4791761636734009,0.818156898021698,0.6931315660476685,,,,,,,
641,128399,1.1183900833129883,0.5537109375,0.9112438559532166,0.6931294798851013,,,,,,,
641,128399,,,,,0.6725949645042419,0.503125011920929,0.9012121558189392,0.9602996110916138,0.49350738525390625,0.8133524656295776,0.6931207776069641
642,128499,0.9426673650741577,0.493764191865921,0.7954747676849365,0.6931431293487549,,,,,,,
642,128599,0.9807534217834473,0.5151870846748352,0.8121283054351807,0.6931238174438477,,,,,,,
642,128599,,,,,0.6719737648963928,0.5027809143066406,0.8999255895614624,0.9520556330680847,0.4924902021884918,0.8061290979385376,0.693127453327179
643,128699,0.9320175647735596,0.4778444170951843,0.8007383346557617,0.6931304335594177,,,,,,,
643,128799,0.9196276664733887,0.48666584491729736,0.7795294523239136,0.6931352615356445,,,,,,,
643,128799,,,,,0.6721360683441162,0.5037792921066284,0.9340761303901672,0.956287145614624,0.49351808428764343,0.8093247413635254,0.6931113600730896
644,128899,0.9126169681549072,0.4642025828361511,0.7949808835983276,0.6931329369544983,,,,,,,
644,128999,0.9384514689445496,0.47423088550567627,0.8107878565788269,0.6931344270706177,,,,,,,
644,128999,,,,,0.6723471283912659,0.5031115412712097,0.9051884412765503,0.9640846848487854,0.49392661452293396,0.8167188167572021,0.6931213736534119
645,129099,0.9085196256637573,0.4546751081943512,0.8004153370857239,0.6931416392326355,,,,,,,
645,129199,0.9433492422103882,0.48613256216049194,0.8037857413291931,0.6931381225585938,,,,,,,
645,129199,,,,,0.6714738011360168,0.5018980503082275,0.926510214805603,0.9525896906852722,0.4927741587162018,0.8063834309577942,0.6931357383728027
646,129299,1.1334218978881836,0.5888429880142212,0.8911466598510742,0.6931355595588684,,,,,,,
646,129399,0.8036119937896729,0.42744189500808716,0.722736656665802,0.6931330561637878,,,,,,,
646,129399,,,,,0.6726471781730652,0.5021681189537048,0.9258089065551758,0.9602431654930115,0.4935672879219055,0.8132420182228088,0.6931323409080505
647,129499,1.0077921152114868,0.5161864757537842,0.8381727933883667,0.6931343078613281,,,,,,,
647,129599,1.0120947360992432,0.5472872257232666,0.8113734722137451,0.6931318044662476,,,,,,,
647,129599,,,,,0.6726338863372803,0.5014356374740601,0.9221954941749573,0.961523711681366,0.4938793182373047,0.8142146468162537,0.6931406855583191
648,129699,1.0376781225204468,0.5388014316558838,0.8454481959342957,0.6931431889533997,,,,,,,
648,129799,1.0126396417617798,0.5314974784851074,0.8276898860931396,0.6930954456329346,,,,,,,
648,129799,,,,,0.671946108341217,0.5053309798240662,0.9295471906661987,0.9564254879951477,0.4929502606391907,0.8100166320800781,0.6930834054946899
649,129899,0.8963483572006226,0.4584546983242035,0.7844641208648682,0.6931410431861877,,,,,,,
649,129999,1.0779575109481812,0.5551874041557312,0.8692752718925476,0.6930103302001953,,,,,,,
649,129999,,,,,0.6726452708244324,0.5092618465423584,0.9274928569793701,0.9582713842391968,0.49346086382865906,0.8112962245941162,0.6929713487625122
650,130099,1.0494375228881836,0.5286173224449158,0.8673861622810364,0.6931319832801819,,,,,,,
650,130199,0.8928667306900024,0.4571918845176697,0.7822462320327759,0.6931427121162415,,,,,,,
650,130199,,,,,0.6726391315460205,0.5012184977531433,0.90422523021698,0.9637646079063416,0.49357089400291443,0.8167651295661926,0.6931426525115967
651,130299,0.9548617601394653,0.4651103615760803,0.8363067507743835,0.6931107044219971,,,,,,,
651,130399,0.9311075210571289,0.48210620880126953,0.7955466508865356,0.6930906772613525,,,,,,,
651,130399,,,,,0.6729056239128113,0.5055686831474304,0.9052335023880005,0.9646687507629395,0.4942975640296936,0.8169097900390625,0.6930776834487915
652,130499,0.9707491397857666,0.5007132887840271,0.8165821433067322,0.6930925846099854,,,,,,,
652,130599,1.0019094944000244,0.5238536596298218,0.8246256113052368,0.6931396126747131,,,,,,,
652,130599,,,,,0.6718243956565857,0.5014849901199341,0.9099423289299011,0.9519028067588806,0.49281203746795654,0.8056610822677612,0.6931401491165161
653,130699,0.9524224996566772,0.4975573718547821,0.8014324903488159,0.6931347250938416,,,,,,,
653,130799,0.9430520534515381,0.48601651191711426,0.8036030530929565,0.6931350827217102,,,,,,,
653,130799,,,,,0.6721848845481873,0.5024740099906921,0.9248775839805603,0.9604836106300354,0.49277758598327637,0.8142717480659485,0.6931315660476685
654,130899,1.011132001876831,0.5142806172370911,0.8434190154075623,0.6931352615356445,,,,,,,
654,130999,0.9874931573867798,0.5024469494819641,0.83158278465271,0.6930730938911438,,,,,,,
654,130999,,,,,0.6720253825187683,0.5058943033218384,0.9031705260276794,0.9615691900253296,0.49292850494384766,0.8151750564575195,0.6930686831474304
655,131099,0.9427087306976318,0.4779518246650696,0.8113266825675964,0.6931394934654236,,,,,,,
655,131199,0.9794304370880127,0.49584871530532837,0.8301454186439514,0.6931273937225342,,,,,,,
655,131199,,,,,0.6719158291816711,0.5025621652603149,0.9001362323760986,0.954960823059082,0.4930497109889984,0.8084758520126343,0.6931294798851013
656,131299,1.0625050067901611,0.5421791076660156,0.8668897151947021,0.6931275129318237,,,,,,,
656,131399,1.0121369361877441,0.5390366315841675,0.8196466565132141,0.6930928826332092,,,,,,,
656,131399,,,,,0.6722893714904785,0.5055028796195984,0.9276726245880127,0.9601372480392456,0.49319931864738464,0.8134785294532776,0.6930813193321228
657,131499,0.8831397891044617,0.45728087425231934,0.7724297642707825,0.6931415796279907,,,,,,,
657,131599,0.958838939666748,0.4894861578941345,0.81589275598526,0.6930798888206482,,,,,,,
657,131599,,,,,0.6726738810539246,0.5065562725067139,0.9285154938697815,0.9590104222297668,0.49390438199043274,0.8116336464881897,0.6930555701255798
658,131699,0.9539192318916321,0.5097166895866394,0.7907713055610657,0.693137526512146,,,,,,,
658,131799,0.9990566968917847,0.5273059010505676,0.818317174911499,0.6931326389312744,,,,,,,
658,131799,,,,,0.6724979877471924,0.5040229558944702,0.9040987491607666,0.9577094316482544,0.49375468492507935,0.8105096817016602,0.6931099891662598
659,131899,0.937658965587616,0.47328701615333557,0.8109344840049744,0.6931251287460327,,,,,,,
659,131999,0.9324949383735657,0.47809869050979614,0.8009518384933472,0.6931113004684448,,,,,,,
659,131999,,,,,0.6731199622154236,0.5032983422279358,0.9248574376106262,0.9616522192955017,0.49415987730026245,0.8140525221824646,0.6931205987930298
660,132099,0.975246787071228,0.5014301538467407,0.8203809261322021,0.6931285858154297,,,,,,,
660,132199,1.0446407794952393,0.5363756418228149,0.8548229932785034,0.6931158304214478,,,,,,,
660,132199,,,,,0.6724984645843506,0.502768337726593,0.928328275680542,0.9591832756996155,0.49351298809051514,0.8122336864471436,0.6931269764900208
661,132299,0.9227900505065918,0.46421462297439575,0.8051398992538452,0.6931290626525879,,,,,,,
661,132399,1.100852370262146,0.562446653842926,0.8849688768386841,0.693126380443573,,,,,,,
661,132399,,,,,0.6723066568374634,0.5033631324768066,0.9309565424919128,0.954005777835846,0.4936271607875824,0.8069383502006531,0.6931192874908447
662,132499,1.0216398239135742,0.5296945571899414,0.8384820222854614,0.6930736303329468,,,,,,,
662,132599,1.105530858039856,0.563662588596344,0.8884349465370178,0.6931334137916565,,,,,,,
662,132599,,,,,0.6723381280899048,0.502308189868927,0.908573567867279,0.9597672820091248,0.49365657567977905,0.8126767873764038,0.693132221698761
663,132699,0.9337581992149353,0.4802643656730652,0.800048828125,0.6931101083755493,,,,,,,
663,132799,0.8836617469787598,0.45234036445617676,0.7778928875923157,0.693142831325531,,,,,,,
663,132799,,,,,0.6716752052307129,0.5012029409408569,0.9252405762672424,0.9522412419319153,0.49260327219963074,0.80620938539505,0.6931425333023071
664,132899,0.9703970551490784,0.49192339181900024,0.8250445127487183,0.6931418180465698,,,,,,,
664,132999,0.925056517124176,0.4947887063026428,0.7768077850341797,0.6930798292160034,,,,,,,
664,132999,,,,,0.6720084547996521,0.5039929151535034,0.9288771748542786,0.9566128849983215,0.49271872639656067,0.8104484677314758,0.6931089162826538
665,133099,1.0089490413665771,0.5198674201965332,0.8356506824493408,0.6931380033493042,,,,,,,
665,133199,1.0797760486602783,0.5485706925392151,0.8777724504470825,0.6931344270706177,,,,,,,
665,133199,,,,,0.6722762584686279,0.502120852470398,0.902084469795227,0.9556637406349182,0.49311545491218567,0.8091159462928772,0.6931352019309998
666,133299,0.8801795840263367,0.4566875994205475,0.7700642347335815,0.6931444406509399,,,,,,,
666,133399,0.9516493082046509,0.484306663274765,0.813913106918335,0.6931409239768982,,,,,,,
666,133399,,,,,0.6724464893341064,0.5013445019721985,0.9089550971984863,0.9600640535354614,0.4932619035243988,0.8133730292320251,0.6931414604187012
667,133499,0.9980076551437378,0.49281156063079834,0.8517513871192932,0.6931106448173523,,,,,,,
667,133599,0.9974055290222168,0.5114349126815796,0.8325372338294983,0.6931334137916565,,,,,,,
667,133599,,,,,0.6715144515037537,0.5016676187515259,0.9202826023101807,0.9573484063148499,0.49262523651123047,0.8112924098968506,0.6931384205818176
668,133699,0.9750872850418091,0.5031643509864807,0.8184840083122253,0.6931220889091492,,,,,,,
668,133799,0.9394572377204895,0.4822333753108978,0.8037917613983154,0.6931358575820923,,,,,,,
668,133799,,,,,0.6713868379592896,0.5017280578613281,0.9107780456542969,0.9555907249450684,0.4925585985183716,0.8096010088920593,0.6931377053260803
669,133899,1.058892011642456,0.5170363187789917,0.8884198665618896,0.693128228187561,,,,,,,
669,133999,0.9586851596832275,0.504976749420166,0.8002679944038391,0.6931189894676208,,,,,,,
669,133999,,,,,0.6719562411308289,0.5030896067619324,0.9022899270057678,0.9544223546981812,0.49301594495773315,0.8079686164855957,0.6931244134902954
670,134099,1.0090951919555664,0.5293411016464233,0.8263255953788757,0.6931429505348206,,,,,,,
670,134199,0.8366119861602783,0.4248831272125244,0.758294939994812,0.6931321024894714,,,,,,,
670,134199,,,,,0.6719765067100525,0.5028010010719299,0.9037280678749084,0.9548682570457458,0.49313879013061523,0.8082939386367798,0.693129301071167
671,134299,0.9439722299575806,0.47600769996643066,0.8145352005958557,0.6931412220001221,,,,,,,
671,134399,0.9794670343399048,0.4931434690952301,0.8328936696052551,0.6931402087211609,,,,,,,
671,134399,,,,,0.6721119284629822,0.5024092793464661,0.919219970703125,0.9573952555656433,0.49337825179100037,0.8105824589729309,0.6931308507919312
672,134499,0.8496654629707336,0.4267083704471588,0.769525945186615,0.6931377649307251,,,,,,,
672,134599,0.965731143951416,0.49343276023864746,0.8188673257827759,0.6931378245353699,,,,,,,
672,134599,,,,,0.6724044680595398,0.5013532638549805,0.8964174389839172,0.9544238448143005,0.49325647950172424,0.8077379465103149,0.6931412816047668
673,134699,1.0141315460205078,0.5251317024230957,0.8354877233505249,0.6929758787155151,,,,,,,
673,134799,1.012909173965454,0.5209417343139648,0.8384940028190613,0.6930533051490784,,,,,,,
673,134799,,,,,0.6720490455627441,0.5068541765213013,0.9049679636955261,0.9510269165039062,0.49317997694015503,0.8043704628944397,0.6930468082427979
674,134899,0.8835421800613403,0.4700237512588501,0.7600776553153992,0.6931183338165283,,,,,,,
674,134999,1.0246180295944214,0.547415018081665,0.8237466812133789,0.6930873394012451,,,,,,,
674,134999,,,,,0.6725744009017944,0.5051243901252747,0.9313864707946777,0.9580695629119873,0.49390342831611633,0.8107113242149353,0.6930903792381287
675,135099,0.9150608777999878,0.46805262565612793,0.7935696840286255,0.693122923374176,,,,,,,
675,135199,1.139323353767395,0.5677629113197327,0.9181137084960938,0.6931063532829285,,,,,,,
675,135199,,,,,0.6724469065666199,0.5029116272926331,0.9009011387825012,0.9534003734588623,0.49320468306541443,0.806758463382721,0.6931259036064148
676,135299,1.0550566911697388,0.5231746435165405,0.8784147500991821,0.6930654048919678,,,,,,,
676,135399,0.9908112287521362,0.5002672672271729,0.8371151685714722,0.6931423544883728,,,,,,,
676,135399,,,,,0.672054648399353,0.5013353824615479,0.9180949926376343,0.9549551606178284,0.49315133690834045,0.8083745837211609,0.6931414008140564
677,135499,0.9455419778823853,0.48680615425109863,0.8052846193313599,0.6930975914001465,,,,,,,
677,135599,1.0202929973602295,0.5062546133995056,0.8605976700782776,0.6931185722351074,,,,,,,
677,135599,,,,,0.6721389293670654,0.50462806224823,0.9308589100837708,0.9517626762390137,0.49395832419395447,0.8043535947799683,0.693098247051239
678,135699,0.8812767863273621,0.4674296975135803,0.7604164481163025,0.6931387186050415,,,,,,,
678,135799,0.9813584685325623,0.5041354894638062,0.8237931728363037,0.6931403875350952,,,,,,,
678,135799,,,,,0.6721932888031006,0.5017700791358948,0.9041542410850525,0.951322078704834,0.49367907643318176,0.8042117953300476,0.6931378841400146
679,135899,0.9281939268112183,0.4544174075126648,0.8203470706939697,0.6931412220001221,,,,,,,
679,135999,0.9792507290840149,0.5066185593605042,0.8191706538200378,0.6930769681930542,,,,,,,
679,135999,,,,,0.6715806722640991,0.5039213299751282,0.9303815960884094,0.951418936252594,0.4930281341075897,0.804947018623352,0.6931122541427612
680,136099,0.9788868427276611,0.48440662026405334,0.8410491943359375,0.6931379437446594,,,,,,,
680,136199,1.0516926050186157,0.5305208563804626,0.8677281737327576,0.6931129097938538,,,,,,,
680,136199,,,,,0.6716468930244446,0.5042080879211426,0.9025395512580872,0.9548330307006836,0.49292901158332825,0.8084578514099121,0.6931074857711792
681,136299,0.9511691331863403,0.5036018490791321,0.7941318154335022,0.6931291222572327,,,,,,,
681,136399,0.8612666130065918,0.4519791305065155,0.75583815574646,0.6931014060974121,,,,,,,
681,136399,,,,,0.6718838810920715,0.5046380758285522,0.9305104613304138,0.9517159461975098,0.49319928884506226,0.8050668239593506,0.6931001543998718
682,136499,0.9959877133369446,0.5095848441123962,0.832966148853302,0.6931265592575073,,,,,,,
682,136599,0.9618611931800842,0.49537402391433716,0.8130167722702026,0.6930593252182007,,,,,,,
682,136599,,,,,0.6718694567680359,0.5072487592697144,0.9291126132011414,0.9530506134033203,0.4930800795555115,0.8064876794815063,0.6930345296859741
683,136699,0.9972509741783142,0.5073872804641724,0.8364207148551941,0.6931139230728149,,,,,,,
683,136799,1.0163973569869995,0.5339922904968262,0.8289750218391418,0.6931398510932922,,,,,,,
683,136799,,,,,0.6721622943878174,0.5026167631149292,0.89876389503479,0.9540533423423767,0.4935210943222046,0.8070970773696899,0.6931296586990356
684,136899,0.8271387815475464,0.4314380884170532,0.74226975440979,0.6931381225585938,,,,,,,
684,136999,0.9128052592277527,0.48110175132751465,0.7782406210899353,0.6930743455886841,,,,,,,
684,136999,,,,,0.6713205575942993,0.5052472352981567,0.9275082349777222,0.9515402913093567,0.4921109080314636,0.8059720993041992,0.6930851340293884
685,137099,1.0101280212402344,0.516124427318573,0.8405543565750122,0.6931013464927673,,,,,,,
685,137199,0.9280713200569153,0.4663699269294739,0.8082549571990967,0.693107008934021,,,,,,,
685,137199,,,,,0.6714138388633728,0.5031841993331909,0.9333586096763611,0.9498358368873596,0.49240002036094666,0.8039969801902771,0.6931224465370178
686,137299,0.8663989305496216,0.4416155219078064,0.7713536024093628,0.6931402683258057,,,,,,,
686,137399,0.9649367332458496,0.49770668148994446,0.8138022422790527,0.6931442618370056,,,,,,,
686,137399,,,,,0.6720607876777649,0.5012043714523315,0.916462779045105,0.9554415345191956,0.4933340549468994,0.8086788058280945,0.6931425929069519
687,137499,1.1233078241348267,0.5982259511947632,0.8716284036636353,0.6930930614471436,,,,,,,
687,137599,0.9342060089111328,0.4628449082374573,0.8179318308830261,0.693141520023346,,,,,,,
687,137599,,,,,0.6722368001937866,0.5008902549743652,0.9223030209541321,0.9541980028152466,0.49274563789367676,0.8080247640609741,0.6931446194648743
688,137699,1.0839366912841797,0.561841607093811,0.8686653971672058,0.6931406259536743,,,,,,,
688,137799,1.0143399238586426,0.5405009388923645,0.8203503489494324,0.6930228471755981,,,,,,,
688,137799,,,,,0.6721488237380981,0.5077201128005981,0.903577983379364,0.9527884721755981,0.4930998682975769,0.8062013387680054,0.6930253505706787
689,137899,0.9450969696044922,0.474489688873291,0.8171168565750122,0.6930191516876221,,,,,,,
689,137999,1.0006029605865479,0.5116258263587952,0.8355485200881958,0.6931428909301758,,,,,,,
689,137999,,,,,0.6716619729995728,0.5010877847671509,0.9127160310745239,0.9573847651481628,0.4926190972328186,0.8113375902175903,0.6931434869766235
690,138099,1.0687159299850464,0.5480913519859314,0.8671838045120239,0.6931183934211731,,,,,,,
690,138199,1.0115265846252441,0.5013167262077332,0.8567748665809631,0.6931299567222595,,,,,,,
690,138199,,,,,0.6722857356071472,0.5041077733039856,0.9042563438415527,0.9556584358215332,0.49340441823005676,0.8088086247444153,0.6931095719337463
691,138299,1.0809084177017212,0.5662218332290649,0.8612440228462219,0.6931150555610657,,,,,,,
691,138399,0.8815039396286011,0.4481273591518402,0.7799469828605652,0.6931408047676086,,,,,,,
691,138399,,,,,0.6717615723609924,0.5012912750244141,0.9094929695129395,0.9528216123580933,0.4928440451622009,0.8065487742424011,0.6931424140930176
692,138499,0.82286536693573,0.44474300742149353,0.7246899008750916,0.6931350231170654,,,,,,,
692,138599,0.9570541381835938,0.5158284902572632,0.7877657413482666,0.6930801868438721,,,,,,,
692,138599,,,,,0.6715894341468811,0.5051236152648926,0.9059431552886963,0.9492778182029724,0.492852121591568,0.8029707074165344,0.6930899024009705
693,138699,0.8591083884239197,0.437258780002594,0.7684028744697571,0.6931065320968628,,,,,,,
693,138799,1.0299277305603027,0.5299633741378784,0.8465337753295898,0.6931389570236206,,,,,,,
693,138799,,,,,0.6713203191757202,0.5012430548667908,0.9038779735565186,0.9526340961456299,0.4922717213630676,0.8069334030151367,0.6931422352790833
694,138899,0.9024726748466492,0.4646822512149811,0.7843325734138489,0.6930843591690063,,,,,,,
694,138999,0.9008789658546448,0.47442519664764404,0.7730252146720886,0.6931427717208862,,,,,,,
694,138999,,,,,0.6726536750793457,0.5014535784721375,0.9214954972267151,0.9557861685752869,0.4931641221046448,0.8091926574707031,0.6931411623954773
695,139099,0.8239181041717529,0.42590707540512085,0.7445824146270752,0.6931429505348206,,,,,,,
695,139199,0.8972663879394531,0.4679277539253235,0.7759098410606384,0.6931424140930176,,,,,,,
695,139199,,,,,0.6711668372154236,0.5019126534461975,0.9105039834976196,0.945641040802002,0.4920501708984375,0.8001592755317688,0.693136990070343
696,139299,0.900824248790741,0.4944804608821869,0.7529146671295166,0.6931418180465698,,,,,,,
696,139399,1.017704725265503,0.5398800373077393,0.8243889212608337,0.6931287050247192,,,,,,,
696,139399,,,,,0.6717333793640137,0.5027774572372437,0.9229651689529419,0.9489012360572815,0.4924248456954956,0.8030405640602112,0.6931282877922058
697,139499,0.8858928680419922,0.4406142234802246,0.7918427586555481,0.6931281089782715,,,,,,,
697,139599,0.963103175163269,0.5180639028549194,0.7916111350059509,0.6931435465812683,,,,,,,
697,139599,,,,,0.67165207862854,0.5012268424034119,0.9108583331108093,0.9534564018249512,0.4927656650543213,0.8072620630264282,0.6931425333023071
698,139699,0.9390853047370911,0.49979984760284424,0.7858457565307617,0.6931205987930298,,,,,,,
698,139799,0.8385363817214966,0.4476785361766815,0.737423837184906,0.6931318640708923,,,,,,,
698,139799,,,,,0.6714652180671692,0.5016592144966125,0.9092557430267334,0.9495906829833984,0.4924883246421814,0.8036717772483826,0.6931385397911072
699,139899,0.9329131245613098,0.4856990873813629,0.7937849164009094,0.6931418180465698,,,,,,,
699,139999,0.9601711630821228,0.5107651948928833,0.7959777116775513,0.6931434869766235,,,,,,,
699,139999,,,,,0.6716815829277039,0.5009172558784485,0.9090874791145325,0.9491267204284668,0.49258100986480713,0.8031178116798401,0.6931444406509399
700,140099,0.9679499268531799,0.4944697320461273,0.8200506567955017,0.6931408643722534,,,,,,,
700,140199,1.006203055381775,0.5291434526443481,0.8236278891563416,0.6931363940238953,,,,,,,
700,140199,,,,,0.6716887950897217,0.501258373260498,0.908635139465332,0.9514355659484863,0.49280717968940735,0.8051995038986206,0.6931418776512146
701,140299,0.9640666842460632,0.5073997378349304,0.803227961063385,0.6931220293045044,,,,,,,
701,140399,0.9571452140808105,0.49616074562072754,0.8075559735298157,0.6931428909301758,,,,,,,
701,140399,,,,,0.6717000603675842,0.5015622973442078,0.9215724468231201,0.9502397775650024,0.4928330183029175,0.8039767742156982,0.6931399703025818
702,140499,1.0203301906585693,0.5416463613510132,0.8252555727958679,0.6931434869766235,,,,,,,
702,140599,0.8603930473327637,0.46082496643066406,0.7461379766464233,0.6931398510932922,,,,,,,
702,140599,,,,,0.6716524362564087,0.5016070604324341,0.9238317608833313,0.9459328055381775,0.4923713505268097,0.80013108253479,0.6931396126747131
703,140699,0.9704996347427368,0.5053068399429321,0.8117055892944336,0.6930255889892578,,,,,,,
703,140799,1.1117926836013794,0.5640382766723633,0.8943228125572205,0.6931369304656982,,,,,,,
703,140799,,,,,0.6722382307052612,0.5026364922523499,0.9318292140960693,0.9497612714767456,0.49266529083251953,0.8036600351333618,0.6931283473968506
704,140899,0.8623858094215393,0.45633751153945923,0.7526183128356934,0.693139910697937,,,,,,,
704,140999,0.9735849499702454,0.5162877440452576,0.8038676977157593,0.6931408643722534,,,,,,,
704,140999,,,,,0.6716938018798828,0.5011914968490601,0.9184258580207825,0.9476473927497864,0.49268651008605957,0.8015322089195251,0.6931425929069519
705,141099,0.9436826705932617,0.500530481338501,0.7897181510925293,0.6931319832801819,,,,,,,
705,141199,0.9181880950927734,0.4749486446380615,0.7897948026657104,0.6931107044219971,,,,,,,
705,141199,,,,,0.671820878982544,0.5033646821975708,0.9030328392982483,0.9521628022193909,0.4922215938568115,0.8065015077590942,0.6931210160255432
706,141299,0.8809337019920349,0.46540147066116333,0.7620754837989807,0.6930865049362183,,,,,,,
706,141399,1.015132188796997,0.5388179421424866,0.8228700160980225,0.6931115388870239,,,,,,,
706,141399,,,,,0.6712443828582764,0.5043439269065857,0.9055545330047607,0.9507995843887329,0.4921073913574219,0.8052449822425842,0.6931058764457703
707,141499,1.0274150371551514,0.5247368812561035,0.8492491245269775,0.6931418776512146,,,,,,,
707,141599,0.9536930918693542,0.4944811463356018,0.8057809472084045,0.6931380033493042,,,,,,,
707,141599,,,,,0.6715717911720276,0.5017408728599548,0.9030534029006958,0.947474479675293,0.49238064885139465,0.8016631007194519,0.6931387186050415
708,141699,1.0889325141906738,0.5647940635681152,0.8707069158554077,0.6931369304656982,,,,,,,
708,141799,1.007901906967163,0.5156201124191284,0.8388512134552002,0.693138837814331,,,,,,,
708,141799,,,,,0.6716786623001099,0.5018622875213623,0.9027386903762817,0.9497234225273132,0.4921930730342865,0.8040992021560669,0.6931372880935669
709,141899,0.9780334830284119,0.5146958231925964,0.8098877668380737,0.693100094795227,,,,,,,
709,141999,0.9429358243942261,0.5023066401481628,0.787200391292572,0.6931424736976624,,,,,,,
709,141999,,,,,0.6711272597312927,0.5011292695999146,0.9130787253379822,0.946943998336792,0.49227553606033325,0.801240086555481,0.6931432485580444
710,142099,1.0805892944335938,0.5531274080276489,0.8740269541740417,0.6931301355361938,,,,,,,
710,142199,0.9225366711616516,0.4813395142555237,0.7877543568611145,0.6931143999099731,,,,,,,
710,142199,,,,,0.671412467956543,0.5034399628639221,0.9265905618667603,0.9474055171012878,0.491922527551651,0.8020423650741577,0.6931185722351074
711,142299,0.9335558414459229,0.4984973967075348,0.7816287279129028,0.6931405067443848,,,,,,,
711,142399,0.873957097530365,0.4428935647010803,0.7776340842247009,0.6931411027908325,,,,,,,
711,142399,,,,,0.6716213822364807,0.5014454126358032,0.9195225834846497,0.9458246231079102,0.49224063754081726,0.8001539707183838,0.6931402087211609
712,142499,0.9130287170410156,0.47308430075645447,0.7864890694618225,0.6930892467498779,,,,,,,
712,142599,0.8717480897903442,0.4518885016441345,0.7664279937744141,0.693136990070343,,,,,,,
712,142599,,,,,0.6713380217552185,0.5010391473770142,0.9113178849220276,0.9486819505691528,0.4921067953109741,0.8031470775604248,0.6931438446044922
713,142699,0.9888032674789429,0.5150850415229797,0.8202901482582092,0.6931437849998474,,,,,,,
713,142799,1.0044602155685425,0.5156350135803223,0.8353796005249023,0.6931087970733643,,,,,,,
713,142799,,,,,0.6711496710777283,0.503665030002594,0.9299837350845337,0.9498907923698425,0.49195221066474915,0.8044960498809814,0.6931150555610657
714,142899,0.8708201050758362,0.46304386854171753,0.7543256282806396,0.6930989027023315,,,,,,,
714,142999,0.8437172174453735,0.43863606452941895,0.7516430616378784,0.6931237578392029,,,,,,,
714,142999,,,,,0.6711018681526184,0.502230167388916,0.9049441814422607,0.9496209025382996,0.49177733063697815,0.8044102191925049,0.6931332945823669
715,143099,1.0006674528121948,0.5093697309494019,0.8378623127937317,0.693129301071167,,,,,,,
715,143199,0.9689785242080688,0.49261024594306946,0.8229406476020813,0.6931447386741638,,,,,,,
715,143199,,,,,0.6717374324798584,0.5009453892707825,0.9200141429901123,0.9492445588111877,0.49209773540496826,0.8037192821502686,0.6931443810462952
716,143299,0.9842392206192017,0.4897499084472656,0.8410617113113403,0.6931447982788086,,,,,,,
716,143399,0.8966997861862183,0.46143853664398193,0.7818335294723511,0.6931445598602295,,,,,,,
716,143399,,,,,0.6713839173316956,0.5009103417396545,0.9071701169013977,0.9506442546844482,0.49215686321258545,0.8050594925880432,0.6931443810462952
717,143499,0.957146942615509,0.488706111907959,0.8150025010108948,0.6931232213973999,,,,,,,
717,143599,0.914441704750061,0.46995285153388977,0.7910590767860413,0.6931405663490295,,,,,,,
717,143599,,,,,0.6710590124130249,0.5013573169708252,0.9225423336029053,0.9468995332717896,0.4920567572116852,0.8014134168624878,0.693141758441925
718,143699,0.9234243631362915,0.4812871813774109,0.7887081503868103,0.6931419372558594,,,,,,,
718,143799,1.04804527759552,0.5478876829147339,0.846726655960083,0.693138062953949,,,,,,,
718,143799,,,,,0.6715664267539978,0.5014486908912659,0.9052835702896118,0.949849009513855,0.4924439489841461,0.8039754629135132,0.6931408643722534
719,143899,0.9651045203208923,0.4802478551864624,0.8314282298088074,0.6931430101394653,,,,,,,
719,143999,0.9741511344909668,0.5142364501953125,0.8064873814582825,0.6931452751159668,,,,,,,
719,143999,,,,,0.6712715029716492,0.5010067820549011,0.9161238670349121,0.9454994201660156,0.49181774258613586,0.8002534508705139,0.6931440234184265
720,144099,1.0427184104919434,0.5077440738677979,0.881528913974762,0.6931091547012329,,,,,,,
720,144199,0.9618520140647888,0.4803107976913452,0.8281076550483704,0.6931329965591431,,,,,,,
720,144199,,,,,0.6706280708312988,0.5020525455474854,0.9014529585838318,0.9453686475753784,0.4914382994174957,0.8004981279373169,0.6931360960006714
721,144299,0.915835440158844,0.47874948382377625,0.7836531400680542,0.6931344270706177,,,,,,,
721,144399,0.9526249170303345,0.4940266013145447,0.8051354289054871,0.6930742263793945,,,,,,,
721,144399,,,,,0.6710501313209534,0.5055931210517883,0.9267992973327637,0.9461807608604431,0.49145063757896423,0.8012699484825134,0.6930797696113586
722,144499,1.0537887811660767,0.5360618233680725,0.8642982840538025,0.6931426525115967,,,,,,,
722,144599,1.0221524238586426,0.5185577869415283,0.8501612544059753,0.6931334733963013,,,,,,,
722,144599,,,,,0.6712237596511841,0.5020855665206909,0.9240100383758545,0.950690507888794,0.491964191198349,0.8052942156791687,0.6931354999542236
723,144699,0.88041090965271,0.46095991134643555,0.7660114169120789,0.6931210160255432,,,,,,,
723,144799,0.9900343418121338,0.5053348541259766,0.8312556147575378,0.6931123733520508,,,,,,,
723,144799,,,,,0.6705477237701416,0.5031474828720093,0.9039904475212097,0.9472742080688477,0.49143239855766296,0.8024036884307861,0.6931236982345581
724,144899,0.9173803925514221,0.4745350182056427,0.7894061207771301,0.6931215524673462,,,,,,,
724,144999,0.9176348447799683,0.48494774103164673,0.779235303401947,0.6930964589118958,,,,,,,
724,144999,,,,,0.6708234548568726,0.5052719712257385,0.9029963612556458,0.9430779814720154,0.49128735065460205,0.7983356714248657,0.6930898427963257
725,145099,0.9228491187095642,0.48747044801712036,0.7819508910179138,0.6931444406509399,,,,,,,
725,145199,0.9903533458709717,0.5117868781089783,0.8251305818557739,0.6931281089782715,,,,,,,
725,145199,,,,,0.6714872121810913,0.5023924708366394,0.9294089078903198,0.9500285387039185,0.49230602383613586,0.8042890429496765,0.6931331753730774
726,145299,0.9487690329551697,0.4899517297744751,0.8053789138793945,0.6931232213973999,,,,,,,
726,145399,1.0607715845108032,0.5473372936248779,0.8600022792816162,0.6931359767913818,,,,,,,
726,145399,,,,,0.6708225011825562,0.5015890598297119,0.9042733311653137,0.9443249702453613,0.49144187569618225,0.7994531989097595,0.6931399703025818
727,145499,0.867553174495697,0.4205649495124817,0.7935554385185242,0.6931344270706177,,,,,,,
727,145599,1.0006623268127441,0.5233126282691956,0.8239120244979858,0.6931247711181641,,,,,,,
727,145599,,,,,0.6709105968475342,0.5029354095458984,0.9238991737365723,0.948442816734314,0.49121373891830444,0.8037911653518677,0.6931242346763611
728,145699,0.9743256568908691,0.5073747634887695,0.8135207891464233,0.6931398510932922,,,,,,,
728,145799,1.0290405750274658,0.5257607698440552,0.8498489260673523,0.6931382417678833,,,,,,,
728,145799,,,,,0.6711695790290833,0.5017713308334351,0.9153829216957092,0.9464651346206665,0.4918760657310486,0.8011583089828491,0.6931382417678833
729,145899,0.895706832408905,0.45978742837905884,0.7824908494949341,0.6931430101394653,,,,,,,
729,145999,1.0346052646636963,0.5422321557998657,0.8389440774917603,0.6931418180465698,,,,,,,
729,145999,,,,,0.6709603071212769,0.5011669397354126,0.9288185834884644,0.9448355436325073,0.4918052852153778,0.7996016144752502,0.6931428909301758
730,146099,0.9741487503051758,0.5151622295379639,0.8055545687675476,0.6931362152099609,,,,,,,
730,146199,0.8528741598129272,0.44028282165527344,0.7591622471809387,0.693141758441925,,,,,,,
730,146199,,,,,0.6703976988792419,0.5012359023094177,0.9253876209259033,0.946458101272583,0.49089497327804565,0.8021345734596252,0.6931424140930176
731,146299,0.9137992858886719,0.47609278559684753,0.7842614650726318,0.6931100487709045,,,,,,,
731,146399,0.9669967889785767,0.495040625333786,0.8185267448425293,0.6931412816047668,,,,,,,
731,146399,,,,,0.6711435317993164,0.5017080307006836,0.9227553009986877,0.9469854831695557,0.49165117740631104,0.8019036054611206,0.6931383609771729
732,146499,0.8857070207595825,0.46433818340301514,0.7679400444030762,0.6931424140930176,,,,,,,
732,146599,0.9628157615661621,0.5011431574821472,0.8082441687583923,0.6931431293487549,,,,,,,
732,146599,,,,,0.6705728769302368,0.5010095238685608,0.9115709066390991,0.9427985548973083,0.4912232756614685,0.7981470227241516,0.693143904209137
733,146699,0.8988160490989685,0.4666101932525635,0.778775155544281,0.6931387186050415,,,,,,,
733,146799,0.9503583908081055,0.49174410104751587,0.805186927318573,0.6931452751159668,,,,,,,
733,146799,,,,,0.6707083582878113,0.5008536577224731,0.9112433195114136,0.9427050352096558,0.4914880394935608,0.7977895736694336,0.6931447982788086
734,146899,0.9699689149856567,0.5100772380828857,0.8064567446708679,0.6931301951408386,,,,,,,
734,146999,0.8011640310287476,0.427365243434906,0.7203512191772461,0.6931050419807434,,,,,,,
734,146999,,,,,0.6710753440856934,0.5049821138381958,0.9038400650024414,0.9451768398284912,0.491581529378891,0.8001419901847839,0.6930932998657227
735,147099,1.0651180744171143,0.5252426862716675,0.8864454627037048,0.6931401491165161,,,,,,,
735,147199,1.0209904909133911,0.523740291595459,0.8437725901603699,0.693044900894165,,,,,,,
735,147199,,,,,0.6714732050895691,0.5075082182884216,0.9306433200836182,0.9503339529037476,0.49255290627479553,0.8042960166931152,0.6930298209190369
736,147299,0.9362934827804565,0.48526862263679504,0.7975666522979736,0.6930835247039795,,,,,,,
736,147399,0.941473126411438,0.4949159026145935,0.7931262254714966,0.6931378841400146,,,,,,,
736,147399,,,,,0.6711794137954712,0.5016681551933289,0.9192826151847839,0.9469938278198242,0.4916433095932007,0.8019202351570129,0.6931393146514893
737,147499,1.0186536312103271,0.5146504640579224,0.850573718547821,0.693140983581543,,,,,,,
737,147599,1.025496244430542,0.5393624305725098,0.8327051401138306,0.6931425333023071,,,,,,,
737,147599,,,,,0.6712421178817749,0.5016213655471802,0.9122452139854431,0.9477760195732117,0.4919939935207367,0.8023520112037659,0.6931397318840027
738,147699,1.0047879219055176,0.5292965173721313,0.8220596313476562,0.6931363344192505,,,,,,,
738,147799,0.9514369368553162,0.49977049231529236,0.798222005367279,0.6931110620498657,,,,,,,
738,147799,,,,,0.672193169593811,0.5039241909980774,0.9039328694343567,0.9489986896514893,0.49291321635246277,0.8026418685913086,0.6931129693984985
739,147899,0.9308379888534546,0.48282521963119507,0.7945791482925415,0.6931326389312744,,,,,,,
739,147999,1.017591953277588,0.5243180990219116,0.8398455381393433,0.693143367767334,,,,,,,
739,147999,,,,,0.6716028451919556,0.5012906193733215,0.9086903929710388,0.9476774334907532,0.49200838804244995,0.8022400140762329,0.6931418180465698
740,148099,0.9728667736053467,0.5124306678771973,0.8069949150085449,0.693117618560791,,,,,,,
740,148199,1.0483732223510742,0.5202964544296265,0.8746488690376282,0.6931444406509399,,,,,,,
740,148199,,,,,0.6710712909698486,0.5010378360748291,0.9242498874664307,0.9453485608100891,0.49208641052246094,0.7998340725898743,0.693143904209137
741,148299,0.9172621965408325,0.49216967821121216,0.7716608047485352,0.6931365132331848,,,,,,,
741,148399,0.9557154774665833,0.4853644371032715,0.816918134689331,0.6931341886520386,,,,,,,
741,148399,,,,,0.6709961295127869,0.502867579460144,0.9291783571243286,0.9454183578491211,0.491743266582489,0.8002393245697021,0.6931281089782715
742,148499,0.993960440158844,0.5084692239761353,0.832057774066925,0.6931332349777222,,,,,,,
742,148599,0.9039328694343567,0.45711684226989746,0.7933876514434814,0.6931432485580444,,,,,,,
742,148599,,,,,0.6710672974586487,0.5014575123786926,0.9121873378753662,0.9437453150749207,0.4915235638618469,0.79879230260849,0.6931411027908325
743,148699,0.8900794982910156,0.46725451946258545,0.7693870663642883,0.6931242942810059,,,,,,,
743,148799,1.0259231328964233,0.5485491752624512,0.823943018913269,0.693138062953949,,,,,,,
743,148799,,,,,0.6705842018127441,0.5023636221885681,0.9313023686408997,0.9411736130714417,0.491481751203537,0.7962586879730225,0.6931338310241699
744,148899,1.029242992401123,0.5280095934867859,0.8478042483329773,0.6931416392326355,,,,,,,
744,148999,1.012594223022461,0.5264054536819458,0.8327526450157166,0.6931276321411133,,,,,,,
744,148999,,,,,0.6714075803756714,0.5026472806930542,0.9248273968696594,0.9489288330078125,0.492012083530426,0.8034815192222595,0.6931297183036804
745,149099,0.9386113882064819,0.49286949634552,0.7923091650009155,0.693134605884552,,,,,,,
745,149199,0.9221394658088684,0.46988433599472046,0.7988278269767761,0.6931453943252563,,,,,,,
745,149199,,,,,0.670791745185852,0.500862717628479,0.9110634326934814,0.9456201791763306,0.49159863591194153,0.8005939722061157,0.6931448578834534
746,149299,0.9140418171882629,0.4909975826740265,0.7695883512496948,0.693088173866272,,,,,,,
746,149399,0.9564145803451538,0.5095186233520508,0.7934675216674805,0.6931431293487549,,,,,,,
746,149399,,,,,0.6707951426506042,0.5007859468460083,0.9140526056289673,0.9412947297096252,0.49156689643859863,0.7963002920150757,0.693145215511322
747,149499,1.0758417844772339,0.5544661283493042,0.867939829826355,0.6931283473968506,,,,,,,
747,149599,0.9254536628723145,0.4765963852405548,0.7954192161560059,0.6931237578392029,,,,,,,
747,149599,,,,,0.6711704730987549,0.5036739706993103,0.9013745188713074,0.9439960718154907,0.49167343974113464,0.7988817095756531,0.6931180953979492
748,149699,0.9219181537628174,0.4770206809043884,0.7914382815361023,0.6930816173553467,,,,,,,
748,149799,1.0236515998840332,0.5380165576934814,0.8322038054466248,0.693137526512146,,,,,,,
748,149799,,,,,0.6708759665489197,0.5019907355308533,0.9302425980567932,0.9451624155044556,0.4917374551296234,0.799993634223938,0.6931373476982117
749,149899,1.0026384592056274,0.5177042484283447,0.8315052390098572,0.6931421756744385,,,,,,,
749,149999,0.9924076795578003,0.5085662603378296,0.8304109573364258,0.6931390762329102,,,,,,,
749,149999,,,,,0.6706991195678711,0.501168966293335,0.9171598553657532,0.944149374961853,0.4914172887802124,0.7993034720420837,0.6931431293487549
750,150099,0.9121119976043701,0.46858444809913635,0.7900970578193665,0.6931390762329102,,,,,,,
750,150199,0.9652044177055359,0.49054867029190063,0.8211972117424011,0.6930829286575317,,,,,,,
750,150199,,,,,0.6705269813537598,0.5061545968055725,0.9027724266052246,0.944441556930542,0.4912162125110626,0.7997568845748901,0.6930632591247559
751,150299,0.9278447031974792,0.4874401092529297,0.7869754433631897,0.6931415796279907,,,,,,,
751,150399,0.9393196105957031,0.4861769378185272,0.7997086048126221,0.6931319832801819,,,,,,,
751,150399,,,,,0.6704643964767456,0.5029758214950562,0.903789758682251,0.9423314332962036,0.4910217225551605,0.797873318195343,0.6931272149085999
752,150499,0.9365375638008118,0.4994896650314331,0.7836148142814636,0.6931337118148804,,,,,,,
752,150599,0.9156708121299744,0.47768378257751465,0.7845346927642822,0.693095326423645,,,,,,,
752,150599,,,,,0.670941174030304,0.503929078578949,0.9266087412834167,0.9480898380279541,0.49140027165412903,0.8032463788986206,0.6931140422821045
753,150699,0.9729304313659668,0.5239510536193848,0.7955456376075745,0.6931324601173401,,,,,,,
753,150799,0.8867629766464233,0.4559631049633026,0.7773517966270447,0.6931037902832031,,,,,,,
753,150799,,,,,0.6710045337677002,0.5048946738243103,0.9045507907867432,0.9431949853897095,0.4920521080493927,0.7976901531219482,0.6930945515632629
754,150899,1.0569581985473633,0.5591297149658203,0.8444004654884338,0.6931437253952026,,,,,,,
754,150999,0.9002596735954285,0.4719669222831726,0.7748621702194214,0.6931387186050415,,,,,,,
754,150999,,,,,0.6707411408424377,0.501778244972229,0.9198588132858276,0.9448903203010559,0.4912581741809845,0.8002016544342041,0.6931388974189758
755,151099,0.9717189073562622,0.49221235513687134,0.826077938079834,0.6931426525115967,,,,,,,
755,151199,0.9325652122497559,0.49167612195014954,0.7874552011489868,0.6931321024894714,,,,,,,
755,151199,,,,,0.6710652112960815,0.5029699206352234,0.9045829772949219,0.9434897303581238,0.4915361702442169,0.7985165119171143,0.6931257843971252
756,151299,0.9800055623054504,0.5169565677642822,0.8095986247062683,0.6930993795394897,,,,,,,
756,151399,1.0149439573287964,0.5181490182876587,0.8433650135993958,0.6931402683258057,,,,,,,
756,151399,,,,,0.6705394387245178,0.5012136101722717,0.9019252061843872,0.9405661821365356,0.4911331534385681,0.7960046529769897,0.6931431889533997
757,151499,1.0714821815490723,0.5503048300743103,0.8677489757537842,0.693143367767334,,,,,,,
757,151599,0.9419035315513611,0.5028138160705566,0.7856613993644714,0.6931434869766235,,,,,,,
757,151599,,,,,0.6706979870796204,0.501444935798645,0.9206582307815552,0.9421058297157288,0.4912172555923462,0.7974591255187988,0.6931412816047668
758,151699,0.9734499454498291,0.5124053359031677,0.8076089024543762,0.6931286454200745,,,,,,,
758,151799,0.8196454644203186,0.418651819229126,0.7475621104240417,0.6931370496749878,,,,,,,
758,151799,,,,,0.6713132262229919,0.5022261738777161,0.9068584442138672,0.9427273273468018,0.49216562509536743,0.7971291542053223,0.6931353211402893
759,151899,0.955549955368042,0.5007102489471436,0.8014105558395386,0.6931416392326355,,,,,,,
759,151999,0.8713551759719849,0.46940624713897705,0.74852055311203,0.6931431293487549,,,,,,,
759,151999,,,,,0.6707451939582825,0.5008975267410278,0.9213060736656189,0.9405436515808105,0.49145400524139404,0.7956618666648865,0.693144679069519
760,152099,1.053934097290039,0.546657145023346,0.853848934173584,0.6931439638137817,,,,,,,
760,152199,0.9238078594207764,0.4812874495983124,0.7890819311141968,0.6931230425834656,,,,,,,
760,152199,,,,,0.6711744070053101,0.5025203824043274,0.9261538982391357,0.9453880190849304,0.4917447865009308,0.8002092242240906,0.6931320428848267
761,152299,0.9537675380706787,0.5052871704101562,0.7950440645217896,0.6931273341178894,,,,,,,
761,152399,1.024644374847412,0.5159597992897034,0.8552505373954773,0.6931320428848267,,,,,,,
761,152399,,,,,0.6707300543785095,0.5030747056007385,0.9263059496879578,0.9414678812026978,0.49099311232566833,0.7970378398895264,0.6931260228157043
762,152499,0.9883327484130859,0.49893736839294434,0.8359678983688354,0.6931449770927429,,,,,,,
762,152599,0.8685333728790283,0.46836626529693604,0.7467285990715027,0.6931228637695312,,,,,,,
762,152599,,,,,0.6710342764854431,0.5038434267044067,0.9028388261795044,0.9446499347686768,0.49185657501220703,0.7993499636650085,0.693112850189209
763,152699,0.8722705841064453,0.4292532801628113,0.7895864844322205,0.6931383013725281,,,,,,,
763,152799,0.9809058904647827,0.49943655729293823,0.8280378580093384,0.6931369304656982,,,,,,,
763,152799,,,,,0.6708473563194275,0.5015696883201599,0.9116294384002686,0.938910722732544,0.49136030673980713,0.7941202521324158,0.6931396722793579
764,152899,0.9078882932662964,0.47631627321243286,0.7781435251235962,0.6931431293487549,,,,,,,
764,152999,0.8838226199150085,0.46079468727111816,0.76954585313797,0.6930357217788696,,,,,,,
764,152999,,,,,0.6705202460289001,0.5072742700576782,0.9044612050056458,0.9395780563354492,0.49118146300315857,0.7949156761169434,0.6930387616157532
765,153099,0.9650592803955078,0.5191053748130798,0.7925123572349548,0.6931169033050537,,,,,,,
765,153199,0.936099112033844,0.5005753636360168,0.7820956110954285,0.6931437253952026,,,,,,,
765,153199,,,,,0.6709412932395935,0.5009440183639526,0.9237837195396423,0.9405343532562256,0.49164944887161255,0.7954569458961487,0.6931444406509399
766,153299,1.0026874542236328,0.5294235944747925,0.819835901260376,0.6931440830230713,,,,,,,
766,153399,0.9597764611244202,0.5018147230148315,0.8045223951339722,0.6931213140487671,,,,,,,
766,153399,,,,,0.6712390184402466,0.5039094686508179,0.9025989174842834,0.9436274170875549,0.4918316900730133,0.7983521819114685,0.6931132674217224
767,153499,0.9269421696662903,0.4730731248855591,0.8004267811775208,0.6931155920028687,,,,,,,
767,153599,0.8217617273330688,0.4391824007034302,0.7291426062583923,0.6931264400482178,,,,,,,
767,153599,,,,,0.6711118817329407,0.5036493539810181,0.9279492497444153,0.9443891048431396,0.49166494607925415,0.7992829084396362,0.6931175589561462
768,153699,0.9562335014343262,0.5043028593063354,0.7984895706176758,0.6931179165840149,,,,,,,
768,153799,0.9839211106300354,0.50909423828125,0.8213793635368347,0.6931051015853882,,,,,,,
768,153799,,,,,0.6709641814231873,0.5048511028289795,0.9040348529815674,0.9469887018203735,0.49179065227508545,0.8017457723617554,0.6930954456329346
769,153899,1.073462724685669,0.5490397214889526,0.8709531426429749,0.6930602788925171,,,,,,,
769,153999,0.9031308889389038,0.4812418520450592,0.7684413194656372,0.6931045651435852,,,,,,,
769,153999,,,,,0.6708514094352722,0.5038518905639648,0.9039410352706909,0.9412832856178284,0.4914136826992035,0.7964268326759338,0.6931145787239075
770,154099,0.8844767808914185,0.46407070755958557,0.7669757604598999,0.6931393146514893,,,,,,,
770,154199,0.9716736674308777,0.5050392150878906,0.8132052421569824,0.6931415796279907,,,,,,,
770,154199,,,,,0.6707420349121094,0.5010268092155457,0.8976190686225891,0.9409604072570801,0.4913594126701355,0.7961729168891907,0.6931439638137817
771,154299,0.8793932199478149,0.4501432180404663,0.7758146524429321,0.693129301071167,,,,,,,
771,154399,0.8782310485839844,0.46439051628112793,0.76041179895401,0.6931424140930176,,,,,,,
771,154399,,,,,0.6706788539886475,0.5010049343109131,0.9150508046150208,0.9412959218025208,0.4914911389350891,0.7963765859603882,0.6931440234184265
772,154499,0.9178426265716553,0.4763891100883484,0.7880237698554993,0.6931405067443848,,,,,,,
772,154599,0.8083856105804443,0.43190982937812805,0.7230464220046997,0.6931412816047668,,,,,,,
772,154599,,,,,0.6710643172264099,0.5011631846427917,0.9123863577842712,0.9426898956298828,0.49168115854263306,0.7975801825523376,0.6931431293487549
773,154699,0.9386969804763794,0.48853880167007446,0.796729326248169,0.6931421160697937,,,,,,,
773,154799,1.049519419670105,0.5166324377059937,0.8794596195220947,0.6931453347206116,,,,,,,
773,154799,,,,,0.6711820363998413,0.5009633302688599,0.9143977165222168,0.9409176111221313,0.4915125370025635,0.7959773540496826,0.6931443214416504
774,154899,1.030709981918335,0.5280826091766357,0.8491995930671692,0.6931444406509399,,,,,,,
774,154999,0.9868614077568054,0.5183874368667603,0.8150444030761719,0.6931408643722534,,,,,,,
774,154999,,,,,0.6704869866371155,0.5017381906509399,0.923620343208313,0.9388722777366638,0.49087023735046387,0.7945715188980103,0.6931390166282654
775,155099,1.001118779182434,0.5226146578788757,0.8250628709793091,0.6931173801422119,,,,,,,
775,155199,0.9915400147438049,0.5125669836997986,0.8255437016487122,0.6931413412094116,,,,,,,
775,155199,,,,,0.6708161234855652,0.5011804103851318,0.9208238124847412,0.9404907822608948,0.49136966466903687,0.7956926226615906,0.6931425929069519
776,155299,0.898773193359375,0.4657421112060547,0.7796021103858948,0.6931419372558594,,,,,,,
776,155399,0.9154020547866821,0.4745822846889496,0.7873840928077698,0.6931285858154297,,,,,,,
776,155399,,,,,0.6707211136817932,0.5023865103721619,0.9284240007400513,0.9411981701850891,0.4915396273136139,0.7962243556976318,0.6931310892105103
777,155499,1.0222828388214111,0.5250287055969238,0.8438270092010498,0.693145751953125,,,,,,,
777,155599,0.990046501159668,0.4978189468383789,0.8387989401817322,0.6931428909301758,,,,,,,
777,155599,,,,,0.6706084609031677,0.5012779235839844,0.9201066493988037,0.9404208064079285,0.49108150601387024,0.7959104776382446,0.6931421756744385
778,155699,1.0195693969726562,0.536255419254303,0.8298224210739136,0.6930168867111206,,,,,,,
778,155799,0.9565029144287109,0.4921479821205139,0.8109027147293091,0.6930956840515137,,,,,,,
778,155799,,,,,0.6707615852355957,0.5054334998130798,0.9036685228347778,0.9415341019630432,0.4914744794368744,0.7966024279594421,0.6930854320526123
779,155899,0.941585898399353,0.5018167495727539,0.7863410115242004,0.6931436657905579,,,,,,,
779,155999,0.9427952766418457,0.49557995796203613,0.7937830090522766,0.6931353211402893,,,,,,,
779,155999,,,,,0.6707250475883484,0.502163290977478,0.9015507698059082,0.9413518905639648,0.49109920859336853,0.7968209981918335,0.6931360960006714
780,156099,0.8196802139282227,0.43804073333740234,0.728204607963562,0.6931301951408386,,,,,,,
780,156199,0.9286657571792603,0.5090712904930115,0.7661663889884949,0.6931438446044922,,,,,,,
780,156199,,,,,0.6707157492637634,0.5008771419525146,0.9095031023025513,0.9404492974281311,0.49094006419181824,0.7960816025733948,0.6931447386741638
781,156299,0.9684597253799438,0.5052059888839722,0.8098249435424805,0.6931424140930176,,,,,,,
781,156399,0.908384382724762,0.4911858141422272,0.7637683153152466,0.6931394338607788,,,,,,,
781,156399,,,,,0.6706280708312988,0.5020840167999268,0.9247298240661621,0.9399965405464172,0.49141255021095276,0.795152485370636,0.6931368112564087
782,156499,0.9330396056175232,0.4913445711135864,0.788257896900177,0.69312584400177,,,,,,,
782,156599,0.9121696352958679,0.481823205947876,0.7769148349761963,0.6931368112564087,,,,,,,
782,156599,,,,,0.6703796982765198,0.5016529560089111,0.9262160658836365,0.9369180202484131,0.4908476769924164,0.7926401495933533,0.6931395530700684
783,156699,0.87007737159729,0.4418184757232666,0.7748309969902039,0.6931443214416504,,,,,,,
783,156799,0.8612103462219238,0.44762122631073,0.7601594924926758,0.6931406855583191,,,,,,,
783,156799,,,,,0.6705065369606018,0.5009409785270691,0.927491307258606,0.9392637610435486,0.4910438358783722,0.794792115688324,0.6931443214416504
784,156899,0.9664300084114075,0.5122019052505493,0.8008004426956177,0.693144679069519,,,,,,,
784,156999,1.0086010694503784,0.5223835706710815,0.832789421081543,0.693143904209137,,,,,,,
784,156999,,,,,0.6704738736152649,0.5008427500724792,0.9212257266044617,0.9363418817520142,0.49125799536705017,0.7916562557220459,0.6931450366973877
785,157099,0.9800228476524353,0.5145266652107239,0.8120632767677307,0.6931341886520386,,,,,,,
785,157199,1.0387033224105835,0.5343848466873169,0.8508908152580261,0.6931445598602295,,,,,,,
785,157199,,,,,0.6706613898277283,0.5010914206504822,0.9219434857368469,0.939263641834259,0.4913439154624939,0.7944915294647217,0.6931434869766235
786,157299,0.9766943454742432,0.5149543285369873,0.8083118796348572,0.693143904209137,,,,,,,
786,157399,0.9933900833129883,0.5038825869560242,0.8360412120819092,0.6930676102638245,,,,,,,
786,157399,,,,,0.6706283092498779,0.5061079859733582,0.9036422967910767,0.9368144273757935,0.4910770058631897,0.7922714352607727,0.6930683255195618
787,157499,0.964397668838501,0.487464964389801,0.8235044479370117,0.693143367767334,,,,,,,
787,157599,0.8069462776184082,0.42705821990966797,0.7264559864997864,0.693135678768158,,,,,,,
787,157599,,,,,0.6707310676574707,0.5020078420639038,0.9278743267059326,0.9397783279418945,0.4910176396369934,0.7953295707702637,0.6931371092796326
788,157699,0.8588750958442688,0.4543677866458893,0.7510786056518555,0.6931425333023071,,,,,,,
788,157799,1.00370454788208,0.5190841555595398,0.831192135810852,0.6931434869766235,,,,,,,
788,157799,,,,,0.6703925728797913,0.5011920928955078,0.9153832793235779,0.9364725351333618,0.4910022020339966,0.792041540145874,0.6931427717208862
789,157899,1.0334582328796387,0.5193012952804565,0.8607265949249268,0.693139374256134,,,,,,,
789,157999,0.9186241030693054,0.48222148418426514,0.78297358751297,0.6931420564651489,,,,,,,
789,157999,,,,,0.6703166961669922,0.5016099214553833,0.9104326963424683,0.9368889331817627,0.4910109043121338,0.7924479246139526,0.6931398510932922
790,158099,0.8914950489997864,0.4638131558895111,0.7742537260055542,0.6931437253952026,,,,,,,
790,158199,0.9257447123527527,0.4773932993412018,0.7949238419532776,0.6931449174880981,,,,,,,
790,158199,,,,,0.6705242991447449,0.5010336637496948,0.9144086837768555,0.9373623728752136,0.49110183119773865,0.7928323745727539,0.6931436657905579
791,158299,1.103269338607788,0.5720727443695068,0.8777694702148438,0.6931456327438354,,,,,,,
791,158399,0.9764120578765869,0.5203700065612793,0.8025966286659241,0.6931090354919434,,,,,,,
791,158399,,,,,0.6707285046577454,0.5050917267799377,0.9037368893623352,0.9386081695556641,0.49125048518180847,0.793903112411499,0.693091094493866
792,158499,1.0081377029418945,0.5324996709823608,0.8222016096115112,0.6931271553039551,,,,,,,
792,158599,0.8985040187835693,0.4697841703891754,0.7752840518951416,0.6931283473968506,,,,,,,
792,158599,,,,,0.6704187989234924,0.5020465850830078,0.9286502003669739,0.9395186305046082,0.49128031730651855,0.7948064804077148,0.6931366920471191
793,158699,1.0359524488449097,0.5450279712677002,0.8374959230422974,0.6931428909301758,,,,,,,
793,158799,1.102318286895752,0.5992914438247681,0.8495884537696838,0.6931234002113342,,,,,,,
793,158799,,,,,0.6703087091445923,0.5029921531677246,0.9024324417114258,0.937362015247345,0.4907950758934021,0.7931304574012756,0.6931268572807312
794,158899,1.0324952602386475,0.5305414795875549,0.8485264182090759,0.6931451559066772,,,,,,,
794,158999,0.9529116153717041,0.5191366076469421,0.780335545539856,0.6931209564208984,,,,,,,
794,158999,,,,,0.6705769300460815,0.5036746263504028,0.903120756149292,0.9373031258583069,0.49109333753585815,0.7927678227424622,0.6931164264678955
795,159099,0.8851511478424072,0.46229010820388794,0.7694234848022461,0.6931247115135193,,,,,,,
795,159199,0.8352624177932739,0.4417928457260132,0.7400246858596802,0.6931102275848389,,,,,,,
795,159199,,,,,0.6704112887382507,0.5035694241523743,0.9040072560310364,0.9404327869415283,0.4910052716732025,0.795985996723175,0.6931174993515015
796,159299,0.8788614273071289,0.46576085686683655,0.7596670985221863,0.6931330561637878,,,,,,,
796,159399,0.9515359401702881,0.4986913204193115,0.7994101047515869,0.6931310296058655,,,,,,,
796,159399,,,,,0.6707316040992737,0.5019599199295044,0.9065106511116028,0.940832257270813,0.49111226201057434,0.7962887287139893,0.693137526512146
797,159499,1.1100335121154785,0.5555324554443359,0.901072084903717,0.6931418180465698,,,,,,,
797,159599,1.0068800449371338,0.5328409671783447,0.8206114172935486,0.6931447982788086,,,,,,,
797,159599,,,,,0.6709595918655396,0.5010871887207031,0.9214314818382263,0.9398324489593506,0.4914962649345398,0.7949081063270569,0.6931437253952026
798,159699,0.8720270991325378,0.4491068124771118,0.7694892883300781,0.6931380033493042,,,,,,,
798,159799,0.8211376667022705,0.44007033109664917,0.7276391386985779,0.6931436657905579,,,,,,,
798,159799,,,,,0.6708077788352966,0.5014730095863342,0.9052210450172424,0.9396679997444153,0.49171552062034607,0.7945229411125183,0.6931411027908325
799,159899,0.8475887179374695,0.44033998250961304,0.7538166642189026,0.6931358575820923,,,,,,,
799,159999,0.9548640251159668,0.5001530647277832,0.8012818098068237,0.6931416988372803,,,,,,,
799,159999,,,,,0.6707664132118225,0.5012000799179077,0.9254060983657837,0.9400317072868347,0.49106836318969727,0.7955349683761597,0.6931431293487549
800,160099,0.9398413896560669,0.4932403862476349,0.7931698560714722,0.6931376457214355,,,,,,,
800,160199,0.9130768179893494,0.4798301160335541,0.7798188328742981,0.6931442022323608,,,,,,,
800,160199,,,,,0.6701809763908386,0.5009689331054688,0.9285907745361328,0.9371948838233948,0.49046358466148376,0.793303370475769,0.6931441426277161
801,160299,1.0527743101119995,0.5468839406967163,0.8524617552757263,0.6931426525115967,,,,,,,
801,160399,0.9484686851501465,0.49739646911621094,0.79764324426651,0.6931419372558594,,,,,,,
801,160399,,,,,0.6704713702201843,0.501916766166687,0.930720329284668,0.936677873134613,0.49101799726486206,0.7922290563583374,0.693138062953949
802,160499,0.8306591510772705,0.4313875436782837,0.7458250522613525,0.6931068897247314,,,,,,,
802,160599,0.8591226935386658,0.45086848735809326,0.7548261284828186,0.6931439638137817,,,,,,,
802,160599,,,,,0.6703646183013916,0.5012539625167847,0.9106379151344299,0.9373328685760498,0.4909462332725525,0.7929578423500061,0.6931424140930176
803,160699,0.9216058254241943,0.49928227066993713,0.7688934803009033,0.6931398510932922,,,,,,,
803,160799,0.9694045782089233,0.4995357096195221,0.8164414167404175,0.6931449770927429,,,,,,,
803,160799,,,,,0.6702160835266113,0.5007591247558594,0.9204889535903931,0.9369659423828125,0.49090054631233215,0.7926379442214966,0.6931455135345459
804,160899,1.1236212253570557,0.5699987411499023,0.9001925587654114,0.6931401491165161,,,,,,,
804,160999,0.8663707375526428,0.4745127260684967,0.7384246587753296,0.6931332349777222,,,,,,,
804,160999,,,,,0.6702131032943726,0.5016473531723022,0.9052424430847168,0.9365900158882141,0.49078935384750366,0.792370617389679,0.6931400895118713
805,161099,0.8289432525634766,0.4368245005607605,0.7386886477470398,0.6931398510932922,,,,,,,
805,161199,0.9119809865951538,0.46834632754325867,0.790206789970398,0.6931442618370056,,,,,,,
805,161199,,,,,0.6699483394622803,0.5011564493179321,0.9067952632904053,0.9363405704498291,0.4906764328479767,0.7922359704971313,0.6931434273719788
806,161299,1.004326581954956,0.5241302847862244,0.8267615437507629,0.6931305527687073,,,,,,,
806,161399,0.8978288173675537,0.4686918258666992,0.7757092118263245,0.6931443214416504,,,,,,,
806,161399,,,,,0.6702561974525452,0.5011106133460999,0.9159266352653503,0.9369859099388123,0.4908496141433716,0.7927080988883972,0.6931434273719788
807,161499,1.073577880859375,0.5578144788742065,0.8623355031013489,0.6931443810462952,,,,,,,
807,161599,0.9654109477996826,0.5074180364608765,0.8045644760131836,0.6931431293487549,,,,,,,
807,161599,,,,,0.6703608632087708,0.5015404224395752,0.9332944750785828,0.9347668290138245,0.49082106351852417,0.7905160784721375,0.6931408047676086
808,161699,1.0277845859527588,0.5508856773376465,0.8234695196151733,0.6931412220001221,,,,,,,
808,161799,1.029643177986145,0.5470820665359497,0.8291215300559998,0.6931207776069641,,,,,,,
808,161799,,,,,0.670569896697998,0.5040956735610962,0.9290225505828857,0.9388907551765442,0.49109429121017456,0.7943522334098816,0.6931116580963135
809,161899,0.8933284282684326,0.4754268229007721,0.7644729614257812,0.6931427121162415,,,,,,,
809,161999,0.8889098167419434,0.4828110635280609,0.7526695728302002,0.6931416392326355,,,,,,,
809,161999,,,,,0.6704722046852112,0.501841127872467,0.8979891538619995,0.9361060261726379,0.4907911419868469,0.7918844223022461,0.6931390762329102
810,162099,0.9967902898788452,0.5476425886154175,0.7957175970077515,0.6931397914886475,,,,,,,
810,162199,0.9844322800636292,0.4905984401702881,0.8404057025909424,0.6931437253952026,,,,,,,
810,162199,,,,,0.6705775856971741,0.5009368062019348,0.9302688241004944,0.9367516040802002,0.491288423538208,0.7920350432395935,0.6931442022323608
811,162299,0.9608938097953796,0.5161759853363037,0.7912875413894653,0.6931394338607788,,,,,,,
811,162399,1.026701807975769,0.5058923959732056,0.8673813939094543,0.6931441426277161,,,,,,,
811,162399,,,,,0.6704064011573792,0.500851571559906,0.9315462112426758,0.9377468228340149,0.49085211753845215,0.7934670448303223,0.6931450366973877
812,162499,0.915756344795227,0.483684241771698,0.7786421179771423,0.6931400895118713,,,,,,,
812,162599,0.8621114492416382,0.4680054783821106,0.7406788468360901,0.6931456923484802,,,,,,,
812,162599,,,,,0.6701621413230896,0.5008553266525269,0.9119781851768494,0.934911847114563,0.49052920937538147,0.7909550666809082,0.6931448578834534
813,162699,0.943710207939148,0.49124133586883545,0.7990418672561646,0.6931459903717041,,,,,,,
813,162799,0.9462857246398926,0.5061258673667908,0.7867315411567688,0.6931433081626892,,,,,,,
813,162799,,,,,0.670700192451477,0.5015310645103455,0.9018847942352295,0.9369596242904663,0.49120262265205383,0.7923277616500854,0.6931415796279907
814,162899,0.9579989910125732,0.502988874912262,0.8015820384025574,0.693143904209137,,,,,,,
814,162999,0.9264511466026306,0.47880321741104126,0.7942211627960205,0.6931463479995728,,,,,,,
814,162999,,,,,0.6703184247016907,0.5004838705062866,0.9233629107475281,0.9356151223182678,0.4910523593425751,0.7911359667778015,0.6931462287902832
815,163099,1.014817714691162,0.5242201089859009,0.8371570110321045,0.6931189298629761,,,,,,,
815,163199,0.9005863666534424,0.4601324200630188,0.7870119214057922,0.6931159496307373,,,,,,,
815,163199,,,,,0.670617938041687,0.5042515397071838,0.9299216866493225,0.9382787346839905,0.49140694737434387,0.7934266924858093,0.6931095719337463
816,163299,0.915605366230011,0.4903002977371216,0.7718777060508728,0.6931451559066772,,,,,,,
816,163399,0.8678157925605774,0.44914543628692627,0.7652426958084106,0.693144679069519,,,,,,,
816,163399,,,,,0.6699632406234741,0.5008744597434998,0.928519070148468,0.9346578121185303,0.4905256927013397,0.790704607963562,0.6931450366973877
817,163499,0.8979957103729248,0.4588382840156555,0.7857261300086975,0.6931374073028564,,,,,,,
817,163599,0.8187856674194336,0.4261004328727722,0.7392578721046448,0.6931452751159668,,,,,,,
817,163599,,,,,0.6703642010688782,0.5006822347640991,0.9179961085319519,0.9350825548171997,0.49083489179611206,0.7908204197883606,0.693145751953125
818,163699,0.9374736547470093,0.4863235056400299,0.7977226376533508,0.6931450366973877,,,,,,,
818,163799,0.8007164001464844,0.42754656076431274,0.7197378277778625,0.6931359171867371,,,,,,,
818,163799,,,,,0.6704835891723633,0.5027881860733032,0.9021117687225342,0.9357783198356628,0.49062395095825195,0.7917196154594421,0.6931302547454834
819,163899,1.0581666231155396,0.5685889720916748,0.8361441493034363,0.6931331157684326,,,,,,,
819,163999,1.0023863315582275,0.5216808319091797,0.8272782564163208,0.6931455135345459,,,,,,,
819,163999,,,,,0.6703045964241028,0.5006413459777832,0.9232935905456543,0.9403150081634521,0.4906976521015167,0.7961903214454651,0.6931458711624146
820,164099,0.9631975889205933,0.4997449517250061,0.8100254535675049,0.6931455135345459,,,,,,,
820,164199,0.9485316276550293,0.5109202861785889,0.7841218113899231,0.6930208206176758,,,,,,,
820,164199,,,,,0.6701216697692871,0.5075339078903198,0.9289608597755432,0.9355998039245605,0.4908028841018677,0.7913128733634949,0.693031907081604
821,164299,0.9228122234344482,0.4787597358226776,0.7906244993209839,0.6931440234184265,,,,,,,
821,164399,0.9925564527511597,0.5182535648345947,0.8208710551261902,0.69313645362854,,,,,,,
821,164399,,,,,0.6703571677207947,0.5022278428077698,0.9277546405792236,0.9358356595039368,0.4907616376876831,0.7916419506072998,0.6931359767913818
822,164499,0.9361958503723145,0.4925253391265869,0.7902378439903259,0.6931347250938416,,,,,,,
822,164599,0.9773620367050171,0.5230354070663452,0.8008995056152344,0.693145751953125,,,,,,,
822,164599,,,,,0.6703671813011169,0.5009015798568726,0.9134838581085205,0.9366595149040222,0.4907780587673187,0.7924538254737854,0.6931448578834534
823,164699,0.8850208520889282,0.46005943417549133,0.7715335488319397,0.6931443214416504,,,,,,,
823,164799,1.0116856098175049,0.5129849314689636,0.8452664613723755,0.6931315660476685,,,,,,,
823,164799,,,,,0.6705567240715027,0.5031554102897644,0.9031056761741638,0.9355116486549377,0.4909418225288391,0.7911326289176941,0.6931259632110596
824,164899,0.884190559387207,0.4617841839790344,0.7689772844314575,0.6931419372558594,,,,,,,
824,164999,1.0678638219833374,0.5629624128341675,0.8514732718467712,0.6931436657905579,,,,,,,
824,164999,,,,,0.6699808835983276,0.5012233257293701,0.9066135883331299,0.9350851774215698,0.49040743708610535,0.79124915599823,0.6931430101394653
825,165099,0.8964396715164185,0.47828757762908936,0.7647251486778259,0.6931459903717041,,,,,,,
825,165199,0.8725042343139648,0.4375028610229492,0.7815669178962708,0.6931309700012207,,,,,,,
825,165199,,,,,0.670738935470581,0.503159761428833,0.9025300741195679,0.9358960390090942,0.4911034107208252,0.7913552522659302,0.6931249499320984
826,165299,0.8629785776138306,0.44627344608306885,0.7632759213447571,0.6931416988372803,,,,,,,
826,165399,0.941757082939148,0.4923054575920105,0.7960237860679626,0.6931443810462952,,,,,,,
826,165399,,,,,0.6704344153404236,0.5011367797851562,0.9186707139015198,0.9339582324028015,0.49101191759109497,0.789517879486084,0.6931431293487549
827,165499,0.8891527056694031,0.4821983277797699,0.7535234093666077,0.6931380033493042,,,,,,,
827,165599,0.9174143671989441,0.492919385433197,0.7710679173469543,0.6931458711624146,,,,,,,
827,165599,,,,,0.6702647805213928,0.5007022619247437,0.9191814661026001,0.9340577125549316,0.49069181084632874,0.789938747882843,0.6931456923484802
828,165699,1.0027178525924683,0.5327094793319702,0.8165776133537292,0.6931383013725281,,,,,,,
828,165799,0.9341443777084351,0.48749637603759766,0.7932204008102417,0.6931447386741638,,,,,,,
828,165799,,,,,0.6699775457382202,0.500765323638916,0.9071225523948669,0.9321181178092957,0.4903855323791504,0.7883053421974182,0.6931454539299011
829,165899,0.956264853477478,0.4983976483345032,0.8044390678405762,0.6931436657905579,,,,,,,
829,165999,0.953420877456665,0.5058555006980896,0.7941375374794006,0.6931443214416504,,,,,,,
829,165999,,,,,0.6698200106620789,0.5009284019470215,0.9301793575286865,0.9327869415283203,0.4901149570941925,0.7892443537712097,0.6931447386741638
830,166099,0.9840936660766602,0.5026359558105469,0.8280296921730042,0.6931438446044922,,,,,,,
830,166199,1.0517661571502686,0.5455387234687805,0.8527994155883789,0.6931439638137817,,,,,,,
830,166199,,,,,0.6703400015830994,0.5012103915214539,0.9270861148834229,0.9353277683258057,0.49116677045822144,0.7907326817512512,0.6931433081626892
831,166299,0.9442331790924072,0.4766407608985901,0.8141583204269409,0.6931318640708923,,,,,,,
831,166399,0.8668500185012817,0.45642948150634766,0.7569915652275085,0.6931422352790833,,,,,,,
831,166399,,,,,0.6701725125312805,0.5009997487068176,0.92189621925354,0.9343529343605042,0.4906269609928131,0.7902981042861938,0.6931443214416504
832,166499,0.872222363948822,0.45737224817276,0.7614184617996216,0.6931368112564087,,,,,,,
832,166599,0.9250282049179077,0.4854808449745178,0.786113440990448,0.6931321620941162,,,,,,,
832,166599,,,,,0.670510470867157,0.5023552179336548,0.923001766204834,0.9358311295509338,0.49102240800857544,0.7913760542869568,0.6931344866752625
833,166699,0.9243184328079224,0.49534136056900024,0.7755479216575623,0.6931416988372803,,,,,,,
833,166799,0.9740376472473145,0.5334904193878174,0.7870990633964539,0.6931038498878479,,,,,,,
833,166799,,,,,0.6704302430152893,0.5043436288833618,0.9288198351860046,0.9373505115509033,0.491020530462265,0.7928838133811951,0.6931080222129822
834,166899,0.8960723280906677,0.4709833264350891,0.7716601490974426,0.693142294883728,,,,,,,
834,166999,0.9334765672683716,0.5087018013000488,0.7713454961776733,0.693141520023346,,,,,,,
834,166999,,,,,0.6702997088432312,0.501417875289917,0.9025126099586487,0.9339820742607117,0.4909672439098358,0.7895857691764832,0.6931419968605042
835,167099,0.9730741381645203,0.5007138252258301,0.8189239501953125,0.6931272745132446,,,,,,,
835,167199,0.9385262727737427,0.4970034956932068,0.7880883812904358,0.6931312680244446,,,,,,,
835,167199,,,,,0.670350193977356,0.502709150314331,0.9041160345077515,0.9343968629837036,0.49092450737953186,0.7900378108024597,0.693131148815155
836,167299,0.9490920901298523,0.4920189380645752,0.8036448955535889,0.6931434869766235,,,,,,,
836,167399,0.9756611585617065,0.5162248015403748,0.8060047626495361,0.6931369304656982,,,,,,,
836,167399,,,,,0.6700663566589355,0.5025424957275391,0.928650438785553,0.9347378015518188,0.4905860126018524,0.7907177805900574,0.6931323409080505
837,167499,0.8543264865875244,0.45510077476501465,0.7457981109619141,0.6931448578834534,,,,,,,
837,167599,0.8902028799057007,0.4911768138408661,0.7455952167510986,0.6931383609771729,,,,,,,
837,167599,,,,,0.6706030964851379,0.5016348361968994,0.9022096991539001,0.9324495196342468,0.49079629778862,0.7882236242294312,0.6931407451629639
838,167699,0.9548434019088745,0.5090731978416443,0.7923426628112793,0.6931450963020325,,,,,,,
838,167799,0.8800920248031616,0.4691643714904785,0.7575001120567322,0.6931449770927429,,,,,,,
838,167799,,,,,0.6701093316078186,0.5010218620300293,0.9124947190284729,0.9314880967140198,0.4905436038970947,0.7875164151191711,0.6931440830230713
839,167899,0.899618923664093,0.4907929301261902,0.7553986310958862,0.6931451559066772,,,,,,,
839,167999,0.912849485874176,0.48985737562179565,0.7695608139038086,0.693137526512146,,,,,,,
839,167999,,,,,0.6702567338943481,0.5016862750053406,0.9273948669433594,0.9361165761947632,0.49071913957595825,0.7919672727584839,0.6931398510932922
840,168099,0.9821486473083496,0.5125624537467957,0.8161517381668091,0.6931309103965759,,,,,,,
840,168199,1.0018317699432373,0.5210247039794922,0.8273665904998779,0.6931191682815552,,,,,,,
840,168199,,,,,0.6703020930290222,0.5033736824989319,0.903162956237793,0.9330891370773315,0.49052727222442627,0.7891232967376709,0.6931227445602417
841,168299,1.028217077255249,0.5295869708061218,0.8451961874961853,0.6931320428848267,,,,,,,
841,168399,0.7790383100509644,0.40365123748779297,0.7219599485397339,0.6931456923484802,,,,,,,
841,168399,,,,,0.6701850295066833,0.5006709694862366,0.9227035641670227,0.9328978657722473,0.4905262291431427,0.7889444828033447,0.693145751953125
842,168499,0.8147705793380737,0.4384334683418274,0.722908616065979,0.6931431293487549,,,,,,,
842,168599,0.8414341807365417,0.42623478174209595,0.7617722749710083,0.6931458711624146,,,,,,,
842,168599,,,,,0.6700887084007263,0.5007351636886597,0.9255210161209106,0.9325714111328125,0.4904978573322296,0.788646399974823,0.6931455731391907
843,168699,0.8540784120559692,0.4637984037399292,0.7368524074554443,0.6931447982788086,,,,,,,
843,168799,0.8529363870620728,0.45557039976119995,0.7439388632774353,0.6931458115577698,,,,,,,
843,168799,,,,,0.6700414419174194,0.5007784366607666,0.9220618605613708,0.9337758421897888,0.490354061126709,0.7899944186210632,0.6931454539299011
844,168899,1.048818588256836,0.5717004537582397,0.8236901760101318,0.6931440830230713,,,,,,,
844,168999,0.9972959756851196,0.5262267589569092,0.8176420331001282,0.6931455731391907,,,,,,,
844,168999,,,,,0.6703711748123169,0.5007564425468445,0.9242014288902283,0.9335952997207642,0.49060094356536865,0.7895668745040894,0.693145215511322
845,169099,0.8790191411972046,0.4707159399986267,0.7548717856407166,0.6931371688842773,,,,,,,
845,169199,0.8652464747428894,0.45213770866394043,0.7596787810325623,0.6931401491165161,,,,,,,
845,169199,,,,,0.6701197624206543,0.5017891526222229,0.9040676951408386,0.933302104473114,0.49056458473205566,0.7893072962760925,0.6931394934654236
846,169299,1.0239253044128418,0.5219634771347046,0.8485167026519775,0.6931098699569702,,,,,,,
846,169399,1.0720691680908203,0.546808123588562,0.8718287348747253,0.6931353211402893,,,,,,,
846,169399,,,,,0.6701546907424927,0.5023155212402344,0.927720844745636,0.9320135116577148,0.4905681014060974,0.7880129218101501,0.6931352615356445
847,169499,0.901033878326416,0.4968659281730652,0.7507410049438477,0.6931462287902832,,,,,,,
847,169599,0.8935848474502563,0.4773131310939789,0.7628442049026489,0.6931449770927429,,,,,,,
847,169599,,,,,0.6703256964683533,0.5007600784301758,0.9195354580879211,0.9325695037841797,0.4908178448677063,0.7883243560791016,0.6931455135345459
848,169699,0.9131935834884644,0.4830505847930908,0.7767147421836853,0.6931436061859131,,,,,,,
848,169799,1.0249927043914795,0.5492599010467529,0.8223024606704712,0.6931391954421997,,,,,,,
848,169799,,,,,0.6699490547180176,0.5013411045074463,0.9297164678573608,0.9308090209960938,0.49038684368133545,0.7869934439659119,0.6931425929069519
849,169899,1.027585744857788,0.5212513208389282,0.8529006242752075,0.6931322813034058,,,,,,,
849,169999,0.8255255222320557,0.4341171383857727,0.7379796504974365,0.6931424140930176,,,,,,,
849,169999,,,,,0.6700220704078674,0.5013840794563293,0.8992272615432739,0.9335408210754395,0.4902428984642029,0.7898690700531006,0.6931422352790833
850,170099,0.9117387533187866,0.48481929302215576,0.7734901309013367,0.6931411623954773,,,,,,,
850,170199,1.0793324708938599,0.5566728115081787,0.8692325949668884,0.6931459307670593,,,,,,,
850,170199,,,,,0.6700906753540039,0.5007432699203491,0.9136544466018677,0.9319967031478882,0.49029842019081116,0.7882710695266724,0.6931455135345459
851,170299,0.9458593130111694,0.5048266649246216,0.787601888179779,0.6931383609771729,,,,,,,
851,170399,1.0279203653335571,0.54944908618927,0.825039803981781,0.6931369304656982,,,,,,,
851,170399,,,,,0.6697959303855896,0.5021482706069946,0.9296647310256958,0.9319828748703003,0.4904070198535919,0.788144052028656,0.6931363344192505
852,170499,0.9188288450241089,0.48906850814819336,0.7763317823410034,0.6931428909301758,,,,,,,
852,170599,0.8831305503845215,0.4700688123703003,0.7596330642700195,0.6931426525115967,,,,,,,
852,170599,,,,,0.6702074408531189,0.5012584924697876,0.9016128778457642,0.9351145625114441,0.49062612652778625,0.7910599708557129,0.6931431293487549
853,170699,0.9845379590988159,0.5049048066139221,0.8262056708335876,0.6931450366973877,,,,,,,
853,170799,0.8858925700187683,0.4590010344982147,0.7734422087669373,0.6931012868881226,,,,,,,
853,170799,,,,,0.6701973080635071,0.5045107007026672,0.9028286933898926,0.9337648749351501,0.49055415391921997,0.7897632122039795,0.6931049227714539
854,170899,1.0432714223861694,0.5583928823471069,0.8314514756202698,0.6931459307670593,,,,,,,
854,170999,1.0622320175170898,0.5455037951469421,0.8632968664169312,0.6931370496749878,,,,,,,
854,170999,,,,,0.6700462102890015,0.5020526647567749,0.9285243153572083,0.9314822554588318,0.4904571771621704,0.7875940203666687,0.6931377053260803
855,171099,0.9250296354293823,0.5039252042770386,0.7676774263381958,0.6931459307670593,,,,,,,
855,171199,1.0054560899734497,0.5323730111122131,0.8196558356285095,0.6931455731391907,,,,,,,
855,171199,,,,,0.6701147556304932,0.5008229613304138,0.9206025004386902,0.931874692440033,0.49035367369651794,0.7880937457084656,0.6931453347206116
856,171299,0.951149582862854,0.4997408092021942,0.7979728579521179,0.6931281089782715,,,,,,,
856,171399,1.003265142440796,0.5654996633529663,0.784338653087616,0.6931461095809937,,,,,,,
856,171399,,,,,0.6699088215827942,0.5006454586982727,0.9137150049209595,0.931804895401001,0.49030351638793945,0.7880743741989136,0.6931458115577698
857,171499,0.9215675592422485,0.4961792826652527,0.7719605565071106,0.6931445598602295,,,,,,,
857,171599,1.0383553504943848,0.5472207069396973,0.837708055973053,0.6931467056274414,,,,,,,
857,171599,,,,,0.6700904965400696,0.5005307793617249,0.9269731044769287,0.9338189363479614,0.49047577381134033,0.7899161577224731,0.6931462287902832
858,171699,0.9666106700897217,0.5068674087524414,0.8063133955001831,0.6931402683258057,,,,,,,
858,171799,1.0202845335006714,0.5471252202987671,0.8197294473648071,0.6931402683258057,,,,,,,
858,171799,,,,,0.6700418591499329,0.5021518468856812,0.9028558135032654,0.9316349029541016,0.4902949929237366,0.7879084944725037,0.6931368112564087
859,171899,0.9371495246887207,0.49604055285453796,0.7876805067062378,0.6931431293487549,,,,,,,
859,171999,0.878050684928894,0.4630223512649536,0.761600911617279,0.6931450366973877,,,,,,,
859,171999,,,,,0.6698533296585083,0.5006309747695923,0.9138487577438354,0.931408703327179,0.4901682138442993,0.7878134250640869,0.6931458711624146
860,172099,0.9046255946159363,0.4760049879550934,0.7751915454864502,0.6931418180465698,,,,,,,
860,172199,1.0251485109329224,0.5423869490623474,0.8293311595916748,0.6931393146514893,,,,,,,
860,172199,,,,,0.6700738668441772,0.5017197728157043,0.903579592704773,0.9321431517601013,0.4904335141181946,0.7882799506187439,0.6931403875350952
861,172299,0.9475256204605103,0.49227094650268555,0.8018271923065186,0.6931450366973877,,,,,,,
861,172399,0.8958960771560669,0.4805779457092285,0.7618722319602966,0.6931083798408508,,,,,,,
861,172399,,,,,0.6701470017433167,0.5040756464004517,0.9035338759422302,0.9307947754859924,0.49051716923713684,0.7868339419364929,0.6931129693984985
862,172499,1.0018975734710693,0.5159311890602112,0.8325392007827759,0.693145751953125,,,,,,,
862,172599,0.998444676399231,0.5289839506149292,0.8160318732261658,0.6931421756744385,,,,,,,
862,172599,,,,,0.6699786186218262,0.5015017986297607,0.9043739438056946,0.9315845370292664,0.49054935574531555,0.7876061201095581,0.6931419372558594
863,172699,0.8740900158882141,0.46577727794647217,0.7548818588256836,0.6931382417678833,,,,,,,
863,172799,0.882114052772522,0.47473931312561035,0.7539392113685608,0.6931288242340088,,,,,,,
863,172799,,,,,0.6697902679443359,0.5030298829078674,0.9033905863761902,0.9302540421485901,0.4901250898838043,0.7866928577423096,0.6931273937225342
864,172899,0.8896651268005371,0.45046281814575195,0.7857671976089478,0.6931297779083252,,,,,,,
864,172999,0.9548183083534241,0.4943377673625946,0.8070516586303711,0.693142294883728,,,,,,,
864,172999,,,,,0.6702660322189331,0.5014784932136536,0.9257797002792358,0.9330185651779175,0.490597665309906,0.7889921069145203,0.6931421160697937
865,173099,0.8689282536506653,0.461555540561676,0.7539456486701965,0.6931458711624146,,,,,,,
865,173199,0.8801343441009521,0.47453516721725464,0.7521713376045227,0.6931443810462952,,,,,,,
865,173199,,,,,0.6703609824180603,0.5009187459945679,0.9229994416236877,0.931740939617157,0.49081701040267944,0.7874963879585266,0.6931449174880981
866,173299,0.9876700639724731,0.5193417072296143,0.8148861527442932,0.6931154727935791,,,,,,,
866,173399,0.8919671773910522,0.47012990713119507,0.7684102654457092,0.6931459903717041,,,,,,,
866,173399,,,,,0.6701108813285828,0.5008059740066528,0.9285523891448975,0.9313288927078247,0.4905238747596741,0.787377655506134,0.6931455135345459
867,173499,0.881605327129364,0.48549795150756836,0.7426790595054626,0.6931434869766235,,,,,,,
867,173599,1.0506491661071777,0.5502640008926392,0.8469576835632324,0.6931450963020325,,,,,,,
867,173599,,,,,0.6699963808059692,0.501222550868988,0.9265503287315369,0.9324488043785095,0.4903775751590729,0.7886428833007812,0.6931434273719788
868,173699,0.9825605154037476,0.5195482969284058,0.8095788359642029,0.6931331157684326,,,,,,,
868,173799,0.8969252705574036,0.46346205472946167,0.7800362706184387,0.6931461095809937,,,,,,,
868,173799,,,,,0.6701352596282959,0.5006746053695679,0.9276835322380066,0.9319580793380737,0.4904369115829468,0.7880940437316895,0.693145751953125
869,173899,1.0035195350646973,0.5187627077102661,0.8313242197036743,0.6931347846984863,,,,,,,
869,173999,1.0215556621551514,0.5331389904022217,0.8349898457527161,0.693146288394928,,,,,,,
869,173999,,,,,0.6698995232582092,0.500552773475647,0.9262714385986328,0.9293447136878967,0.49017608165740967,0.7857417464256287,0.6931460499763489
870,174099,1.007120132446289,0.529346227645874,0.8243471384048462,0.6931464672088623,,,,,,,
870,174199,0.8945271968841553,0.4796534478664398,0.7614395022392273,0.6931314468383789,,,,,,,
870,174199,,,,,0.6700748801231384,0.5027047991752625,0.9041297435760498,0.9305838942527771,0.4906415045261383,0.7865082621574402,0.6931318044662476
871,174299,0.8324601650238037,0.4552720785140991,0.7237573266029358,0.693138599395752,,,,,,,
871,174399,0.957912266254425,0.4931127429008484,0.8113707304000854,0.693142294883728,,,,,,,
871,174399,,,,,0.6701830625534058,0.5016234517097473,0.9285369515419006,0.9319342374801636,0.4907187223434448,0.7877858877182007,0.6931409239768982
872,174499,0.8475903868675232,0.4430662989616394,0.7510973811149597,0.6931465864181519,,,,,,,
872,174599,0.922742486000061,0.49335113167762756,0.775960385799408,0.6931381225585938,,,,,,,
872,174599,,,,,0.6701659560203552,0.502090334892273,0.9025241732597351,0.9311272501945496,0.4904136061668396,0.7872825264930725,0.6931378245353699
873,174699,0.805342435836792,0.4341793656349182,0.7177289128303528,0.693131685256958,,,,,,,
873,174799,1.1190861463546753,0.5810945630073547,0.8845646381378174,0.6931460499763489,,,,,,,
873,174799,,,,,0.6701704263687134,0.5006632804870605,0.922849178314209,0.9318735599517822,0.4904589056968689,0.7879875302314758,0.6931456923484802
874,174899,0.9388457536697388,0.48959702253341675,0.7958211302757263,0.6931447982788086,,,,,,,
874,174999,0.9008954763412476,0.4604862630367279,0.7869821786880493,0.6931459307670593,,,,,,,
874,174999,,,,,0.6701309084892273,0.5005571246147156,0.9145886301994324,0.9316248297691345,0.49026063084602356,0.7879372835159302,0.6931460499763489
875,175099,0.9447211623191833,0.5025221109390259,0.7887691855430603,0.6931401491165161,,,,,,,
875,175199,0.9129413366317749,0.4860410690307617,0.7734726071357727,0.6931445598602295,,,,,,,
875,175199,,,,,0.6702655553817749,0.5008039474487305,0.9254916310310364,0.932531476020813,0.4905607998371124,0.7885432243347168,0.6931453347206116
876,175299,0.9660029411315918,0.5068967938423157,0.8056791424751282,0.6931459903717041,,,,,,,
876,175399,1.0261120796203613,0.5498176217079163,0.8228675723075867,0.6931463479995728,,,,,,,
876,175399,,,,,0.670007050037384,0.5004451870918274,0.912909984588623,0.9311702847480774,0.4903554916381836,0.7873880863189697,0.6931464672088623
877,175499,1.0807409286499023,0.5469973087310791,0.8803166151046753,0.6931460499763489,,,,,,,
877,175599,1.0464375019073486,0.5255125164985657,0.8674979209899902,0.6931458711624146,,,,,,,
877,175599,,,,,0.6697486639022827,0.5006197690963745,0.9311723113059998,0.929818332195282,0.49020493030548096,0.7861863970756531,0.6931459307670593
878,175699,0.9466524720191956,0.4693608283996582,0.8238623142242432,0.6931413412094116,,,,,,,
878,175799,0.9645388722419739,0.5041105151176453,0.8070014715194702,0.6931461095809937,,,,,,,
878,175799,,,,,0.6697234511375427,0.5005037188529968,0.9016197323799133,0.9310333132743835,0.4902358651161194,0.7873707413673401,0.693146288394928
879,175899,0.9728373885154724,0.5096582174301147,0.8097445368766785,0.693130612373352,,,,,,,
879,175999,1.0044289827346802,0.529292106628418,0.8217043876647949,0.6931350231170654,,,,,,,
879,175999,,,,,0.6697303652763367,0.502414882183075,0.92845618724823,0.9296009540557861,0.4900428354740143,0.7861254811286926,0.6931346654891968
880,176099,1.0302306413650513,0.541664719581604,0.8351318836212158,0.6931319832801819,,,,,,,
880,176199,0.8742047548294067,0.46279653906822205,0.7579814791679382,0.6931464672088623,,,,,,,
880,176199,,,,,0.6699984073638916,0.5004733800888062,0.910912275314331,0.9291465878486633,0.49019256234169006,0.7855273485183716,0.6931464672088623
881,176299,1.0384715795516968,0.5474818348884583,0.837561309337616,0.6931431889533997,,,,,,,
881,176399,0.9648059606552124,0.4954433739185333,0.8159343004226685,0.6931433081626892,,,,,,,
881,176399,,,,,0.6698129773139954,0.5012216567993164,0.902830183506012,0.9308868646621704,0.49011820554733276,0.7873403429985046,0.6931436061859131
882,176499,0.9136615991592407,0.4873782992362976,0.7728563547134399,0.6931459903717041,,,,,,,
882,176599,0.9861608743667603,0.5117517709732056,0.820982038974762,0.6931460499763489,,,,,,,
882,176599,,,,,0.6700229644775391,0.5007739067077637,0.9073590636253357,0.9301429986953735,0.4903121292591095,0.786403477191925,0.6931456327438354
883,176699,0.9393872618675232,0.48888880014419556,0.7970706224441528,0.6931444406509399,,,,,,,
883,176799,0.9418189525604248,0.47868698835372925,0.8097044825553894,0.6931450366973877,,,,,,,
883,176799,,,,,0.6697676777839661,0.5010920166969299,0.9285873174667358,0.9297455549240112,0.4901377558708191,0.7861794829368591,0.693143904209137
884,176899,0.9981930255889893,0.5407137870788574,0.8040516376495361,0.6931447982788086,,,,,,,
884,176999,0.9359606504440308,0.48667824268341064,0.7958524823188782,0.6931403279304504,,,,,,,
884,176999,,,,,0.6699252128601074,0.5018719434738159,0.9040496349334717,0.9303500056266785,0.49026498198509216,0.7866547703742981,0.6931395530700684
885,177099,0.8359642624855042,0.4373794198036194,0.7451480627059937,0.6931265592575073,,,,,,,
885,177199,0.9866071343421936,0.491652250289917,0.8415255546569824,0.6931413412094116,,,,,,,
885,177199,,,,,0.6700089573860168,0.5013819336891174,0.9034345149993896,0.9293546676635742,0.49025315046310425,0.7856729030609131,0.6931427717208862
886,177299,0.9639173746109009,0.5239036679267883,0.7865868806838989,0.6931464076042175,,,,,,,
886,177399,1.0349538326263428,0.5469752550125122,0.8345506191253662,0.6931440830230713,,,,,,,
886,177399,,,,,0.6698145866394043,0.5012210011482239,0.9072872996330261,0.9310441017150879,0.4901120662689209,0.787503719329834,0.6931433081626892
887,177499,0.9173083305358887,0.4798375964164734,0.7840421199798584,0.6931429505348206,,,,,,,
887,177599,0.9977808594703674,0.5195814967155457,0.8247647881507874,0.6931308507919312,,,,,,,
887,177599,,,,,0.6700783371925354,0.5026907324790955,0.9033212661743164,0.9317652583122253,0.49040085077285767,0.7879301905632019,0.693131685256958
888,177699,0.976824164390564,0.5256117582321167,0.7977854609489441,0.6931459903717041,,,,,,,
888,177799,0.8751524686813354,0.46373623609542847,0.7579889297485352,0.6931454539299011,,,,,,,
888,177799,,,,,0.669840395450592,0.5006305575370789,0.9124011993408203,0.9300928115844727,0.49014419317245483,0.7865216135978699,0.6931459307670593
889,177899,0.9464609026908875,0.4907818138599396,0.8022511005401611,0.6931439638137817,,,,,,,
889,177999,1.0605194568634033,0.5700473189353943,0.8370444774627686,0.693144679069519,,,,,,,
889,177999,,,,,0.6699717044830322,0.5007225871086121,0.8998391032218933,0.9301307797431946,0.4903409481048584,0.7863627076148987,0.6931456327438354
890,178099,0.8500725626945496,0.44965100288391113,0.7469912767410278,0.6931394338607788,,,,,,,
890,178199,0.971030592918396,0.5119805335998535,0.8056222200393677,0.6931443214416504,,,,,,,
890,178199,,,,,0.6700740456581116,0.5011061429977417,0.90674889087677,0.9301052689552307,0.49035435914993286,0.7863230109214783,0.6931439638137817
891,178299,1.0128065347671509,0.5278609395027161,0.8315176367759705,0.6931440830230713,,,,,,,
891,178399,1.01546311378479,0.510640025138855,0.8513963222503662,0.6931464672088623,,,,,,,
891,178399,,,,,0.6700270771980286,0.5005409717559814,0.9094355702400208,0.9295845627784729,0.4904481768608093,0.7857096195220947,0.6931461691856384
892,178499,0.9465751647949219,0.5015816688537598,0.7915663123130798,0.693145751953125,,,,,,,
892,178599,0.8617079854011536,0.44489166140556335,0.763388454914093,0.6931442022323608,,,,,,,
892,178599,,,,,0.6700896620750427,0.5009512305259705,0.9278771877288818,0.9299954771995544,0.4903790354728699,0.7861889004707336,0.693144679069519
893,178699,0.9837364554405212,0.523888111114502,0.8064197897911072,0.6931430101394653,,,,,,,
893,178799,0.7423157691955566,0.4095073342323303,0.6793810725212097,0.6931452751159668,,,,,,,
893,178799,,,,,0.6699770092964172,0.5007333755493164,0.9022136330604553,0.9290239214897156,0.4902917742729187,0.7853049635887146,0.6931456327438354
894,178899,0.9079112410545349,0.4779822826385498,0.7765020728111267,0.6931463479995728,,,,,,,
894,178999,0.8091240525245667,0.4441753327846527,0.7115191221237183,0.6931408643722534,,,,,,,
894,178999,,,,,0.6700573563575745,0.5017491579055786,0.9035628437995911,0.9305532574653625,0.49047988653182983,0.7866435647010803,0.6931401491165161
895,179099,0.9841029047966003,0.5215732455253601,0.809100866317749,0.6931425333023071,,,,,,,
895,179199,0.9764871001243591,0.5171330571174622,0.8059272766113281,0.6931463479995728,,,,,,,
895,179199,,,,,0.6699485778808594,0.5004907846450806,0.9150962233543396,0.9296517968177795,0.49033641815185547,0.7858887314796448,0.6931463479995728
896,179299,0.9320197105407715,0.49549469351768494,0.7830978035926819,0.6931455731391907,,,,,,,
896,179399,0.9349215030670166,0.4788602292537689,0.8026343584060669,0.693146288394928,,,,,,,
896,179399,,,,,0.6699460744857788,0.5005842447280884,0.9160880446434021,0.9286025762557983,0.49034300446510315,0.7848326563835144,0.6931459903717041
897,179499,0.9712072014808655,0.5160278081893921,0.8017516732215881,0.693144679069519,,,,,,,
897,179599,0.9932640194892883,0.5300082564353943,0.8098281621932983,0.693144679069519,,,,,,,
897,179599,,,,,0.669845461845398,0.500939130783081,0.9009988307952881,0.9293777346611023,0.4900742769241333,0.7858757972717285,0.6931448578834534
898,179699,0.8707263469696045,0.4565470218658447,0.7607518434524536,0.6931449770927429,,,,,,,
898,179799,0.9196114540100098,0.4818708896636963,0.7843136191368103,0.693146288394928,,,,,,,
898,179799,,,,,0.6699429750442505,0.5004835724830627,0.9085738062858582,0.9302428960800171,0.4903191924095154,0.7864969372749329,0.693146288394928
899,179899,0.9177029132843018,0.4909050464630127,0.7733711004257202,0.6931464672088623,,,,,,,
899,179999,0.9705452919006348,0.4956185221672058,0.8214999437332153,0.6931461691856384,,,,,,,
899,179999,,,,,0.6698437333106995,0.5005524754524231,0.9038227200508118,0.9287878274917603,0.49014467000961304,0.7852163910865784,0.6931461691856384
900,180099,1.0381571054458618,0.5365333557128906,0.8481958508491516,0.6931440830230713,,,,,,,
900,180199,0.9966112971305847,0.5216498374938965,0.8215345740318298,0.6931463479995728,,,,,,,
900,180199,,,,,0.6698430776596069,0.5005173683166504,0.9018123149871826,0.9286314249038696,0.4902231693267822,0.7849814295768738,0.693146288394928
901,180299,0.8335993885993958,0.4477410912513733,0.7324293255805969,0.6931420564651489,,,,,,,
901,180399,1.014767050743103,0.5432251691818237,0.8181149363517761,0.6931459903717041,,,,,,,
901,180399,,,,,0.6699115037918091,0.5006982088088989,0.90132075548172,0.9296762943267822,0.4903040826320648,0.7859451174736023,0.693145751953125
902,180499,0.9470444917678833,0.5120039582252502,0.7816133499145508,0.6931455135345459,,,,,,,
902,180599,0.8617792725563049,0.45890891551971436,0.7494428753852844,0.6931451559066772,,,,,,,
902,180599,,,,,0.6699970960617065,0.5009978413581848,0.9228642582893372,0.9295575022697449,0.4902776777744293,0.7858521342277527,0.6931445002555847
903,180699,0.9791642427444458,0.5124309062957764,0.8133065700531006,0.6931464672088623,,,,,,,
903,180799,0.9390983581542969,0.49160531163215637,0.7940634489059448,0.6931407451629639,,,,,,,
903,180799,,,,,0.6699652671813965,0.5016685128211975,0.9032031297683716,0.9285760521888733,0.4901881217956543,0.7849582433700562,0.6931409239768982
904,180899,1.052154541015625,0.5590366125106812,0.839690089225769,0.6931444406509399,,,,,,,
904,180999,0.9632606506347656,0.5100793838500977,0.7997546195983887,0.6931466460227966,,,,,,,
904,180999,,,,,0.6699340343475342,0.5004303455352783,0.9063279628753662,0.9286405444145203,0.4901498556137085,0.7850639224052429,0.6931464672088623
905,181099,0.8986595869064331,0.47377610206604004,0.7714563012123108,0.6931455135345459,,,,,,,
905,181199,0.9132032990455627,0.4907001256942749,0.7690762877464294,0.6931461095809937,,,,,,,
905,181199,,,,,0.6701173782348633,0.5006413459777832,0.90504390001297,0.9292241334915161,0.4903166890144348,0.7854804992675781,0.6931459307670593
906,181299,0.982490062713623,0.5210527181625366,0.8080076575279236,0.6931405067443848,,,,,,,
906,181399,0.8488744497299194,0.44708651304244995,0.7483600378036499,0.6931440830230713,,,,,,,
906,181399,,,,,0.6699718832969666,0.5010947585105896,0.9029796123504639,0.9303522706031799,0.49030759930610657,0.7866168022155762,0.6931443214416504
907,181499,0.9273430705070496,0.48915553092956543,0.7847608923912048,0.693146824836731,,,,,,,
907,181599,0.929966390132904,0.49200180172920227,0.7845379710197449,0.693146824836731,,,,,,,
907,181599,,,,,0.6698639988899231,0.5003771185874939,0.9017987251281738,0.9284133911132812,0.4901652932167053,0.7848214507102966,0.6931465864181519
908,181699,0.8201546669006348,0.43508678674697876,0.7316407561302185,0.693145751953125,,,,,,,
908,181799,0.9525117874145508,0.5026679635047913,0.7964171171188354,0.6931467056274414,,,,,,,
908,181799,,,,,0.6701245903968811,0.5003964900970459,0.9090905785560608,0.9300234913825989,0.4902864694595337,0.7863103151321411,0.6931465864181519
909,181899,0.9915130734443665,0.5098594427108765,0.8282270431518555,0.693146824836731,,,,,,,
909,181999,1.0151828527450562,0.5385201573371887,0.823232889175415,0.6931402683258057,,,,,,,
909,181999,,,,,0.670022189617157,0.5018372535705566,0.9029332995414734,0.9294359087944031,0.49018824100494385,0.785817563533783,0.6931397914886475
910,182099,0.895714282989502,0.4592190980911255,0.7830685377120972,0.6931467652320862,,,,,,,
910,182199,0.8836760520935059,0.4723138213157654,0.7579352259635925,0.6931459903717041,,,,,,,
910,182199,,,,,0.6698521375656128,0.5006223917007446,0.9186933040618896,0.9283722639083862,0.49004650115966797,0.7848988175392151,0.6931459903717041
911,182299,0.8794195652008057,0.46874362230300903,0.7572492957115173,0.6931466460227966,,,,,,,
911,182399,0.8786933422088623,0.4652957320213318,0.7599695920944214,0.693143904209137,,,,,,,
911,182399,,,,,0.6699672341346741,0.5012099146842957,0.9273790717124939,0.9293593168258667,0.49016696214675903,0.7857643365859985,0.6931439638137817
912,182499,0.9803279638290405,0.5137006640434265,0.8132005929946899,0.6931464076042175,,,,,,,
912,182599,0.8936898708343506,0.4731867015361786,0.7670765519142151,0.6931467652320862,,,,,,,
912,182599,,,,,0.6700933575630188,0.5005501508712769,0.9231388568878174,0.9306734204292297,0.4903494417667389,0.7868972420692444,0.6931463479995728
913,182699,0.8140386939048767,0.42894452810287476,0.7316673398017883,0.6931463479995728,,,,,,,
913,182799,0.8966932892799377,0.4660283923149109,0.777238130569458,0.6931465864181519,,,,,,,
913,182799,,,,,0.6699399948120117,0.5004355907440186,0.9216133952140808,0.9286054968833923,0.49009430408477783,0.7850843667984009,0.6931465864181519
914,182899,0.8467932939529419,0.4482249617576599,0.7451409697532654,0.6931453347206116,,,,,,,
914,182999,1.041455626487732,0.5502383708953857,0.8377900719642639,0.6931455135345459,,,,,,,
914,182999,,,,,0.6698037385940552,0.5008465051651001,0.9046747088432312,0.9282453060150146,0.4900078773498535,0.7848101854324341,0.6931455731391907
915,183099,0.9054139852523804,0.4807928800582886,0.7711944580078125,0.6931467056274414,,,,,,,
915,183199,0.9769265055656433,0.4974438548088074,0.826055645942688,0.6931458711624146,,,,,,,
915,183199,,,,,0.6697927117347717,0.5005708932876587,0.9112949967384338,0.9277499914169312,0.490082710981369,0.7842403054237366,0.6931461691856384
916,183299,0.830162763595581,0.4405926764011383,0.7361434698104858,0.6931466460227966,,,,,,,
916,183399,0.987229585647583,0.5179944038391113,0.8158079981803894,0.693145751953125,,,,,,,
916,183399,,,,,0.6698611974716187,0.5006503462791443,0.9111939668655396,0.9284800887107849,0.4901668429374695,0.7848862409591675,0.6931459307670593
917,183499,0.9251229763031006,0.47184085845947266,0.7998554706573486,0.6931466460227966,,,,,,,
917,183599,0.9039405584335327,0.48105019330978394,0.7694636583328247,0.6931464672088623,,,,,,,
917,183599,,,,,0.6698523759841919,0.5004667639732361,0.9156842827796936,0.9292839169502258,0.4901631772518158,0.7856940627098083,0.6931464076042175
918,183699,0.9194371700286865,0.4806770086288452,0.7853333950042725,0.6931464672088623,,,,,,,
918,183799,0.9333025217056274,0.4841180443763733,0.7957565784454346,0.6931441426277161,,,,,,,
918,183799,,,,,0.6697807312011719,0.5009977221488953,0.9045335650444031,0.9279764294624329,0.49001529812812805,0.7845335006713867,0.693144679069519
919,183899,0.9367637634277344,0.4942321479320526,0.7891045808792114,0.6931460499763489,,,,,,,
919,183999,0.926943302154541,0.48820310831069946,0.7853125333786011,0.6931447982788086,,,,,,,
919,183999,,,,,0.6697527766227722,0.5007407069206238,0.9098500609397888,0.9288545250892639,0.4901752173900604,0.7852520942687988,0.6931456327438354
920,184099,0.9522552490234375,0.516615629196167,0.78221195936203,0.6931447982788086,,,,,,,
920,184199,0.8610354661941528,0.46033716201782227,0.7472673654556274,0.6931381821632385,,,,,,,
920,184199,,,,,0.669754683971405,0.5021176338195801,0.928331196308136,0.9290729761123657,0.4900508224964142,0.7855911254882812,0.6931378841400146
921,184299,0.9611368775367737,0.5261843800544739,0.7815241813659668,0.6931432485580444,,,,,,,
921,184399,0.8911893367767334,0.4930242598056793,0.7447384595870972,0.6931467056274414,,,,,,,
921,184399,,,,,0.6696901321411133,0.500366747379303,0.9176380038261414,0.927925169467926,0.49007099866867065,0.7844275236129761,0.6931467056274414
922,184499,0.9751805067062378,0.5127794742584229,0.8089742064476013,0.6931464672088623,,,,,,,
922,184599,0.8749725818634033,0.4583688974380493,0.7631757855415344,0.6931443214416504,,,,,,,
922,184599,,,,,0.669784426689148,0.5013247728347778,0.9278188347816467,0.9280774593353271,0.4900214374065399,0.7846277356147766,0.6931434273719788
923,184699,0.8904842734336853,0.4761059880256653,0.7609514594078064,0.6931463479995728,,,,,,,
923,184799,0.9282855987548828,0.4859183728694916,0.7889391183853149,0.6931438446044922,,,,,,,
923,184799,,,,,0.6698011159896851,0.5012211203575134,0.9275134801864624,0.9295369386672974,0.489984929561615,0.7861239910125732,0.6931438446044922
924,184899,0.959037721157074,0.5211983323097229,0.7844127416610718,0.693146824836731,,,,,,,
924,184999,0.8993157148361206,0.48397138714790344,0.7619175314903259,0.6931464672088623,,,,,,,
924,184999,,,,,0.6697927713394165,0.500482439994812,0.9205946326255798,0.9284973740577698,0.49005740880966187,0.7850132584571838,0.6931463479995728
925,185099,0.9460718631744385,0.4737612307071686,0.8188837766647339,0.6931462287902832,,,,,,,
925,185199,0.9146015048027039,0.46721553802490234,0.7939587235450745,0.6931453943252563,,,,,,,
925,185199,,,,,0.6697989702224731,0.500654935836792,0.9095264673233032,0.9284684658050537,0.49015673995018005,0.7848846912384033,0.6931458711624146
926,185299,0.9471986293792725,0.5146766901016235,0.7790946960449219,0.6931454539299011,,,,,,,
926,185399,1.0143797397613525,0.5421018600463867,0.8188506960868835,0.6931456327438354,,,,,,,
926,185399,,,,,0.669837474822998,0.5008048415184021,0.905460000038147,0.9283221960067749,0.4901881814002991,0.7847068905830383,0.6931456327438354
927,185499,0.8685799241065979,0.45649445056915283,0.7586585879325867,0.6931461095809937,,,,,,,
927,185599,1.0251978635787964,0.5381889343261719,0.8335822820663452,0.6931467056274414,,,,,,,
927,185599,,,,,0.6697906851768494,0.5004537105560303,0.9151586294174194,0.9281825423240662,0.490066796541214,0.7846890687942505,0.6931465268135071
928,185699,0.9730106592178345,0.5145707726478577,0.805013120174408,0.6931465268135071,,,,,,,
928,185799,0.9678177833557129,0.5078738927841187,0.8065173029899597,0.6931467056274414,,,,,,,
928,185799,,,,,0.6698569059371948,0.5003108978271484,0.9189825654029846,0.9286669492721558,0.4901750981807709,0.7850651741027832,0.6931470036506653
929,185899,1.0180084705352783,0.5370970964431763,0.8274844288825989,0.6931462287902832,,,,,,,
929,185999,0.8751626014709473,0.44847601652145386,0.7732598781585693,0.6931466460227966,,,,,,,
929,185999,,,,,0.6697818040847778,0.5004021525382996,0.9156481623649597,0.9278078079223633,0.4900398850440979,0.7843412160873413,0.6931467056274414
930,186099,0.9588711261749268,0.5170010924339294,0.7884429693222046,0.693145751953125,,,,,,,
930,186199,1.0053791999816895,0.5163758993148804,0.8355742692947388,0.6931419372558594,,,,,,,
930,186199,,,,,0.669830322265625,0.501620352268219,0.9032918810844421,0.9271786212921143,0.4900036156177521,0.7837456464767456,0.6931414604187012
931,186299,0.9340482354164124,0.5052241086959839,0.775397539138794,0.693146824836731,,,,,,,
931,186399,0.8735060691833496,0.468880832195282,0.7511975169181824,0.6931445002555847,,,,,,,
931,186399,,,,,0.6697894334793091,0.5011927485466003,0.9275140762329102,0.9276894927024841,0.4900243282318115,0.7842373847961426,0.6931440234184265
932,186499,0.9085158705711365,0.4822351634502411,0.7728541493415833,0.693146824836731,,,,,,,
932,186599,1.1350126266479492,0.5796802639961243,0.9019055962562561,0.6931463479995728,,,,,,,
932,186599,,,,,0.6697804927825928,0.5005248188972473,0.920825719833374,0.9276500344276428,0.49016454815864563,0.784058690071106,0.693146288394928
933,186699,0.9829334020614624,0.5245848894119263,0.804921567440033,0.6931459903717041,,,,,,,
933,186799,0.994282603263855,0.5047767758369446,0.8360787034034729,0.693145751953125,,,,,,,
933,186799,,,,,0.6697173118591309,0.5008588433265686,0.9265452027320862,0.9276840686798096,0.4901329576969147,0.7841240167617798,0.6931455135345459
934,186899,0.926080584526062,0.49269258975982666,0.7799611687660217,0.6931465268135071,,,,,,,
934,186999,0.8249884247779846,0.44412726163864136,0.72743159532547,0.6931408643722534,,,,,,,
934,186999,,,,,0.6697114109992981,0.5015653371810913,0.9284048080444336,0.9275681376457214,0.49010875821113586,0.7840304374694824,0.6931419372558594
935,187099,0.8652074337005615,0.4691277742385864,0.7426527142524719,0.6931462287902832,,,,,,,
935,187199,0.9567806720733643,0.5009462833404541,0.8024073839187622,0.6931460499763489,,,,,,,
935,187199,,,,,0.6697627305984497,0.5005691647529602,0.9199428558349609,0.9280796647071838,0.4900180399417877,0.7846347093582153,0.6931461691856384
936,187299,0.8743438124656677,0.46615850925445557,0.7547577023506165,0.6931449174880981,,,,,,,
936,187399,0.9229227304458618,0.5026246309280396,0.766871452331543,0.6931467652320862,,,,,,,
936,187399,,,,,0.669797956943512,0.500350832939148,0.9150643944740295,0.9272885918617249,0.4900948703289032,0.7837671637535095,0.6931470036506653
937,187499,1.0022335052490234,0.5211266875267029,0.8276800513267517,0.6931465864181519,,,,,,,
937,187599,0.9260680079460144,0.4728049635887146,0.799835205078125,0.6931444406509399,,,,,,,
937,187599,,,,,0.6698101162910461,0.5010677576065063,0.9037148356437683,0.9273527264595032,0.4899705648422241,0.783954381942749,0.6931445002555847
938,187699,0.9025136828422546,0.4865323603153229,0.7625536918640137,0.693144679069519,,,,,,,
938,187799,1.016459584236145,0.5336841940879822,0.8293482661247253,0.693145751953125,,,,,,,
938,187799,,,,,0.6696652770042419,0.5006877183914185,0.9031326770782471,0.926513135433197,0.4899336099624634,0.7831525802612305,0.6931458711624146
939,187899,0.8880301713943481,0.47056108713150024,0.7640409469604492,0.6931436061859131,,,,,,,
939,187999,0.9402673244476318,0.5043889284133911,0.782451331615448,0.6931458115577698,,,,,,,
939,187999,,,,,0.669694185256958,0.5007362365722656,0.9251446723937988,0.9277992248535156,0.48993802070617676,0.7844339609146118,0.693145751953125
940,188099,0.9254593849182129,0.47580811381340027,0.7962245941162109,0.6931466460227966,,,,,,,
940,188199,1.0054271221160889,0.532295823097229,0.8197045922279358,0.6931467056274414,,,,,,,
940,188199,,,,,0.6696996092796326,0.5004583597183228,0.9260350465774536,0.9273890852928162,0.48991885781288147,0.784043550491333,0.6931464672088623
941,188299,0.9322304129600525,0.4963418245315552,0.7824598550796509,0.6931425333023071,,,,,,,
941,188399,0.8893773555755615,0.4630977511405945,0.772852897644043,0.6931467652320862,,,,,,,
941,188399,,,,,0.6697560548782349,0.5004379153251648,0.9095559120178223,0.927823543548584,0.48993492126464844,0.7844617366790771,0.6931465268135071
942,188499,0.8283653259277344,0.4589787423610687,0.7159594297409058,0.6931458115577698,,,,,,,
942,188599,0.9843012094497681,0.5230408310890198,0.8078336715698242,0.6931464672088623,,,,,,,
942,188599,,,,,0.6698455810546875,0.5004704594612122,0.9277958869934082,0.9275864362716675,0.48996031284332275,0.7841994166374207,0.6931464076042175
943,188699,0.9179255962371826,0.4792613089084625,0.7852368950843811,0.6931452751159668,,,,,,,
943,188799,1.026289701461792,0.5473263263702393,0.8255349397659302,0.6931431293487549,,,,,,,
943,188799,,,,,0.669780969619751,0.5013802647590637,0.9279746413230896,0.9273311495780945,0.49004223942756653,0.7838603854179382,0.6931430101394653
944,188899,0.9285166263580322,0.4742242097854614,0.8008638024330139,0.6931428909301758,,,,,,,
944,188999,0.9043990969657898,0.4717758297920227,0.7791963815689087,0.6931463479995728,,,,,,,
944,188999,,,,,0.6696984767913818,0.5004969239234924,0.9058393836021423,0.9274519085884094,0.48997288942337036,0.7840523719787598,0.6931464076042175
945,189099,0.9684761762619019,0.5192605257034302,0.7957890629768372,0.6931469440460205,,,,,,,
945,189199,0.9417591094970703,0.49237269163131714,0.7959598302841187,0.6931466460227966,,,,,,,
945,189199,,,,,0.6697459816932678,0.5003643035888672,0.9225431084632874,0.9275957942008972,0.48997724056243896,0.784191906452179,0.693146824836731
946,189299,1.0081939697265625,0.5420598983764648,0.8127074837684631,0.693146824836731,,,,,,,
946,189399,0.8739368319511414,0.4630865454673767,0.7574237585067749,0.693146824836731,,,,,,,
946,189399,,,,,0.669708788394928,0.5003494620323181,0.90464848279953,0.9277563691139221,0.4900533854961395,0.7842766046524048,0.6931470036506653
947,189499,0.8811778426170349,0.45257502794265747,0.7751759886741638,0.6931463479995728,,,,,,,
947,189599,1.0672075748443604,0.5555433034896851,0.8582375645637512,0.693146824836731,,,,,,,
947,189599,,,,,0.6698157787322998,0.5003430843353271,0.9084923267364502,0.9280970096588135,0.49014315009117126,0.7845273017883301,0.6931470036506653
948,189699,0.8984267711639404,0.4791737198829651,0.7658258080482483,0.6931454539299011,,,,,,,
948,189799,0.8557443618774414,0.4388144910335541,0.76350337266922,0.6931468844413757,,,,,,,
948,189799,,,,,0.6698052883148193,0.5003785490989685,0.9144887924194336,0.9278226494789124,0.49012699723243713,0.7842690348625183,0.6931467056274414
949,189899,1.0985037088394165,0.5712597370147705,0.8738174438476562,0.6931468844413757,,,,,,,
949,189999,1.0169568061828613,0.5362123250961304,0.8273176550865173,0.6931462287902832,,,,,,,
949,189999,,,,,0.6697883605957031,0.5005422234535217,0.9242022633552551,0.9275946021080017,0.4901289641857147,0.784038782119751,0.693146288394928
950,190099,0.9653898477554321,0.5189892053604126,0.7929738163948059,0.6931465268135071,,,,,,,
950,190199,0.9271522760391235,0.5009647607803345,0.7727606296539307,0.6931462287902832,,,,,,,
950,190199,,,,,0.6697283387184143,0.5005988478660583,0.9029805064201355,0.9272698760032654,0.49001553654670715,0.7838274836540222,0.6931461095809937
951,190299,0.9834885001182556,0.5057841539382935,0.8242776989936829,0.693146824836731,,,,,,,
951,190399,0.9752427339553833,0.5077024698257446,0.8141136169433594,0.6931466460227966,,,,,,,
951,190399,,,,,0.6697302460670471,0.5005055665969849,0.9244711399078369,0.9277676343917847,0.49000707268714905,0.7843338847160339,0.6931463479995728
952,190499,0.909831702709198,0.4976772665977478,0.7587279081344604,0.693146824836731,,,,,,,
952,190599,0.9510532021522522,0.47902271151542664,0.8186039328575134,0.693146824836731,,,,,,,
952,190599,,,,,0.6697936058044434,0.5003686547279358,0.9267405271530151,0.9276652932167053,0.4900664985179901,0.7841721177101135,0.6931466460227966
953,190699,0.9586421251296997,0.494868665933609,0.8103469014167786,0.6931469440460205,,,,,,,
953,190799,0.9372208118438721,0.5052804350852966,0.7785136103630066,0.6931464076042175,,,,,,,
953,190799,,,,,0.6697583198547363,0.5005500316619873,0.926780104637146,0.9274250268936157,0.49007633328437805,0.7839218378067017,0.693146288394928
954,190899,0.8733440041542053,0.4585176408290863,0.7613996863365173,0.6931465864181519,,,,,,,
954,190999,0.8163239359855652,0.4614907503128052,0.7014056444168091,0.6931449174880981,,,,,,,
954,190999,,,,,0.6697948575019836,0.5010342597961426,0.9039126634597778,0.9271019101142883,0.4900661110877991,0.783608078956604,0.6931447982788086
955,191099,0.9771984815597534,0.5260385870933533,0.7977333068847656,0.6931470036506653,,,,,,,
955,191199,0.7716878652572632,0.4111231565475464,0.7071381211280823,0.6931468844413757,,,,,,,
955,191199,,,,,0.6697628498077393,0.5003929734230042,0.903282642364502,0.9271262884140015,0.49000057578086853,0.7836990356445312,0.693146824836731
956,191299,0.8479245901107788,0.4535502791404724,0.7409478425979614,0.6931470036506653,,,,,,,
956,191399,0.9297969341278076,0.4792724847793579,0.7970977425575256,0.6931467056274414,,,,,,,
956,191399,,,,,0.6697325706481934,0.5002848505973816,0.9060134887695312,0.9270564913749695,0.4899577796459198,0.7836723327636719,0.6931470632553101
957,191499,0.9480161666870117,0.4820099472999573,0.8125795722007751,0.6931467056274414,,,,,,,
957,191599,0.915481448173523,0.49329090118408203,0.7687640190124512,0.6931469440460205,,,,,,,
957,191599,,,,,0.6697576642036438,0.5002783536911011,0.907435417175293,0.9274561405181885,0.49005356431007385,0.7839760780334473,0.6931470632553101
958,191699,0.8028156757354736,0.4302127957344055,0.7191759347915649,0.6931462287902832,,,,,,,
958,191799,0.8499888181686401,0.46924471855163574,0.7273173332214355,0.6931464076042175,,,,,,,
958,191799,,,,,0.669818103313446,0.5006284713745117,0.9029630422592163,0.9273529052734375,0.4900824725627899,0.7838435769081116,0.6931460499763489
959,191899,0.8949847221374512,0.46783679723739624,0.7737212777137756,0.6931467056274414,,,,,,,
959,191999,1.034787654876709,0.5554542541503906,0.82590651512146,0.6931463479995728,,,,,,,
959,191999,,,,,0.6697635650634766,0.5005009174346924,0.9245434999465942,0.9271840453147888,0.4900546669960022,0.7837028503417969,0.6931464076042175
960,192099,0.9461600184440613,0.4980657398700714,0.794667661190033,0.693146824836731,,,,,,,
960,192199,0.9543019533157349,0.5038430690765381,0.7970322966575623,0.6931469440460205,,,,,,,
960,192199,,,,,0.6697415113449097,0.5002626776695251,0.9123610258102417,0.9271653890609741,0.49001896381378174,0.7837197780609131,0.6931470632553101
961,192299,0.9326180219650269,0.5005565285682678,0.7786349058151245,0.6931470036506653,,,,,,,
961,192399,0.9746376276016235,0.5107181668281555,0.810492992401123,0.6931468844413757,,,,,,,
961,192399,,,,,0.6696631908416748,0.500305712223053,0.9254273176193237,0.9266471862792969,0.4899658262729645,0.783254861831665,0.6931470036506653
962,192499,1.1237468719482422,0.5577926635742188,0.9125276803970337,0.6931469440460205,,,,,,,
962,192599,0.9564265608787537,0.4962863028049469,0.8067136406898499,0.693146824836731,,,,,,,
962,192599,,,,,0.6697662472724915,0.5003066658973694,0.9262533783912659,0.9270666837692261,0.4899856150150299,0.7836543917655945,0.6931470036506653
963,192699,0.9383467435836792,0.512362539768219,0.7725573778152466,0.6931465268135071,,,,,,,
963,192799,0.9109141826629639,0.49528074264526367,0.7622068524360657,0.6931467056274414,,,,,,,
963,192799,,,,,0.669725775718689,0.5003805756568909,0.9257881045341492,0.9269908666610718,0.49002498388290405,0.783539354801178,0.6931467056274414
964,192899,0.9635440707206726,0.5009481906890869,0.8091691136360168,0.6931463479995728,,,,,,,
964,192999,0.9269727468490601,0.46380290389060974,0.8097431659698486,0.6931467056274414,,,,,,,
964,192999,,,,,0.6697107553482056,0.5003457069396973,0.9052236676216125,0.9271345138549805,0.48999395966529846,0.7837141156196594,0.6931469440460205
965,193099,1.003781795501709,0.5245832204818726,0.8257720470428467,0.6931470036506653,,,,,,,
965,193199,0.8845670819282532,0.46492916345596313,0.7662109136581421,0.6931461095809937,,,,,,,
965,193199,,,,,0.6697285771369934,0.5005877017974854,0.9027563333511353,0.9274542331695557,0.489996075630188,0.7840313911437988,0.6931462287902832
966,193299,0.9547519087791443,0.5055930018424988,0.7957320213317871,0.6931463479995728,,,,,,,
966,193399,0.9684937000274658,0.5026117563247681,0.8124551773071289,0.6931464672088623,,,,,,,
966,193399,,,,,0.6697608232498169,0.5004355907440186,0.901790976524353,0.9275614619255066,0.49002936482429504,0.7841055393218994,0.6931465864181519
967,193499,0.8787407875061035,0.4530531167984009,0.7722605466842651,0.693145751953125,,,,,,,
967,193599,1.008228063583374,0.5394124984741211,0.8153886198997498,0.6931463479995728,,,,,,,
967,193599,,,,,0.6697723269462585,0.5005897879600525,0.9013895392417908,0.9271960854530334,0.49003148078918457,0.78373783826828,0.6931462287902832
968,193699,0.9395809173583984,0.47968268394470215,0.8064717054367065,0.6931469440460205,,,,,,,
968,193799,0.9696909189224243,0.5152952075004578,0.8009692430496216,0.6931469440460205,,,,,,,
968,193799,,,,,0.6697659492492676,0.5002527236938477,0.9127965569496155,0.9267908930778503,0.490008145570755,0.7833563089370728,0.6931470632553101
969,193899,0.9954667091369629,0.5215117931365967,0.8205283880233765,0.6931468844413757,,,,,,,
969,193999,0.8839606046676636,0.4709774851799011,0.7595565915107727,0.6931470036506653,,,,,,,
969,193999,,,,,0.6698277592658997,0.5002673268318176,0.9084811210632324,0.9273812770843506,0.4900451600551605,0.7839094996452332,0.6931470632553101
970,194099,0.8758102655410767,0.45810389518737793,0.7642799019813538,0.6931468844413757,,,,,,,
970,194199,1.0066852569580078,0.5192153453826904,0.8340433835983276,0.6931470036506653,,,,,,,
970,194199,,,,,0.6698009371757507,0.5002595782279968,0.907469630241394,0.9271058440208435,0.4900381863117218,0.78364098072052,0.6931470632553101
971,194299,1.0777946710586548,0.5818544626235962,0.8425137400627136,0.6931469440460205,,,,,,,
971,194399,0.9056928157806396,0.4698520302772522,0.7824142575263977,0.6931470036506653,,,,,,,
971,194399,,,,,0.6698262691497803,0.5002561211585999,0.9137879014015198,0.927057683467865,0.4900585114955902,0.7835726737976074,0.6931470632553101
972,194499,0.9477024078369141,0.4887959957122803,0.805479884147644,0.6931468844413757,,,,,,,
972,194599,0.8304523825645447,0.4463263154029846,0.7306995987892151,0.6931470632553101,,,,,,,
972,194599,,,,,0.6698291897773743,0.5002652406692505,0.9092481136322021,0.927051305770874,0.49006471037864685,0.7835597991943359,0.6931470632553101
973,194699,0.9970943927764893,0.5299472212791443,0.8137204647064209,0.6931466460227966,,,,,,,
973,194799,0.8860886096954346,0.48607298731803894,0.7465888857841492,0.6931464672088623,,,,,,,
973,194799,,,,,0.6697912216186523,0.5004947185516357,0.9248124361038208,0.9271988868713379,0.4900776445865631,0.7836945652961731,0.6931464672088623
974,194899,0.9409412145614624,0.5060065984725952,0.7815080285072327,0.6931470036506653,,,,,,,
974,194999,0.9629020094871521,0.5058087110519409,0.8036667704582214,0.693146824836731,,,,,,,
974,194999,,,,,0.6697883605957031,0.5003050565719604,0.9239792823791504,0.9270274639129639,0.49005094170570374,0.7835500240325928,0.6931470036506653
975,195099,0.8568913340568542,0.4623091220855713,0.7411556839942932,0.693146824836731,,,,,,,
975,195199,1.0228910446166992,0.5040487051010132,0.8654158115386963,0.693146824836731,,,,,,,
975,195199,,,,,0.6697830557823181,0.5002661943435669,0.9117599129676819,0.9268814325332642,0.49003955721855164,0.7834152579307556,0.6931470632553101
976,195299,0.9387381076812744,0.5114921927452087,0.7738193869590759,0.6931470036506653,,,,,,,
976,195399,0.8480893969535828,0.474269300699234,0.7203934788703918,0.693146824836731,,,,,,,
976,195399,,,,,0.6697771549224854,0.500286877155304,0.9214663505554199,0.9270064234733582,0.49002397060394287,0.7835559844970703,0.6931470036506653
977,195499,0.9558930993080139,0.4859331250190735,0.8165335059165955,0.6931470632553101,,,,,,,
977,195599,0.8576024770736694,0.47372886538505554,0.7304470539093018,0.6931469440460205,,,,,,,
977,195599,,,,,0.6697626113891602,0.500274658203125,0.9087777733802795,0.926828145980835,0.4900185763835907,0.7833830118179321,0.6931470632553101
978,195699,0.9634761810302734,0.49873247742652893,0.8113171458244324,0.6931469440460205,,,,,,,
978,195799,0.9849461317062378,0.530484676361084,0.8010349273681641,0.6931469440460205,,,,,,,
978,195799,,,,,0.6697426438331604,0.5002667307853699,0.9094453454017639,0.9266268014907837,0.49000284075737,0.7831974029541016,0.6931470632553101
979,195899,0.9440222978591919,0.5069262385368347,0.7836694717407227,0.6931469440460205,,,,,,,
979,195999,0.996118426322937,0.5219343900680542,0.8207575678825378,0.6931470036506653,,,,,,,
979,195999,,,,,0.6697584986686707,0.5002667307853699,0.9113308787345886,0.9268399477005005,0.4899997413158417,0.7834137678146362,0.6931470632553101
980,196099,0.8469230532646179,0.4624180197715759,0.7310783267021179,0.6931465864181519,,,,,,,
980,196199,0.9513936042785645,0.5099911689758301,0.7879759073257446,0.6931469440460205,,,,,,,
980,196199,,,,,0.6697680354118347,0.5003194212913513,0.9257056713104248,0.9269050359725952,0.48999613523483276,0.7834822535514832,0.6931470036506653
981,196299,0.8105530738830566,0.43443477153778076,0.7226917743682861,0.6931470036506653,,,,,,,
981,196399,0.926418662071228,0.4729461371898651,0.8000459671020508,0.6931468844413757,,,,,,,
981,196399,,,,,0.6697679162025452,0.5002909302711487,0.9168469905853271,0.9269100427627563,0.4899917542934418,0.7834920883178711,0.6931470036506653
982,196499,0.8829894065856934,0.4786413609981537,0.7509214878082275,0.6931469440460205,,,,,,,
982,196599,0.9490154981613159,0.4808393716812134,0.8147495985031128,0.6931469440460205,,,,,,,
982,196599,,,,,0.6697463989257812,0.5003213286399841,0.9245015382766724,0.9269400238990784,0.4899864196777344,0.7835271954536438,0.6931470036506653
983,196699,0.8683645725250244,0.46617162227630615,0.748766303062439,0.6931467652320862,,,,,,,
983,196799,0.8168712854385376,0.4315144121646881,0.7319301962852478,0.6931467056274414,,,,,,,
983,196799,,,,,0.6697475910186768,0.5003830790519714,0.9244556427001953,0.926965594291687,0.48998433351516724,0.7835546731948853,0.6931467056274414
984,196899,0.9670799374580383,0.5054372549057007,0.8082159161567688,0.6931465864181519,,,,,,,
984,196999,0.8043299913406372,0.4358081519603729,0.7150952219963074,0.6931467652320862,,,,,,,
984,196999,,,,,0.6697489023208618,0.5003765821456909,0.9237768054008484,0.9270109534263611,0.48999151587486267,0.7835928201675415,0.6931467056274414
985,197099,0.9359718561172485,0.4926779568195343,0.7898672223091125,0.6931467652320862,,,,,,,
985,197199,0.9150664806365967,0.5006691217422485,0.7609707713127136,0.6931466460227966,,,,,,,
985,197199,,,,,0.6697394847869873,0.5003901720046997,0.922419548034668,0.9269132614135742,0.4899807572364807,0.7835058569908142,0.6931467056274414
986,197299,0.9086765646934509,0.49439680576324463,0.760853111743927,0.693146824836731,,,,,,,
986,197399,1.010108232498169,0.5259615182876587,0.8307201266288757,0.693146824836731,,,,,,,
986,197399,,,,,0.6697449088096619,0.5003610253334045,0.9271924495697021,0.9269418716430664,0.4899822473526001,0.7835329174995422,0.693146824836731
987,197499,0.9381008148193359,0.49932998418807983,0.785344123840332,0.6931467652320862,,,,,,,
987,197599,0.8921298980712891,0.4802621304988861,0.7584412097930908,0.6931470036506653,,,,,,,
987,197599,,,,,0.6697409152984619,0.5003473162651062,0.9281306862831116,0.9269373416900635,0.48997998237609863,0.7835306525230408,0.6931470036506653
988,197699,0.8753048181533813,0.4713292121887207,0.7505491375923157,0.6931470036506653,,,,,,,
988,197799,0.9122035503387451,0.48120424151420593,0.777572751045227,0.6931469440460205,,,,,,,
988,197799,,,,,0.6697397232055664,0.5002974271774292,0.9183143973350525,0.926914632320404,0.48997825384140015,0.7835096120834351,0.6931470036506653
989,197899,0.9132016897201538,0.47088053822517395,0.7888946533203125,0.6931468844413757,,,,,,,
989,197999,1.042439579963684,0.566429078578949,0.8225839138031006,0.6931468844413757,,,,,,,
989,197999,,,,,0.6697457432746887,0.500309407711029,0.9240233898162842,0.9269577860832214,0.48998135328292847,0.7835499048233032,0.6931470036506653
990,198099,1.0405285358428955,0.5143033862113953,0.8727986216545105,0.6931469440460205,,,,,,,
990,198199,1.0149750709533691,0.5235140323638916,0.8380343317985535,0.693146824836731,,,,,,,
990,198199,,,,,0.6697461605072021,0.5003312826156616,0.9254235625267029,0.92697674036026,0.4899800717830658,0.7835702300071716,0.6931470036506653
991,198299,0.8575451374053955,0.4644993543624878,0.7396191358566284,0.6931467056274414,,,,,,,
991,198399,0.9719233512878418,0.4970247745513916,0.8214719891548157,0.6931466460227966,,,,,,,
991,198399,,,,,0.6697407364845276,0.5003396272659302,0.9255415797233582,0.9269605278968811,0.48997798562049866,0.7835559844970703,0.6931470036506653
992,198499,0.9380625486373901,0.4679868519306183,0.8166490197181702,0.6931467056274414,,,,,,,
992,198599,0.9239749908447266,0.5018174052238464,0.7687309384346008,0.6931467056274414,,,,,,,
992,198599,,,,,0.6697378158569336,0.5003430843353271,0.929003894329071,0.9269384145736694,0.4899759888648987,0.7835357785224915,0.6931469440460205
993,198699,0.9103997945785522,0.48680922389030457,0.7701640129089355,0.6931469440460205,,,,,,,
993,198799,1.0448497533798218,0.5546412467956543,0.8367820382118225,0.6931469440460205,,,,,,,
993,198799,,,,,0.6697402596473694,0.5003514289855957,0.9272139668464661,0.9269410967826843,0.4899754524230957,0.7835390567779541,0.6931470036506653
994,198899,1.0385764837265015,0.5503705739974976,0.8347794413566589,0.6931468844413757,,,,,,,
994,198999,0.941152811050415,0.5001159310340881,0.7876103520393372,0.6931468844413757,,,,,,,
994,198999,,,,,0.6697384119033813,0.5003352165222168,0.9273539185523987,0.9269247055053711,0.4899737238883972,0.7835243344306946,0.6931470036506653
995,199099,0.9539007544517517,0.507620096206665,0.7928541302680969,0.693146824836731,,,,,,,
995,199199,0.8895116448402405,0.48595258593559265,0.7501325011253357,0.693146824836731,,,,,,,
995,199199,,,,,0.6697400212287903,0.5003371238708496,0.9259134531021118,0.9269315600395203,0.48997485637664795,0.783530056476593,0.6931470036506653
996,199299,0.9750958681106567,0.5045657753944397,0.8171035647392273,0.6931468844413757,,,,,,,
996,199399,0.903076171875,0.480461448431015,0.7691880464553833,0.6931467056274414,,,,,,,
996,199399,,,,,0.6697395443916321,0.5003364086151123,0.9273502230644226,0.9269294142723083,0.4899744391441345,0.7835284471511841,0.6931470036506653
997,199499,1.098825216293335,0.5627210140228271,0.8826776742935181,0.6931469440460205,,,,,,,
997,199599,0.9244123697280884,0.47844481468200684,0.7925410270690918,0.6931469440460205,,,,,,,
997,199599,,,,,0.669739305973053,0.5003340244293213,0.925714373588562,0.9269282221794128,0.4899744987487793,0.783527135848999,0.6931470036506653
998,199699,0.9443004131317139,0.4988097548484802,0.7920641303062439,0.6931468844413757,,,,,,,
998,199799,0.9955888986587524,0.5094465017318726,0.8327158689498901,0.6931469440460205,,,,,,,
998,199799,,,,,0.6697394251823425,0.5003340244293213,0.9257144927978516,0.9269285798072815,0.4899744689464569,0.7835274338722229,0.6931470036506653
999,199899,0.9824035167694092,0.5077205896377563,0.8212563991546631,0.6931469440460205,,,,,,,
999,199999,1.0483050346374512,0.521796464920044,0.8730818629264832,0.693146824836731,,,,,,,
999,199999,,,,,0.6697393655776978,0.5003336668014526,0.9257146120071411,0.926928699016571,0.4899744391441345,0.7835276126861572,0.6931470036506653
